{
    "cand_form": "C29H33N3O4",
    "cand_ion": "[M+H]+",
    "output_tbl": {
        "mz": [
            130.0651,
            135.044,
            136.0475,
            169.0759,
            197.0708,
            232.0758,
            233.0842,
            250.0864,
            262.0863,
            263.0933,
            264.1018,
            265.1061,
            274.0867,
            302.0812,
            338.2229,
            339.226,
            366.2175,
            367.2209
        ],
        "ms2_inten": [
            0.0848061918112115,
            1.0,
            0.03855480290379327,
            0.23466444187362895,
            0.11480783086490576,
            0.033278557937689274,
            0.06636551278557175,
            0.1713751279319526,
            0.27381402077024086,
            0.08548676121084138,
            0.2271264529925118,
            0.026549753856064402,
            0.03360104137085877,
            0.2167669856468449,
            0.4671120064494857,
            0.055893998967014996,
            0.44172832494430075,
            0.0640900343629513
        ],
        "mono_mass": [
            130.0651,
            135.044,
            136.0475,
            169.0759,
            197.0708,
            232.0758,
            233.0842,
            250.0864,
            262.0863,
            263.0933,
            264.1018,
            265.1061,
            274.0867,
            302.0812,
            338.2229,
            339.226,
            366.2175,
            367.2209
        ],
        "abs_mass_diff": [
            0.0,
            0.0,
            0.0,
            0.0,
            0.0,
            0.0,
            0.0,
            0.0,
            0.0,
            0.0,
            0.0,
            0.0,
            0.0,
            0.0,
            0.0,
            0.0,
            0.0,
            0.0
        ],
        "mass_diff": [
            0.0,
            0.0,
            0.0,
            0.0,
            0.0,
            0.0,
            0.0,
            0.0,
            0.0,
            0.0,
            0.0,
            0.0,
            0.0,
            0.0,
            0.0,
            0.0,
            0.0,
            0.0
        ],
        "formula": [
            "C29H33N3O4",
            "C29H33N3O4",
            "C29H33N3O4",
            "C29H33N3O4",
            "C29H33N3O4",
            "C29H33N3O4",
            "C29H33N3O4",
            "C29H33N3O4",
            "C29H33N3O4",
            "C29H33N3O4",
            "C29H33N3O4",
            "C29H33N3O4",
            "C29H33N3O4",
            "C29H33N3O4",
            "C29H33N3O4",
            "C29H33N3O4",
            "C29H33N3O4",
            "C29H33N3O4"
        ],
        "ions": [
            "[M+H]+",
            "[M+H]+",
            "[M+H]+",
            "[M+H]+",
            "[M+H]+",
            "[M+H]+",
            "[M+H]+",
            "[M+H]+",
            "[M+H]+",
            "[M+H]+",
            "[M+H]+",
            "[M+H]+",
            "[M+H]+",
            "[M+H]+",
            "[M+H]+",
            "[M+H]+",
            "[M+H]+",
            "[M+H]+"
        ]
    }
}