{
    "cand_form": "C29H33N3O4",
    "cand_ion": "[M+H]+",
    "output_tbl": {
        "mz": [
            77.0385,
            79.0543,
            95.0492,
            105.0338,
            115.0541,
            130.0652,
            135.044,
            142.0655,
            168.0679,
            169.076,
            189.0697,
            191.0726,
            192.0802,
            204.0808,
            205.0871,
            206.0963,
            216.0802,
            217.0878,
            232.0753
        ],
        "ms2_inten": [
            0.17539759228649265,
            0.10725677779173853,
            0.11823641491136967,
            0.11839332187476255,
            0.14418438316652188,
            0.07248914494019405,
            0.316199054551657,
            0.04894165550089985,
            0.07371568973840997,
            0.38902474796460945,
            0.07429067426041114,
            0.12046393726251142,
            0.06204296099116482,
            1.0,
            0.1850919300592549,
            0.058139381320880375,
            0.05881273960439751,
            0.04862165316466833,
            0.08054655169158693
        ],
        "mono_mass": [
            77.0385,
            79.0543,
            95.0492,
            105.0338,
            115.0541,
            130.0652,
            135.044,
            142.0655,
            168.0679,
            169.076,
            189.0697,
            191.0726,
            192.0802,
            204.0808,
            205.0871,
            206.0963,
            216.0802,
            217.0878,
            232.0753
        ],
        "abs_mass_diff": [
            0.0,
            0.0,
            0.0,
            0.0,
            0.0,
            0.0,
            0.0,
            0.0,
            0.0,
            0.0,
            0.0,
            0.0,
            0.0,
            0.0,
            0.0,
            0.0,
            0.0,
            0.0,
            0.0
        ],
        "mass_diff": [
            0.0,
            0.0,
            0.0,
            0.0,
            0.0,
            0.0,
            0.0,
            0.0,
            0.0,
            0.0,
            0.0,
            0.0,
            0.0,
            0.0,
            0.0,
            0.0,
            0.0,
            0.0,
            0.0
        ],
        "formula": [
            "C29H33N3O4",
            "C29H33N3O4",
            "C29H33N3O4",
            "C29H33N3O4",
            "C29H33N3O4",
            "C29H33N3O4",
            "C29H33N3O4",
            "C29H33N3O4",
            "C29H33N3O4",
            "C29H33N3O4",
            "C29H33N3O4",
            "C29H33N3O4",
            "C29H33N3O4",
            "C29H33N3O4",
            "C29H33N3O4",
            "C29H33N3O4",
            "C29H33N3O4",
            "C29H33N3O4",
            "C29H33N3O4"
        ],
        "ions": [
            "[M+H]+",
            "[M+H]+",
            "[M+H]+",
            "[M+H]+",
            "[M+H]+",
            "[M+H]+",
            "[M+H]+",
            "[M+H]+",
            "[M+H]+",
            "[M+H]+",
            "[M+H]+",
            "[M+H]+",
            "[M+H]+",
            "[M+H]+",
            "[M+H]+",
            "[M+H]+",
            "[M+H]+",
            "[M+H]+",
            "[M+H]+"
        ]
    }
}