{
    "cand_form": "C28H26N7+",
    "cand_ion": "[M+H]+",
    "output_tbl": {
        "mz": [
            178.0779,
            179.0826,
            180.0889,
            207.0918,
            208.0951,
            209.0985,
            229.0743,
            230.0764,
            272.1369,
            285.1372,
            286.1396,
            300.1462,
            301.1505,
            302.1511
        ],
        "ms2_inten": [
            0.18027761602085707,
            0.2890790921982096,
            0.1589750689718166,
            0.7944984514502532,
            1.0,
            0.15068612976492823,
            0.042163689609055845,
            0.04301663605636687,
            0.04709191986365946,
            0.03381545942145648,
            0.08877593909450596,
            0.047198692602154035,
            0.12489266100870954,
            0.028327932793523105
        ],
        "mono_mass": [
            178.0779,
            179.0826,
            180.0889,
            207.0918,
            208.0951,
            209.0985,
            229.0743,
            230.0764,
            272.1369,
            285.1372,
            286.1396,
            300.1462,
            301.1505,
            302.1511
        ],
        "abs_mass_diff": [
            0.0,
            0.0,
            0.0,
            0.0,
            0.0,
            0.0,
            0.0,
            0.0,
            0.0,
            0.0,
            0.0,
            0.0,
            0.0,
            0.0
        ],
        "mass_diff": [
            0.0,
            0.0,
            0.0,
            0.0,
            0.0,
            0.0,
            0.0,
            0.0,
            0.0,
            0.0,
            0.0,
            0.0,
            0.0,
            0.0
        ],
        "formula": [
            "C28H26N7+",
            "C28H26N7+",
            "C28H26N7+",
            "C28H26N7+",
            "C28H26N7+",
            "C28H26N7+",
            "C28H26N7+",
            "C28H26N7+",
            "C28H26N7+",
            "C28H26N7+",
            "C28H26N7+",
            "C28H26N7+",
            "C28H26N7+",
            "C28H26N7+"
        ],
        "ions": [
            "[M+H]+",
            "[M+H]+",
            "[M+H]+",
            "[M+H]+",
            "[M+H]+",
            "[M+H]+",
            "[M+H]+",
            "[M+H]+",
            "[M+H]+",
            "[M+H]+",
            "[M+H]+",
            "[M+H]+",
            "[M+H]+",
            "[M+H]+"
        ]
    }
}