{
    "cand_form": "C25H28N6O",
    "cand_ion": "[M+H]+",
    "output_tbl": {
        "mz": [
            67.0542,
            77.0386,
            80.0495,
            84.0807,
            95.049,
            140.0496,
            151.0544,
            152.0622,
            153.0698,
            163.0544,
            165.0702,
            167.0735,
            169.0651,
            177.0581,
            178.064,
            179.0739,
            180.0807,
            181.0833,
            190.0651,
            191.0707,
            192.0655,
            196.0757,
            205.076,
            206.083,
            207.091
        ],
        "ms2_inten": [
            0.07730882362166018,
            0.06317902635584294,
            0.08875551230427862,
            0.5191200044252405,
            0.08667269814784295,
            0.07395945544450001,
            0.07310828808772013,
            0.45952906544736843,
            0.23474717677068072,
            0.10436997491413265,
            0.32080128217922566,
            0.07999084157695956,
            0.12191862689804896,
            0.06410807024727172,
            0.1303235614974421,
            0.37027994778672396,
            0.7311253512106968,
            0.04905415117214699,
            0.39168317102699224,
            0.06770990096243279,
            0.315863717418739,
            0.04864061073451579,
            1.0,
            0.387092753839723,
            0.1199228776381077
        ],
        "mono_mass": [
            67.0542,
            77.0386,
            80.0495,
            84.0807,
            95.049,
            140.0496,
            151.0544,
            152.0622,
            153.0698,
            163.0544,
            165.0702,
            167.0735,
            169.0651,
            177.0581,
            178.064,
            179.0739,
            180.0807,
            181.0833,
            190.0651,
            191.0707,
            192.0655,
            196.0757,
            205.076,
            206.083,
            207.091
        ],
        "abs_mass_diff": [
            0.0,
            0.0,
            0.0,
            0.0,
            0.0,
            0.0,
            0.0,
            0.0,
            0.0,
            0.0,
            0.0,
            0.0,
            0.0,
            0.0,
            0.0,
            0.0,
            0.0,
            0.0,
            0.0,
            0.0,
            0.0,
            0.0,
            0.0,
            0.0,
            0.0
        ],
        "mass_diff": [
            0.0,
            0.0,
            0.0,
            0.0,
            0.0,
            0.0,
            0.0,
            0.0,
            0.0,
            0.0,
            0.0,
            0.0,
            0.0,
            0.0,
            0.0,
            0.0,
            0.0,
            0.0,
            0.0,
            0.0,
            0.0,
            0.0,
            0.0,
            0.0,
            0.0
        ],
        "formula": [
            "C25H28N6O",
            "C25H28N6O",
            "C25H28N6O",
            "C25H28N6O",
            "C25H28N6O",
            "C25H28N6O",
            "C25H28N6O",
            "C25H28N6O",
            "C25H28N6O",
            "C25H28N6O",
            "C25H28N6O",
            "C25H28N6O",
            "C25H28N6O",
            "C25H28N6O",
            "C25H28N6O",
            "C25H28N6O",
            "C25H28N6O",
            "C25H28N6O",
            "C25H28N6O",
            "C25H28N6O",
            "C25H28N6O",
            "C25H28N6O",
            "C25H28N6O",
            "C25H28N6O",
            "C25H28N6O"
        ],
        "ions": [
            "[M+H]+",
            "[M+H]+",
            "[M+H]+",
            "[M+H]+",
            "[M+H]+",
            "[M+H]+",
            "[M+H]+",
            "[M+H]+",
            "[M+H]+",
            "[M+H]+",
            "[M+H]+",
            "[M+H]+",
            "[M+H]+",
            "[M+H]+",
            "[M+H]+",
            "[M+H]+",
            "[M+H]+",
            "[M+H]+",
            "[M+H]+",
            "[M+H]+",
            "[M+H]+",
            "[M+H]+",
            "[M+H]+",
            "[M+H]+",
            "[M+H]+"
        ]
    }
}