{
    "cand_form": "C25H28N6O",
    "cand_ion": "[M+H]+",
    "output_tbl": {
        "mz": [
            195.1492,
            196.1557,
            207.0917,
            208.0952,
            235.0978,
            386.2227,
            387.2292,
            401.2336,
            429.2397,
            430.2425
        ],
        "ms2_inten": [
            0.24830377214663396,
            0.019982381037159585,
            1.0,
            0.08539331252493222,
            0.02496055332733787,
            0.07241717803289516,
            0.013702063923840976,
            0.024442214378334992,
            0.179768329804686,
            0.03076488164592209
        ],
        "mono_mass": [
            195.1492,
            196.1557,
            207.0917,
            208.0952,
            235.0978,
            386.2227,
            387.2292,
            401.2336,
            429.2397,
            430.2425
        ],
        "abs_mass_diff": [
            0.0,
            0.0,
            0.0,
            0.0,
            0.0,
            0.0,
            0.0,
            0.0,
            0.0,
            0.0
        ],
        "mass_diff": [
            0.0,
            0.0,
            0.0,
            0.0,
            0.0,
            0.0,
            0.0,
            0.0,
            0.0,
            0.0
        ],
        "formula": [
            "C25H28N6O",
            "C25H28N6O",
            "C25H28N6O",
            "C25H28N6O",
            "C25H28N6O",
            "C25H28N6O",
            "C25H28N6O",
            "C25H28N6O",
            "C25H28N6O",
            "C25H28N6O"
        ],
        "ions": [
            "[M+H]+",
            "[M+H]+",
            "[M+H]+",
            "[M+H]+",
            "[M+H]+",
            "[M+H]+",
            "[M+H]+",
            "[M+H]+",
            "[M+H]+",
            "[M+H]+"
        ]
    }
}