{
    "cand_form": "C25H28N6O",
    "cand_ion": "[M+H]+",
    "output_tbl": {
        "mz": [
            84.0808,
            167.1543,
            180.0808,
            192.0808,
            195.1492,
            206.0838,
            207.0917,
            208.0995
        ],
        "ms2_inten": [
            0.07144299903357937,
            0.03201599196839696,
            0.10305494981506215,
            0.05390392560669054,
            0.11510846690061553,
            0.10649387094856777,
            1.0,
            0.09528742586866289
        ],
        "mono_mass": [
            84.0808,
            167.1543,
            180.0808,
            192.0808,
            195.1492,
            206.0838,
            207.0917,
            208.0995
        ],
        "abs_mass_diff": [
            0.0,
            0.0,
            0.0,
            0.0,
            0.0,
            0.0,
            0.0,
            0.0
        ],
        "mass_diff": [
            0.0,
            0.0,
            0.0,
            0.0,
            0.0,
            0.0,
            0.0,
            0.0
        ],
        "formula": [
            "C25H28N6O",
            "C25H28N6O",
            "C25H28N6O",
            "C25H28N6O",
            "C25H28N6O",
            "C25H28N6O",
            "C25H28N6O",
            "C25H28N6O"
        ],
        "ions": [
            "[M+H]+",
            "[M+H]+",
            "[M+H]+",
            "[M+H]+",
            "[M+H]+",
            "[M+H]+",
            "[M+H]+",
            "[M+H]+"
        ]
    }
}