{
    "cand_form": "C9H9N3O2S2",
    "cand_ion": "[M+H]+",
    "output_tbl": {
        "mz": [
            53.0386,
            57.9872,
            58.995,
            65.0386,
            66.042,
            80.0495
        ],
        "ms2_inten": [
            0.17281108318313554,
            0.09793033789857412,
            0.08799729926808711,
            1.0,
            0.03281004542433896,
            0.23261422350455657
        ],
        "mono_mass": [
            53.0386,
            57.9872,
            58.995,
            65.0386,
            66.042,
            80.0495
        ],
        "abs_mass_diff": [
            0.0,
            0.0,
            0.0,
            0.0,
            0.0,
            0.0
        ],
        "mass_diff": [
            0.0,
            0.0,
            0.0,
            0.0,
            0.0,
            0.0
        ],
        "formula": [
            "C9H9N3O2S2",
            "C9H9N3O2S2",
            "C9H9N3O2S2",
            "C9H9N3O2S2",
            "C9H9N3O2S2",
            "C9H9N3O2S2"
        ],
        "ions": [
            "[M+H]+",
            "[M+H]+",
            "[M+H]+",
            "[M+H]+",
            "[M+H]+",
            "[M+H]+"
        ]
    }
}