{
    "cand_form": "C9H9N3O2S2",
    "cand_ion": "[M+H]+",
    "output_tbl": {
        "mz": [
            0.0,
            53.0386,
            54.0338,
            55.0291,
            57.9872,
            58.995,
            63.0229,
            65.0386,
            80.0495
        ],
        "ms2_inten": [
            0.04374363653618235,
            0.24903215522862218,
            0.040191518002339645,
            0.034395063464954,
            0.179452366963765,
            0.13600521736620055,
            0.043185057718725973,
            1.0,
            0.23632672604128502
        ],
        "mono_mass": [
            0.0,
            53.0386,
            54.0338,
            55.0291,
            57.9872,
            58.995,
            63.0229,
            65.0386,
            80.0495
        ],
        "abs_mass_diff": [
            0.0,
            0.0,
            0.0,
            0.0,
            0.0,
            0.0,
            0.0,
            0.0,
            0.0
        ],
        "mass_diff": [
            0.0,
            0.0,
            0.0,
            0.0,
            0.0,
            0.0,
            0.0,
            0.0,
            0.0
        ],
        "formula": [
            "C9H9N3O2S2",
            "C9H9N3O2S2",
            "C9H9N3O2S2",
            "C9H9N3O2S2",
            "C9H9N3O2S2",
            "C9H9N3O2S2",
            "C9H9N3O2S2",
            "C9H9N3O2S2",
            "C9H9N3O2S2"
        ],
        "ions": [
            "[M+H]+",
            "[M+H]+",
            "[M+H]+",
            "[M+H]+",
            "[M+H]+",
            "[M+H]+",
            "[M+H]+",
            "[M+H]+",
            "[M+H]+"
        ]
    }
}