{
    "cand_form": "C38H46N10O8S2",
    "cand_ion": "[M+H]+",
    "output_tbl": {
        "mz": [
            94.0525,
            95.0604,
            110.06,
            123.0917,
            140.058,
            141.0659,
            151.0866,
            169.0972,
            170.0998,
            183.1128
        ],
        "ms2_inten": [
            0.049917925514492985,
            0.04041279590687691,
            0.1120346072258803,
            0.09322487996411734,
            0.025806104335047323,
            0.02194289739001276,
            0.10467479754906868,
            1.0,
            0.0354615682438776,
            0.08433168012201053
        ],
        "mono_mass": [
            94.0525,
            95.0604,
            110.06,
            123.0917,
            140.058,
            141.0659,
            151.0866,
            169.0972,
            170.0998,
            183.1128
        ],
        "abs_mass_diff": [
            0.0,
            0.0,
            0.0,
            0.0,
            0.0,
            0.0,
            0.0,
            0.0,
            0.0,
            0.0
        ],
        "mass_diff": [
            0.0,
            0.0,
            0.0,
            0.0,
            0.0,
            0.0,
            0.0,
            0.0,
            0.0,
            0.0
        ],
        "formula": [
            "C38H46N10O8S2",
            "C38H46N10O8S2",
            "C38H46N10O8S2",
            "C38H46N10O8S2",
            "C38H46N10O8S2",
            "C38H46N10O8S2",
            "C38H46N10O8S2",
            "C38H46N10O8S2",
            "C38H46N10O8S2",
            "C38H46N10O8S2"
        ],
        "ions": [
            "[M+H]+",
            "[M+H]+",
            "[M+H]+",
            "[M+H]+",
            "[M+H]+",
            "[M+H]+",
            "[M+H]+",
            "[M+H]+",
            "[M+H]+",
            "[M+H]+"
        ]
    }
}