{
    "cand_form": "C23H28ClN3O5S",
    "cand_ion": "[M-H]-",
    "output_tbl": {
        "mz": [
            78.9735,
            92.9891,
            116.0145,
            126.9959,
            151.9912,
            154.0099,
            169.021,
            170.0016,
            170.0273,
            171.0052,
            184.0435,
            224.0501,
            225.0335
        ],
        "ms2_inten": [
            0.07995509194406178,
            0.07567039767871458,
            0.031929928813533646,
            0.6697107926214936,
            0.1511683605823401,
            0.10391579673720251,
            0.026185890590319668,
            1.0,
            0.03462485856708399,
            0.028805437005452097,
            0.04189012456623222,
            0.05584877925230156,
            0.027710103571050162
        ],
        "mono_mass": [
            78.9735,
            92.9891,
            116.0145,
            126.9959,
            151.9912,
            154.0099,
            169.021,
            170.0016,
            170.0273,
            171.0052,
            184.0435,
            224.0501,
            225.0335
        ],
        "abs_mass_diff": [
            0.0,
            0.0,
            0.0,
            0.0,
            0.0,
            0.0,
            0.0,
            0.0,
            0.0,
            0.0,
            0.0,
            0.0,
            0.0
        ],
        "mass_diff": [
            0.0,
            0.0,
            0.0,
            0.0,
            0.0,
            0.0,
            0.0,
            0.0,
            0.0,
            0.0,
            0.0,
            0.0,
            0.0
        ],
        "formula": [
            "C23H28ClN3O5S",
            "C23H28ClN3O5S",
            "C23H28ClN3O5S",
            "C23H28ClN3O5S",
            "C23H28ClN3O5S",
            "C23H28ClN3O5S",
            "C23H28ClN3O5S",
            "C23H28ClN3O5S",
            "C23H28ClN3O5S",
            "C23H28ClN3O5S",
            "C23H28ClN3O5S",
            "C23H28ClN3O5S",
            "C23H28ClN3O5S"
        ],
        "ions": [
            "[M-H]-",
            "[M-H]-",
            "[M-H]-",
            "[M-H]-",
            "[M-H]-",
            "[M-H]-",
            "[M-H]-",
            "[M-H]-",
            "[M-H]-",
            "[M-H]-",
            "[M-H]-",
            "[M-H]-",
            "[M-H]-"
        ]
    }
}