{
    "cand_form": "C23H28ClN3O5S",
    "cand_ion": "[M-H]-",
    "output_tbl": {
        "mz": [
            63.9626,
            64.9704,
            78.9735,
            92.9892,
            116.0143,
            126.9959,
            151.9912,
            154.0098,
            169.0205,
            170.0016,
            224.0496
        ],
        "ms2_inten": [
            0.06169574397243309,
            0.0325959188107984,
            0.17253717523046772,
            0.0948715457013973,
            0.07334129426221661,
            1.0,
            0.19273106076971452,
            0.21472468641091155,
            0.07578176720167043,
            0.5705788868113831,
            0.03206628573224559
        ],
        "mono_mass": [
            63.9626,
            64.9704,
            78.9735,
            92.9892,
            116.0143,
            126.9959,
            151.9912,
            154.0098,
            169.0205,
            170.0016,
            224.0496
        ],
        "abs_mass_diff": [
            0.0,
            0.0,
            0.0,
            0.0,
            0.0,
            0.0,
            0.0,
            0.0,
            0.0,
            0.0,
            0.0
        ],
        "mass_diff": [
            0.0,
            0.0,
            0.0,
            0.0,
            0.0,
            0.0,
            0.0,
            0.0,
            0.0,
            0.0,
            0.0
        ],
        "formula": [
            "C23H28ClN3O5S",
            "C23H28ClN3O5S",
            "C23H28ClN3O5S",
            "C23H28ClN3O5S",
            "C23H28ClN3O5S",
            "C23H28ClN3O5S",
            "C23H28ClN3O5S",
            "C23H28ClN3O5S",
            "C23H28ClN3O5S",
            "C23H28ClN3O5S",
            "C23H28ClN3O5S"
        ],
        "ions": [
            "[M-H]-",
            "[M-H]-",
            "[M-H]-",
            "[M-H]-",
            "[M-H]-",
            "[M-H]-",
            "[M-H]-",
            "[M-H]-",
            "[M-H]-",
            "[M-H]-",
            "[M-H]-"
        ]
    }
}