{
    "cand_form": "C23H28ClN3O5S",
    "cand_ion": "[M-H]-",
    "output_tbl": {
        "mz": [
            126.9956,
            170.0014,
            171.0052,
            184.0443,
            224.0506,
            367.0525,
            378.0321
        ],
        "ms2_inten": [
            0.0476766796204574,
            1.0,
            0.03670288052862006,
            0.017538022700934006,
            0.017369172809513864,
            0.03826155957916103,
            0.04319329214076401
        ],
        "mono_mass": [
            126.9956,
            170.0014,
            171.0052,
            184.0443,
            224.0506,
            367.0525,
            378.0321
        ],
        "abs_mass_diff": [
            0.0,
            0.0,
            0.0,
            0.0,
            0.0,
            0.0,
            0.0
        ],
        "mass_diff": [
            0.0,
            0.0,
            0.0,
            0.0,
            0.0,
            0.0,
            0.0
        ],
        "formula": [
            "C23H28ClN3O5S",
            "C23H28ClN3O5S",
            "C23H28ClN3O5S",
            "C23H28ClN3O5S",
            "C23H28ClN3O5S",
            "C23H28ClN3O5S",
            "C23H28ClN3O5S"
        ],
        "ions": [
            "[M-H]-",
            "[M-H]-",
            "[M-H]-",
            "[M-H]-",
            "[M-H]-",
            "[M-H]-",
            "[M-H]-"
        ]
    }
}