{
    "cand_form": "C23H28ClN3O5S",
    "cand_ion": "[M-H]-",
    "output_tbl": {
        "mz": [
            78.9733,
            92.989,
            116.0147,
            126.9956,
            151.9909,
            154.0099,
            169.0208,
            170.0014,
            171.0052,
            184.0438,
            224.0499,
            225.0332
        ],
        "ms2_inten": [
            0.07995509194406178,
            0.07567039767871458,
            0.031929928813533646,
            0.6697107926214936,
            0.1511683605823401,
            0.10391579673720251,
            0.026185890590319668,
            1.0,
            0.028805437005452097,
            0.04189012456623222,
            0.05584877925230156,
            0.027710103571050162
        ],
        "mono_mass": [
            78.9733,
            92.989,
            116.0147,
            126.9956,
            151.9909,
            154.0099,
            169.0208,
            170.0014,
            171.0052,
            184.0438,
            224.0499,
            225.0332
        ],
        "abs_mass_diff": [
            0.0,
            0.0,
            0.0,
            0.0,
            0.0,
            0.0,
            0.0,
            0.0,
            0.0,
            0.0,
            0.0,
            0.0
        ],
        "mass_diff": [
            0.0,
            0.0,
            0.0,
            0.0,
            0.0,
            0.0,
            0.0,
            0.0,
            0.0,
            0.0,
            0.0,
            0.0
        ],
        "formula": [
            "C23H28ClN3O5S",
            "C23H28ClN3O5S",
            "C23H28ClN3O5S",
            "C23H28ClN3O5S",
            "C23H28ClN3O5S",
            "C23H28ClN3O5S",
            "C23H28ClN3O5S",
            "C23H28ClN3O5S",
            "C23H28ClN3O5S",
            "C23H28ClN3O5S",
            "C23H28ClN3O5S",
            "C23H28ClN3O5S"
        ],
        "ions": [
            "[M-H]-",
            "[M-H]-",
            "[M-H]-",
            "[M-H]-",
            "[M-H]-",
            "[M-H]-",
            "[M-H]-",
            "[M-H]-",
            "[M-H]-",
            "[M-H]-",
            "[M-H]-",
            "[M-H]-"
        ]
    }
}