{
    "cand_form": "C23H28ClN3O5S",
    "cand_ion": "[M-H]-",
    "output_tbl": {
        "mz": [
            0.0,
            63.9624,
            64.9703,
            65.9985,
            74.0036,
            77.9655,
            78.9733,
            79.9812,
            83.7572,
            91.0189,
            116.0142,
            126.9956,
            227.7143
        ],
        "ms2_inten": [
            0.2626682429287699,
            1.0,
            0.041249580130223354,
            0.040275825413473784,
            0.09558679480050639,
            0.051942476188498156,
            0.2757242104607286,
            0.05979258338627925,
            0.020303533042500547,
            0.027027122785122024,
            0.02179360580104734,
            0.0439009197012623,
            0.03976379481089103
        ],
        "mono_mass": [
            0.0,
            63.9624,
            64.9703,
            65.9985,
            74.0036,
            77.9655,
            78.9733,
            79.9812,
            83.7572,
            91.0189,
            116.0142,
            126.9956,
            227.7143
        ],
        "abs_mass_diff": [
            0.0,
            0.0,
            0.0,
            0.0,
            0.0,
            0.0,
            0.0,
            0.0,
            0.0,
            0.0,
            0.0,
            0.0,
            0.0
        ],
        "mass_diff": [
            0.0,
            0.0,
            0.0,
            0.0,
            0.0,
            0.0,
            0.0,
            0.0,
            0.0,
            0.0,
            0.0,
            0.0,
            0.0
        ],
        "formula": [
            "C23H28ClN3O5S",
            "C23H28ClN3O5S",
            "C23H28ClN3O5S",
            "C23H28ClN3O5S",
            "C23H28ClN3O5S",
            "C23H28ClN3O5S",
            "C23H28ClN3O5S",
            "C23H28ClN3O5S",
            "C23H28ClN3O5S",
            "C23H28ClN3O5S",
            "C23H28ClN3O5S",
            "C23H28ClN3O5S",
            "C23H28ClN3O5S"
        ],
        "ions": [
            "[M-H]-",
            "[M-H]-",
            "[M-H]-",
            "[M-H]-",
            "[M-H]-",
            "[M-H]-",
            "[M-H]-",
            "[M-H]-",
            "[M-H]-",
            "[M-H]-",
            "[M-H]-",
            "[M-H]-",
            "[M-H]-"
        ]
    }
}