{
    "cand_form": "C23H28ClN3O5S",
    "cand_ion": "[M-H]-",
    "output_tbl": {
        "mz": [
            0.0,
            63.9624,
            74.0036,
            77.9655,
            78.9733,
            79.9812,
            227.7282
        ],
        "ms2_inten": [
            0.3618223375416668,
            1.0,
            0.06070617506973217,
            0.04885255323918939,
            0.13774590030079342,
            0.022982402139809205,
            0.04014371406743254
        ],
        "mono_mass": [
            0.0,
            63.9624,
            74.0036,
            77.9655,
            78.9733,
            79.9812,
            227.7282
        ],
        "abs_mass_diff": [
            0.0,
            0.0,
            0.0,
            0.0,
            0.0,
            0.0,
            0.0
        ],
        "mass_diff": [
            0.0,
            0.0,
            0.0,
            0.0,
            0.0,
            0.0,
            0.0
        ],
        "formula": [
            "C23H28ClN3O5S",
            "C23H28ClN3O5S",
            "C23H28ClN3O5S",
            "C23H28ClN3O5S",
            "C23H28ClN3O5S",
            "C23H28ClN3O5S",
            "C23H28ClN3O5S"
        ],
        "ions": [
            "[M-H]-",
            "[M-H]-",
            "[M-H]-",
            "[M-H]-",
            "[M-H]-",
            "[M-H]-",
            "[M-H]-"
        ]
    }
}