{
    "cand_form": "C23H28ClN3O5S",
    "cand_ion": "[M-H]-",
    "output_tbl": {
        "mz": [
            0.0,
            63.9624,
            64.9703,
            74.0036,
            77.9655,
            78.9733,
            227.7216
        ],
        "ms2_inten": [
            0.39714183658313346,
            1.0,
            0.022828146950774793,
            0.057611707316061606,
            0.0513288689893732,
            0.0747838528442739,
            0.04501446842138506
        ],
        "mono_mass": [
            0.0,
            63.9624,
            64.9703,
            74.0036,
            77.9655,
            78.9733,
            227.7216
        ],
        "abs_mass_diff": [
            0.0,
            0.0,
            0.0,
            0.0,
            0.0,
            0.0,
            0.0
        ],
        "mass_diff": [
            0.0,
            0.0,
            0.0,
            0.0,
            0.0,
            0.0,
            0.0
        ],
        "formula": [
            "C23H28ClN3O5S",
            "C23H28ClN3O5S",
            "C23H28ClN3O5S",
            "C23H28ClN3O5S",
            "C23H28ClN3O5S",
            "C23H28ClN3O5S",
            "C23H28ClN3O5S"
        ],
        "ions": [
            "[M-H]-",
            "[M-H]-",
            "[M-H]-",
            "[M-H]-",
            "[M-H]-",
            "[M-H]-",
            "[M-H]-"
        ]
    }
}