{
    "cand_form": "C19H28O2",
    "cand_ion": "[M+H]+",
    "output_tbl": {
        "mz": [
            51.023,
            53.0387,
            55.0179,
            55.0544,
            65.0386,
            66.0464,
            67.0542,
            77.0386,
            79.0542,
            81.0699,
            91.0542,
            94.0414,
            95.0492,
            97.0648,
            103.0543,
            105.0448,
            107.0493,
            115.0539,
            128.0621,
            227.7401
        ],
        "ms2_inten": [
            0.5701495368283634,
            0.6939915221436151,
            0.43423019252868794,
            0.3447050887509541,
            0.8540401203717287,
            0.15401161947702083,
            0.4062462820361167,
            0.9944939469194161,
            1.0,
            0.18769208317420089,
            0.7265344373970632,
            0.368391353969677,
            0.9310285709101199,
            0.12328583184215341,
            0.10566635242471588,
            0.3437811506527953,
            0.11428630414660715,
            0.1834290381816809,
            0.1425270702008073,
            0.08511472684317284
        ],
        "mono_mass": [
            51.023,
            53.0387,
            55.0179,
            55.0544,
            65.0386,
            66.0464,
            67.0542,
            77.0386,
            79.0542,
            81.0699,
            91.0542,
            94.0414,
            95.0492,
            97.0648,
            103.0543,
            105.0448,
            107.0493,
            115.0539,
            128.0621,
            227.7401
        ],
        "abs_mass_diff": [
            0.0,
            0.0,
            0.0,
            0.0,
            0.0,
            0.0,
            0.0,
            0.0,
            0.0,
            0.0,
            0.0,
            0.0,
            0.0,
            0.0,
            0.0,
            0.0,
            0.0,
            0.0,
            0.0,
            0.0
        ],
        "mass_diff": [
            0.0,
            0.0,
            0.0,
            0.0,
            0.0,
            0.0,
            0.0,
            0.0,
            0.0,
            0.0,
            0.0,
            0.0,
            0.0,
            0.0,
            0.0,
            0.0,
            0.0,
            0.0,
            0.0,
            0.0
        ],
        "formula": [
            "C19H28O2",
            "C19H28O2",
            "C19H28O2",
            "C19H28O2",
            "C19H28O2",
            "C19H28O2",
            "C19H28O2",
            "C19H28O2",
            "C19H28O2",
            "C19H28O2",
            "C19H28O2",
            "C19H28O2",
            "C19H28O2",
            "C19H28O2",
            "C19H28O2",
            "C19H28O2",
            "C19H28O2",
            "C19H28O2",
            "C19H28O2",
            "C19H28O2"
        ],
        "ions": [
            "[M+H]+",
            "[M+H]+",
            "[M+H]+",
            "[M+H]+",
            "[M+H]+",
            "[M+H]+",
            "[M+H]+",
            "[M+H]+",
            "[M+H]+",
            "[M+H]+",
            "[M+H]+",
            "[M+H]+",
            "[M+H]+",
            "[M+H]+",
            "[M+H]+",
            "[M+H]+",
            "[M+H]+",
            "[M+H]+",
            "[M+H]+",
            "[M+H]+"
        ]
    }
}