{
    "cand_form": "C14H10O5",
    "cand_ion": "[M-H]-",
    "output_tbl": {
        "mz": [
            65.0397,
            93.0346,
            94.038,
            137.0244
        ],
        "ms2_inten": [
            0.053971693858254954,
            1.0,
            0.036309989169493836,
            0.010580347209066742
        ],
        "mono_mass": [
            65.0397,
            93.0346,
            94.038,
            137.0244
        ],
        "abs_mass_diff": [
            0.0,
            0.0,
            0.0,
            0.0
        ],
        "mass_diff": [
            0.0,
            0.0,
            0.0,
            0.0
        ],
        "formula": [
            "C14H10O5",
            "C14H10O5",
            "C14H10O5",
            "C14H10O5"
        ],
        "ions": [
            "[M-H]-",
            "[M-H]-",
            "[M-H]-",
            "[M-H]-"
        ]
    }
}