{
    "cand_form": "C12H18Br2N2O",
    "cand_ion": "[M+H]+",
    "output_tbl": {
        "mz": [
            51.0229,
            58.0651,
            63.0229,
            65.0386,
            67.0417,
            73.0522,
            75.0229,
            77.0386,
            78.0464,
            79.0417,
            79.0542,
            80.0495,
            89.0386,
            91.0542,
            95.0491,
            96.0444,
            104.0495,
            105.0447,
            105.0573,
            106.0651,
            116.0495,
            117.0573,
            131.0604,
            132.0682,
            183.9752,
            227.7482
        ],
        "ms2_inten": [
            0.09485438625050319,
            0.04418172995127232,
            0.1626644996350695,
            0.09502882223046093,
            0.05139435371751154,
            0.04928396926137173,
            0.06881952796119523,
            0.19874456150428285,
            0.2294274336823219,
            0.06599571449898578,
            0.16793302444589484,
            0.08858145246283437,
            0.33475451745880475,
            0.07445866371110896,
            0.26042758488550494,
            0.053329830461776674,
            1.0,
            0.09130865260771896,
            0.27182810047014505,
            0.1523905060754419,
            0.04554270273901047,
            0.10799476707784522,
            0.11973443170344583,
            0.18013392495329622,
            0.13157973807111517,
            0.039921047277352725
        ],
        "mono_mass": [
            51.0229,
            58.0651,
            63.0229,
            65.0386,
            67.0417,
            73.0522,
            75.0229,
            77.0386,
            78.0464,
            79.0417,
            79.0542,
            80.0495,
            89.0386,
            91.0542,
            95.0491,
            96.0444,
            104.0495,
            105.0447,
            105.0573,
            106.0651,
            116.0495,
            117.0573,
            131.0604,
            132.0682,
            183.9752,
            227.7482
        ],
        "abs_mass_diff": [
            0.0,
            0.0,
            0.0,
            0.0,
            0.0,
            0.0,
            0.0,
            0.0,
            0.0,
            0.0,
            0.0,
            0.0,
            0.0,
            0.0,
            0.0,
            0.0,
            0.0,
            0.0,
            0.0,
            0.0,
            0.0,
            0.0,
            0.0,
            0.0,
            0.0,
            0.0
        ],
        "mass_diff": [
            0.0,
            0.0,
            0.0,
            0.0,
            0.0,
            0.0,
            0.0,
            0.0,
            0.0,
            0.0,
            0.0,
            0.0,
            0.0,
            0.0,
            0.0,
            0.0,
            0.0,
            0.0,
            0.0,
            0.0,
            0.0,
            0.0,
            0.0,
            0.0,
            0.0,
            0.0
        ],
        "formula": [
            "C12H18Br2N2O",
            "C12H18Br2N2O",
            "C12H18Br2N2O",
            "C12H18Br2N2O",
            "C12H18Br2N2O",
            "C12H18Br2N2O",
            "C12H18Br2N2O",
            "C12H18Br2N2O",
            "C12H18Br2N2O",
            "C12H18Br2N2O",
            "C12H18Br2N2O",
            "C12H18Br2N2O",
            "C12H18Br2N2O",
            "C12H18Br2N2O",
            "C12H18Br2N2O",
            "C12H18Br2N2O",
            "C12H18Br2N2O",
            "C12H18Br2N2O",
            "C12H18Br2N2O",
            "C12H18Br2N2O",
            "C12H18Br2N2O",
            "C12H18Br2N2O",
            "C12H18Br2N2O",
            "C12H18Br2N2O",
            "C12H18Br2N2O",
            "C12H18Br2N2O"
        ],
        "ions": [
            "[M+H]+",
            "[M+H]+",
            "[M+H]+",
            "[M+H]+",
            "[M+H]+",
            "[M+H]+",
            "[M+H]+",
            "[M+H]+",
            "[M+H]+",
            "[M+H]+",
            "[M+H]+",
            "[M+H]+",
            "[M+H]+",
            "[M+H]+",
            "[M+H]+",
            "[M+H]+",
            "[M+H]+",
            "[M+H]+",
            "[M+H]+",
            "[M+H]+",
            "[M+H]+",
            "[M+H]+",
            "[M+H]+",
            "[M+H]+",
            "[M+H]+",
            "[M+H]+"
        ]
    }
}