{
    "cand_form": "C13H9NO5",
    "cand_ion": "[M-H]-",
    "output_tbl": {
        "mz": [
            66.0534,
            110.3405,
            126.8902,
            198.8071,
            199.2762,
            272.2217
        ],
        "ms2_inten": [
            0.776710605745356,
            0.91327786961791,
            0.8119030474979417,
            0.8270319030460821,
            0.8549461745873088,
            1.0
        ],
        "mono_mass": [
            66.0534,
            110.3405,
            126.8902,
            198.8071,
            199.2762,
            272.2217
        ],
        "abs_mass_diff": [
            0.0,
            0.0,
            0.0,
            0.0,
            0.0,
            0.0
        ],
        "mass_diff": [
            0.0,
            0.0,
            0.0,
            0.0,
            0.0,
            0.0
        ],
        "formula": [
            "C13H9NO5",
            "C13H9NO5",
            "C13H9NO5",
            "C13H9NO5",
            "C13H9NO5",
            "C13H9NO5"
        ],
        "ions": [
            "[M-H]-",
            "[M-H]-",
            "[M-H]-",
            "[M-H]-",
            "[M-H]-",
            "[M-H]-"
        ]
    }
}