{
    "cand_form": "C19H17N5O7S3",
    "cand_ion": "[M+H]+",
    "output_tbl": {
        "mz": [
            0.0,
            56.9793,
            58.995,
            59.9902,
            66.0338,
            68.9793,
            69.9746,
            70.9824,
            70.995,
            71.9902,
            72.9981,
            80.0495,
            82.9824,
            83.9902,
            95.0128,
            97.9933,
            99.0011,
            100.009,
            125.0042,
            126.012,
            227.7321
        ],
        "ms2_inten": [
            0.13386977906833716,
            0.38030088482363406,
            0.09134366292902814,
            0.2128248310143617,
            0.10582467036157263,
            0.08647759575149642,
            0.08782904985396825,
            0.5867437756780765,
            0.08219486761398802,
            0.23036480516062197,
            0.12284968708406749,
            0.06384893574829635,
            1.0,
            0.3540942282158875,
            0.8625885091388719,
            0.9123200567055663,
            0.15682759748784475,
            0.2956391368369056,
            0.892530748781554,
            0.41663986415589616,
            0.1141622580187649
        ],
        "mono_mass": [
            0.0,
            56.9793,
            58.995,
            59.9902,
            66.0338,
            68.9793,
            69.9746,
            70.9824,
            70.995,
            71.9902,
            72.9981,
            80.0495,
            82.9824,
            83.9902,
            95.0128,
            97.9933,
            99.0011,
            100.009,
            125.0042,
            126.012,
            227.7321
        ],
        "abs_mass_diff": [
            0.0,
            0.0,
            0.0,
            0.0,
            0.0,
            0.0,
            0.0,
            0.0,
            0.0,
            0.0,
            0.0,
            0.0,
            0.0,
            0.0,
            0.0,
            0.0,
            0.0,
            0.0,
            0.0,
            0.0,
            0.0
        ],
        "mass_diff": [
            0.0,
            0.0,
            0.0,
            0.0,
            0.0,
            0.0,
            0.0,
            0.0,
            0.0,
            0.0,
            0.0,
            0.0,
            0.0,
            0.0,
            0.0,
            0.0,
            0.0,
            0.0,
            0.0,
            0.0,
            0.0
        ],
        "formula": [
            "C19H17N5O7S3",
            "C19H17N5O7S3",
            "C19H17N5O7S3",
            "C19H17N5O7S3",
            "C19H17N5O7S3",
            "C19H17N5O7S3",
            "C19H17N5O7S3",
            "C19H17N5O7S3",
            "C19H17N5O7S3",
            "C19H17N5O7S3",
            "C19H17N5O7S3",
            "C19H17N5O7S3",
            "C19H17N5O7S3",
            "C19H17N5O7S3",
            "C19H17N5O7S3",
            "C19H17N5O7S3",
            "C19H17N5O7S3",
            "C19H17N5O7S3",
            "C19H17N5O7S3",
            "C19H17N5O7S3",
            "C19H17N5O7S3"
        ],
        "ions": [
            "[M+H]+",
            "[M+H]+",
            "[M+H]+",
            "[M+H]+",
            "[M+H]+",
            "[M+H]+",
            "[M+H]+",
            "[M+H]+",
            "[M+H]+",
            "[M+H]+",
            "[M+H]+",
            "[M+H]+",
            "[M+H]+",
            "[M+H]+",
            "[M+H]+",
            "[M+H]+",
            "[M+H]+",
            "[M+H]+",
            "[M+H]+",
            "[M+H]+",
            "[M+H]+"
        ]
    }
}