{
    "cand_form": "C19H22F2N4O3",
    "cand_ion": "[M+H]+",
    "output_tbl": {
        "mz": [
            58.0651,
            70.0651,
            84.0808,
            195.0364,
            196.0431,
            210.0599,
            210.0839,
            215.0615,
            216.0556,
            224.0756,
            230.0724,
            231.0791,
            251.0865,
            264.0581,
            265.0608
        ],
        "ms2_inten": [
            0.3140946475832251,
            0.07953539432624719,
            0.18349033606431442,
            0.08421440891159257,
            0.06413540648657023,
            0.06223309355543545,
            0.06662767163834762,
            0.08456778234489712,
            0.09817410864881651,
            0.09993320749151281,
            0.6384445835927486,
            0.219408282251215,
            0.32473877473735535,
            1.0,
            0.08307860696655583
        ],
        "mono_mass": [
            58.0651,
            70.0651,
            84.0808,
            195.0364,
            196.0431,
            210.0599,
            210.0839,
            215.0615,
            216.0556,
            224.0756,
            230.0724,
            231.0791,
            251.0865,
            264.0581,
            265.0608
        ],
        "abs_mass_diff": [
            0.0,
            0.0,
            0.0,
            0.0,
            0.0,
            0.0,
            0.0,
            0.0,
            0.0,
            0.0,
            0.0,
            0.0,
            0.0,
            0.0,
            0.0
        ],
        "mass_diff": [
            0.0,
            0.0,
            0.0,
            0.0,
            0.0,
            0.0,
            0.0,
            0.0,
            0.0,
            0.0,
            0.0,
            0.0,
            0.0,
            0.0,
            0.0
        ],
        "formula": [
            "C19H22F2N4O3",
            "C19H22F2N4O3",
            "C19H22F2N4O3",
            "C19H22F2N4O3",
            "C19H22F2N4O3",
            "C19H22F2N4O3",
            "C19H22F2N4O3",
            "C19H22F2N4O3",
            "C19H22F2N4O3",
            "C19H22F2N4O3",
            "C19H22F2N4O3",
            "C19H22F2N4O3",
            "C19H22F2N4O3",
            "C19H22F2N4O3",
            "C19H22F2N4O3"
        ],
        "ions": [
            "[M+H]+",
            "[M+H]+",
            "[M+H]+",
            "[M+H]+",
            "[M+H]+",
            "[M+H]+",
            "[M+H]+",
            "[M+H]+",
            "[M+H]+",
            "[M+H]+",
            "[M+H]+",
            "[M+H]+",
            "[M+H]+",
            "[M+H]+",
            "[M+H]+"
        ]
    }
}