{
    "cand_form": "C19H22F2N4O3",
    "cand_ion": "[M+H]+",
    "output_tbl": {
        "mz": [
            56.0495,
            58.0651,
            70.0651,
            84.0808,
            149.051,
            167.0415,
            187.0666,
            188.0619,
            189.047,
            193.0448,
            195.0364,
            196.0443,
            201.0708,
            202.0775,
            203.0615,
            209.0521,
            210.0662,
            210.0851,
            215.0615,
            216.0556,
            230.0724,
            231.0791,
            249.0346,
            264.0581,
            267.0427
        ],
        "ms2_inten": [
            0.10017618890932696,
            0.473825845678669,
            0.2195405074401998,
            0.15280103558454805,
            0.11214593973358022,
            0.16335161696948214,
            0.08756405888048634,
            0.257178710931055,
            0.08210046791752659,
            0.0748051368161432,
            0.3879189257224532,
            0.11987315409222773,
            0.12487203686017252,
            0.1380264081602252,
            0.09086523918665507,
            0.11317243557530852,
            0.12425854918225213,
            0.0871841094717708,
            0.14056835715976043,
            0.2016472356284831,
            1.0,
            0.13904457331635015,
            0.2603425537190628,
            0.5396646606772972,
            0.13706757981138104
        ],
        "mono_mass": [
            56.0495,
            58.0651,
            70.0651,
            84.0808,
            149.051,
            167.0415,
            187.0666,
            188.0619,
            189.047,
            193.0448,
            195.0364,
            196.0443,
            201.0708,
            202.0775,
            203.0615,
            209.0521,
            210.0662,
            210.0851,
            215.0615,
            216.0556,
            230.0724,
            231.0791,
            249.0346,
            264.0581,
            267.0427
        ],
        "abs_mass_diff": [
            0.0,
            0.0,
            0.0,
            0.0,
            0.0,
            0.0,
            0.0,
            0.0,
            0.0,
            0.0,
            0.0,
            0.0,
            0.0,
            0.0,
            0.0,
            0.0,
            0.0,
            0.0,
            0.0,
            0.0,
            0.0,
            0.0,
            0.0,
            0.0,
            0.0
        ],
        "mass_diff": [
            0.0,
            0.0,
            0.0,
            0.0,
            0.0,
            0.0,
            0.0,
            0.0,
            0.0,
            0.0,
            0.0,
            0.0,
            0.0,
            0.0,
            0.0,
            0.0,
            0.0,
            0.0,
            0.0,
            0.0,
            0.0,
            0.0,
            0.0,
            0.0,
            0.0
        ],
        "formula": [
            "C19H22F2N4O3",
            "C19H22F2N4O3",
            "C19H22F2N4O3",
            "C19H22F2N4O3",
            "C19H22F2N4O3",
            "C19H22F2N4O3",
            "C19H22F2N4O3",
            "C19H22F2N4O3",
            "C19H22F2N4O3",
            "C19H22F2N4O3",
            "C19H22F2N4O3",
            "C19H22F2N4O3",
            "C19H22F2N4O3",
            "C19H22F2N4O3",
            "C19H22F2N4O3",
            "C19H22F2N4O3",
            "C19H22F2N4O3",
            "C19H22F2N4O3",
            "C19H22F2N4O3",
            "C19H22F2N4O3",
            "C19H22F2N4O3",
            "C19H22F2N4O3",
            "C19H22F2N4O3",
            "C19H22F2N4O3",
            "C19H22F2N4O3"
        ],
        "ions": [
            "[M+H]+",
            "[M+H]+",
            "[M+H]+",
            "[M+H]+",
            "[M+H]+",
            "[M+H]+",
            "[M+H]+",
            "[M+H]+",
            "[M+H]+",
            "[M+H]+",
            "[M+H]+",
            "[M+H]+",
            "[M+H]+",
            "[M+H]+",
            "[M+H]+",
            "[M+H]+",
            "[M+H]+",
            "[M+H]+",
            "[M+H]+",
            "[M+H]+",
            "[M+H]+",
            "[M+H]+",
            "[M+H]+",
            "[M+H]+",
            "[M+H]+"
        ]
    }
}