{
    "cand_form": "C24H31FO6",
    "cand_ion": "[M+H]+",
    "output_tbl": {
        "mz": [
            59.0491,
            91.0542,
            93.0699,
            105.0699,
            121.0648,
            147.0804,
            159.0804,
            171.0804,
            213.1274,
            223.1117,
            225.1285,
            263.143,
            275.1442,
            281.1547,
            293.1536,
            311.1642,
            321.1485,
            339.1591,
            357.1697,
            397.201,
            415.2115
        ],
        "ms2_inten": [
            0.16487427138167382,
            0.18499199203345004,
            0.19224241593585667,
            0.18577489177883227,
            0.4084119194224251,
            0.39808423354823363,
            0.2951517423999739,
            0.30333503182543337,
            0.40512863038057295,
            0.1482439657096616,
            0.2324721174327512,
            0.17867194735814473,
            0.14502336981656222,
            0.13234495873912547,
            0.304835292971032,
            0.32746348074021137,
            0.32038205474285336,
            0.6412163110637114,
            0.54800114874155,
            1.0,
            0.6867539527326791
        ],
        "mono_mass": [
            59.0491,
            91.0542,
            93.0699,
            105.0699,
            121.0648,
            147.0804,
            159.0804,
            171.0804,
            213.1274,
            223.1117,
            225.1285,
            263.143,
            275.1442,
            281.1547,
            293.1536,
            311.1642,
            321.1485,
            339.1591,
            357.1697,
            397.201,
            415.2115
        ],
        "abs_mass_diff": [
            0.0,
            0.0,
            0.0,
            0.0,
            0.0,
            0.0,
            0.0,
            0.0,
            0.0,
            0.0,
            0.0,
            0.0,
            0.0,
            0.0,
            0.0,
            0.0,
            0.0,
            0.0,
            0.0,
            0.0,
            0.0
        ],
        "mass_diff": [
            0.0,
            0.0,
            0.0,
            0.0,
            0.0,
            0.0,
            0.0,
            0.0,
            0.0,
            0.0,
            0.0,
            0.0,
            0.0,
            0.0,
            0.0,
            0.0,
            0.0,
            0.0,
            0.0,
            0.0,
            0.0
        ],
        "formula": [
            "C24H31FO6",
            "C24H31FO6",
            "C24H31FO6",
            "C24H31FO6",
            "C24H31FO6",
            "C24H31FO6",
            "C24H31FO6",
            "C24H31FO6",
            "C24H31FO6",
            "C24H31FO6",
            "C24H31FO6",
            "C24H31FO6",
            "C24H31FO6",
            "C24H31FO6",
            "C24H31FO6",
            "C24H31FO6",
            "C24H31FO6",
            "C24H31FO6",
            "C24H31FO6",
            "C24H31FO6",
            "C24H31FO6"
        ],
        "ions": [
            "[M+H]+",
            "[M+H]+",
            "[M+H]+",
            "[M+H]+",
            "[M+H]+",
            "[M+H]+",
            "[M+H]+",
            "[M+H]+",
            "[M+H]+",
            "[M+H]+",
            "[M+H]+",
            "[M+H]+",
            "[M+H]+",
            "[M+H]+",
            "[M+H]+",
            "[M+H]+",
            "[M+H]+",
            "[M+H]+",
            "[M+H]+",
            "[M+H]+",
            "[M+H]+"
        ]
    }
}