{
    "cand_form": "C28H35N3O7",
    "cand_ion": "[M+H]+",
    "output_tbl": {
        "mz": [
            63.0232,
            65.0386,
            66.0466,
            67.0544,
            68.0499,
            68.997,
            77.0386,
            78.0467,
            79.0543,
            80.0495,
            89.0388,
            90.0462,
            91.0541,
            93.0571,
            94.0412,
            95.0492,
            102.0466,
            103.0545,
            105.045,
            115.0543,
            128.0617,
            227.7273
        ],
        "ms2_inten": [
            0.19655240270296437,
            0.8446125437651848,
            0.1372468421083905,
            0.13657816985418073,
            0.09052882429158685,
            0.33404773214466094,
            1.0,
            0.12857533169265228,
            0.5253701930823658,
            0.13780604241793187,
            0.1878563386947323,
            0.08391528716986713,
            0.336136262511766,
            0.09267985852533742,
            0.18973995939192037,
            0.881047197717447,
            0.0769543730581575,
            0.07253583231358748,
            0.23766266632692612,
            0.2816614401852215,
            0.10855846350603128,
            0.1275045380874636
        ],
        "mono_mass": [
            63.0232,
            65.0386,
            66.0466,
            67.0544,
            68.0499,
            68.997,
            77.0386,
            78.0467,
            79.0543,
            80.0495,
            89.0388,
            90.0462,
            91.0541,
            93.0571,
            94.0412,
            95.0492,
            102.0466,
            103.0545,
            105.045,
            115.0543,
            128.0617,
            227.7273
        ],
        "abs_mass_diff": [
            0.0,
            0.0,
            0.0,
            0.0,
            0.0,
            0.0,
            0.0,
            0.0,
            0.0,
            0.0,
            0.0,
            0.0,
            0.0,
            0.0,
            0.0,
            0.0,
            0.0,
            0.0,
            0.0,
            0.0,
            0.0,
            0.0
        ],
        "mass_diff": [
            0.0,
            0.0,
            0.0,
            0.0,
            0.0,
            0.0,
            0.0,
            0.0,
            0.0,
            0.0,
            0.0,
            0.0,
            0.0,
            0.0,
            0.0,
            0.0,
            0.0,
            0.0,
            0.0,
            0.0,
            0.0,
            0.0
        ],
        "formula": [
            "C28H35N3O7",
            "C28H35N3O7",
            "C28H35N3O7",
            "C28H35N3O7",
            "C28H35N3O7",
            "C28H35N3O7",
            "C28H35N3O7",
            "C28H35N3O7",
            "C28H35N3O7",
            "C28H35N3O7",
            "C28H35N3O7",
            "C28H35N3O7",
            "C28H35N3O7",
            "C28H35N3O7",
            "C28H35N3O7",
            "C28H35N3O7",
            "C28H35N3O7",
            "C28H35N3O7",
            "C28H35N3O7",
            "C28H35N3O7",
            "C28H35N3O7",
            "C28H35N3O7"
        ],
        "ions": [
            "[M+H]+",
            "[M+H]+",
            "[M+H]+",
            "[M+H]+",
            "[M+H]+",
            "[M+H]+",
            "[M+H]+",
            "[M+H]+",
            "[M+H]+",
            "[M+H]+",
            "[M+H]+",
            "[M+H]+",
            "[M+H]+",
            "[M+H]+",
            "[M+H]+",
            "[M+H]+",
            "[M+H]+",
            "[M+H]+",
            "[M+H]+",
            "[M+H]+",
            "[M+H]+",
            "[M+H]+"
        ]
    }
}