{
    "cand_form": "C21H27N5O4S",
    "cand_ion": "[M+H]+",
    "output_tbl": {
        "mz": [
            100.1122,
            304.0751,
            321.1018,
            322.105,
            347.0812,
            348.0836
        ],
        "ms2_inten": [
            0.17157496308615558,
            0.04929193060525572,
            1.0,
            0.08857909569065378,
            0.31141495160682303,
            0.038141496130724706
        ],
        "mono_mass": [
            100.1122,
            304.0751,
            321.1018,
            322.105,
            347.0812,
            348.0836
        ],
        "abs_mass_diff": [
            0.0,
            0.0,
            0.0,
            0.0,
            0.0,
            0.0
        ],
        "mass_diff": [
            0.0,
            0.0,
            0.0,
            0.0,
            0.0,
            0.0
        ],
        "formula": [
            "C21H27N5O4S",
            "C21H27N5O4S",
            "C21H27N5O4S",
            "C21H27N5O4S",
            "C21H27N5O4S",
            "C21H27N5O4S"
        ],
        "ions": [
            "[M+H]+",
            "[M+H]+",
            "[M+H]+",
            "[M+H]+",
            "[M+H]+",
            "[M+H]+"
        ]
    }
}