{
    "cand_form": "C21H27N5O4S",
    "cand_ion": "[M+H]+",
    "output_tbl": {
        "mz": [
            52.0182,
            55.0542,
            66.0338,
            77.0386,
            83.0855,
            91.0542,
            93.0447,
            94.0413,
            94.0525,
            95.0491,
            95.0604,
            102.0464,
            103.0542,
            104.0621,
            105.0447,
            107.0491,
            111.0553,
            119.0491,
            119.073,
            120.0556,
            125.0709,
            131.0604,
            139.0502
        ],
        "ms2_inten": [
            0.1536722093945764,
            0.1104246318806765,
            0.5162196452029363,
            0.4102413195257954,
            0.0740697365763489,
            0.1872779609913894,
            0.08242844064121352,
            0.1193881862498768,
            0.08000022621180858,
            0.508934978647221,
            0.0469186519715167,
            0.08130292378762588,
            0.8267719090176106,
            0.05404077694061456,
            0.18107311650392882,
            0.08895381110344504,
            1.0,
            0.03752426557912647,
            0.05526986260864226,
            0.05129207725456423,
            0.048062253489721096,
            0.06014942905755313,
            0.04899844333959724
        ],
        "mono_mass": [
            52.0182,
            55.0542,
            66.0338,
            77.0386,
            83.0855,
            91.0542,
            93.0447,
            94.0413,
            94.0525,
            95.0491,
            95.0604,
            102.0464,
            103.0542,
            104.0621,
            105.0447,
            107.0491,
            111.0553,
            119.0491,
            119.073,
            120.0556,
            125.0709,
            131.0604,
            139.0502
        ],
        "abs_mass_diff": [
            0.0,
            0.0,
            0.0,
            0.0,
            0.0,
            0.0,
            0.0,
            0.0,
            0.0,
            0.0,
            0.0,
            0.0,
            0.0,
            0.0,
            0.0,
            0.0,
            0.0,
            0.0,
            0.0,
            0.0,
            0.0,
            0.0,
            0.0
        ],
        "mass_diff": [
            0.0,
            0.0,
            0.0,
            0.0,
            0.0,
            0.0,
            0.0,
            0.0,
            0.0,
            0.0,
            0.0,
            0.0,
            0.0,
            0.0,
            0.0,
            0.0,
            0.0,
            0.0,
            0.0,
            0.0,
            0.0,
            0.0,
            0.0
        ],
        "formula": [
            "C21H27N5O4S",
            "C21H27N5O4S",
            "C21H27N5O4S",
            "C21H27N5O4S",
            "C21H27N5O4S",
            "C21H27N5O4S",
            "C21H27N5O4S",
            "C21H27N5O4S",
            "C21H27N5O4S",
            "C21H27N5O4S",
            "C21H27N5O4S",
            "C21H27N5O4S",
            "C21H27N5O4S",
            "C21H27N5O4S",
            "C21H27N5O4S",
            "C21H27N5O4S",
            "C21H27N5O4S",
            "C21H27N5O4S",
            "C21H27N5O4S",
            "C21H27N5O4S",
            "C21H27N5O4S",
            "C21H27N5O4S",
            "C21H27N5O4S"
        ],
        "ions": [
            "[M+H]+",
            "[M+H]+",
            "[M+H]+",
            "[M+H]+",
            "[M+H]+",
            "[M+H]+",
            "[M+H]+",
            "[M+H]+",
            "[M+H]+",
            "[M+H]+",
            "[M+H]+",
            "[M+H]+",
            "[M+H]+",
            "[M+H]+",
            "[M+H]+",
            "[M+H]+",
            "[M+H]+",
            "[M+H]+",
            "[M+H]+",
            "[M+H]+",
            "[M+H]+",
            "[M+H]+",
            "[M+H]+"
        ]
    }
}