{
    "cand_form": "C21H24FN3O4",
    "cand_ion": "[M+H]+",
    "output_tbl": {
        "mz": [
            68.0495,
            70.0651,
            79.0542,
            80.0495,
            82.0651,
            83.073,
            94.0651,
            96.0808,
            108.0808,
            110.0964,
            122.0401,
            134.0401,
            135.0479,
            147.0479,
            148.0557,
            151.0428,
            163.0428,
            179.0377,
            187.0666,
            188.0506,
            189.0459,
            191.0615,
            192.0455,
            203.0615,
            205.0408,
            215.0615,
            217.0408,
            219.0553
        ],
        "ms2_inten": [
            0.5067286255792097,
            0.1733489163677312,
            0.17194875726722486,
            0.22538634124286075,
            0.8471358176614359,
            0.15449429783216675,
            0.17199196606424588,
            1.0,
            0.21520825069064406,
            0.22564071188590262,
            0.20959496729126767,
            0.14640975453877206,
            0.15514745410753716,
            0.1555597664819736,
            0.23704253805829134,
            0.17339818029684542,
            0.17181111897845816,
            0.16188563247072138,
            0.17378134734953343,
            0.23921743949133337,
            0.21445386867312452,
            0.14036061004167324,
            0.15231856286318352,
            0.23135747637307716,
            0.27664136023112934,
            0.27110752044917813,
            0.2930189196663297,
            0.1722653427485572
        ],
        "mono_mass": [
            68.0495,
            70.0651,
            79.0542,
            80.0495,
            82.0651,
            83.073,
            94.0651,
            96.0808,
            108.0808,
            110.0964,
            122.0401,
            134.0401,
            135.0479,
            147.0479,
            148.0557,
            151.0428,
            163.0428,
            179.0377,
            187.0666,
            188.0506,
            189.0459,
            191.0615,
            192.0455,
            203.0615,
            205.0408,
            215.0615,
            217.0408,
            219.0553
        ],
        "abs_mass_diff": [
            0.0,
            0.0,
            0.0,
            0.0,
            0.0,
            0.0,
            0.0,
            0.0,
            0.0,
            0.0,
            0.0,
            0.0,
            0.0,
            0.0,
            0.0,
            0.0,
            0.0,
            0.0,
            0.0,
            0.0,
            0.0,
            0.0,
            0.0,
            0.0,
            0.0,
            0.0,
            0.0,
            0.0
        ],
        "mass_diff": [
            0.0,
            0.0,
            0.0,
            0.0,
            0.0,
            0.0,
            0.0,
            0.0,
            0.0,
            0.0,
            0.0,
            0.0,
            0.0,
            0.0,
            0.0,
            0.0,
            0.0,
            0.0,
            0.0,
            0.0,
            0.0,
            0.0,
            0.0,
            0.0,
            0.0,
            0.0,
            0.0,
            0.0
        ],
        "formula": [
            "C21H24FN3O4",
            "C21H24FN3O4",
            "C21H24FN3O4",
            "C21H24FN3O4",
            "C21H24FN3O4",
            "C21H24FN3O4",
            "C21H24FN3O4",
            "C21H24FN3O4",
            "C21H24FN3O4",
            "C21H24FN3O4",
            "C21H24FN3O4",
            "C21H24FN3O4",
            "C21H24FN3O4",
            "C21H24FN3O4",
            "C21H24FN3O4",
            "C21H24FN3O4",
            "C21H24FN3O4",
            "C21H24FN3O4",
            "C21H24FN3O4",
            "C21H24FN3O4",
            "C21H24FN3O4",
            "C21H24FN3O4",
            "C21H24FN3O4",
            "C21H24FN3O4",
            "C21H24FN3O4",
            "C21H24FN3O4",
            "C21H24FN3O4",
            "C21H24FN3O4"
        ],
        "ions": [
            "[M+H]+",
            "[M+H]+",
            "[M+H]+",
            "[M+H]+",
            "[M+H]+",
            "[M+H]+",
            "[M+H]+",
            "[M+H]+",
            "[M+H]+",
            "[M+H]+",
            "[M+H]+",
            "[M+H]+",
            "[M+H]+",
            "[M+H]+",
            "[M+H]+",
            "[M+H]+",
            "[M+H]+",
            "[M+H]+",
            "[M+H]+",
            "[M+H]+",
            "[M+H]+",
            "[M+H]+",
            "[M+H]+",
            "[M+H]+",
            "[M+H]+",
            "[M+H]+",
            "[M+H]+",
            "[M+H]+"
        ]
    }
}