{
    "cand_form": "C23H24N6O5S2",
    "cand_ion": "[M-H]-",
    "output_tbl": {
        "mz": [
            99.9257,
            115.0084,
            116.9284,
            117.9287,
            282.1104,
            466.1554,
            527.2429
        ],
        "ms2_inten": [
            0.16677159192388236,
            0.1022027160861978,
            1.0,
            0.050089180556777,
            0.027992936595585362,
            0.020539525794917378,
            0.03715975992644509
        ],
        "mono_mass": [
            99.9257,
            115.0084,
            116.9284,
            117.9287,
            282.1104,
            466.1554,
            527.2429
        ],
        "abs_mass_diff": [
            0.0,
            0.0,
            0.0,
            0.0,
            0.0,
            0.0,
            0.0
        ],
        "mass_diff": [
            0.0,
            0.0,
            0.0,
            0.0,
            0.0,
            0.0,
            0.0
        ],
        "formula": [
            "C23H24N6O5S2",
            "C23H24N6O5S2",
            "C23H24N6O5S2",
            "C23H24N6O5S2",
            "C23H24N6O5S2",
            "C23H24N6O5S2",
            "C23H24N6O5S2"
        ],
        "ions": [
            "[M-H]-",
            "[M-H]-",
            "[M-H]-",
            "[M-H]-",
            "[M-H]-",
            "[M-H]-",
            "[M-H]-"
        ]
    }
}