{
    "cand_form": "C21H28O5",
    "cand_ion": "[M+H]+",
    "output_tbl": {
        "mz": [
            147.0804,
            171.0806,
            173.096,
            223.1116,
            225.1081,
            265.1588,
            267.1737,
            279.1741,
            289.1589,
            307.1694,
            325.18,
            326.1831,
            343.1907,
            344.1938,
            361.2011,
            362.3248
        ],
        "ms2_inten": [
            0.23053812548732303,
            0.05989096622379915,
            0.08111292704709015,
            0.05586183873571682,
            0.07807102591318764,
            0.0823419135526959,
            0.0633751696644717,
            0.12696499796423472,
            0.1528308858308652,
            0.35294307170936356,
            0.4436397753948697,
            0.06586568731145208,
            1.0,
            0.1494831640960181,
            0.12033104940054318,
            0.05764508682528549
        ],
        "mono_mass": [
            147.0804,
            171.0806,
            173.096,
            223.1116,
            225.1081,
            265.1588,
            267.1737,
            279.1741,
            289.1589,
            307.1694,
            325.18,
            326.1831,
            343.1907,
            344.1938,
            361.2011,
            362.3248
        ],
        "abs_mass_diff": [
            0.0,
            0.0,
            0.0,
            0.0,
            0.0,
            0.0,
            0.0,
            0.0,
            0.0,
            0.0,
            0.0,
            0.0,
            0.0,
            0.0,
            0.0,
            0.0
        ],
        "mass_diff": [
            0.0,
            0.0,
            0.0,
            0.0,
            0.0,
            0.0,
            0.0,
            0.0,
            0.0,
            0.0,
            0.0,
            0.0,
            0.0,
            0.0,
            0.0,
            0.0
        ],
        "formula": [
            "C21H28O5",
            "C21H28O5",
            "C21H28O5",
            "C21H28O5",
            "C21H28O5",
            "C21H28O5",
            "C21H28O5",
            "C21H28O5",
            "C21H28O5",
            "C21H28O5",
            "C21H28O5",
            "C21H28O5",
            "C21H28O5",
            "C21H28O5",
            "C21H28O5",
            "C21H28O5"
        ],
        "ions": [
            "[M+H]+",
            "[M+H]+",
            "[M+H]+",
            "[M+H]+",
            "[M+H]+",
            "[M+H]+",
            "[M+H]+",
            "[M+H]+",
            "[M+H]+",
            "[M+H]+",
            "[M+H]+",
            "[M+H]+",
            "[M+H]+",
            "[M+H]+",
            "[M+H]+",
            "[M+H]+"
        ]
    }
}