{
    "cand_form": "C21H28O5",
    "cand_ion": "[M+H]+",
    "output_tbl": {
        "mz": [
            81.0701,
            93.0701,
            105.0702,
            107.0853,
            109.1011,
            119.0857,
            121.0648,
            135.0804,
            147.0804,
            159.0804,
            161.0965,
            171.0804,
            173.096,
            197.0968,
            211.1127,
            223.1113,
            237.1273,
            239.1436,
            249.1268,
            251.1431,
            265.1596,
            266.1649
        ],
        "ms2_inten": [
            0.08970543919350242,
            0.08427532277518514,
            0.08305169412866188,
            0.13733181671508676,
            0.07438304648490592,
            0.08261782207801839,
            0.4643573612997307,
            0.20095321952770792,
            1.0,
            0.12281927767958485,
            0.09418521812565307,
            0.532058627009775,
            0.46714625274444876,
            0.08636552115840472,
            0.09586754388469391,
            0.20312664696104432,
            0.15515528996480318,
            0.09412683209405547,
            0.08617917068671059,
            0.1430737682325041,
            0.09290972530103866,
            0.1295785521521129
        ],
        "mono_mass": [
            81.0701,
            93.0701,
            105.0702,
            107.0853,
            109.1011,
            119.0857,
            121.0648,
            135.0804,
            147.0804,
            159.0804,
            161.0965,
            171.0804,
            173.096,
            197.0968,
            211.1127,
            223.1113,
            237.1273,
            239.1436,
            249.1268,
            251.1431,
            265.1596,
            266.1649
        ],
        "abs_mass_diff": [
            0.0,
            0.0,
            0.0,
            0.0,
            0.0,
            0.0,
            0.0,
            0.0,
            0.0,
            0.0,
            0.0,
            0.0,
            0.0,
            0.0,
            0.0,
            0.0,
            0.0,
            0.0,
            0.0,
            0.0,
            0.0,
            0.0
        ],
        "mass_diff": [
            0.0,
            0.0,
            0.0,
            0.0,
            0.0,
            0.0,
            0.0,
            0.0,
            0.0,
            0.0,
            0.0,
            0.0,
            0.0,
            0.0,
            0.0,
            0.0,
            0.0,
            0.0,
            0.0,
            0.0,
            0.0,
            0.0
        ],
        "formula": [
            "C21H28O5",
            "C21H28O5",
            "C21H28O5",
            "C21H28O5",
            "C21H28O5",
            "C21H28O5",
            "C21H28O5",
            "C21H28O5",
            "C21H28O5",
            "C21H28O5",
            "C21H28O5",
            "C21H28O5",
            "C21H28O5",
            "C21H28O5",
            "C21H28O5",
            "C21H28O5",
            "C21H28O5",
            "C21H28O5",
            "C21H28O5",
            "C21H28O5",
            "C21H28O5",
            "C21H28O5"
        ],
        "ions": [
            "[M+H]+",
            "[M+H]+",
            "[M+H]+",
            "[M+H]+",
            "[M+H]+",
            "[M+H]+",
            "[M+H]+",
            "[M+H]+",
            "[M+H]+",
            "[M+H]+",
            "[M+H]+",
            "[M+H]+",
            "[M+H]+",
            "[M+H]+",
            "[M+H]+",
            "[M+H]+",
            "[M+H]+",
            "[M+H]+",
            "[M+H]+",
            "[M+H]+",
            "[M+H]+",
            "[M+H]+"
        ]
    }
}