{
    "cand_form": "C25H27N9O8S2",
    "cand_ion": "[M-H]-",
    "output_tbl": {
        "mz": [
            115.0086,
            116.9287,
            188.0357,
            229.0259,
            299.0508,
            369.0778,
            412.0804
        ],
        "ms2_inten": [
            1.0,
            0.025963708156936143,
            0.5871027177977766,
            0.16904364618470055,
            0.05620503360304204,
            0.060270665359203855,
            0.03336426672204922
        ],
        "mono_mass": [
            115.0086,
            116.9287,
            188.0357,
            229.0259,
            299.0508,
            369.0778,
            412.0804
        ],
        "abs_mass_diff": [
            0.0,
            0.0,
            0.0,
            0.0,
            0.0,
            0.0,
            0.0
        ],
        "mass_diff": [
            0.0,
            0.0,
            0.0,
            0.0,
            0.0,
            0.0,
            0.0
        ],
        "formula": [
            "C25H27N9O8S2",
            "C25H27N9O8S2",
            "C25H27N9O8S2",
            "C25H27N9O8S2",
            "C25H27N9O8S2",
            "C25H27N9O8S2",
            "C25H27N9O8S2"
        ],
        "ions": [
            "[M-H]-",
            "[M-H]-",
            "[M-H]-",
            "[M-H]-",
            "[M-H]-",
            "[M-H]-",
            "[M-H]-"
        ]
    }
}