{
    "cand_form": "C25H27N9O8S2",
    "cand_ion": "[M-H]-",
    "output_tbl": {
        "mz": [
            99.9255,
            115.0086,
            116.9288,
            117.0244,
            117.0349,
            118.0297,
            118.0388,
            128.9647,
            144.0457,
            188.0348,
            227.7104
        ],
        "ms2_inten": [
            0.03043368253448128,
            0.4567764246986012,
            0.038224739096379245,
            0.051208232212654636,
            1.0,
            0.0776691917206299,
            0.04252174792921245,
            0.054030683044796766,
            0.25827325613754354,
            0.054876562025364575,
            0.06926240459778901
        ],
        "mono_mass": [
            99.9255,
            115.0086,
            116.9288,
            117.0244,
            117.0349,
            118.0297,
            118.0388,
            128.9647,
            144.0457,
            188.0348,
            227.7104
        ],
        "abs_mass_diff": [
            0.0,
            0.0,
            0.0,
            0.0,
            0.0,
            0.0,
            0.0,
            0.0,
            0.0,
            0.0,
            0.0
        ],
        "mass_diff": [
            0.0,
            0.0,
            0.0,
            0.0,
            0.0,
            0.0,
            0.0,
            0.0,
            0.0,
            0.0,
            0.0
        ],
        "formula": [
            "C25H27N9O8S2",
            "C25H27N9O8S2",
            "C25H27N9O8S2",
            "C25H27N9O8S2",
            "C25H27N9O8S2",
            "C25H27N9O8S2",
            "C25H27N9O8S2",
            "C25H27N9O8S2",
            "C25H27N9O8S2",
            "C25H27N9O8S2",
            "C25H27N9O8S2"
        ],
        "ions": [
            "[M-H]-",
            "[M-H]-",
            "[M-H]-",
            "[M-H]-",
            "[M-H]-",
            "[M-H]-",
            "[M-H]-",
            "[M-H]-",
            "[M-H]-",
            "[M-H]-",
            "[M-H]-"
        ]
    }
}