{
    "cand_form": "C25H27N9O8S2",
    "cand_ion": "[M-H]-",
    "output_tbl": {
        "mz": [
            0.0,
            89.0397,
            99.9256,
            117.0346,
            227.7034,
            227.7295
        ],
        "ms2_inten": [
            0.07856229050994037,
            0.1348489112913543,
            0.12209413299900213,
            1.0,
            0.11005142901005553,
            0.15376531996008494
        ],
        "mono_mass": [
            0.0,
            89.0397,
            99.9256,
            117.0346,
            227.7034,
            227.7295
        ],
        "abs_mass_diff": [
            0.0,
            0.0,
            0.0,
            0.0,
            0.0,
            0.0
        ],
        "mass_diff": [
            0.0,
            0.0,
            0.0,
            0.0,
            0.0,
            0.0
        ],
        "formula": [
            "C25H27N9O8S2",
            "C25H27N9O8S2",
            "C25H27N9O8S2",
            "C25H27N9O8S2",
            "C25H27N9O8S2",
            "C25H27N9O8S2"
        ],
        "ions": [
            "[M-H]-",
            "[M-H]-",
            "[M-H]-",
            "[M-H]-",
            "[M-H]-",
            "[M-H]-"
        ]
    }
}