{
    "cand_form": "C12H12N2O3",
    "cand_ion": "[M+H]+",
    "output_tbl": {
        "mz": [
            104.0494,
            131.0603,
            132.0636,
            143.0605,
            159.0552,
            160.0587,
            187.0501,
            188.0538,
            205.0607,
            206.0634,
            219.0761
        ],
        "ms2_inten": [
            0.4117926667549421,
            0.6394113730312452,
            0.02934323225214837,
            0.05359526595009413,
            1.0,
            0.058331512925260884,
            0.7794953917534896,
            0.03890324212968911,
            0.3832230581241355,
            0.019600242822876656,
            0.08828139298629165
        ],
        "mono_mass": [
            104.0494,
            131.0603,
            132.0636,
            143.0605,
            159.0552,
            160.0587,
            187.0501,
            188.0538,
            205.0607,
            206.0634,
            219.0761
        ],
        "abs_mass_diff": [
            0.0,
            0.0,
            0.0,
            0.0,
            0.0,
            0.0,
            0.0,
            0.0,
            0.0,
            0.0,
            0.0
        ],
        "mass_diff": [
            0.0,
            0.0,
            0.0,
            0.0,
            0.0,
            0.0,
            0.0,
            0.0,
            0.0,
            0.0,
            0.0
        ],
        "formula": [
            "C12H12N2O3",
            "C12H12N2O3",
            "C12H12N2O3",
            "C12H12N2O3",
            "C12H12N2O3",
            "C12H12N2O3",
            "C12H12N2O3",
            "C12H12N2O3",
            "C12H12N2O3",
            "C12H12N2O3",
            "C12H12N2O3"
        ],
        "ions": [
            "[M+H]+",
            "[M+H]+",
            "[M+H]+",
            "[M+H]+",
            "[M+H]+",
            "[M+H]+",
            "[M+H]+",
            "[M+H]+",
            "[M+H]+",
            "[M+H]+",
            "[M+H]+"
        ]
    }
}