{
    "cand_form": "C12H12N2O3",
    "cand_ion": "[M+H]+",
    "output_tbl": {
        "mz": [
            53.0385,
            77.0385,
            95.0491,
            96.0444,
            104.0494,
            105.0447,
            105.0531,
            131.0603,
            132.0638,
            143.0603,
            159.0552,
            160.0589,
            187.05,
            188.0536,
            205.0607,
            219.0766
        ],
        "ms2_inten": [
            0.03899874357978025,
            0.05088604924873185,
            0.03484846410980125,
            0.02209094769827838,
            0.919719278033545,
            0.03057219178025912,
            0.045919052308208606,
            0.9069828464745525,
            0.03144873814152734,
            0.05712987391253862,
            1.0,
            0.0439085269643283,
            0.3925247970277515,
            0.03027935483508255,
            0.22967739483683836,
            0.04795010894885599
        ],
        "mono_mass": [
            53.0385,
            77.0385,
            95.0491,
            96.0444,
            104.0494,
            105.0447,
            105.0531,
            131.0603,
            132.0638,
            143.0603,
            159.0552,
            160.0589,
            187.05,
            188.0536,
            205.0607,
            219.0766
        ],
        "abs_mass_diff": [
            0.0,
            0.0,
            0.0,
            0.0,
            0.0,
            0.0,
            0.0,
            0.0,
            0.0,
            0.0,
            0.0,
            0.0,
            0.0,
            0.0,
            0.0,
            0.0
        ],
        "mass_diff": [
            0.0,
            0.0,
            0.0,
            0.0,
            0.0,
            0.0,
            0.0,
            0.0,
            0.0,
            0.0,
            0.0,
            0.0,
            0.0,
            0.0,
            0.0,
            0.0
        ],
        "formula": [
            "C12H12N2O3",
            "C12H12N2O3",
            "C12H12N2O3",
            "C12H12N2O3",
            "C12H12N2O3",
            "C12H12N2O3",
            "C12H12N2O3",
            "C12H12N2O3",
            "C12H12N2O3",
            "C12H12N2O3",
            "C12H12N2O3",
            "C12H12N2O3",
            "C12H12N2O3",
            "C12H12N2O3",
            "C12H12N2O3",
            "C12H12N2O3"
        ],
        "ions": [
            "[M+H]+",
            "[M+H]+",
            "[M+H]+",
            "[M+H]+",
            "[M+H]+",
            "[M+H]+",
            "[M+H]+",
            "[M+H]+",
            "[M+H]+",
            "[M+H]+",
            "[M+H]+",
            "[M+H]+",
            "[M+H]+",
            "[M+H]+",
            "[M+H]+",
            "[M+H]+"
        ]
    }
}