{
    "cand_form": "C15H13N3O2S",
    "cand_ion": "[M+H]+",
    "output_tbl": {
        "mz": [
            58.3886,
            61.0106,
            62.9899,
            72.9373,
            75.0263,
            77.0056,
            79.0212,
            88.9514,
            93.0369,
            95.0161,
            151.0212,
            169.0318,
            227.7364,
            246.9123,
            259.4608
        ],
        "ms2_inten": [
            0.11550631897187176,
            1.0,
            0.3465950730180435,
            0.28162023139295134,
            0.7167730511607038,
            0.1841758629162349,
            0.2710975140748021,
            0.15424914803380088,
            0.45287425085730765,
            0.16769739442563056,
            0.28346624718236885,
            0.2112379416069311,
            0.22748966423451236,
            0.12584528934801884,
            0.11464126614462593
        ],
        "mono_mass": [
            58.3886,
            61.0106,
            62.9899,
            72.9373,
            75.0263,
            77.0056,
            79.0212,
            88.9514,
            93.0369,
            95.0161,
            151.0212,
            169.0318,
            227.7364,
            246.9123,
            259.4608
        ],
        "abs_mass_diff": [
            0.0,
            0.0,
            0.0,
            0.0,
            0.0,
            0.0,
            0.0,
            0.0,
            0.0,
            0.0,
            0.0,
            0.0,
            0.0,
            0.0,
            0.0
        ],
        "mass_diff": [
            0.0,
            0.0,
            0.0,
            0.0,
            0.0,
            0.0,
            0.0,
            0.0,
            0.0,
            0.0,
            0.0,
            0.0,
            0.0,
            0.0,
            0.0
        ],
        "formula": [
            "C15H13N3O2S",
            "C15H13N3O2S",
            "C15H13N3O2S",
            "C15H13N3O2S",
            "C15H13N3O2S",
            "C15H13N3O2S",
            "C15H13N3O2S",
            "C15H13N3O2S",
            "C15H13N3O2S",
            "C15H13N3O2S",
            "C15H13N3O2S",
            "C15H13N3O2S",
            "C15H13N3O2S",
            "C15H13N3O2S",
            "C15H13N3O2S"
        ],
        "ions": [
            "[M+H]+",
            "[M+H]+",
            "[M+H]+",
            "[M+H]+",
            "[M+H]+",
            "[M+H]+",
            "[M+H]+",
            "[M+H]+",
            "[M+H]+",
            "[M+H]+",
            "[M+H]+",
            "[M+H]+",
            "[M+H]+",
            "[M+H]+",
            "[M+H]+"
        ]
    }
}