{
    "cand_form": "C12H12N2O3",
    "cand_ion": "[M+H]+",
    "output_tbl": {
        "mz": [
            159.0553,
            187.0502,
            188.0535,
            205.0608,
            206.0637,
            215.0815,
            216.0893,
            219.0764,
            233.0921,
            234.0952,
            247.1078
        ],
        "ms2_inten": [
            0.07356132124326377,
            1.0,
            0.06422633696096182,
            0.5051114437631965,
            0.027988515418168054,
            0.33714490555333054,
            0.027824695523034057,
            0.1089218810860273,
            0.6551347304972002,
            0.058794159206538146,
            0.08688203060320512
        ],
        "mono_mass": [
            159.0553,
            187.0502,
            188.0535,
            205.0608,
            206.0637,
            215.0815,
            216.0893,
            219.0764,
            233.0921,
            234.0952,
            247.1078
        ],
        "abs_mass_diff": [
            0.0,
            0.0,
            0.0,
            0.0,
            0.0,
            0.0,
            0.0,
            0.0,
            0.0,
            0.0,
            0.0
        ],
        "mass_diff": [
            0.0,
            0.0,
            0.0,
            0.0,
            0.0,
            0.0,
            0.0,
            0.0,
            0.0,
            0.0,
            0.0
        ],
        "formula": [
            "C12H12N2O3",
            "C12H12N2O3",
            "C12H12N2O3",
            "C12H12N2O3",
            "C12H12N2O3",
            "C12H12N2O3",
            "C12H12N2O3",
            "C12H12N2O3",
            "C12H12N2O3",
            "C12H12N2O3",
            "C12H12N2O3"
        ],
        "ions": [
            "[M+H]+",
            "[M+H]+",
            "[M+H]+",
            "[M+H]+",
            "[M+H]+",
            "[M+H]+",
            "[M+H]+",
            "[M+H]+",
            "[M+H]+",
            "[M+H]+",
            "[M+H]+"
        ]
    }
}