{
    "cand_form": "C16H17N5O7S2",
    "cand_ion": "[M+H]+",
    "output_tbl": {
        "mz": [
            97.9933,
            99.0011,
            125.0042,
            126.012,
            140.9991,
            150.9671,
            178.962
        ],
        "ms2_inten": [
            0.0706821490947005,
            0.06299792397277275,
            1.0,
            0.29049877086518316,
            0.07249675663619763,
            0.06885978694757905,
            0.12462446085358762
        ],
        "mono_mass": [
            97.9933,
            99.0011,
            125.0042,
            126.012,
            140.9991,
            150.9671,
            178.962
        ],
        "abs_mass_diff": [
            0.0,
            0.0,
            0.0,
            0.0,
            0.0,
            0.0,
            0.0
        ],
        "mass_diff": [
            0.0,
            0.0,
            0.0,
            0.0,
            0.0,
            0.0,
            0.0
        ],
        "formula": [
            "C16H17N5O7S2",
            "C16H17N5O7S2",
            "C16H17N5O7S2",
            "C16H17N5O7S2",
            "C16H17N5O7S2",
            "C16H17N5O7S2",
            "C16H17N5O7S2"
        ],
        "ions": [
            "[M+H]+",
            "[M+H]+",
            "[M+H]+",
            "[M+H]+",
            "[M+H]+",
            "[M+H]+",
            "[M+H]+"
        ]
    }
}