{
    "cand_form": "C18H29NO3",
    "cand_ion": "[M+H]+",
    "output_tbl": {
        "mz": [
            0.0,
            55.0542,
            56.0495,
            56.0527,
            58.0651,
            59.9302,
            65.0386,
            67.0542,
            68.0495,
            70.0651,
            72.0808,
            74.06,
            77.0386,
            79.0542,
            90.0338,
            91.0542,
            95.0491,
            100.9969,
            103.0542,
            105.0449,
            105.0699,
            115.0542,
            128.0078,
            128.0621,
            227.7493
        ],
        "ms2_inten": [
            0.07450208575495432,
            1.0,
            0.7690520778078884,
            0.0631411694987633,
            0.20028535785144333,
            0.06079277101299239,
            0.10368519955826393,
            0.052343250201180816,
            0.10048192068283193,
            0.07472039069808825,
            0.10205513039448529,
            0.108289415789752,
            0.16488718186142232,
            0.19568681283473977,
            0.09438065105251117,
            0.485617872958602,
            0.2947315593086067,
            0.08934078241257601,
            0.18953965792116245,
            0.13953861942598764,
            0.11693161059995708,
            0.14445276386284261,
            0.05235194115370774,
            0.08813922139965874,
            0.05389333314085574
        ],
        "mono_mass": [
            0.0,
            55.0542,
            56.0495,
            56.0527,
            58.0651,
            59.9302,
            65.0386,
            67.0542,
            68.0495,
            70.0651,
            72.0808,
            74.06,
            77.0386,
            79.0542,
            90.0338,
            91.0542,
            95.0491,
            100.9969,
            103.0542,
            105.0449,
            105.0699,
            115.0542,
            128.0078,
            128.0621,
            227.7493
        ],
        "abs_mass_diff": [
            0.0,
            0.0,
            0.0,
            0.0,
            0.0,
            0.0,
            0.0,
            0.0,
            0.0,
            0.0,
            0.0,
            0.0,
            0.0,
            0.0,
            0.0,
            0.0,
            0.0,
            0.0,
            0.0,
            0.0,
            0.0,
            0.0,
            0.0,
            0.0,
            0.0
        ],
        "mass_diff": [
            0.0,
            0.0,
            0.0,
            0.0,
            0.0,
            0.0,
            0.0,
            0.0,
            0.0,
            0.0,
            0.0,
            0.0,
            0.0,
            0.0,
            0.0,
            0.0,
            0.0,
            0.0,
            0.0,
            0.0,
            0.0,
            0.0,
            0.0,
            0.0,
            0.0
        ],
        "formula": [
            "C18H29NO3",
            "C18H29NO3",
            "C18H29NO3",
            "C18H29NO3",
            "C18H29NO3",
            "C18H29NO3",
            "C18H29NO3",
            "C18H29NO3",
            "C18H29NO3",
            "C18H29NO3",
            "C18H29NO3",
            "C18H29NO3",
            "C18H29NO3",
            "C18H29NO3",
            "C18H29NO3",
            "C18H29NO3",
            "C18H29NO3",
            "C18H29NO3",
            "C18H29NO3",
            "C18H29NO3",
            "C18H29NO3",
            "C18H29NO3",
            "C18H29NO3",
            "C18H29NO3",
            "C18H29NO3"
        ],
        "ions": [
            "[M+H]+",
            "[M+H]+",
            "[M+H]+",
            "[M+H]+",
            "[M+H]+",
            "[M+H]+",
            "[M+H]+",
            "[M+H]+",
            "[M+H]+",
            "[M+H]+",
            "[M+H]+",
            "[M+H]+",
            "[M+H]+",
            "[M+H]+",
            "[M+H]+",
            "[M+H]+",
            "[M+H]+",
            "[M+H]+",
            "[M+H]+",
            "[M+H]+",
            "[M+H]+",
            "[M+H]+",
            "[M+H]+",
            "[M+H]+",
            "[M+H]+"
        ]
    }
}