{
    "cand_form": "C21H28N6O3S2",
    "cand_ion": "[M+H]+",
    "output_tbl": {
        "mz": [
            56.0496,
            85.076,
            86.0841,
            298.0894,
            299.0961,
            300.0989,
            315.0912,
            327.1275,
            328.1311,
            329.1433,
            343.123,
            359.1542,
            393.1049,
            477.1737,
            478.1768
        ],
        "ms2_inten": [
            0.031203974629762137,
            0.5149963586338031,
            0.12618854857122924,
            0.07083129497114939,
            0.6068343342418407,
            0.07259470320685243,
            0.10370315556461802,
            1.0,
            0.1514604847744381,
            0.11787252401287553,
            0.03594134766817596,
            0.03805546494245451,
            0.14206671514438735,
            0.7867286910171005,
            0.1527833610675176
        ],
        "mono_mass": [
            56.0496,
            85.076,
            86.0841,
            298.0894,
            299.0961,
            300.0989,
            315.0912,
            327.1275,
            328.1311,
            329.1433,
            343.123,
            359.1542,
            393.1049,
            477.1737,
            478.1768
        ],
        "abs_mass_diff": [
            0.0,
            0.0,
            0.0,
            0.0,
            0.0,
            0.0,
            0.0,
            0.0,
            0.0,
            0.0,
            0.0,
            0.0,
            0.0,
            0.0,
            0.0
        ],
        "mass_diff": [
            0.0,
            0.0,
            0.0,
            0.0,
            0.0,
            0.0,
            0.0,
            0.0,
            0.0,
            0.0,
            0.0,
            0.0,
            0.0,
            0.0,
            0.0
        ],
        "formula": [
            "C21H28N6O3S2",
            "C21H28N6O3S2",
            "C21H28N6O3S2",
            "C21H28N6O3S2",
            "C21H28N6O3S2",
            "C21H28N6O3S2",
            "C21H28N6O3S2",
            "C21H28N6O3S2",
            "C21H28N6O3S2",
            "C21H28N6O3S2",
            "C21H28N6O3S2",
            "C21H28N6O3S2",
            "C21H28N6O3S2",
            "C21H28N6O3S2",
            "C21H28N6O3S2"
        ],
        "ions": [
            "[M+H]+",
            "[M+H]+",
            "[M+H]+",
            "[M+H]+",
            "[M+H]+",
            "[M+H]+",
            "[M+H]+",
            "[M+H]+",
            "[M+H]+",
            "[M+H]+",
            "[M+H]+",
            "[M+H]+",
            "[M+H]+",
            "[M+H]+",
            "[M+H]+"
        ]
    }
}