{
    "cand_form": "C41H76N2O15",
    "cand_ion": "[M+H]+",
    "output_tbl": {
        "mz": [
            116.1069,
            158.1176,
            522.3316,
            540.3529,
            558.3642,
            603.3859,
            661.4271,
            679.4373,
            680.4405,
            837.5338,
            838.5339
        ],
        "ms2_inten": [
            0.10324754214912638,
            0.5200068854184181,
            0.08160908133176735,
            0.03175365081650533,
            0.07307440236464172,
            0.03405323764327738,
            0.03982422392508696,
            1.0,
            0.16671919677561456,
            0.09907082101348084,
            0.022946703309976745
        ],
        "mono_mass": [
            116.1069,
            158.1176,
            522.3316,
            540.3529,
            558.3642,
            603.3859,
            661.4271,
            679.4373,
            680.4405,
            837.5338,
            838.5339
        ],
        "abs_mass_diff": [
            0.0,
            0.0,
            0.0,
            0.0,
            0.0,
            0.0,
            0.0,
            0.0,
            0.0,
            0.0,
            0.0
        ],
        "mass_diff": [
            0.0,
            0.0,
            0.0,
            0.0,
            0.0,
            0.0,
            0.0,
            0.0,
            0.0,
            0.0,
            0.0
        ],
        "formula": [
            "C41H76N2O15",
            "C41H76N2O15",
            "C41H76N2O15",
            "C41H76N2O15",
            "C41H76N2O15",
            "C41H76N2O15",
            "C41H76N2O15",
            "C41H76N2O15",
            "C41H76N2O15",
            "C41H76N2O15",
            "C41H76N2O15"
        ],
        "ions": [
            "[M+H]+",
            "[M+H]+",
            "[M+H]+",
            "[M+H]+",
            "[M+H]+",
            "[M+H]+",
            "[M+H]+",
            "[M+H]+",
            "[M+H]+",
            "[M+H]+",
            "[M+H]+"
        ]
    }
}