{
    "cand_form": "C41H76N2O15",
    "cand_ion": "[M+H]+",
    "output_tbl": {
        "mz": [
            88.0757,
            98.0604,
            98.0965,
            99.1046,
            100.0759,
            109.065,
            109.1016,
            113.0597,
            114.0913,
            116.0707,
            116.107,
            158.1176,
            227.7412
        ],
        "ms2_inten": [
            0.36011136259076965,
            0.03401549505145058,
            1.0,
            0.03841145298473475,
            0.06613547905333705,
            0.043398391403557036,
            0.03258283439409457,
            0.0931222158774341,
            0.0788478990916678,
            0.7294604798046935,
            0.6310889582962471,
            0.36225591895522147,
            0.04644100048318002
        ],
        "mono_mass": [
            88.0757,
            98.0604,
            98.0965,
            99.1046,
            100.0759,
            109.065,
            109.1016,
            113.0597,
            114.0913,
            116.0707,
            116.107,
            158.1176,
            227.7412
        ],
        "abs_mass_diff": [
            0.0,
            0.0,
            0.0,
            0.0,
            0.0,
            0.0,
            0.0,
            0.0,
            0.0,
            0.0,
            0.0,
            0.0,
            0.0
        ],
        "mass_diff": [
            0.0,
            0.0,
            0.0,
            0.0,
            0.0,
            0.0,
            0.0,
            0.0,
            0.0,
            0.0,
            0.0,
            0.0,
            0.0
        ],
        "formula": [
            "C41H76N2O15",
            "C41H76N2O15",
            "C41H76N2O15",
            "C41H76N2O15",
            "C41H76N2O15",
            "C41H76N2O15",
            "C41H76N2O15",
            "C41H76N2O15",
            "C41H76N2O15",
            "C41H76N2O15",
            "C41H76N2O15",
            "C41H76N2O15",
            "C41H76N2O15"
        ],
        "ions": [
            "[M+H]+",
            "[M+H]+",
            "[M+H]+",
            "[M+H]+",
            "[M+H]+",
            "[M+H]+",
            "[M+H]+",
            "[M+H]+",
            "[M+H]+",
            "[M+H]+",
            "[M+H]+",
            "[M+H]+",
            "[M+H]+"
        ]
    }
}