{
    "cand_form": "C38H69NO13",
    "cand_ion": "[M+H]+",
    "output_tbl": {
        "mz": [
            83.0491,
            116.107,
            127.0753,
            158.1175,
            159.1208,
            316.2112,
            558.3636,
            559.3657,
            590.3898,
            591.3927,
            748.4842,
            749.4905
        ],
        "ms2_inten": [
            0.14565383695134518,
            0.12088977494496113,
            0.05254832854656781,
            1.0,
            0.032443710089899304,
            0.021631612717911808,
            0.19775438961663624,
            0.030631018763581718,
            0.5977888114329655,
            0.08167516458919813,
            0.17721499905155413,
            0.03195797769543654
        ],
        "mono_mass": [
            83.0491,
            116.107,
            127.0753,
            158.1175,
            159.1208,
            316.2112,
            558.3636,
            559.3657,
            590.3898,
            591.3927,
            748.4842,
            749.4905
        ],
        "abs_mass_diff": [
            0.0,
            0.0,
            0.0,
            0.0,
            0.0,
            0.0,
            0.0,
            0.0,
            0.0,
            0.0,
            0.0,
            0.0
        ],
        "mass_diff": [
            0.0,
            0.0,
            0.0,
            0.0,
            0.0,
            0.0,
            0.0,
            0.0,
            0.0,
            0.0,
            0.0,
            0.0
        ],
        "formula": [
            "C38H69NO13",
            "C38H69NO13",
            "C38H69NO13",
            "C38H69NO13",
            "C38H69NO13",
            "C38H69NO13",
            "C38H69NO13",
            "C38H69NO13",
            "C38H69NO13",
            "C38H69NO13",
            "C38H69NO13",
            "C38H69NO13"
        ],
        "ions": [
            "[M+H]+",
            "[M+H]+",
            "[M+H]+",
            "[M+H]+",
            "[M+H]+",
            "[M+H]+",
            "[M+H]+",
            "[M+H]+",
            "[M+H]+",
            "[M+H]+",
            "[M+H]+",
            "[M+H]+"
        ]
    }
}