{
    "cand_form": "C38H69NO13",
    "cand_ion": "[M+H]+",
    "output_tbl": {
        "mz": [
            81.0699,
            83.0491,
            84.0526,
            84.0808,
            87.0441,
            88.0757,
            98.0964,
            113.0597,
            116.0706,
            116.107,
            158.1176
        ],
        "ms2_inten": [
            0.035459492581874315,
            1.0,
            0.031914373585402195,
            0.041345742706939054,
            0.05244903822062513,
            0.10108446893517989,
            0.2852018355720272,
            0.024552927713001015,
            0.23903087648732452,
            0.12969107065085791,
            0.13648577751172036
        ],
        "mono_mass": [
            81.0699,
            83.0491,
            84.0526,
            84.0808,
            87.0441,
            88.0757,
            98.0964,
            113.0597,
            116.0706,
            116.107,
            158.1176
        ],
        "abs_mass_diff": [
            0.0,
            0.0,
            0.0,
            0.0,
            0.0,
            0.0,
            0.0,
            0.0,
            0.0,
            0.0,
            0.0
        ],
        "mass_diff": [
            0.0,
            0.0,
            0.0,
            0.0,
            0.0,
            0.0,
            0.0,
            0.0,
            0.0,
            0.0,
            0.0
        ],
        "formula": [
            "C38H69NO13",
            "C38H69NO13",
            "C38H69NO13",
            "C38H69NO13",
            "C38H69NO13",
            "C38H69NO13",
            "C38H69NO13",
            "C38H69NO13",
            "C38H69NO13",
            "C38H69NO13",
            "C38H69NO13"
        ],
        "ions": [
            "[M+H]+",
            "[M+H]+",
            "[M+H]+",
            "[M+H]+",
            "[M+H]+",
            "[M+H]+",
            "[M+H]+",
            "[M+H]+",
            "[M+H]+",
            "[M+H]+",
            "[M+H]+"
        ]
    }
}