{
    "cand_form": "C38H69NO13",
    "cand_ion": "[M+H]+",
    "output_tbl": {
        "mz": [
            0.0,
            81.0699,
            83.0491,
            84.0808,
            87.0441,
            88.0757,
            98.0964,
            116.0706,
            116.107,
            227.7548
        ],
        "ms2_inten": [
            0.022870266652979195,
            0.04526701874421804,
            1.0,
            0.14506913382126993,
            0.032348387072981426,
            0.07566588580368612,
            0.2520490398396099,
            0.031234689408666177,
            0.031073055426882847,
            0.030234945383724992
        ],
        "mono_mass": [
            0.0,
            81.0699,
            83.0491,
            84.0808,
            87.0441,
            88.0757,
            98.0964,
            116.0706,
            116.107,
            227.7548
        ],
        "abs_mass_diff": [
            0.0,
            0.0,
            0.0,
            0.0,
            0.0,
            0.0,
            0.0,
            0.0,
            0.0,
            0.0
        ],
        "mass_diff": [
            0.0,
            0.0,
            0.0,
            0.0,
            0.0,
            0.0,
            0.0,
            0.0,
            0.0,
            0.0
        ],
        "formula": [
            "C38H69NO13",
            "C38H69NO13",
            "C38H69NO13",
            "C38H69NO13",
            "C38H69NO13",
            "C38H69NO13",
            "C38H69NO13",
            "C38H69NO13",
            "C38H69NO13",
            "C38H69NO13"
        ],
        "ions": [
            "[M+H]+",
            "[M+H]+",
            "[M+H]+",
            "[M+H]+",
            "[M+H]+",
            "[M+H]+",
            "[M+H]+",
            "[M+H]+",
            "[M+H]+",
            "[M+H]+"
        ]
    }
}