{
    "cand_form": "C12H10N2O5",
    "cand_ion": "[M+H]+",
    "output_tbl": {
        "mz": [
            131.0604,
            148.0393,
            158.06,
            161.0346,
            189.0295,
            190.033,
            207.04,
            216.0291,
            216.0655,
            217.0608,
            218.0686,
            221.0557,
            234.0397,
            235.0426,
            235.0713,
            244.059,
            245.0615,
            249.0852,
            262.0673,
            263.0662,
            276.0827,
            277.0832
        ],
        "ms2_inten": [
            0.037515918253391345,
            0.04482129485747225,
            0.04491132882626788,
            0.09427127860061763,
            0.782589160397583,
            0.04675347456807067,
            0.14897727244578604,
            0.08938117757479372,
            0.06477458107136388,
            0.9788391606972301,
            0.06749098202029434,
            0.06622007394331843,
            0.16119882976216568,
            0.03236907958235745,
            0.09424747703124983,
            0.5744603894885072,
            0.16477213115657952,
            0.1432625130036858,
            1.0,
            0.4087920537741113,
            0.1514488720923143,
            0.04201124899228677
        ],
        "mono_mass": [
            131.0604,
            148.0393,
            158.06,
            161.0346,
            189.0295,
            190.033,
            207.04,
            216.0291,
            216.0655,
            217.0608,
            218.0686,
            221.0557,
            234.0397,
            235.0426,
            235.0713,
            244.059,
            245.0615,
            249.0852,
            262.0673,
            263.0662,
            276.0827,
            277.0832
        ],
        "abs_mass_diff": [
            0.0,
            0.0,
            0.0,
            0.0,
            0.0,
            0.0,
            0.0,
            0.0,
            0.0,
            0.0,
            0.0,
            0.0,
            0.0,
            0.0,
            0.0,
            0.0,
            0.0,
            0.0,
            0.0,
            0.0,
            0.0,
            0.0
        ],
        "mass_diff": [
            0.0,
            0.0,
            0.0,
            0.0,
            0.0,
            0.0,
            0.0,
            0.0,
            0.0,
            0.0,
            0.0,
            0.0,
            0.0,
            0.0,
            0.0,
            0.0,
            0.0,
            0.0,
            0.0,
            0.0,
            0.0,
            0.0
        ],
        "formula": [
            "C12H10N2O5",
            "C12H10N2O5",
            "C12H10N2O5",
            "C12H10N2O5",
            "C12H10N2O5",
            "C12H10N2O5",
            "C12H10N2O5",
            "C12H10N2O5",
            "C12H10N2O5",
            "C12H10N2O5",
            "C12H10N2O5",
            "C12H10N2O5",
            "C12H10N2O5",
            "C12H10N2O5",
            "C12H10N2O5",
            "C12H10N2O5",
            "C12H10N2O5",
            "C12H10N2O5",
            "C12H10N2O5",
            "C12H10N2O5",
            "C12H10N2O5",
            "C12H10N2O5"
        ],
        "ions": [
            "[M+H]+",
            "[M+H]+",
            "[M+H]+",
            "[M+H]+",
            "[M+H]+",
            "[M+H]+",
            "[M+H]+",
            "[M+H]+",
            "[M+H]+",
            "[M+H]+",
            "[M+H]+",
            "[M+H]+",
            "[M+H]+",
            "[M+H]+",
            "[M+H]+",
            "[M+H]+",
            "[M+H]+",
            "[M+H]+",
            "[M+H]+",
            "[M+H]+",
            "[M+H]+",
            "[M+H]+"
        ]
    }
}