{
    "cand_form": "C18H29NO2",
    "cand_ion": "[M+H]+",
    "output_tbl": {
        "mz": [
            57.0701,
            74.0601,
            133.0651,
            168.1017,
            201.1277,
            236.1646,
            237.1676,
            292.2271,
            293.2309
        ],
        "ms2_inten": [
            0.015372154149450042,
            0.048277633268527534,
            0.020487534489520644,
            0.03870519790253002,
            0.05747384398265182,
            1.0,
            0.0810173602421646,
            0.655834065545179,
            0.07828684511597243
        ],
        "mono_mass": [
            57.0701,
            74.0601,
            133.0651,
            168.1017,
            201.1277,
            236.1646,
            237.1676,
            292.2271,
            293.2309
        ],
        "abs_mass_diff": [
            0.0,
            0.0,
            0.0,
            0.0,
            0.0,
            0.0,
            0.0,
            0.0,
            0.0
        ],
        "mass_diff": [
            0.0,
            0.0,
            0.0,
            0.0,
            0.0,
            0.0,
            0.0,
            0.0,
            0.0
        ],
        "formula": [
            "C18H29NO2",
            "C18H29NO2",
            "C18H29NO2",
            "C18H29NO2",
            "C18H29NO2",
            "C18H29NO2",
            "C18H29NO2",
            "C18H29NO2",
            "C18H29NO2"
        ],
        "ions": [
            "[M+H]+",
            "[M+H]+",
            "[M+H]+",
            "[M+H]+",
            "[M+H]+",
            "[M+H]+",
            "[M+H]+",
            "[M+H]+",
            "[M+H]+"
        ]
    }
}