{
    "cand_form": "C18H29NO2",
    "cand_ion": "[M+H]+",
    "output_tbl": {
        "mz": [
            56.0495,
            57.0699,
            74.0601,
            133.0648,
            150.0911,
            168.1018,
            189.1281,
            201.1273,
            236.1646,
            237.1679,
            292.2274
        ],
        "ms2_inten": [
            0.04346596337298046,
            0.0746196984495202,
            0.24572613875159469,
            0.14951936899323315,
            0.026200453045978834,
            0.15951259078701907,
            0.02128671117429733,
            0.19334556777638376,
            1.0,
            0.08483502504569113,
            0.09211301064927525
        ],
        "mono_mass": [
            56.0495,
            57.0699,
            74.0601,
            133.0648,
            150.0911,
            168.1018,
            189.1281,
            201.1273,
            236.1646,
            237.1679,
            292.2274
        ],
        "abs_mass_diff": [
            0.0,
            0.0,
            0.0,
            0.0,
            0.0,
            0.0,
            0.0,
            0.0,
            0.0,
            0.0,
            0.0
        ],
        "mass_diff": [
            0.0,
            0.0,
            0.0,
            0.0,
            0.0,
            0.0,
            0.0,
            0.0,
            0.0,
            0.0,
            0.0
        ],
        "formula": [
            "C18H29NO2",
            "C18H29NO2",
            "C18H29NO2",
            "C18H29NO2",
            "C18H29NO2",
            "C18H29NO2",
            "C18H29NO2",
            "C18H29NO2",
            "C18H29NO2",
            "C18H29NO2",
            "C18H29NO2"
        ],
        "ions": [
            "[M+H]+",
            "[M+H]+",
            "[M+H]+",
            "[M+H]+",
            "[M+H]+",
            "[M+H]+",
            "[M+H]+",
            "[M+H]+",
            "[M+H]+",
            "[M+H]+",
            "[M+H]+"
        ]
    }
}