{
    "cand_form": "C18H29NO2",
    "cand_ion": "[M+H]+",
    "output_tbl": {
        "mz": [
            56.0495,
            57.0699,
            58.0651,
            67.0542,
            69.0699,
            74.06,
            105.0699,
            107.0491,
            121.0648,
            133.0648,
            134.0684,
            135.0804,
            147.0804,
            150.0913,
            159.0804,
            161.0961,
            168.1019,
            175.1117,
            189.1274,
            201.1274,
            202.1352,
            227.7424,
            236.1645,
            237.1723
        ],
        "ms2_inten": [
            0.39245152357857355,
            0.3816806136316554,
            0.05530441004148257,
            0.03771632720970447,
            0.1174363155570437,
            1.0,
            0.08706742863590662,
            0.05110860010502938,
            0.06348525109638949,
            0.9130336689638185,
            0.039113376942515515,
            0.03649347116995751,
            0.030592763710712165,
            0.049475361818617156,
            0.05072845518418228,
            0.02875840356649017,
            0.4011771963800222,
            0.09198924955725585,
            0.05479669734690473,
            0.6581817554049433,
            0.03465666208043124,
            0.03297956391331967,
            0.8500275506346732,
            0.06776445376061417
        ],
        "mono_mass": [
            56.0495,
            57.0699,
            58.0651,
            67.0542,
            69.0699,
            74.06,
            105.0699,
            107.0491,
            121.0648,
            133.0648,
            134.0684,
            135.0804,
            147.0804,
            150.0913,
            159.0804,
            161.0961,
            168.1019,
            175.1117,
            189.1274,
            201.1274,
            202.1352,
            227.7424,
            236.1645,
            237.1723
        ],
        "abs_mass_diff": [
            0.0,
            0.0,
            0.0,
            0.0,
            0.0,
            0.0,
            0.0,
            0.0,
            0.0,
            0.0,
            0.0,
            0.0,
            0.0,
            0.0,
            0.0,
            0.0,
            0.0,
            0.0,
            0.0,
            0.0,
            0.0,
            0.0,
            0.0,
            0.0
        ],
        "mass_diff": [
            0.0,
            0.0,
            0.0,
            0.0,
            0.0,
            0.0,
            0.0,
            0.0,
            0.0,
            0.0,
            0.0,
            0.0,
            0.0,
            0.0,
            0.0,
            0.0,
            0.0,
            0.0,
            0.0,
            0.0,
            0.0,
            0.0,
            0.0,
            0.0
        ],
        "formula": [
            "C18H29NO2",
            "C18H29NO2",
            "C18H29NO2",
            "C18H29NO2",
            "C18H29NO2",
            "C18H29NO2",
            "C18H29NO2",
            "C18H29NO2",
            "C18H29NO2",
            "C18H29NO2",
            "C18H29NO2",
            "C18H29NO2",
            "C18H29NO2",
            "C18H29NO2",
            "C18H29NO2",
            "C18H29NO2",
            "C18H29NO2",
            "C18H29NO2",
            "C18H29NO2",
            "C18H29NO2",
            "C18H29NO2",
            "C18H29NO2",
            "C18H29NO2",
            "C18H29NO2"
        ],
        "ions": [
            "[M+H]+",
            "[M+H]+",
            "[M+H]+",
            "[M+H]+",
            "[M+H]+",
            "[M+H]+",
            "[M+H]+",
            "[M+H]+",
            "[M+H]+",
            "[M+H]+",
            "[M+H]+",
            "[M+H]+",
            "[M+H]+",
            "[M+H]+",
            "[M+H]+",
            "[M+H]+",
            "[M+H]+",
            "[M+H]+",
            "[M+H]+",
            "[M+H]+",
            "[M+H]+",
            "[M+H]+",
            "[M+H]+",
            "[M+H]+"
        ]
    }
}