{
    "cand_form": "C12H14N4O4S",
    "cand_ion": "[M+H]+",
    "output_tbl": {
        "mz": [
            0.0,
            51.0229,
            52.0182,
            53.0386,
            54.0338,
            56.0495,
            62.0151,
            63.0229,
            65.0386,
            66.0338,
            67.0291,
            67.0417,
            68.0131,
            69.0447,
            75.0229,
            77.0386,
            79.0542,
            80.0495,
            89.0386,
            93.0447,
            95.0491,
            103.0542,
            105.0447
        ],
        "ms2_inten": [
            0.12866641588494587,
            0.6295223221751901,
            0.12318162025260151,
            0.21080907014706557,
            0.35186272259000434,
            0.05354321210628215,
            0.062385458954926074,
            0.2457850949653625,
            0.4228547384954159,
            0.11264635027961505,
            0.11547498512592688,
            0.07786139724859913,
            1.0,
            0.09437924649241117,
            0.06672993180632573,
            0.38082702530753487,
            0.1325077914615781,
            0.22551020357855328,
            0.06392233238613658,
            0.3532036488356919,
            0.4919667679708685,
            0.06432430623219966,
            0.20196978140522015
        ],
        "mono_mass": [
            0.0,
            51.0229,
            52.0182,
            53.0386,
            54.0338,
            56.0495,
            62.0151,
            63.0229,
            65.0386,
            66.0338,
            67.0291,
            67.0417,
            68.0131,
            69.0447,
            75.0229,
            77.0386,
            79.0542,
            80.0495,
            89.0386,
            93.0447,
            95.0491,
            103.0542,
            105.0447
        ],
        "abs_mass_diff": [
            0.0,
            0.0,
            0.0,
            0.0,
            0.0,
            0.0,
            0.0,
            0.0,
            0.0,
            0.0,
            0.0,
            0.0,
            0.0,
            0.0,
            0.0,
            0.0,
            0.0,
            0.0,
            0.0,
            0.0,
            0.0,
            0.0,
            0.0
        ],
        "mass_diff": [
            0.0,
            0.0,
            0.0,
            0.0,
            0.0,
            0.0,
            0.0,
            0.0,
            0.0,
            0.0,
            0.0,
            0.0,
            0.0,
            0.0,
            0.0,
            0.0,
            0.0,
            0.0,
            0.0,
            0.0,
            0.0,
            0.0,
            0.0
        ],
        "formula": [
            "C12H14N4O4S",
            "C12H14N4O4S",
            "C12H14N4O4S",
            "C12H14N4O4S",
            "C12H14N4O4S",
            "C12H14N4O4S",
            "C12H14N4O4S",
            "C12H14N4O4S",
            "C12H14N4O4S",
            "C12H14N4O4S",
            "C12H14N4O4S",
            "C12H14N4O4S",
            "C12H14N4O4S",
            "C12H14N4O4S",
            "C12H14N4O4S",
            "C12H14N4O4S",
            "C12H14N4O4S",
            "C12H14N4O4S",
            "C12H14N4O4S",
            "C12H14N4O4S",
            "C12H14N4O4S",
            "C12H14N4O4S",
            "C12H14N4O4S"
        ],
        "ions": [
            "[M+H]+",
            "[M+H]+",
            "[M+H]+",
            "[M+H]+",
            "[M+H]+",
            "[M+H]+",
            "[M+H]+",
            "[M+H]+",
            "[M+H]+",
            "[M+H]+",
            "[M+H]+",
            "[M+H]+",
            "[M+H]+",
            "[M+H]+",
            "[M+H]+",
            "[M+H]+",
            "[M+H]+",
            "[M+H]+",
            "[M+H]+",
            "[M+H]+",
            "[M+H]+",
            "[M+H]+",
            "[M+H]+"
        ]
    }
}