{
    "cand_form": "C37H67NO13",
    "cand_ion": "[M+H]+",
    "output_tbl": {
        "mz": [
            83.0491,
            98.0962,
            113.0597,
            116.0707,
            116.107,
            127.0754,
            158.1175,
            159.1209,
            576.3749
        ],
        "ms2_inten": [
            0.39821339570789016,
            0.03635601948624136,
            0.028755942969956604,
            0.060628081345330445,
            0.14682546382847275,
            0.05551065748843477,
            1.0,
            0.05730145690719488,
            0.06609020940013775
        ],
        "mono_mass": [
            83.0491,
            98.0962,
            113.0597,
            116.0707,
            116.107,
            127.0754,
            158.1175,
            159.1209,
            576.3749
        ],
        "abs_mass_diff": [
            0.0,
            0.0,
            0.0,
            0.0,
            0.0,
            0.0,
            0.0,
            0.0,
            0.0
        ],
        "mass_diff": [
            0.0,
            0.0,
            0.0,
            0.0,
            0.0,
            0.0,
            0.0,
            0.0,
            0.0
        ],
        "formula": [
            "C37H67NO13",
            "C37H67NO13",
            "C37H67NO13",
            "C37H67NO13",
            "C37H67NO13",
            "C37H67NO13",
            "C37H67NO13",
            "C37H67NO13",
            "C37H67NO13"
        ],
        "ions": [
            "[M+H]+",
            "[M+H]+",
            "[M+H]+",
            "[M+H]+",
            "[M+H]+",
            "[M+H]+",
            "[M+H]+",
            "[M+H]+",
            "[M+H]+"
        ]
    }
}