{
    "cand_form": "C18H33ClN2O5S",
    "cand_ion": "[M+H]+",
    "output_tbl": {
        "mz": [
            126.1277,
            127.1315,
            335.1727,
            377.1838,
            389.2105,
            425.1871,
            426.1895
        ],
        "ms2_inten": [
            1.0,
            0.0377898684758737,
            0.025296868750257447,
            0.11943020974037535,
            0.02194066203913266,
            0.4427633594384294,
            0.04110451457486388
        ],
        "mono_mass": [
            126.1277,
            127.1315,
            335.1727,
            377.1838,
            389.2105,
            425.1871,
            426.1895
        ],
        "abs_mass_diff": [
            0.0,
            0.0,
            0.0,
            0.0,
            0.0,
            0.0,
            0.0
        ],
        "mass_diff": [
            0.0,
            0.0,
            0.0,
            0.0,
            0.0,
            0.0,
            0.0
        ],
        "formula": [
            "C18H33ClN2O5S",
            "C18H33ClN2O5S",
            "C18H33ClN2O5S",
            "C18H33ClN2O5S",
            "C18H33ClN2O5S",
            "C18H33ClN2O5S",
            "C18H33ClN2O5S"
        ],
        "ions": [
            "[M+H]+",
            "[M+H]+",
            "[M+H]+",
            "[M+H]+",
            "[M+H]+",
            "[M+H]+",
            "[M+H]+"
        ]
    }
}