{
    "cand_form": "C37H67NO13",
    "cand_ion": "[M+H]+",
    "output_tbl": {
        "mz": [
            0.0,
            84.0808,
            87.0679,
            98.0964,
            227.7513
        ],
        "ms2_inten": [
            1.0,
            0.7113619396434884,
            0.11104406218182448,
            0.37612547145449204,
            0.36679914590615414
        ],
        "mono_mass": [
            0.0,
            84.0808,
            87.0679,
            98.0964,
            227.7513
        ],
        "abs_mass_diff": [
            0.0,
            0.0,
            0.0,
            0.0,
            0.0
        ],
        "mass_diff": [
            0.0,
            0.0,
            0.0,
            0.0,
            0.0
        ],
        "formula": [
            "C37H67NO13",
            "C37H67NO13",
            "C37H67NO13",
            "C37H67NO13",
            "C37H67NO13"
        ],
        "ions": [
            "[M+H]+",
            "[M+H]+",
            "[M+H]+",
            "[M+H]+",
            "[M+H]+"
        ]
    }
}