{
    "cand_form": "C25H34N6O3",
    "cand_ion": "[M+H]+",
    "output_tbl": {
        "mz": [
            58.0652,
            70.0651,
            84.0808,
            86.0966,
            98.0967,
            111.0916,
            112.0996,
            113.1073,
            127.123,
            285.1352,
            297.1349,
            311.1136,
            313.1696,
            324.1241,
            325.1281,
            325.1669,
            327.1457,
            339.1821,
            341.161,
            352.1808,
            353.1574,
            353.2047,
            355.1758,
            363.1696,
            364.1772,
            366.1934,
            368.1713,
            394.1813,
            410.2187,
            467.2767
        ],
        "ms2_inten": [
            0.3012537310833891,
            0.37388785781760825,
            0.7411530940119346,
            0.10711430719023483,
            0.1408496132152543,
            0.8233711532536305,
            0.6259825609488887,
            0.07287952814824596,
            1.0,
            0.09197739704725047,
            0.8486911037815567,
            0.10271860605612092,
            0.15598373632177936,
            0.12770305534071544,
            0.21950236259624878,
            0.6505390995289319,
            0.08686393244943356,
            0.11695042489971844,
            0.3115513035756004,
            0.0781440862056206,
            0.17098301803834617,
            0.32738464053662786,
            0.24971541948961729,
            0.13759841329496683,
            0.11115230559308203,
            0.07866276810473298,
            0.08072679303618165,
            0.14256900720653526,
            0.3723412992658998,
            0.3006060183928928
        ],
        "mono_mass": [
            58.0652,
            70.0651,
            84.0808,
            86.0966,
            98.0967,
            111.0916,
            112.0996,
            113.1073,
            127.123,
            285.1352,
            297.1349,
            311.1136,
            313.1696,
            324.1241,
            325.1281,
            325.1669,
            327.1457,
            339.1821,
            341.161,
            352.1808,
            353.1574,
            353.2047,
            355.1758,
            363.1696,
            364.1772,
            366.1934,
            368.1713,
            394.1813,
            410.2187,
            467.2767
        ],
        "abs_mass_diff": [
            0.0,
            0.0,
            0.0,
            0.0,
            0.0,
            0.0,
            0.0,
            0.0,
            0.0,
            0.0,
            0.0,
            0.0,
            0.0,
            0.0,
            0.0,
            0.0,
            0.0,
            0.0,
            0.0,
            0.0,
            0.0,
            0.0,
            0.0,
            0.0,
            0.0,
            0.0,
            0.0,
            0.0,
            0.0,
            0.0
        ],
        "mass_diff": [
            0.0,
            0.0,
            0.0,
            0.0,
            0.0,
            0.0,
            0.0,
            0.0,
            0.0,
            0.0,
            0.0,
            0.0,
            0.0,
            0.0,
            0.0,
            0.0,
            0.0,
            0.0,
            0.0,
            0.0,
            0.0,
            0.0,
            0.0,
            0.0,
            0.0,
            0.0,
            0.0,
            0.0,
            0.0,
            0.0
        ],
        "formula": [
            "C25H34N6O3",
            "C25H34N6O3",
            "C25H34N6O3",
            "C25H34N6O3",
            "C25H34N6O3",
            "C25H34N6O3",
            "C25H34N6O3",
            "C25H34N6O3",
            "C25H34N6O3",
            "C25H34N6O3",
            "C25H34N6O3",
            "C25H34N6O3",
            "C25H34N6O3",
            "C25H34N6O3",
            "C25H34N6O3",
            "C25H34N6O3",
            "C25H34N6O3",
            "C25H34N6O3",
            "C25H34N6O3",
            "C25H34N6O3",
            "C25H34N6O3",
            "C25H34N6O3",
            "C25H34N6O3",
            "C25H34N6O3",
            "C25H34N6O3",
            "C25H34N6O3",
            "C25H34N6O3",
            "C25H34N6O3",
            "C25H34N6O3",
            "C25H34N6O3"
        ],
        "ions": [
            "[M+H]+",
            "[M+H]+",
            "[M+H]+",
            "[M+H]+",
            "[M+H]+",
            "[M+H]+",
            "[M+H]+",
            "[M+H]+",
            "[M+H]+",
            "[M+H]+",
            "[M+H]+",
            "[M+H]+",
            "[M+H]+",
            "[M+H]+",
            "[M+H]+",
            "[M+H]+",
            "[M+H]+",
            "[M+H]+",
            "[M+H]+",
            "[M+H]+",
            "[M+H]+",
            "[M+H]+",
            "[M+H]+",
            "[M+H]+",
            "[M+H]+",
            "[M+H]+",
            "[M+H]+",
            "[M+H]+",
            "[M+H]+",
            "[M+H]+"
        ]
    }
}