{
    "cand_form": "C25H34N6O3",
    "cand_ion": "[M+H]+",
    "output_tbl": {
        "mz": [
            0.0,
            58.0651,
            69.0447,
            70.0651,
            82.0651,
            84.0808,
            96.0682,
            97.076,
            111.0917,
            112.0995,
            151.039,
            154.0624,
            165.0169,
            166.0975,
            227.7482,
            255.12,
            297.1346,
            311.1139
        ],
        "ms2_inten": [
            0.30124051352153236,
            0.6346238424339564,
            0.5086381577143926,
            0.6787451887338569,
            0.14817088541003193,
            1.0,
            0.14630594029111887,
            0.8433317604840049,
            0.18033854322036766,
            0.40026002908125174,
            0.13816673425685994,
            0.18953261885258457,
            0.10137137613095996,
            0.8180145636038499,
            0.10793204847466537,
            0.0944601565888748,
            0.10901069120983489,
            0.12412363704308088
        ],
        "mono_mass": [
            0.0,
            58.0651,
            69.0447,
            70.0651,
            82.0651,
            84.0808,
            96.0682,
            97.076,
            111.0917,
            112.0995,
            151.039,
            154.0624,
            165.0169,
            166.0975,
            227.7482,
            255.12,
            297.1346,
            311.1139
        ],
        "abs_mass_diff": [
            0.0,
            0.0,
            0.0,
            0.0,
            0.0,
            0.0,
            0.0,
            0.0,
            0.0,
            0.0,
            0.0,
            0.0,
            0.0,
            0.0,
            0.0,
            0.0,
            0.0,
            0.0
        ],
        "mass_diff": [
            0.0,
            0.0,
            0.0,
            0.0,
            0.0,
            0.0,
            0.0,
            0.0,
            0.0,
            0.0,
            0.0,
            0.0,
            0.0,
            0.0,
            0.0,
            0.0,
            0.0,
            0.0
        ],
        "formula": [
            "C25H34N6O3",
            "C25H34N6O3",
            "C25H34N6O3",
            "C25H34N6O3",
            "C25H34N6O3",
            "C25H34N6O3",
            "C25H34N6O3",
            "C25H34N6O3",
            "C25H34N6O3",
            "C25H34N6O3",
            "C25H34N6O3",
            "C25H34N6O3",
            "C25H34N6O3",
            "C25H34N6O3",
            "C25H34N6O3",
            "C25H34N6O3",
            "C25H34N6O3",
            "C25H34N6O3"
        ],
        "ions": [
            "[M+H]+",
            "[M+H]+",
            "[M+H]+",
            "[M+H]+",
            "[M+H]+",
            "[M+H]+",
            "[M+H]+",
            "[M+H]+",
            "[M+H]+",
            "[M+H]+",
            "[M+H]+",
            "[M+H]+",
            "[M+H]+",
            "[M+H]+",
            "[M+H]+",
            "[M+H]+",
            "[M+H]+",
            "[M+H]+"
        ]
    }
}