{
    "cand_form": "C11H12N4O3S",
    "cand_ion": "[M+H]+",
    "output_tbl": {
        "mz": [
            92.0495,
            108.0444,
            126.0661,
            156.0113,
            157.0151,
            188.0124,
            215.0928,
            281.0703,
            282.0725
        ],
        "ms2_inten": [
            0.25867741198294775,
            0.29838129616466835,
            0.37889723804790015,
            1.0,
            0.03666011911063873,
            0.06817853924731045,
            0.24798293702885468,
            0.25005246862379416,
            0.021047463235622114
        ],
        "mono_mass": [
            92.0495,
            108.0444,
            126.0661,
            156.0113,
            157.0151,
            188.0124,
            215.0928,
            281.0703,
            282.0725
        ],
        "abs_mass_diff": [
            0.0,
            0.0,
            0.0,
            0.0,
            0.0,
            0.0,
            0.0,
            0.0,
            0.0
        ],
        "mass_diff": [
            0.0,
            0.0,
            0.0,
            0.0,
            0.0,
            0.0,
            0.0,
            0.0,
            0.0
        ],
        "formula": [
            "C11H12N4O3S",
            "C11H12N4O3S",
            "C11H12N4O3S",
            "C11H12N4O3S",
            "C11H12N4O3S",
            "C11H12N4O3S",
            "C11H12N4O3S",
            "C11H12N4O3S",
            "C11H12N4O3S"
        ],
        "ions": [
            "[M+H]+",
            "[M+H]+",
            "[M+H]+",
            "[M+H]+",
            "[M+H]+",
            "[M+H]+",
            "[M+H]+",
            "[M+H]+",
            "[M+H]+"
        ]
    }
}