{
    "cand_form": "C11H12N4O3S",
    "cand_ion": "[M+H]+",
    "output_tbl": {
        "mz": [
            53.0387,
            63.0231,
            65.0386,
            68.0132,
            80.0494
        ],
        "ms2_inten": [
            0.32438476774093616,
            0.05391457162943145,
            1.0,
            0.12291958748463348,
            0.340922728393871
        ],
        "mono_mass": [
            53.0387,
            63.0231,
            65.0386,
            68.0132,
            80.0494
        ],
        "abs_mass_diff": [
            0.0,
            0.0,
            0.0,
            0.0,
            0.0
        ],
        "mass_diff": [
            0.0,
            0.0,
            0.0,
            0.0,
            0.0
        ],
        "formula": [
            "C11H12N4O3S",
            "C11H12N4O3S",
            "C11H12N4O3S",
            "C11H12N4O3S",
            "C11H12N4O3S"
        ],
        "ions": [
            "[M+H]+",
            "[M+H]+",
            "[M+H]+",
            "[M+H]+",
            "[M+H]+"
        ]
    }
}