{
    "cand_form": "C11H12N4O3S",
    "cand_ion": "[M+H]+",
    "output_tbl": {
        "mz": [
            65.0386,
            80.0495,
            85.0396,
            92.0495,
            108.0444,
            110.06,
            126.0662,
            174.0662
        ],
        "ms2_inten": [
            0.4092986241561068,
            0.07601366311607535,
            0.10138106845532738,
            1.0,
            0.7548024382991264,
            0.11614930583977026,
            0.19319388659595227,
            0.05247712889446091
        ],
        "mono_mass": [
            65.0386,
            80.0495,
            85.0396,
            92.0495,
            108.0444,
            110.06,
            126.0662,
            174.0662
        ],
        "abs_mass_diff": [
            0.0,
            0.0,
            0.0,
            0.0,
            0.0,
            0.0,
            0.0,
            0.0
        ],
        "mass_diff": [
            0.0,
            0.0,
            0.0,
            0.0,
            0.0,
            0.0,
            0.0,
            0.0
        ],
        "formula": [
            "C11H12N4O3S",
            "C11H12N4O3S",
            "C11H12N4O3S",
            "C11H12N4O3S",
            "C11H12N4O3S",
            "C11H12N4O3S",
            "C11H12N4O3S",
            "C11H12N4O3S"
        ],
        "ions": [
            "[M+H]+",
            "[M+H]+",
            "[M+H]+",
            "[M+H]+",
            "[M+H]+",
            "[M+H]+",
            "[M+H]+",
            "[M+H]+"
        ]
    }
}