{
    "cand_form": "C10H11N3O3S",
    "cand_ion": "[M+H]+",
    "output_tbl": {
        "mz": [
            92.0495,
            93.0573,
            99.0553,
            108.0444,
            146.0713,
            147.0791,
            148.0869,
            156.0114,
            157.0158,
            160.0869,
            188.0818,
            254.0594
        ],
        "ms2_inten": [
            0.2925322538982371,
            0.147792319322547,
            0.14883453730188562,
            0.33231686376270264,
            0.025583234377976036,
            0.11450672457486419,
            0.025671124591466775,
            1.0,
            0.02585179690884252,
            0.1032511891498295,
            0.0955892883705192,
            0.10157940809245534
        ],
        "mono_mass": [
            92.0495,
            93.0573,
            99.0553,
            108.0444,
            146.0713,
            147.0791,
            148.0869,
            156.0114,
            157.0158,
            160.0869,
            188.0818,
            254.0594
        ],
        "abs_mass_diff": [
            0.0,
            0.0,
            0.0,
            0.0,
            0.0,
            0.0,
            0.0,
            0.0,
            0.0,
            0.0,
            0.0,
            0.0
        ],
        "mass_diff": [
            0.0,
            0.0,
            0.0,
            0.0,
            0.0,
            0.0,
            0.0,
            0.0,
            0.0,
            0.0,
            0.0,
            0.0
        ],
        "formula": [
            "C10H11N3O3S",
            "C10H11N3O3S",
            "C10H11N3O3S",
            "C10H11N3O3S",
            "C10H11N3O3S",
            "C10H11N3O3S",
            "C10H11N3O3S",
            "C10H11N3O3S",
            "C10H11N3O3S",
            "C10H11N3O3S",
            "C10H11N3O3S",
            "C10H11N3O3S"
        ],
        "ions": [
            "[M+H]+",
            "[M+H]+",
            "[M+H]+",
            "[M+H]+",
            "[M+H]+",
            "[M+H]+",
            "[M+H]+",
            "[M+H]+",
            "[M+H]+",
            "[M+H]+",
            "[M+H]+",
            "[M+H]+"
        ]
    }
}