{
    "cand_form": "C24H31N5O3",
    "cand_ion": "[M+H]+",
    "output_tbl": {
        "mz": [
            0.0,
            70.0651,
            98.0964,
            165.0169,
            166.0975,
            255.124,
            285.1346,
            297.1346,
            311.1139,
            313.1295
        ],
        "ms2_inten": [
            0.0564988452836604,
            0.1451056897930076,
            1.0,
            0.051294524876955044,
            0.22380280325541432,
            0.06438747775651511,
            0.05467722213899416,
            0.18343688895962734,
            0.08815059047876571,
            0.09992811920007807
        ],
        "mono_mass": [
            0.0,
            70.0651,
            98.0964,
            165.0169,
            166.0975,
            255.124,
            285.1346,
            297.1346,
            311.1139,
            313.1295
        ],
        "abs_mass_diff": [
            0.0,
            0.0,
            0.0,
            0.0,
            0.0,
            0.0,
            0.0,
            0.0,
            0.0,
            0.0
        ],
        "mass_diff": [
            0.0,
            0.0,
            0.0,
            0.0,
            0.0,
            0.0,
            0.0,
            0.0,
            0.0,
            0.0
        ],
        "formula": [
            "C24H31N5O3",
            "C24H31N5O3",
            "C24H31N5O3",
            "C24H31N5O3",
            "C24H31N5O3",
            "C24H31N5O3",
            "C24H31N5O3",
            "C24H31N5O3",
            "C24H31N5O3",
            "C24H31N5O3"
        ],
        "ions": [
            "[M+H]+",
            "[M+H]+",
            "[M+H]+",
            "[M+H]+",
            "[M+H]+",
            "[M+H]+",
            "[M+H]+",
            "[M+H]+",
            "[M+H]+",
            "[M+H]+"
        ]
    }
}