{
    "cand_form": "C10H11N3O3S",
    "cand_ion": "[M+H]+",
    "output_tbl": {
        "mz": [
            65.0386,
            66.042,
            80.0495,
            92.0495,
            93.0573,
            99.0553,
            108.0444,
            110.06,
            146.0713
        ],
        "ms2_inten": [
            1.0,
            0.02248880927183667,
            0.25297889481208624,
            0.6717407942948682,
            0.17883480173914384,
            0.03221699238206391,
            0.43685285403951024,
            0.07117360072964601,
            0.029194183122469623
        ],
        "mono_mass": [
            65.0386,
            66.042,
            80.0495,
            92.0495,
            93.0573,
            99.0553,
            108.0444,
            110.06,
            146.0713
        ],
        "abs_mass_diff": [
            0.0,
            0.0,
            0.0,
            0.0,
            0.0,
            0.0,
            0.0,
            0.0,
            0.0
        ],
        "mass_diff": [
            0.0,
            0.0,
            0.0,
            0.0,
            0.0,
            0.0,
            0.0,
            0.0,
            0.0
        ],
        "formula": [
            "C10H11N3O3S",
            "C10H11N3O3S",
            "C10H11N3O3S",
            "C10H11N3O3S",
            "C10H11N3O3S",
            "C10H11N3O3S",
            "C10H11N3O3S",
            "C10H11N3O3S",
            "C10H11N3O3S"
        ],
        "ions": [
            "[M+H]+",
            "[M+H]+",
            "[M+H]+",
            "[M+H]+",
            "[M+H]+",
            "[M+H]+",
            "[M+H]+",
            "[M+H]+",
            "[M+H]+"
        ]
    }
}