{
    "cand_form": "C10H11N3O3S",
    "cand_ion": "[M+H]+",
    "output_tbl": {
        "mz": [
            53.0386,
            65.0386,
            66.0338,
            66.0419,
            66.0464,
            80.0495,
            92.0495,
            93.0573,
            108.0444
        ],
        "ms2_inten": [
            0.053908072764026205,
            1.0,
            0.014621491049814734,
            0.031052785210342784,
            0.03626708972537564,
            0.3019781454819999,
            0.09624226234257684,
            0.07035624019395953,
            0.06680995427888291
        ],
        "mono_mass": [
            53.0386,
            65.0386,
            66.0338,
            66.0419,
            66.0464,
            80.0495,
            92.0495,
            93.0573,
            108.0444
        ],
        "abs_mass_diff": [
            0.0,
            0.0,
            0.0,
            0.0,
            0.0,
            0.0,
            0.0,
            0.0,
            0.0
        ],
        "mass_diff": [
            0.0,
            0.0,
            0.0,
            0.0,
            0.0,
            0.0,
            0.0,
            0.0,
            0.0
        ],
        "formula": [
            "C10H11N3O3S",
            "C10H11N3O3S",
            "C10H11N3O3S",
            "C10H11N3O3S",
            "C10H11N3O3S",
            "C10H11N3O3S",
            "C10H11N3O3S",
            "C10H11N3O3S",
            "C10H11N3O3S"
        ],
        "ions": [
            "[M+H]+",
            "[M+H]+",
            "[M+H]+",
            "[M+H]+",
            "[M+H]+",
            "[M+H]+",
            "[M+H]+",
            "[M+H]+",
            "[M+H]+"
        ]
    }
}