{
    "cand_form": "C12H14N4O2S",
    "cand_ion": "[M+H]+",
    "output_tbl": {
        "mz": [
            0.0,
            65.0386,
            66.0338,
            67.0291,
            80.0495,
            83.0604,
            92.0495,
            104.0495,
            105.0573,
            106.0651,
            108.0444,
            124.0869,
            131.0604,
            132.0682,
            140.0257,
            142.0228
        ],
        "ms2_inten": [
            0.05130606917638686,
            1.0,
            0.04273538556722424,
            0.032986006492151096,
            0.3398690292211648,
            0.1643248105104919,
            0.0956403987456668,
            0.10902963710747877,
            0.03232572305127048,
            0.04690560978516079,
            0.0747110464854717,
            0.06122152084455517,
            0.06458449503442444,
            0.09954360447325342,
            0.07075972414234744,
            0.0803489637606002
        ],
        "mono_mass": [
            0.0,
            65.0386,
            66.0338,
            67.0291,
            80.0495,
            83.0604,
            92.0495,
            104.0495,
            105.0573,
            106.0651,
            108.0444,
            124.0869,
            131.0604,
            132.0682,
            140.0257,
            142.0228
        ],
        "abs_mass_diff": [
            0.0,
            0.0,
            0.0,
            0.0,
            0.0,
            0.0,
            0.0,
            0.0,
            0.0,
            0.0,
            0.0,
            0.0,
            0.0,
            0.0,
            0.0,
            0.0
        ],
        "mass_diff": [
            0.0,
            0.0,
            0.0,
            0.0,
            0.0,
            0.0,
            0.0,
            0.0,
            0.0,
            0.0,
            0.0,
            0.0,
            0.0,
            0.0,
            0.0,
            0.0
        ],
        "formula": [
            "C12H14N4O2S",
            "C12H14N4O2S",
            "C12H14N4O2S",
            "C12H14N4O2S",
            "C12H14N4O2S",
            "C12H14N4O2S",
            "C12H14N4O2S",
            "C12H14N4O2S",
            "C12H14N4O2S",
            "C12H14N4O2S",
            "C12H14N4O2S",
            "C12H14N4O2S",
            "C12H14N4O2S",
            "C12H14N4O2S",
            "C12H14N4O2S",
            "C12H14N4O2S"
        ],
        "ions": [
            "[M+H]+",
            "[M+H]+",
            "[M+H]+",
            "[M+H]+",
            "[M+H]+",
            "[M+H]+",
            "[M+H]+",
            "[M+H]+",
            "[M+H]+",
            "[M+H]+",
            "[M+H]+",
            "[M+H]+",
            "[M+H]+",
            "[M+H]+",
            "[M+H]+",
            "[M+H]+"
        ]
    }
}