{
    "cand_form": "C14H20ClF3N2O",
    "cand_ion": "[M+H]+",
    "output_tbl": {
        "mz": [
            56.0495,
            71.0855,
            72.0808,
            74.0601,
            98.0964,
            116.1071,
            132.0682,
            181.0572,
            182.065,
            190.0231,
            197.028,
            201.0635,
            202.0713,
            217.034,
            218.0369,
            237.0401,
            238.043,
            307.1185,
            325.1291,
            326.1318,
            326.2325
        ],
        "ms2_inten": [
            0.03831410655014948,
            0.10118444406870178,
            0.03006691884543517,
            0.09109946462829348,
            0.02430154981531632,
            0.10320166632634237,
            0.053849448998014415,
            0.1081902893310949,
            0.11486160812318692,
            0.09139395294531436,
            0.046979417771334714,
            0.0792820265958053,
            0.2302314236058176,
            0.4380347364858143,
            0.025789962465771227,
            1.0,
            0.05664275310965557,
            0.22852090130194835,
            0.4808380478258821,
            0.04057405241240653,
            0.19498933291200876
        ],
        "mono_mass": [
            56.0495,
            71.0855,
            72.0808,
            74.0601,
            98.0964,
            116.1071,
            132.0682,
            181.0572,
            182.065,
            190.0231,
            197.028,
            201.0635,
            202.0713,
            217.034,
            218.0369,
            237.0401,
            238.043,
            307.1185,
            325.1291,
            326.1318,
            326.2325
        ],
        "abs_mass_diff": [
            0.0,
            0.0,
            0.0,
            0.0,
            0.0,
            0.0,
            0.0,
            0.0,
            0.0,
            0.0,
            0.0,
            0.0,
            0.0,
            0.0,
            0.0,
            0.0,
            0.0,
            0.0,
            0.0,
            0.0,
            0.0
        ],
        "mass_diff": [
            0.0,
            0.0,
            0.0,
            0.0,
            0.0,
            0.0,
            0.0,
            0.0,
            0.0,
            0.0,
            0.0,
            0.0,
            0.0,
            0.0,
            0.0,
            0.0,
            0.0,
            0.0,
            0.0,
            0.0,
            0.0
        ],
        "formula": [
            "C14H20ClF3N2O",
            "C14H20ClF3N2O",
            "C14H20ClF3N2O",
            "C14H20ClF3N2O",
            "C14H20ClF3N2O",
            "C14H20ClF3N2O",
            "C14H20ClF3N2O",
            "C14H20ClF3N2O",
            "C14H20ClF3N2O",
            "C14H20ClF3N2O",
            "C14H20ClF3N2O",
            "C14H20ClF3N2O",
            "C14H20ClF3N2O",
            "C14H20ClF3N2O",
            "C14H20ClF3N2O",
            "C14H20ClF3N2O",
            "C14H20ClF3N2O",
            "C14H20ClF3N2O",
            "C14H20ClF3N2O",
            "C14H20ClF3N2O",
            "C14H20ClF3N2O"
        ],
        "ions": [
            "[M+H]+",
            "[M+H]+",
            "[M+H]+",
            "[M+H]+",
            "[M+H]+",
            "[M+H]+",
            "[M+H]+",
            "[M+H]+",
            "[M+H]+",
            "[M+H]+",
            "[M+H]+",
            "[M+H]+",
            "[M+H]+",
            "[M+H]+",
            "[M+H]+",
            "[M+H]+",
            "[M+H]+",
            "[M+H]+",
            "[M+H]+",
            "[M+H]+",
            "[M+H]+"
        ]
    }
}