{
    "cand_form": "C14H20ClF3N2O",
    "cand_ion": "[M+H]+",
    "output_tbl": {
        "mz": [
            51.0229,
            57.0135,
            62.0151,
            63.0229,
            65.0386,
            67.0417,
            75.0229,
            77.0386,
            88.0308,
            89.0386,
            95.0491,
            96.0444,
            104.0495,
            105.0447,
            107.0292,
            114.0338,
            127.0354,
            131.0604,
            134.0401,
            140.0262
        ],
        "ms2_inten": [
            0.1933011264293264,
            0.18934169909450216,
            0.16030967634471635,
            1.0,
            0.25095114360842474,
            0.4833397238329393,
            0.263189894780366,
            0.540313438875215,
            0.19158162588985186,
            0.6918634809325398,
            0.5595571434654217,
            0.18204146870980553,
            0.9442192133285165,
            0.28536500964466444,
            0.8092622655146807,
            0.25176525880184425,
            0.3285023200486103,
            0.17897634533227966,
            0.22949022665965757,
            0.1367049096872172
        ],
        "mono_mass": [
            51.0229,
            57.0135,
            62.0151,
            63.0229,
            65.0386,
            67.0417,
            75.0229,
            77.0386,
            88.0308,
            89.0386,
            95.0491,
            96.0444,
            104.0495,
            105.0447,
            107.0292,
            114.0338,
            127.0354,
            131.0604,
            134.0401,
            140.0262
        ],
        "abs_mass_diff": [
            0.0,
            0.0,
            0.0,
            0.0,
            0.0,
            0.0,
            0.0,
            0.0,
            0.0,
            0.0,
            0.0,
            0.0,
            0.0,
            0.0,
            0.0,
            0.0,
            0.0,
            0.0,
            0.0,
            0.0
        ],
        "mass_diff": [
            0.0,
            0.0,
            0.0,
            0.0,
            0.0,
            0.0,
            0.0,
            0.0,
            0.0,
            0.0,
            0.0,
            0.0,
            0.0,
            0.0,
            0.0,
            0.0,
            0.0,
            0.0,
            0.0,
            0.0
        ],
        "formula": [
            "C14H20ClF3N2O",
            "C14H20ClF3N2O",
            "C14H20ClF3N2O",
            "C14H20ClF3N2O",
            "C14H20ClF3N2O",
            "C14H20ClF3N2O",
            "C14H20ClF3N2O",
            "C14H20ClF3N2O",
            "C14H20ClF3N2O",
            "C14H20ClF3N2O",
            "C14H20ClF3N2O",
            "C14H20ClF3N2O",
            "C14H20ClF3N2O",
            "C14H20ClF3N2O",
            "C14H20ClF3N2O",
            "C14H20ClF3N2O",
            "C14H20ClF3N2O",
            "C14H20ClF3N2O",
            "C14H20ClF3N2O",
            "C14H20ClF3N2O"
        ],
        "ions": [
            "[M+H]+",
            "[M+H]+",
            "[M+H]+",
            "[M+H]+",
            "[M+H]+",
            "[M+H]+",
            "[M+H]+",
            "[M+H]+",
            "[M+H]+",
            "[M+H]+",
            "[M+H]+",
            "[M+H]+",
            "[M+H]+",
            "[M+H]+",
            "[M+H]+",
            "[M+H]+",
            "[M+H]+",
            "[M+H]+",
            "[M+H]+",
            "[M+H]+"
        ]
    }
}