{
    "cand_form": "C15H13N3O4S",
    "cand_ion": "[M-H]-",
    "output_tbl": {
        "mz": [
            180.0006,
            185.0845,
            227.7248,
            248.0502,
            249.0457,
            258.0696,
            286.1363,
            302.0619,
            315.1368,
            330.1652
        ],
        "ms2_inten": [
            0.04762280066227159,
            0.04651110534074061,
            0.06937392998591664,
            0.8897763185839255,
            1.0,
            0.060374304016599885,
            0.7544761478512018,
            0.07510026344806318,
            0.23290591321465245,
            0.07679375632869391
        ],
        "mono_mass": [
            180.0006,
            185.0845,
            227.7248,
            248.0502,
            249.0457,
            258.0696,
            286.1363,
            302.0619,
            315.1368,
            330.1652
        ],
        "abs_mass_diff": [
            0.0,
            0.0,
            0.0,
            0.0,
            0.0,
            0.0,
            0.0,
            0.0,
            0.0,
            0.0
        ],
        "mass_diff": [
            0.0,
            0.0,
            0.0,
            0.0,
            0.0,
            0.0,
            0.0,
            0.0,
            0.0,
            0.0
        ],
        "formula": [
            "C15H13N3O4S",
            "C15H13N3O4S",
            "C15H13N3O4S",
            "C15H13N3O4S",
            "C15H13N3O4S",
            "C15H13N3O4S",
            "C15H13N3O4S",
            "C15H13N3O4S",
            "C15H13N3O4S",
            "C15H13N3O4S"
        ],
        "ions": [
            "[M-H]-",
            "[M-H]-",
            "[M-H]-",
            "[M-H]-",
            "[M-H]-",
            "[M-H]-",
            "[M-H]-",
            "[M-H]-",
            "[M-H]-",
            "[M-H]-"
        ]
    }
}