{
    "cand_form": "C16H17N3O4S",
    "cand_ion": "[M+H]+",
    "output_tbl": {
        "mz": [
            57.0699,
            106.0651,
            158.027,
            174.055,
            174.1123,
            192.0478,
            211.9949,
            213.9924,
            290.9126,
            291.9158,
            292.9107,
            304.1502,
            334.1556,
            348.1338,
            348.2458,
            348.7484,
            348.9735
        ],
        "ms2_inten": [
            0.022178502212967723,
            0.15415758268206278,
            0.2626453527677871,
            0.17105591236467543,
            0.033058222234241055,
            0.05118887972452834,
            0.05308924659942129,
            0.05021727647223199,
            0.05473418021038968,
            0.069190403111676,
            1.0,
            0.036394406284648045,
            0.027187644789384968,
            0.06706564085922641,
            0.06713728061872956,
            0.02782522963483779,
            0.1276041942724249
        ],
        "mono_mass": [
            57.0699,
            106.0651,
            158.027,
            174.055,
            174.1123,
            192.0478,
            211.9949,
            213.9924,
            290.9126,
            291.9158,
            292.9107,
            304.1502,
            334.1556,
            348.1338,
            348.2458,
            348.7484,
            348.9735
        ],
        "abs_mass_diff": [
            0.0,
            0.0,
            0.0,
            0.0,
            0.0,
            0.0,
            0.0,
            0.0,
            0.0,
            0.0,
            0.0,
            0.0,
            0.0,
            0.0,
            0.0,
            0.0,
            0.0
        ],
        "mass_diff": [
            0.0,
            0.0,
            0.0,
            0.0,
            0.0,
            0.0,
            0.0,
            0.0,
            0.0,
            0.0,
            0.0,
            0.0,
            0.0,
            0.0,
            0.0,
            0.0,
            0.0
        ],
        "formula": [
            "C16H17N3O4S",
            "C16H17N3O4S",
            "C16H17N3O4S",
            "C16H17N3O4S",
            "C16H17N3O4S",
            "C16H17N3O4S",
            "C16H17N3O4S",
            "C16H17N3O4S",
            "C16H17N3O4S",
            "C16H17N3O4S",
            "C16H17N3O4S",
            "C16H17N3O4S",
            "C16H17N3O4S",
            "C16H17N3O4S",
            "C16H17N3O4S",
            "C16H17N3O4S",
            "C16H17N3O4S"
        ],
        "ions": [
            "[M+H]+",
            "[M+H]+",
            "[M+H]+",
            "[M+H]+",
            "[M+H]+",
            "[M+H]+",
            "[M+H]+",
            "[M+H]+",
            "[M+H]+",
            "[M+H]+",
            "[M+H]+",
            "[M+H]+",
            "[M+H]+",
            "[M+H]+",
            "[M+H]+",
            "[M+H]+",
            "[M+H]+"
        ]
    }
}