{
    "cand_form": "C16H17N3O4S",
    "cand_ion": "[M+H]+",
    "output_tbl": {
        "mz": [
            57.0699,
            58.0651,
            68.0495,
            79.0542,
            88.0757,
            91.0542,
            106.0651,
            107.0689,
            114.0008,
            117.0573,
            118.0413,
            118.0651,
            126.1277,
            132.0682,
            133.076,
            146.06,
            158.027,
            183.9726,
            184.9804,
            185.973,
            186.9808,
            194.9654,
            195.9726,
            196.9652,
            197.973,
            210.9848,
            211.9927,
            212.9839,
            213.9924
        ],
        "ms2_inten": [
            0.2584547874481826,
            0.06445208403988748,
            0.3977013547133566,
            0.1531171663986844,
            0.09868174687021933,
            0.13919105142575508,
            0.7366046525624228,
            0.04888074504761464,
            0.0856325153977971,
            0.11507120032466923,
            0.060704008510368355,
            0.2340291600484401,
            0.051249602499758046,
            0.39292926976257336,
            0.38353581243356355,
            0.054436712675032264,
            0.18346503095825412,
            0.38806487529268624,
            0.0747405533203368,
            0.3429612812398592,
            0.042311755678255375,
            0.06248275194602292,
            0.053958825887980975,
            0.05583588912772791,
            0.05094964129415506,
            0.2022211540885797,
            1.0,
            0.13791470763094735,
            0.8935855294459232
        ],
        "mono_mass": [
            57.0699,
            58.0651,
            68.0495,
            79.0542,
            88.0757,
            91.0542,
            106.0651,
            107.0689,
            114.0008,
            117.0573,
            118.0413,
            118.0651,
            126.1277,
            132.0682,
            133.076,
            146.06,
            158.027,
            183.9726,
            184.9804,
            185.973,
            186.9808,
            194.9654,
            195.9726,
            196.9652,
            197.973,
            210.9848,
            211.9927,
            212.9839,
            213.9924
        ],
        "abs_mass_diff": [
            0.0,
            0.0,
            0.0,
            0.0,
            0.0,
            0.0,
            0.0,
            0.0,
            0.0,
            0.0,
            0.0,
            0.0,
            0.0,
            0.0,
            0.0,
            0.0,
            0.0,
            0.0,
            0.0,
            0.0,
            0.0,
            0.0,
            0.0,
            0.0,
            0.0,
            0.0,
            0.0,
            0.0,
            0.0
        ],
        "mass_diff": [
            0.0,
            0.0,
            0.0,
            0.0,
            0.0,
            0.0,
            0.0,
            0.0,
            0.0,
            0.0,
            0.0,
            0.0,
            0.0,
            0.0,
            0.0,
            0.0,
            0.0,
            0.0,
            0.0,
            0.0,
            0.0,
            0.0,
            0.0,
            0.0,
            0.0,
            0.0,
            0.0,
            0.0,
            0.0
        ],
        "formula": [
            "C16H17N3O4S",
            "C16H17N3O4S",
            "C16H17N3O4S",
            "C16H17N3O4S",
            "C16H17N3O4S",
            "C16H17N3O4S",
            "C16H17N3O4S",
            "C16H17N3O4S",
            "C16H17N3O4S",
            "C16H17N3O4S",
            "C16H17N3O4S",
            "C16H17N3O4S",
            "C16H17N3O4S",
            "C16H17N3O4S",
            "C16H17N3O4S",
            "C16H17N3O4S",
            "C16H17N3O4S",
            "C16H17N3O4S",
            "C16H17N3O4S",
            "C16H17N3O4S",
            "C16H17N3O4S",
            "C16H17N3O4S",
            "C16H17N3O4S",
            "C16H17N3O4S",
            "C16H17N3O4S",
            "C16H17N3O4S",
            "C16H17N3O4S",
            "C16H17N3O4S",
            "C16H17N3O4S"
        ],
        "ions": [
            "[M+H]+",
            "[M+H]+",
            "[M+H]+",
            "[M+H]+",
            "[M+H]+",
            "[M+H]+",
            "[M+H]+",
            "[M+H]+",
            "[M+H]+",
            "[M+H]+",
            "[M+H]+",
            "[M+H]+",
            "[M+H]+",
            "[M+H]+",
            "[M+H]+",
            "[M+H]+",
            "[M+H]+",
            "[M+H]+",
            "[M+H]+",
            "[M+H]+",
            "[M+H]+",
            "[M+H]+",
            "[M+H]+",
            "[M+H]+",
            "[M+H]+",
            "[M+H]+",
            "[M+H]+",
            "[M+H]+",
            "[M+H]+"
        ]
    }
}