{
    "cand_form": "C11H11N3O2S",
    "cand_ion": "[M+H]+",
    "output_tbl": {
        "mz": [
            0.0,
            53.0386,
            55.9343,
            57.9347,
            59.9303,
            65.0386,
            66.0338,
            66.0419,
            66.0464,
            67.0417,
            78.0338,
            80.0495,
            92.0495,
            93.0573,
            95.0604,
            96.0444,
            108.0444
        ],
        "ms2_inten": [
            0.026398196151598267,
            0.06124865686954402,
            0.01828001649349943,
            0.05748989614510867,
            0.029490330672023918,
            1.0,
            0.026462020240147082,
            0.02425617655633818,
            0.026006568800062756,
            0.19788029418081032,
            0.06974527885584698,
            0.312010006210682,
            0.08876833037149114,
            0.03312633132557229,
            0.06834833099365273,
            0.14935376984793552,
            0.07725512512040446
        ],
        "mono_mass": [
            0.0,
            53.0386,
            55.9343,
            57.9347,
            59.9303,
            65.0386,
            66.0338,
            66.0419,
            66.0464,
            67.0417,
            78.0338,
            80.0495,
            92.0495,
            93.0573,
            95.0604,
            96.0444,
            108.0444
        ],
        "abs_mass_diff": [
            0.0,
            0.0,
            0.0,
            0.0,
            0.0,
            0.0,
            0.0,
            0.0,
            0.0,
            0.0,
            0.0,
            0.0,
            0.0,
            0.0,
            0.0,
            0.0,
            0.0
        ],
        "mass_diff": [
            0.0,
            0.0,
            0.0,
            0.0,
            0.0,
            0.0,
            0.0,
            0.0,
            0.0,
            0.0,
            0.0,
            0.0,
            0.0,
            0.0,
            0.0,
            0.0,
            0.0
        ],
        "formula": [
            "C11H11N3O2S",
            "C11H11N3O2S",
            "C11H11N3O2S",
            "C11H11N3O2S",
            "C11H11N3O2S",
            "C11H11N3O2S",
            "C11H11N3O2S",
            "C11H11N3O2S",
            "C11H11N3O2S",
            "C11H11N3O2S",
            "C11H11N3O2S",
            "C11H11N3O2S",
            "C11H11N3O2S",
            "C11H11N3O2S",
            "C11H11N3O2S",
            "C11H11N3O2S",
            "C11H11N3O2S"
        ],
        "ions": [
            "[M+H]+",
            "[M+H]+",
            "[M+H]+",
            "[M+H]+",
            "[M+H]+",
            "[M+H]+",
            "[M+H]+",
            "[M+H]+",
            "[M+H]+",
            "[M+H]+",
            "[M+H]+",
            "[M+H]+",
            "[M+H]+",
            "[M+H]+",
            "[M+H]+",
            "[M+H]+",
            "[M+H]+"
        ]
    }
}