{
    "cand_form": "C11H11N3O2S",
    "cand_ion": "[M+H]+",
    "output_tbl": {
        "mz": [
            0.0,
            53.0386,
            57.9348,
            65.0386,
            67.0417,
            78.0338,
            80.0495,
            92.0495,
            96.0444
        ],
        "ms2_inten": [
            0.06173712455110253,
            0.1406452012360179,
            0.09563946969649689,
            1.0,
            0.22054275711180835,
            0.12329709074085873,
            0.34172992081138653,
            0.04609071064231121,
            0.1787542078200432
        ],
        "mono_mass": [
            0.0,
            53.0386,
            57.9348,
            65.0386,
            67.0417,
            78.0338,
            80.0495,
            92.0495,
            96.0444
        ],
        "abs_mass_diff": [
            0.0,
            0.0,
            0.0,
            0.0,
            0.0,
            0.0,
            0.0,
            0.0,
            0.0
        ],
        "mass_diff": [
            0.0,
            0.0,
            0.0,
            0.0,
            0.0,
            0.0,
            0.0,
            0.0,
            0.0
        ],
        "formula": [
            "C11H11N3O2S",
            "C11H11N3O2S",
            "C11H11N3O2S",
            "C11H11N3O2S",
            "C11H11N3O2S",
            "C11H11N3O2S",
            "C11H11N3O2S",
            "C11H11N3O2S",
            "C11H11N3O2S"
        ],
        "ions": [
            "[M+H]+",
            "[M+H]+",
            "[M+H]+",
            "[M+H]+",
            "[M+H]+",
            "[M+H]+",
            "[M+H]+",
            "[M+H]+",
            "[M+H]+"
        ]
    }
}