{
    "cand_form": "C38H72N2O12",
    "cand_ion": "[M+H]+",
    "output_tbl": {
        "mz": [
            79.0544,
            82.0653,
            83.0491,
            83.116,
            84.0809,
            98.0966,
            101.7569,
            202.3951,
            227.7415,
            329.8257,
            539.3006
        ],
        "ms2_inten": [
            0.452788664200645,
            0.24126338791267393,
            1.0,
            0.16354040579317583,
            0.67870767615983,
            0.4144355377986948,
            0.14410697437894215,
            0.18311513100278878,
            0.7109890761013591,
            0.18105660411757465,
            0.15225480805856467
        ],
        "mono_mass": [
            79.0544,
            82.0653,
            83.0491,
            83.116,
            84.0809,
            98.0966,
            101.7569,
            202.3951,
            227.7415,
            329.8257,
            539.3006
        ],
        "abs_mass_diff": [
            0.0,
            0.0,
            0.0,
            0.0,
            0.0,
            0.0,
            0.0,
            0.0,
            0.0,
            0.0,
            0.0
        ],
        "mass_diff": [
            0.0,
            0.0,
            0.0,
            0.0,
            0.0,
            0.0,
            0.0,
            0.0,
            0.0,
            0.0,
            0.0
        ],
        "formula": [
            "C38H72N2O12",
            "C38H72N2O12",
            "C38H72N2O12",
            "C38H72N2O12",
            "C38H72N2O12",
            "C38H72N2O12",
            "C38H72N2O12",
            "C38H72N2O12",
            "C38H72N2O12",
            "C38H72N2O12",
            "C38H72N2O12"
        ],
        "ions": [
            "[M+H]+",
            "[M+H]+",
            "[M+H]+",
            "[M+H]+",
            "[M+H]+",
            "[M+H]+",
            "[M+H]+",
            "[M+H]+",
            "[M+H]+",
            "[M+H]+",
            "[M+H]+"
        ]
    }
}