{
    "cand_form": "C38H72N2O12",
    "cand_ion": "[M+H]+",
    "output_tbl": {
        "mz": [
            0.0,
            116.107,
            158.1176,
            398.2901,
            434.3112,
            573.4109,
            574.4129,
            591.4215,
            592.4235,
            749.5158,
            750.5181
        ],
        "ms2_inten": [
            0.2524183000490894,
            0.25541103024835204,
            0.4089020130300636,
            0.03846875241295529,
            0.06821818903387758,
            0.22743213070590793,
            0.04568360888844793,
            1.0,
            0.22868462669138095,
            0.1629752917582626,
            0.04386975878084501
        ],
        "mono_mass": [
            0.0,
            116.107,
            158.1176,
            398.2901,
            434.3112,
            573.4109,
            574.4129,
            591.4215,
            592.4235,
            749.5158,
            750.5181
        ],
        "abs_mass_diff": [
            0.0,
            0.0,
            0.0,
            0.0,
            0.0,
            0.0,
            0.0,
            0.0,
            0.0,
            0.0,
            0.0
        ],
        "mass_diff": [
            0.0,
            0.0,
            0.0,
            0.0,
            0.0,
            0.0,
            0.0,
            0.0,
            0.0,
            0.0,
            0.0
        ],
        "formula": [
            "C38H72N2O12",
            "C38H72N2O12",
            "C38H72N2O12",
            "C38H72N2O12",
            "C38H72N2O12",
            "C38H72N2O12",
            "C38H72N2O12",
            "C38H72N2O12",
            "C38H72N2O12",
            "C38H72N2O12",
            "C38H72N2O12"
        ],
        "ions": [
            "[M+H]+",
            "[M+H]+",
            "[M+H]+",
            "[M+H]+",
            "[M+H]+",
            "[M+H]+",
            "[M+H]+",
            "[M+H]+",
            "[M+H]+",
            "[M+H]+",
            "[M+H]+"
        ]
    }
}