{
    "cand_form": "C19H20F3N3O3",
    "cand_ion": "[M+H]+",
    "output_tbl": {
        "mz": [
            58.0651,
            84.0808,
            98.0964,
            254.0661,
            255.0728,
            295.1053,
            296.1081,
            332.1569,
            335.1366,
            350.1475,
            352.1631,
            353.1658,
            396.153
        ],
        "ms2_inten": [
            0.14930341723382093,
            0.049562375411628494,
            0.045954154615583546,
            0.05066943429409437,
            0.050073208820049314,
            1.0,
            0.10272642777627415,
            0.02907026993945843,
            0.03505220367728377,
            0.04225545586555081,
            0.33250783714205623,
            0.03928155384739402,
            0.08572955161367185
        ],
        "mono_mass": [
            58.0651,
            84.0808,
            98.0964,
            254.0661,
            255.0728,
            295.1053,
            296.1081,
            332.1569,
            335.1366,
            350.1475,
            352.1631,
            353.1658,
            396.153
        ],
        "abs_mass_diff": [
            0.0,
            0.0,
            0.0,
            0.0,
            0.0,
            0.0,
            0.0,
            0.0,
            0.0,
            0.0,
            0.0,
            0.0,
            0.0
        ],
        "mass_diff": [
            0.0,
            0.0,
            0.0,
            0.0,
            0.0,
            0.0,
            0.0,
            0.0,
            0.0,
            0.0,
            0.0,
            0.0,
            0.0
        ],
        "formula": [
            "C19H20F3N3O3",
            "C19H20F3N3O3",
            "C19H20F3N3O3",
            "C19H20F3N3O3",
            "C19H20F3N3O3",
            "C19H20F3N3O3",
            "C19H20F3N3O3",
            "C19H20F3N3O3",
            "C19H20F3N3O3",
            "C19H20F3N3O3",
            "C19H20F3N3O3",
            "C19H20F3N3O3",
            "C19H20F3N3O3"
        ],
        "ions": [
            "[M+H]+",
            "[M+H]+",
            "[M+H]+",
            "[M+H]+",
            "[M+H]+",
            "[M+H]+",
            "[M+H]+",
            "[M+H]+",
            "[M+H]+",
            "[M+H]+",
            "[M+H]+",
            "[M+H]+",
            "[M+H]+"
        ]
    }
}