{
    "cand_form": "C19H20F3N3O3",
    "cand_ion": "[M+H]+",
    "output_tbl": {
        "mz": [
            56.0495,
            58.0651,
            70.0651,
            84.0808,
            98.0964,
            199.0239,
            205.0572,
            206.065,
            211.0478,
            212.0318,
            214.0548,
            224.0318,
            225.0259,
            225.0634,
            226.0474,
            226.0712,
            227.0553,
            233.0521,
            234.0599,
            235.0677,
            238.0474,
            239.0427,
            253.0583,
            254.0661,
            255.0728,
            267.0376,
            267.074,
            295.1053,
            296.1081,
            335.1264
        ],
        "ms2_inten": [
            0.0556022195418392,
            1.0,
            0.08969464248676745,
            0.1963207174527402,
            0.09783104778713282,
            0.06774946245220403,
            0.05867488831083415,
            0.09977251787663499,
            0.06401259573500317,
            0.08391918424095478,
            0.14791620611102418,
            0.069781069219784,
            0.10363012117738653,
            0.04908064403566267,
            0.2279077046590254,
            0.28526302095923306,
            0.4176729401885913,
            0.3158611460028512,
            0.29486632390207335,
            0.12979270774904844,
            0.09990814354462614,
            0.10184761798811921,
            0.22058775335826625,
            0.42910914616500717,
            0.2687231459661078,
            0.39532606791664676,
            0.1389100904538293,
            0.7631355817050836,
            0.0851234979119771,
            0.07684671261048126
        ],
        "mono_mass": [
            56.0495,
            58.0651,
            70.0651,
            84.0808,
            98.0964,
            199.0239,
            205.0572,
            206.065,
            211.0478,
            212.0318,
            214.0548,
            224.0318,
            225.0259,
            225.0634,
            226.0474,
            226.0712,
            227.0553,
            233.0521,
            234.0599,
            235.0677,
            238.0474,
            239.0427,
            253.0583,
            254.0661,
            255.0728,
            267.0376,
            267.074,
            295.1053,
            296.1081,
            335.1264
        ],
        "abs_mass_diff": [
            0.0,
            0.0,
            0.0,
            0.0,
            0.0,
            0.0,
            0.0,
            0.0,
            0.0,
            0.0,
            0.0,
            0.0,
            0.0,
            0.0,
            0.0,
            0.0,
            0.0,
            0.0,
            0.0,
            0.0,
            0.0,
            0.0,
            0.0,
            0.0,
            0.0,
            0.0,
            0.0,
            0.0,
            0.0,
            0.0
        ],
        "mass_diff": [
            0.0,
            0.0,
            0.0,
            0.0,
            0.0,
            0.0,
            0.0,
            0.0,
            0.0,
            0.0,
            0.0,
            0.0,
            0.0,
            0.0,
            0.0,
            0.0,
            0.0,
            0.0,
            0.0,
            0.0,
            0.0,
            0.0,
            0.0,
            0.0,
            0.0,
            0.0,
            0.0,
            0.0,
            0.0,
            0.0
        ],
        "formula": [
            "C19H20F3N3O3",
            "C19H20F3N3O3",
            "C19H20F3N3O3",
            "C19H20F3N3O3",
            "C19H20F3N3O3",
            "C19H20F3N3O3",
            "C19H20F3N3O3",
            "C19H20F3N3O3",
            "C19H20F3N3O3",
            "C19H20F3N3O3",
            "C19H20F3N3O3",
            "C19H20F3N3O3",
            "C19H20F3N3O3",
            "C19H20F3N3O3",
            "C19H20F3N3O3",
            "C19H20F3N3O3",
            "C19H20F3N3O3",
            "C19H20F3N3O3",
            "C19H20F3N3O3",
            "C19H20F3N3O3",
            "C19H20F3N3O3",
            "C19H20F3N3O3",
            "C19H20F3N3O3",
            "C19H20F3N3O3",
            "C19H20F3N3O3",
            "C19H20F3N3O3",
            "C19H20F3N3O3",
            "C19H20F3N3O3",
            "C19H20F3N3O3",
            "C19H20F3N3O3"
        ],
        "ions": [
            "[M+H]+",
            "[M+H]+",
            "[M+H]+",
            "[M+H]+",
            "[M+H]+",
            "[M+H]+",
            "[M+H]+",
            "[M+H]+",
            "[M+H]+",
            "[M+H]+",
            "[M+H]+",
            "[M+H]+",
            "[M+H]+",
            "[M+H]+",
            "[M+H]+",
            "[M+H]+",
            "[M+H]+",
            "[M+H]+",
            "[M+H]+",
            "[M+H]+",
            "[M+H]+",
            "[M+H]+",
            "[M+H]+",
            "[M+H]+",
            "[M+H]+",
            "[M+H]+",
            "[M+H]+",
            "[M+H]+",
            "[M+H]+",
            "[M+H]+"
        ]
    }
}