{
    "cand_form": "C18H19N3O3S",
    "cand_ion": "[M+H]+",
    "output_tbl": {
        "mz": [
            107.073,
            135.0917,
            136.0968,
            358.122,
            359.1248
        ],
        "ms2_inten": [
            0.01878970178068603,
            1.0,
            0.04921200792589891,
            0.4738885725597306,
            0.0541324465860917
        ],
        "mono_mass": [
            107.073,
            135.0917,
            136.0968,
            358.122,
            359.1248
        ],
        "abs_mass_diff": [
            0.0,
            0.0,
            0.0,
            0.0,
            0.0
        ],
        "mass_diff": [
            0.0,
            0.0,
            0.0,
            0.0,
            0.0
        ],
        "formula": [
            "C18H19N3O3S",
            "C18H19N3O3S",
            "C18H19N3O3S",
            "C18H19N3O3S",
            "C18H19N3O3S"
        ],
        "ions": [
            "[M+H]+",
            "[M+H]+",
            "[M+H]+",
            "[M+H]+",
            "[M+H]+"
        ]
    }
}