{
    "cand_form": "C8H10N2O3S",
    "cand_ion": "[M-H]-",
    "output_tbl": {
        "mz": [
            58.0298,
            63.9624,
            79.9574,
            79.9812,
            92.0506,
            105.9604,
            107.0377,
            107.0615,
            108.0455,
            120.9839,
            121.9917,
            131.0615,
            155.0046,
            156.0125,
            171.0234,
            172.0074,
            172.0264,
            195.0234,
            213.0339,
            214.0355
        ],
        "ms2_inten": [
            0.38541731923811334,
            0.1041043390223017,
            0.1469013079228881,
            0.07025245811339857,
            0.046579163906875345,
            0.03444556560124983,
            0.08228840102135715,
            0.03584430122083793,
            0.43284877377986514,
            0.10423266325761726,
            0.08207481596272997,
            0.03368219035141397,
            0.06566416337835308,
            0.3643144435921282,
            1.0,
            0.03395393079946508,
            0.04147663010327034,
            0.46784906955837846,
            0.4993292616107613,
            0.037686052442985056
        ],
        "mono_mass": [
            58.0298,
            63.9624,
            79.9574,
            79.9812,
            92.0506,
            105.9604,
            107.0377,
            107.0615,
            108.0455,
            120.9839,
            121.9917,
            131.0615,
            155.0046,
            156.0125,
            171.0234,
            172.0074,
            172.0264,
            195.0234,
            213.0339,
            214.0355
        ],
        "abs_mass_diff": [
            0.0,
            0.0,
            0.0,
            0.0,
            0.0,
            0.0,
            0.0,
            0.0,
            0.0,
            0.0,
            0.0,
            0.0,
            0.0,
            0.0,
            0.0,
            0.0,
            0.0,
            0.0,
            0.0,
            0.0
        ],
        "mass_diff": [
            0.0,
            0.0,
            0.0,
            0.0,
            0.0,
            0.0,
            0.0,
            0.0,
            0.0,
            0.0,
            0.0,
            0.0,
            0.0,
            0.0,
            0.0,
            0.0,
            0.0,
            0.0,
            0.0,
            0.0
        ],
        "formula": [
            "C8H10N2O3S",
            "C8H10N2O3S",
            "C8H10N2O3S",
            "C8H10N2O3S",
            "C8H10N2O3S",
            "C8H10N2O3S",
            "C8H10N2O3S",
            "C8H10N2O3S",
            "C8H10N2O3S",
            "C8H10N2O3S",
            "C8H10N2O3S",
            "C8H10N2O3S",
            "C8H10N2O3S",
            "C8H10N2O3S",
            "C8H10N2O3S",
            "C8H10N2O3S",
            "C8H10N2O3S",
            "C8H10N2O3S",
            "C8H10N2O3S",
            "C8H10N2O3S"
        ],
        "ions": [
            "[M-H]-",
            "[M-H]-",
            "[M-H]-",
            "[M-H]-",
            "[M-H]-",
            "[M-H]-",
            "[M-H]-",
            "[M-H]-",
            "[M-H]-",
            "[M-H]-",
            "[M-H]-",
            "[M-H]-",
            "[M-H]-",
            "[M-H]-",
            "[M-H]-",
            "[M-H]-",
            "[M-H]-",
            "[M-H]-",
            "[M-H]-",
            "[M-H]-"
        ]
    }
}