{
    "cand_form": "C19H18ClN3O5S",
    "cand_ion": "[M-H]-",
    "output_tbl": {
        "mz": [
            55.5422,
            115.0086,
            176.267,
            222.3019,
            227.7124,
            227.7365,
            241.2962,
            248.7004,
            434.2157
        ],
        "ms2_inten": [
            0.05890432516801466,
            1.0,
            0.05851911230031272,
            0.060413038711092194,
            0.10378663659264255,
            0.0704536349581046,
            0.05348834723704118,
            0.06649779512439627,
            0.06920998560795782
        ],
        "mono_mass": [
            55.5422,
            115.0086,
            176.267,
            222.3019,
            227.7124,
            227.7365,
            241.2962,
            248.7004,
            434.2157
        ],
        "abs_mass_diff": [
            0.0,
            0.0,
            0.0,
            0.0,
            0.0,
            0.0,
            0.0,
            0.0,
            0.0
        ],
        "mass_diff": [
            0.0,
            0.0,
            0.0,
            0.0,
            0.0,
            0.0,
            0.0,
            0.0,
            0.0
        ],
        "formula": [
            "C19H18ClN3O5S",
            "C19H18ClN3O5S",
            "C19H18ClN3O5S",
            "C19H18ClN3O5S",
            "C19H18ClN3O5S",
            "C19H18ClN3O5S",
            "C19H18ClN3O5S",
            "C19H18ClN3O5S",
            "C19H18ClN3O5S"
        ],
        "ions": [
            "[M-H]-",
            "[M-H]-",
            "[M-H]-",
            "[M-H]-",
            "[M-H]-",
            "[M-H]-",
            "[M-H]-",
            "[M-H]-",
            "[M-H]-"
        ]
    }
}