{
    "cand_form": "C19H18ClN3O5S",
    "cand_ion": "[M-H]-",
    "output_tbl": {
        "mz": [
            57.9757,
            76.9694,
            92.0525,
            100.1012,
            183.2003,
            227.724,
            249.4885
        ],
        "ms2_inten": [
            0.9368926001880469,
            0.43590919568363445,
            0.3563971987823686,
            0.3462423492080089,
            0.34620115949054653,
            1.0,
            0.4375243078741274
        ],
        "mono_mass": [
            57.9757,
            76.9694,
            92.0525,
            100.1012,
            183.2003,
            227.724,
            249.4885
        ],
        "abs_mass_diff": [
            0.0,
            0.0,
            0.0,
            0.0,
            0.0,
            0.0,
            0.0
        ],
        "mass_diff": [
            0.0,
            0.0,
            0.0,
            0.0,
            0.0,
            0.0,
            0.0
        ],
        "formula": [
            "C19H18ClN3O5S",
            "C19H18ClN3O5S",
            "C19H18ClN3O5S",
            "C19H18ClN3O5S",
            "C19H18ClN3O5S",
            "C19H18ClN3O5S",
            "C19H18ClN3O5S"
        ],
        "ions": [
            "[M-H]-",
            "[M-H]-",
            "[M-H]-",
            "[M-H]-",
            "[M-H]-",
            "[M-H]-",
            "[M-H]-"
        ]
    }
}