{
    "cand_form": "C12H19NO3",
    "cand_ion": "[M+H]+",
    "output_tbl": {
        "mz": [
            57.0699,
            152.0705,
            153.0741,
            170.0811,
            208.1334,
            226.1438,
            227.147
        ],
        "ms2_inten": [
            0.025992033639816753,
            1.0,
            0.04322498570445277,
            0.18922384988992738,
            0.03224537718427799,
            0.37516705190727756,
            0.028861048999569486
        ],
        "mono_mass": [
            57.0699,
            152.0705,
            153.0741,
            170.0811,
            208.1334,
            226.1438,
            227.147
        ],
        "abs_mass_diff": [
            0.0,
            0.0,
            0.0,
            0.0,
            0.0,
            0.0,
            0.0
        ],
        "mass_diff": [
            0.0,
            0.0,
            0.0,
            0.0,
            0.0,
            0.0,
            0.0
        ],
        "formula": [
            "C12H19NO3",
            "C12H19NO3",
            "C12H19NO3",
            "C12H19NO3",
            "C12H19NO3",
            "C12H19NO3",
            "C12H19NO3"
        ],
        "ions": [
            "[M+H]+",
            "[M+H]+",
            "[M+H]+",
            "[M+H]+",
            "[M+H]+",
            "[M+H]+",
            "[M+H]+"
        ]
    }
}