{
    "cand_form": "C12H19NO3",
    "cand_ion": "[M+H]+",
    "output_tbl": {
        "mz": [
            57.0699,
            68.9976,
            107.0492,
            125.0597,
            152.0705,
            170.0814,
            226.1438
        ],
        "ms2_inten": [
            0.20631538511787179,
            0.038047681864905536,
            0.27007992222452887,
            0.3026568811539861,
            1.0,
            0.059720469444090686,
            0.3606671014448087
        ],
        "mono_mass": [
            57.0699,
            68.9976,
            107.0492,
            125.0597,
            152.0705,
            170.0814,
            226.1438
        ],
        "abs_mass_diff": [
            0.0,
            0.0,
            0.0,
            0.0,
            0.0,
            0.0,
            0.0
        ],
        "mass_diff": [
            0.0,
            0.0,
            0.0,
            0.0,
            0.0,
            0.0,
            0.0
        ],
        "formula": [
            "C12H19NO3",
            "C12H19NO3",
            "C12H19NO3",
            "C12H19NO3",
            "C12H19NO3",
            "C12H19NO3",
            "C12H19NO3"
        ],
        "ions": [
            "[M+H]+",
            "[M+H]+",
            "[M+H]+",
            "[M+H]+",
            "[M+H]+",
            "[M+H]+",
            "[M+H]+"
        ]
    }
}