{
    "cand_form": "C14H18N4O3",
    "cand_ion": "[M+H]+",
    "output_tbl": {
        "mz": [
            52.0182,
            54.0338,
            65.0386,
            68.0369,
            77.0386,
            81.0447,
            83.0478,
            89.0386,
            91.0542,
            95.0491,
            103.0542,
            104.0495,
            105.0447,
            106.04,
            109.0509,
            110.0587,
            115.0542,
            116.0495,
            117.0573,
            119.0604,
            123.0665,
            124.0743,
            128.0495,
            129.0447,
            135.0665,
            140.0495,
            144.0556,
            147.0665,
            161.0822
        ],
        "ms2_inten": [
            0.1044363794421141,
            0.4793786482492916,
            0.11915568017680912,
            0.28198622884606567,
            0.15702570367506344,
            1.0,
            0.13787918597628226,
            0.11741459996469306,
            0.1707433340084253,
            0.16016129282637176,
            0.09261146869324219,
            0.1398848300338665,
            0.10911258620509148,
            0.07718550191282071,
            0.10589781995838977,
            0.22926764074855063,
            0.2436725941184689,
            0.12830090184343426,
            0.07556508626556097,
            0.12288606505503803,
            0.21264153375116834,
            0.08141583751294677,
            0.13178749549186586,
            0.08704411888405494,
            0.2379587024227137,
            0.08637156122777205,
            0.15262505717523475,
            0.08705149074383942,
            0.5219748280952335
        ],
        "mono_mass": [
            52.0182,
            54.0338,
            65.0386,
            68.0369,
            77.0386,
            81.0447,
            83.0478,
            89.0386,
            91.0542,
            95.0491,
            103.0542,
            104.0495,
            105.0447,
            106.04,
            109.0509,
            110.0587,
            115.0542,
            116.0495,
            117.0573,
            119.0604,
            123.0665,
            124.0743,
            128.0495,
            129.0447,
            135.0665,
            140.0495,
            144.0556,
            147.0665,
            161.0822
        ],
        "abs_mass_diff": [
            0.0,
            0.0,
            0.0,
            0.0,
            0.0,
            0.0,
            0.0,
            0.0,
            0.0,
            0.0,
            0.0,
            0.0,
            0.0,
            0.0,
            0.0,
            0.0,
            0.0,
            0.0,
            0.0,
            0.0,
            0.0,
            0.0,
            0.0,
            0.0,
            0.0,
            0.0,
            0.0,
            0.0,
            0.0
        ],
        "mass_diff": [
            0.0,
            0.0,
            0.0,
            0.0,
            0.0,
            0.0,
            0.0,
            0.0,
            0.0,
            0.0,
            0.0,
            0.0,
            0.0,
            0.0,
            0.0,
            0.0,
            0.0,
            0.0,
            0.0,
            0.0,
            0.0,
            0.0,
            0.0,
            0.0,
            0.0,
            0.0,
            0.0,
            0.0,
            0.0
        ],
        "formula": [
            "C14H18N4O3",
            "C14H18N4O3",
            "C14H18N4O3",
            "C14H18N4O3",
            "C14H18N4O3",
            "C14H18N4O3",
            "C14H18N4O3",
            "C14H18N4O3",
            "C14H18N4O3",
            "C14H18N4O3",
            "C14H18N4O3",
            "C14H18N4O3",
            "C14H18N4O3",
            "C14H18N4O3",
            "C14H18N4O3",
            "C14H18N4O3",
            "C14H18N4O3",
            "C14H18N4O3",
            "C14H18N4O3",
            "C14H18N4O3",
            "C14H18N4O3",
            "C14H18N4O3",
            "C14H18N4O3",
            "C14H18N4O3",
            "C14H18N4O3",
            "C14H18N4O3",
            "C14H18N4O3",
            "C14H18N4O3",
            "C14H18N4O3"
        ],
        "ions": [
            "[M+H]+",
            "[M+H]+",
            "[M+H]+",
            "[M+H]+",
            "[M+H]+",
            "[M+H]+",
            "[M+H]+",
            "[M+H]+",
            "[M+H]+",
            "[M+H]+",
            "[M+H]+",
            "[M+H]+",
            "[M+H]+",
            "[M+H]+",
            "[M+H]+",
            "[M+H]+",
            "[M+H]+",
            "[M+H]+",
            "[M+H]+",
            "[M+H]+",
            "[M+H]+",
            "[M+H]+",
            "[M+H]+",
            "[M+H]+",
            "[M+H]+",
            "[M+H]+",
            "[M+H]+",
            "[M+H]+",
            "[M+H]+"
        ]
    }
}