{
    "cand_form": "C10H17N",
    "cand_ion": "[M+H]+",
    "output_tbl": {
        "mz": [
            67.0542,
            79.0542,
            81.0699,
            93.0699,
            107.0855,
            135.1168,
            136.1202,
            152.1434,
            153.1468
        ],
        "ms2_inten": [
            0.012126868289627751,
            0.03296590495872134,
            0.012023987014336802,
            0.04639869890531892,
            0.03254247217922253,
            1.0,
            0.06605373607358325,
            0.7589091999569817,
            0.05489823933051884
        ],
        "mono_mass": [
            67.0542,
            79.0542,
            81.0699,
            93.0699,
            107.0855,
            135.1168,
            136.1202,
            152.1434,
            153.1468
        ],
        "abs_mass_diff": [
            0.0,
            0.0,
            0.0,
            0.0,
            0.0,
            0.0,
            0.0,
            0.0,
            0.0
        ],
        "mass_diff": [
            0.0,
            0.0,
            0.0,
            0.0,
            0.0,
            0.0,
            0.0,
            0.0,
            0.0
        ],
        "formula": [
            "C10H17N",
            "C10H17N",
            "C10H17N",
            "C10H17N",
            "C10H17N",
            "C10H17N",
            "C10H17N",
            "C10H17N",
            "C10H17N"
        ],
        "ions": [
            "[M+H]+",
            "[M+H]+",
            "[M+H]+",
            "[M+H]+",
            "[M+H]+",
            "[M+H]+",
            "[M+H]+",
            "[M+H]+",
            "[M+H]+"
        ]
    }
}