{
    "cand_form": "C12H18Cl2N2O",
    "cand_ion": "[M+H]+",
    "output_tbl": {
        "mz": [
            0.0,
            57.0699,
            63.0229,
            75.0229,
            77.0386,
            78.0464,
            79.0542,
            80.0495,
            89.0386,
            90.0338,
            95.0491,
            96.0444,
            104.0495,
            105.0447,
            105.0573,
            106.0651,
            117.0573,
            131.0604,
            132.0682,
            134.06,
            140.0262
        ],
        "ms2_inten": [
            0.11457534039104779,
            0.06854363197237201,
            0.0783900646496467,
            0.07736099726730383,
            0.2671030844674319,
            0.1544834696394268,
            0.13538946373159894,
            0.06981449320915382,
            0.22010336230912697,
            0.08280505951358591,
            0.28247931640436724,
            0.060617640932187536,
            1.0,
            0.09264500883767351,
            0.23418947640861304,
            0.2647223594774493,
            0.13745367508974624,
            0.3896711989009273,
            0.3750977916106729,
            0.058806607740311184,
            0.6878288357852603
        ],
        "mono_mass": [
            0.0,
            57.0699,
            63.0229,
            75.0229,
            77.0386,
            78.0464,
            79.0542,
            80.0495,
            89.0386,
            90.0338,
            95.0491,
            96.0444,
            104.0495,
            105.0447,
            105.0573,
            106.0651,
            117.0573,
            131.0604,
            132.0682,
            134.06,
            140.0262
        ],
        "abs_mass_diff": [
            0.0,
            0.0,
            0.0,
            0.0,
            0.0,
            0.0,
            0.0,
            0.0,
            0.0,
            0.0,
            0.0,
            0.0,
            0.0,
            0.0,
            0.0,
            0.0,
            0.0,
            0.0,
            0.0,
            0.0,
            0.0
        ],
        "mass_diff": [
            0.0,
            0.0,
            0.0,
            0.0,
            0.0,
            0.0,
            0.0,
            0.0,
            0.0,
            0.0,
            0.0,
            0.0,
            0.0,
            0.0,
            0.0,
            0.0,
            0.0,
            0.0,
            0.0,
            0.0,
            0.0
        ],
        "formula": [
            "C12H18Cl2N2O",
            "C12H18Cl2N2O",
            "C12H18Cl2N2O",
            "C12H18Cl2N2O",
            "C12H18Cl2N2O",
            "C12H18Cl2N2O",
            "C12H18Cl2N2O",
            "C12H18Cl2N2O",
            "C12H18Cl2N2O",
            "C12H18Cl2N2O",
            "C12H18Cl2N2O",
            "C12H18Cl2N2O",
            "C12H18Cl2N2O",
            "C12H18Cl2N2O",
            "C12H18Cl2N2O",
            "C12H18Cl2N2O",
            "C12H18Cl2N2O",
            "C12H18Cl2N2O",
            "C12H18Cl2N2O",
            "C12H18Cl2N2O",
            "C12H18Cl2N2O"
        ],
        "ions": [
            "[M+H]+",
            "[M+H]+",
            "[M+H]+",
            "[M+H]+",
            "[M+H]+",
            "[M+H]+",
            "[M+H]+",
            "[M+H]+",
            "[M+H]+",
            "[M+H]+",
            "[M+H]+",
            "[M+H]+",
            "[M+H]+",
            "[M+H]+",
            "[M+H]+",
            "[M+H]+",
            "[M+H]+",
            "[M+H]+",
            "[M+H]+",
            "[M+H]+",
            "[M+H]+"
        ]
    }
}