{
    "cand_form": "C18H23NO3",
    "cand_ion": "[M+H]+",
    "output_tbl": {
        "mz": [
            0.0,
            51.0229,
            53.0386,
            55.0178,
            58.0651,
            65.0386,
            77.0386,
            79.0542,
            89.0386,
            91.0542,
            94.0413,
            95.0491,
            103.0542,
            104.0495,
            105.0448,
            105.0699,
            107.0491,
            115.0542
        ],
        "ms2_inten": [
            0.04722455343379739,
            0.43805047434821115,
            0.05781108430401746,
            0.0707103830765567,
            0.059795554829581196,
            0.2287547651264483,
            1.0,
            0.5147216464705996,
            0.05280800259192466,
            0.19726750119381087,
            0.10913889385543643,
            0.9668937347677213,
            0.1994698719415571,
            0.03878507210323355,
            0.38186144239822684,
            0.08627791230376926,
            0.41277454890872073,
            0.11786994218448137
        ],
        "mono_mass": [
            0.0,
            51.0229,
            53.0386,
            55.0178,
            58.0651,
            65.0386,
            77.0386,
            79.0542,
            89.0386,
            91.0542,
            94.0413,
            95.0491,
            103.0542,
            104.0495,
            105.0448,
            105.0699,
            107.0491,
            115.0542
        ],
        "abs_mass_diff": [
            0.0,
            0.0,
            0.0,
            0.0,
            0.0,
            0.0,
            0.0,
            0.0,
            0.0,
            0.0,
            0.0,
            0.0,
            0.0,
            0.0,
            0.0,
            0.0,
            0.0,
            0.0
        ],
        "mass_diff": [
            0.0,
            0.0,
            0.0,
            0.0,
            0.0,
            0.0,
            0.0,
            0.0,
            0.0,
            0.0,
            0.0,
            0.0,
            0.0,
            0.0,
            0.0,
            0.0,
            0.0,
            0.0
        ],
        "formula": [
            "C18H23NO3",
            "C18H23NO3",
            "C18H23NO3",
            "C18H23NO3",
            "C18H23NO3",
            "C18H23NO3",
            "C18H23NO3",
            "C18H23NO3",
            "C18H23NO3",
            "C18H23NO3",
            "C18H23NO3",
            "C18H23NO3",
            "C18H23NO3",
            "C18H23NO3",
            "C18H23NO3",
            "C18H23NO3",
            "C18H23NO3",
            "C18H23NO3"
        ],
        "ions": [
            "[M+H]+",
            "[M+H]+",
            "[M+H]+",
            "[M+H]+",
            "[M+H]+",
            "[M+H]+",
            "[M+H]+",
            "[M+H]+",
            "[M+H]+",
            "[M+H]+",
            "[M+H]+",
            "[M+H]+",
            "[M+H]+",
            "[M+H]+",
            "[M+H]+",
            "[M+H]+",
            "[M+H]+",
            "[M+H]+"
        ]
    }
}