{
    "cand_form": "C16H19N3O4S",
    "cand_ion": "[M+H]+",
    "output_tbl": {
        "mz": [
            68.0495,
            91.0542,
            108.0808
        ],
        "ms2_inten": [
            0.32151507128123585,
            1.0,
            0.10210055462581707
        ],
        "mono_mass": [
            68.0495,
            91.0542,
            108.0808
        ],
        "abs_mass_diff": [
            0.0,
            0.0,
            0.0
        ],
        "mass_diff": [
            0.0,
            0.0,
            0.0
        ],
        "formula": [
            "C16H19N3O4S",
            "C16H19N3O4S",
            "C16H19N3O4S"
        ],
        "ions": [
            "[M+H]+",
            "[M+H]+",
            "[M+H]+"
        ]
    }
}