{
    "cand_form": "C16H19N3O4S",
    "cand_ion": "[M+H]+",
    "output_tbl": {
        "mz": [
            0.0,
            57.9872,
            58.995,
            65.0386,
            68.0495,
            73.0522,
            77.0386,
            79.0542,
            81.0699,
            91.0542,
            92.058,
            95.0491,
            103.0542
        ],
        "ms2_inten": [
            0.047125114871678545,
            0.042258731448147915,
            0.07459553019090602,
            0.47539241352571754,
            0.1319134654206233,
            0.04982189286266581,
            0.069129918876537,
            0.09098085300611199,
            0.03482101762534026,
            1.0,
            0.0404254735468819,
            0.07530986936075564,
            0.04013828275695491
        ],
        "mono_mass": [
            0.0,
            57.9872,
            58.995,
            65.0386,
            68.0495,
            73.0522,
            77.0386,
            79.0542,
            81.0699,
            91.0542,
            92.058,
            95.0491,
            103.0542
        ],
        "abs_mass_diff": [
            0.0,
            0.0,
            0.0,
            0.0,
            0.0,
            0.0,
            0.0,
            0.0,
            0.0,
            0.0,
            0.0,
            0.0,
            0.0
        ],
        "mass_diff": [
            0.0,
            0.0,
            0.0,
            0.0,
            0.0,
            0.0,
            0.0,
            0.0,
            0.0,
            0.0,
            0.0,
            0.0,
            0.0
        ],
        "formula": [
            "C16H19N3O4S",
            "C16H19N3O4S",
            "C16H19N3O4S",
            "C16H19N3O4S",
            "C16H19N3O4S",
            "C16H19N3O4S",
            "C16H19N3O4S",
            "C16H19N3O4S",
            "C16H19N3O4S",
            "C16H19N3O4S",
            "C16H19N3O4S",
            "C16H19N3O4S",
            "C16H19N3O4S"
        ],
        "ions": [
            "[M+H]+",
            "[M+H]+",
            "[M+H]+",
            "[M+H]+",
            "[M+H]+",
            "[M+H]+",
            "[M+H]+",
            "[M+H]+",
            "[M+H]+",
            "[M+H]+",
            "[M+H]+",
            "[M+H]+",
            "[M+H]+"
        ]
    }
}