{
    "cand_form": "C16H19N3O4S",
    "cand_ion": "[M+H]+",
    "output_tbl": {
        "mz": [
            0.0,
            57.9872,
            58.995,
            63.0229,
            65.0386,
            68.0495,
            73.0522,
            77.0386,
            79.0542,
            89.0386,
            91.0542,
            92.058,
            95.0491,
            105.0447
        ],
        "ms2_inten": [
            0.09082392644344511,
            0.05021422472400622,
            0.11069713892360364,
            0.0633133658567697,
            0.7726388683471603,
            0.07179682547362506,
            0.04097529622699914,
            0.11967318949785874,
            0.055479403625815174,
            0.05231556566972236,
            1.0,
            0.04349977540025215,
            0.10923589351387818,
            0.05019461829314088
        ],
        "mono_mass": [
            0.0,
            57.9872,
            58.995,
            63.0229,
            65.0386,
            68.0495,
            73.0522,
            77.0386,
            79.0542,
            89.0386,
            91.0542,
            92.058,
            95.0491,
            105.0447
        ],
        "abs_mass_diff": [
            0.0,
            0.0,
            0.0,
            0.0,
            0.0,
            0.0,
            0.0,
            0.0,
            0.0,
            0.0,
            0.0,
            0.0,
            0.0,
            0.0
        ],
        "mass_diff": [
            0.0,
            0.0,
            0.0,
            0.0,
            0.0,
            0.0,
            0.0,
            0.0,
            0.0,
            0.0,
            0.0,
            0.0,
            0.0,
            0.0
        ],
        "formula": [
            "C16H19N3O4S",
            "C16H19N3O4S",
            "C16H19N3O4S",
            "C16H19N3O4S",
            "C16H19N3O4S",
            "C16H19N3O4S",
            "C16H19N3O4S",
            "C16H19N3O4S",
            "C16H19N3O4S",
            "C16H19N3O4S",
            "C16H19N3O4S",
            "C16H19N3O4S",
            "C16H19N3O4S",
            "C16H19N3O4S"
        ],
        "ions": [
            "[M+H]+",
            "[M+H]+",
            "[M+H]+",
            "[M+H]+",
            "[M+H]+",
            "[M+H]+",
            "[M+H]+",
            "[M+H]+",
            "[M+H]+",
            "[M+H]+",
            "[M+H]+",
            "[M+H]+",
            "[M+H]+",
            "[M+H]+"
        ]
    }
}