{
    "cand_form": "C35H59NO13",
    "cand_ion": "[M+H]+",
    "output_tbl": {
        "mz": [
            0.0,
            88.0757,
            98.0964,
            100.0757,
            101.0597,
            116.0706,
            127.0754,
            132.1019,
            145.0859,
            156.1019,
            158.1176,
            174.1125,
            175.1117,
            227.7456,
            339.1438,
            340.1517,
            361.0886,
            362.0929,
            439.242,
            453.2636,
            453.339,
            454.2647,
            558.3273
        ],
        "ms2_inten": [
            0.04347381800255465,
            0.054165541854813426,
            0.04960109997936751,
            0.027947413930236992,
            0.04975160689282604,
            0.04221709472517053,
            0.03357951619177819,
            0.05143024092761147,
            0.03437186673617662,
            0.07927968991417829,
            0.06994800927989467,
            1.0,
            0.06161427957178924,
            0.06184901743681497,
            0.36880881243493285,
            0.03423395981547311,
            0.06029638332957959,
            0.030021467237656335,
            0.03483519996976001,
            0.4282108167787803,
            0.02932027764084036,
            0.09073018533014343,
            0.03836990743730322
        ],
        "mono_mass": [
            0.0,
            88.0757,
            98.0964,
            100.0757,
            101.0597,
            116.0706,
            127.0754,
            132.1019,
            145.0859,
            156.1019,
            158.1176,
            174.1125,
            175.1117,
            227.7456,
            339.1438,
            340.1517,
            361.0886,
            362.0929,
            439.242,
            453.2636,
            453.339,
            454.2647,
            558.3273
        ],
        "abs_mass_diff": [
            0.0,
            0.0,
            0.0,
            0.0,
            0.0,
            0.0,
            0.0,
            0.0,
            0.0,
            0.0,
            0.0,
            0.0,
            0.0,
            0.0,
            0.0,
            0.0,
            0.0,
            0.0,
            0.0,
            0.0,
            0.0,
            0.0,
            0.0
        ],
        "mass_diff": [
            0.0,
            0.0,
            0.0,
            0.0,
            0.0,
            0.0,
            0.0,
            0.0,
            0.0,
            0.0,
            0.0,
            0.0,
            0.0,
            0.0,
            0.0,
            0.0,
            0.0,
            0.0,
            0.0,
            0.0,
            0.0,
            0.0,
            0.0
        ],
        "formula": [
            "C35H59NO13",
            "C35H59NO13",
            "C35H59NO13",
            "C35H59NO13",
            "C35H59NO13",
            "C35H59NO13",
            "C35H59NO13",
            "C35H59NO13",
            "C35H59NO13",
            "C35H59NO13",
            "C35H59NO13",
            "C35H59NO13",
            "C35H59NO13",
            "C35H59NO13",
            "C35H59NO13",
            "C35H59NO13",
            "C35H59NO13",
            "C35H59NO13",
            "C35H59NO13",
            "C35H59NO13",
            "C35H59NO13",
            "C35H59NO13",
            "C35H59NO13"
        ],
        "ions": [
            "[M+H]+",
            "[M+H]+",
            "[M+H]+",
            "[M+H]+",
            "[M+H]+",
            "[M+H]+",
            "[M+H]+",
            "[M+H]+",
            "[M+H]+",
            "[M+H]+",
            "[M+H]+",
            "[M+H]+",
            "[M+H]+",
            "[M+H]+",
            "[M+H]+",
            "[M+H]+",
            "[M+H]+",
            "[M+H]+",
            "[M+H]+",
            "[M+H]+",
            "[M+H]+",
            "[M+H]+",
            "[M+H]+"
        ]
    }
}