{
    "cand_form": "C35H59NO13",
    "cand_ion": "[M+H]+",
    "output_tbl": {
        "mz": [
            83.0491,
            84.0808,
            86.0964,
            88.0757,
            97.0759,
            98.0964,
            100.0757,
            110.0726,
            147.0077,
            165.0182,
            166.0988,
            186.0675,
            225.0784,
            226.0863,
            227.7405,
            254.0812,
            255.1254,
            283.1203,
            311.1152
        ],
        "ms2_inten": [
            0.29166160064046076,
            0.11775149702054906,
            0.09932475819170554,
            1.0,
            0.26662144241414676,
            0.2412664192197216,
            0.11504792552306099,
            0.14899953107554076,
            0.09413678129560894,
            0.5780720003777752,
            0.6289928980457192,
            0.09359349410847953,
            0.11787276788270644,
            0.15006884827665945,
            0.3090143157664201,
            0.1802667049043788,
            0.5823610354366637,
            0.180180262155286,
            0.23561814645096038
        ],
        "mono_mass": [
            83.0491,
            84.0808,
            86.0964,
            88.0757,
            97.0759,
            98.0964,
            100.0757,
            110.0726,
            147.0077,
            165.0182,
            166.0988,
            186.0675,
            225.0784,
            226.0863,
            227.7405,
            254.0812,
            255.1254,
            283.1203,
            311.1152
        ],
        "abs_mass_diff": [
            0.0,
            0.0,
            0.0,
            0.0,
            0.0,
            0.0,
            0.0,
            0.0,
            0.0,
            0.0,
            0.0,
            0.0,
            0.0,
            0.0,
            0.0,
            0.0,
            0.0,
            0.0,
            0.0
        ],
        "mass_diff": [
            0.0,
            0.0,
            0.0,
            0.0,
            0.0,
            0.0,
            0.0,
            0.0,
            0.0,
            0.0,
            0.0,
            0.0,
            0.0,
            0.0,
            0.0,
            0.0,
            0.0,
            0.0,
            0.0
        ],
        "formula": [
            "C35H59NO13",
            "C35H59NO13",
            "C35H59NO13",
            "C35H59NO13",
            "C35H59NO13",
            "C35H59NO13",
            "C35H59NO13",
            "C35H59NO13",
            "C35H59NO13",
            "C35H59NO13",
            "C35H59NO13",
            "C35H59NO13",
            "C35H59NO13",
            "C35H59NO13",
            "C35H59NO13",
            "C35H59NO13",
            "C35H59NO13",
            "C35H59NO13",
            "C35H59NO13"
        ],
        "ions": [
            "[M+H]+",
            "[M+H]+",
            "[M+H]+",
            "[M+H]+",
            "[M+H]+",
            "[M+H]+",
            "[M+H]+",
            "[M+H]+",
            "[M+H]+",
            "[M+H]+",
            "[M+H]+",
            "[M+H]+",
            "[M+H]+",
            "[M+H]+",
            "[M+H]+",
            "[M+H]+",
            "[M+H]+",
            "[M+H]+",
            "[M+H]+"
        ]
    }
}