{
    "cand_form": "C35H59NO13",
    "cand_ion": "[M+H]+",
    "output_tbl": {
        "mz": [
            0.0,
            83.0491,
            84.0808,
            86.0062,
            88.0757,
            97.0761,
            98.0964,
            100.0757,
            154.0624,
            165.0182,
            166.0988,
            186.0675,
            211.0601,
            212.0679,
            225.0784,
            226.0836,
            227.7298,
            295.5267
        ],
        "ms2_inten": [
            0.335946511845481,
            0.2188889928409257,
            0.24073833471472417,
            0.1656575266472262,
            1.0,
            0.39857266532876007,
            0.15822621515172677,
            0.1937301109373209,
            0.19152928526532587,
            0.28760635501260384,
            0.21708874853899804,
            0.15049894781505263,
            0.21223644315368226,
            0.20201213076346328,
            0.39607034946771436,
            0.2370466611411035,
            0.4455816797272884,
            0.15461623909436986
        ],
        "mono_mass": [
            0.0,
            83.0491,
            84.0808,
            86.0062,
            88.0757,
            97.0761,
            98.0964,
            100.0757,
            154.0624,
            165.0182,
            166.0988,
            186.0675,
            211.0601,
            212.0679,
            225.0784,
            226.0836,
            227.7298,
            295.5267
        ],
        "abs_mass_diff": [
            0.0,
            0.0,
            0.0,
            0.0,
            0.0,
            0.0,
            0.0,
            0.0,
            0.0,
            0.0,
            0.0,
            0.0,
            0.0,
            0.0,
            0.0,
            0.0,
            0.0,
            0.0
        ],
        "mass_diff": [
            0.0,
            0.0,
            0.0,
            0.0,
            0.0,
            0.0,
            0.0,
            0.0,
            0.0,
            0.0,
            0.0,
            0.0,
            0.0,
            0.0,
            0.0,
            0.0,
            0.0,
            0.0
        ],
        "formula": [
            "C35H59NO13",
            "C35H59NO13",
            "C35H59NO13",
            "C35H59NO13",
            "C35H59NO13",
            "C35H59NO13",
            "C35H59NO13",
            "C35H59NO13",
            "C35H59NO13",
            "C35H59NO13",
            "C35H59NO13",
            "C35H59NO13",
            "C35H59NO13",
            "C35H59NO13",
            "C35H59NO13",
            "C35H59NO13",
            "C35H59NO13",
            "C35H59NO13"
        ],
        "ions": [
            "[M+H]+",
            "[M+H]+",
            "[M+H]+",
            "[M+H]+",
            "[M+H]+",
            "[M+H]+",
            "[M+H]+",
            "[M+H]+",
            "[M+H]+",
            "[M+H]+",
            "[M+H]+",
            "[M+H]+",
            "[M+H]+",
            "[M+H]+",
            "[M+H]+",
            "[M+H]+",
            "[M+H]+",
            "[M+H]+"
        ]
    }
}