{
    "cand_form": "C35H59NO13",
    "cand_ion": "[M+H]+",
    "output_tbl": {
        "mz": [
            0.0,
            83.0491,
            88.0757,
            90.0338,
            170.0726,
            208.9525,
            225.0757,
            227.7468,
            334.8604,
            391.4897
        ],
        "ms2_inten": [
            0.5025471502092954,
            0.2977466674045171,
            0.7139757574365405,
            0.34334582458441093,
            0.2916369525245448,
            0.24907203125701521,
            0.575425717080994,
            1.0,
            0.2857297984728584,
            0.24919732661471783
        ],
        "mono_mass": [
            0.0,
            83.0491,
            88.0757,
            90.0338,
            170.0726,
            208.9525,
            225.0757,
            227.7468,
            334.8604,
            391.4897
        ],
        "abs_mass_diff": [
            0.0,
            0.0,
            0.0,
            0.0,
            0.0,
            0.0,
            0.0,
            0.0,
            0.0,
            0.0
        ],
        "mass_diff": [
            0.0,
            0.0,
            0.0,
            0.0,
            0.0,
            0.0,
            0.0,
            0.0,
            0.0,
            0.0
        ],
        "formula": [
            "C35H59NO13",
            "C35H59NO13",
            "C35H59NO13",
            "C35H59NO13",
            "C35H59NO13",
            "C35H59NO13",
            "C35H59NO13",
            "C35H59NO13",
            "C35H59NO13",
            "C35H59NO13"
        ],
        "ions": [
            "[M+H]+",
            "[M+H]+",
            "[M+H]+",
            "[M+H]+",
            "[M+H]+",
            "[M+H]+",
            "[M+H]+",
            "[M+H]+",
            "[M+H]+",
            "[M+H]+"
        ]
    }
}