{
    "cand_form": "C23H30N6O3",
    "cand_ion": "[M+H]+",
    "output_tbl": {
        "mz": [
            98.0964,
            311.1139,
            339.1452,
            340.1444,
            438.2455,
            439.2452,
            440.2463
        ],
        "ms2_inten": [
            0.05742622049093662,
            0.07540425408788753,
            1.0,
            0.10573981108683587,
            0.5981296906091114,
            0.6617134800903138,
            0.06721020334512759
        ],
        "mono_mass": [
            98.0964,
            311.1139,
            339.1452,
            340.1444,
            438.2455,
            439.2452,
            440.2463
        ],
        "abs_mass_diff": [
            0.0,
            0.0,
            0.0,
            0.0,
            0.0,
            0.0,
            0.0
        ],
        "mass_diff": [
            0.0,
            0.0,
            0.0,
            0.0,
            0.0,
            0.0,
            0.0
        ],
        "formula": [
            "C23H30N6O3",
            "C23H30N6O3",
            "C23H30N6O3",
            "C23H30N6O3",
            "C23H30N6O3",
            "C23H30N6O3",
            "C23H30N6O3"
        ],
        "ions": [
            "[M+H]+",
            "[M+H]+",
            "[M+H]+",
            "[M+H]+",
            "[M+H]+",
            "[M+H]+",
            "[M+H]+"
        ]
    }
}