{
    "cand_form": "C25H34N6O3",
    "cand_ion": "[M+H]+",
    "output_tbl": {
        "mz": [
            58.0651,
            70.0651,
            84.0808,
            86.0964,
            98.0964,
            111.0917,
            112.0995,
            127.123,
            297.1346,
            298.1352,
            311.1139,
            313.1659,
            324.1217,
            325.1295,
            325.1672,
            339.1856,
            341.1608,
            352.1768,
            353.1608,
            353.2084,
            355.1765,
            363.1703,
            394.1788,
            410.2187,
            467.2765
        ],
        "ms2_inten": [
            0.2801266214128653,
            0.3512757216075326,
            0.7844916836531375,
            0.10673002232571814,
            0.1386475897866751,
            0.7726161008143392,
            0.6386616571468258,
            1.0,
            0.7147935697076888,
            0.08981334324089052,
            0.12077765108631375,
            0.14963600178821518,
            0.12832856161284603,
            0.2151906418087675,
            0.7001979039043372,
            0.10716060660412409,
            0.29004620904451184,
            0.07983256385688076,
            0.19074155300958906,
            0.2593046358062443,
            0.18728868616756222,
            0.1380294266585662,
            0.12153019163975691,
            0.36682803533006125,
            0.221525404185853
        ],
        "mono_mass": [
            58.0651,
            70.0651,
            84.0808,
            86.0964,
            98.0964,
            111.0917,
            112.0995,
            127.123,
            297.1346,
            298.1352,
            311.1139,
            313.1659,
            324.1217,
            325.1295,
            325.1672,
            339.1856,
            341.1608,
            352.1768,
            353.1608,
            353.2084,
            355.1765,
            363.1703,
            394.1788,
            410.2187,
            467.2765
        ],
        "abs_mass_diff": [
            0.0,
            0.0,
            0.0,
            0.0,
            0.0,
            0.0,
            0.0,
            0.0,
            0.0,
            0.0,
            0.0,
            0.0,
            0.0,
            0.0,
            0.0,
            0.0,
            0.0,
            0.0,
            0.0,
            0.0,
            0.0,
            0.0,
            0.0,
            0.0,
            0.0
        ],
        "mass_diff": [
            0.0,
            0.0,
            0.0,
            0.0,
            0.0,
            0.0,
            0.0,
            0.0,
            0.0,
            0.0,
            0.0,
            0.0,
            0.0,
            0.0,
            0.0,
            0.0,
            0.0,
            0.0,
            0.0,
            0.0,
            0.0,
            0.0,
            0.0,
            0.0,
            0.0
        ],
        "formula": [
            "C25H34N6O3",
            "C25H34N6O3",
            "C25H34N6O3",
            "C25H34N6O3",
            "C25H34N6O3",
            "C25H34N6O3",
            "C25H34N6O3",
            "C25H34N6O3",
            "C25H34N6O3",
            "C25H34N6O3",
            "C25H34N6O3",
            "C25H34N6O3",
            "C25H34N6O3",
            "C25H34N6O3",
            "C25H34N6O3",
            "C25H34N6O3",
            "C25H34N6O3",
            "C25H34N6O3",
            "C25H34N6O3",
            "C25H34N6O3",
            "C25H34N6O3",
            "C25H34N6O3",
            "C25H34N6O3",
            "C25H34N6O3",
            "C25H34N6O3"
        ],
        "ions": [
            "[M+H]+",
            "[M+H]+",
            "[M+H]+",
            "[M+H]+",
            "[M+H]+",
            "[M+H]+",
            "[M+H]+",
            "[M+H]+",
            "[M+H]+",
            "[M+H]+",
            "[M+H]+",
            "[M+H]+",
            "[M+H]+",
            "[M+H]+",
            "[M+H]+",
            "[M+H]+",
            "[M+H]+",
            "[M+H]+",
            "[M+H]+",
            "[M+H]+",
            "[M+H]+",
            "[M+H]+",
            "[M+H]+",
            "[M+H]+",
            "[M+H]+"
        ]
    }
}