{
    "cand_form": "C14H12N4O2S",
    "cand_ion": "[M+H]+",
    "output_tbl": {
        "mz": [
            92.0495,
            93.0533,
            108.0444,
            109.0468,
            110.06,
            146.0713,
            156.0114,
            157.0145
        ],
        "ms2_inten": [
            1.0,
            0.027743252960044904,
            0.985926055718357,
            0.03455313971227915,
            0.05847538468793817,
            0.22335068149759618,
            0.8671815840558433,
            0.03320854295645233
        ],
        "mono_mass": [
            92.0495,
            93.0533,
            108.0444,
            109.0468,
            110.06,
            146.0713,
            156.0114,
            157.0145
        ],
        "abs_mass_diff": [
            0.0,
            0.0,
            0.0,
            0.0,
            0.0,
            0.0,
            0.0,
            0.0
        ],
        "mass_diff": [
            0.0,
            0.0,
            0.0,
            0.0,
            0.0,
            0.0,
            0.0,
            0.0
        ],
        "formula": [
            "C14H12N4O2S",
            "C14H12N4O2S",
            "C14H12N4O2S",
            "C14H12N4O2S",
            "C14H12N4O2S",
            "C14H12N4O2S",
            "C14H12N4O2S",
            "C14H12N4O2S"
        ],
        "ions": [
            "[M+H]+",
            "[M+H]+",
            "[M+H]+",
            "[M+H]+",
            "[M+H]+",
            "[M+H]+",
            "[M+H]+",
            "[M+H]+"
        ]
    }
}