{
    "cand_form": "C18H24N2O5",
    "cand_ion": "[M+H]+",
    "output_tbl": {
        "mz": [
            0.0,
            65.0386,
            70.0651,
            91.0542,
            92.058,
            115.0542,
            117.0699
        ],
        "ms2_inten": [
            0.031297331347066526,
            0.179077836632893,
            0.07972062226668161,
            1.0,
            0.042654832921291894,
            0.09697917549196931,
            0.03561952949272852
        ],
        "mono_mass": [
            0.0,
            65.0386,
            70.0651,
            91.0542,
            92.058,
            115.0542,
            117.0699
        ],
        "abs_mass_diff": [
            0.0,
            0.0,
            0.0,
            0.0,
            0.0,
            0.0,
            0.0
        ],
        "mass_diff": [
            0.0,
            0.0,
            0.0,
            0.0,
            0.0,
            0.0,
            0.0
        ],
        "formula": [
            "C18H24N2O5",
            "C18H24N2O5",
            "C18H24N2O5",
            "C18H24N2O5",
            "C18H24N2O5",
            "C18H24N2O5",
            "C18H24N2O5"
        ],
        "ions": [
            "[M+H]+",
            "[M+H]+",
            "[M+H]+",
            "[M+H]+",
            "[M+H]+",
            "[M+H]+",
            "[M+H]+"
        ]
    }
}