{
    "cand_form": "C18H24N2O5",
    "cand_ion": "[M+H]+",
    "output_tbl": {
        "mz": [
            0.0,
            56.0495,
            63.0229,
            65.0386,
            66.0418,
            70.0651,
            77.0386,
            89.0386,
            91.0542,
            92.058,
            115.0542
        ],
        "ms2_inten": [
            0.02960759401244693,
            0.022410978082784347,
            0.06125631928380068,
            0.9028519237595166,
            0.027510955383115362,
            0.08336760069681419,
            0.012147023890278713,
            0.018862479393514597,
            1.0,
            0.04038023586695114,
            0.11496903671864366
        ],
        "mono_mass": [
            0.0,
            56.0495,
            63.0229,
            65.0386,
            66.0418,
            70.0651,
            77.0386,
            89.0386,
            91.0542,
            92.058,
            115.0542
        ],
        "abs_mass_diff": [
            0.0,
            0.0,
            0.0,
            0.0,
            0.0,
            0.0,
            0.0,
            0.0,
            0.0,
            0.0,
            0.0
        ],
        "mass_diff": [
            0.0,
            0.0,
            0.0,
            0.0,
            0.0,
            0.0,
            0.0,
            0.0,
            0.0,
            0.0,
            0.0
        ],
        "formula": [
            "C18H24N2O5",
            "C18H24N2O5",
            "C18H24N2O5",
            "C18H24N2O5",
            "C18H24N2O5",
            "C18H24N2O5",
            "C18H24N2O5",
            "C18H24N2O5",
            "C18H24N2O5",
            "C18H24N2O5",
            "C18H24N2O5"
        ],
        "ions": [
            "[M+H]+",
            "[M+H]+",
            "[M+H]+",
            "[M+H]+",
            "[M+H]+",
            "[M+H]+",
            "[M+H]+",
            "[M+H]+",
            "[M+H]+",
            "[M+H]+",
            "[M+H]+"
        ]
    }
}