{
    "cand_form": "C9H15NO3S",
    "cand_ion": "[M-H]-",
    "output_tbl": {
        "mz": [
            0.0,
            70.8843,
            96.3099,
            223.2868,
            227.7223
        ],
        "ms2_inten": [
            1.0,
            0.09068161210980505,
            0.09148443815723485,
            0.09037190576378608,
            0.10270418212660869
        ],
        "mono_mass": [
            0.0,
            70.8843,
            96.3099,
            223.2868,
            227.7223
        ],
        "abs_mass_diff": [
            0.0,
            0.0,
            0.0,
            0.0,
            0.0
        ],
        "mass_diff": [
            0.0,
            0.0,
            0.0,
            0.0,
            0.0
        ],
        "formula": [
            "C9H15NO3S",
            "C9H15NO3S",
            "C9H15NO3S",
            "C9H15NO3S",
            "C9H15NO3S"
        ],
        "ions": [
            "[M-H]-",
            "[M-H]-",
            "[M-H]-",
            "[M-H]-",
            "[M-H]-"
        ]
    }
}