{
    "cand_form": "C16H17N3O7S2",
    "cand_ion": "[M-H]-",
    "output_tbl": {
        "mz": [
            57.9757,
            59.0139,
            60.0091,
            112.0226,
            123.9975,
            139.9924,
            141.0306,
            150.0019,
            151.9924,
            156.0125,
            167.0046,
            182.0281,
            199.0309,
            226.018,
            231.9948,
            264.0183,
            289.0102,
            296.0472,
            316.0523,
            317.0602,
            318.0653,
            327.0207,
            348.0785,
            350.0374,
            351.0452,
            380.0684,
            382.0663,
            392.0592,
            425.1713
        ],
        "ms2_inten": [
            0.8868484771961558,
            0.07809976081354758,
            0.0683037818846477,
            0.3458548875556195,
            0.19292389435713717,
            0.08339181803106097,
            0.08865730489375635,
            0.19438390280718068,
            0.08179376997966904,
            1.0,
            0.07851224239454169,
            0.30634313271821223,
            0.09672273905759508,
            0.2589832012432953,
            0.09118144915030788,
            0.08240766944711195,
            0.15574865406950433,
            0.33650385851063164,
            0.10551725034424587,
            0.09574377830090451,
            0.09591562754453804,
            0.07629029400718962,
            0.11385919767351789,
            0.07679692577641409,
            0.0912648094468638,
            0.3315210589195744,
            0.2164143564578202,
            0.486936824119065,
            0.09050821514144514
        ],
        "mono_mass": [
            57.9757,
            59.0139,
            60.0091,
            112.0226,
            123.9975,
            139.9924,
            141.0306,
            150.0019,
            151.9924,
            156.0125,
            167.0046,
            182.0281,
            199.0309,
            226.018,
            231.9948,
            264.0183,
            289.0102,
            296.0472,
            316.0523,
            317.0602,
            318.0653,
            327.0207,
            348.0785,
            350.0374,
            351.0452,
            380.0684,
            382.0663,
            392.0592,
            425.1713
        ],
        "abs_mass_diff": [
            0.0,
            0.0,
            0.0,
            0.0,
            0.0,
            0.0,
            0.0,
            0.0,
            0.0,
            0.0,
            0.0,
            0.0,
            0.0,
            0.0,
            0.0,
            0.0,
            0.0,
            0.0,
            0.0,
            0.0,
            0.0,
            0.0,
            0.0,
            0.0,
            0.0,
            0.0,
            0.0,
            0.0,
            0.0
        ],
        "mass_diff": [
            0.0,
            0.0,
            0.0,
            0.0,
            0.0,
            0.0,
            0.0,
            0.0,
            0.0,
            0.0,
            0.0,
            0.0,
            0.0,
            0.0,
            0.0,
            0.0,
            0.0,
            0.0,
            0.0,
            0.0,
            0.0,
            0.0,
            0.0,
            0.0,
            0.0,
            0.0,
            0.0,
            0.0,
            0.0
        ],
        "formula": [
            "C16H17N3O7S2",
            "C16H17N3O7S2",
            "C16H17N3O7S2",
            "C16H17N3O7S2",
            "C16H17N3O7S2",
            "C16H17N3O7S2",
            "C16H17N3O7S2",
            "C16H17N3O7S2",
            "C16H17N3O7S2",
            "C16H17N3O7S2",
            "C16H17N3O7S2",
            "C16H17N3O7S2",
            "C16H17N3O7S2",
            "C16H17N3O7S2",
            "C16H17N3O7S2",
            "C16H17N3O7S2",
            "C16H17N3O7S2",
            "C16H17N3O7S2",
            "C16H17N3O7S2",
            "C16H17N3O7S2",
            "C16H17N3O7S2",
            "C16H17N3O7S2",
            "C16H17N3O7S2",
            "C16H17N3O7S2",
            "C16H17N3O7S2",
            "C16H17N3O7S2",
            "C16H17N3O7S2",
            "C16H17N3O7S2",
            "C16H17N3O7S2"
        ],
        "ions": [
            "[M-H]-",
            "[M-H]-",
            "[M-H]-",
            "[M-H]-",
            "[M-H]-",
            "[M-H]-",
            "[M-H]-",
            "[M-H]-",
            "[M-H]-",
            "[M-H]-",
            "[M-H]-",
            "[M-H]-",
            "[M-H]-",
            "[M-H]-",
            "[M-H]-",
            "[M-H]-",
            "[M-H]-",
            "[M-H]-",
            "[M-H]-",
            "[M-H]-",
            "[M-H]-",
            "[M-H]-",
            "[M-H]-",
            "[M-H]-",
            "[M-H]-",
            "[M-H]-",
            "[M-H]-",
            "[M-H]-",
            "[M-H]-"
        ]
    }
}