{
    "cand_form": "C23H32N6O4S2",
    "cand_ion": "[M+H]+",
    "output_tbl": {
        "mz": [
            58.0651,
            99.0917,
            129.1022,
            150.1026,
            167.0637,
            169.0972,
            299.0968,
            300.1033,
            315.091,
            316.0937,
            328.1352,
            329.1392,
            360.123,
            392.0846,
            393.105,
            521.1999,
            522.2041
        ],
        "ms2_inten": [
            0.06084118603395959,
            0.44829687427188575,
            0.1039897325425626,
            0.10968795482400163,
            0.600740476661209,
            0.05073579410885147,
            0.24627858675593226,
            0.1532637842352261,
            0.4584820477276501,
            0.049875802933313666,
            1.0,
            0.14402754867705456,
            0.048520541927392837,
            0.13286253134708662,
            0.09196200583803436,
            0.3035467676137487,
            0.04662797132830212
        ],
        "mono_mass": [
            58.0651,
            99.0917,
            129.1022,
            150.1026,
            167.0637,
            169.0972,
            299.0968,
            300.1033,
            315.091,
            316.0937,
            328.1352,
            329.1392,
            360.123,
            392.0846,
            393.105,
            521.1999,
            522.2041
        ],
        "abs_mass_diff": [
            0.0,
            0.0,
            0.0,
            0.0,
            0.0,
            0.0,
            0.0,
            0.0,
            0.0,
            0.0,
            0.0,
            0.0,
            0.0,
            0.0,
            0.0,
            0.0,
            0.0
        ],
        "mass_diff": [
            0.0,
            0.0,
            0.0,
            0.0,
            0.0,
            0.0,
            0.0,
            0.0,
            0.0,
            0.0,
            0.0,
            0.0,
            0.0,
            0.0,
            0.0,
            0.0,
            0.0
        ],
        "formula": [
            "C23H32N6O4S2",
            "C23H32N6O4S2",
            "C23H32N6O4S2",
            "C23H32N6O4S2",
            "C23H32N6O4S2",
            "C23H32N6O4S2",
            "C23H32N6O4S2",
            "C23H32N6O4S2",
            "C23H32N6O4S2",
            "C23H32N6O4S2",
            "C23H32N6O4S2",
            "C23H32N6O4S2",
            "C23H32N6O4S2",
            "C23H32N6O4S2",
            "C23H32N6O4S2",
            "C23H32N6O4S2",
            "C23H32N6O4S2"
        ],
        "ions": [
            "[M+H]+",
            "[M+H]+",
            "[M+H]+",
            "[M+H]+",
            "[M+H]+",
            "[M+H]+",
            "[M+H]+",
            "[M+H]+",
            "[M+H]+",
            "[M+H]+",
            "[M+H]+",
            "[M+H]+",
            "[M+H]+",
            "[M+H]+",
            "[M+H]+",
            "[M+H]+",
            "[M+H]+"
        ]
    }
}