{
    "cand_form": "C23H32N6O4S2",
    "cand_ion": "[M+H]+",
    "output_tbl": {
        "mz": [
            58.0651,
            70.0651,
            99.0137,
            99.0917,
            121.0634,
            126.0372,
            138.0246,
            150.0372,
            150.1026,
            167.0637
        ],
        "ms2_inten": [
            0.09543301555472686,
            0.10270717166958976,
            0.3297901013956561,
            0.11303014973627505,
            0.10171129005674326,
            0.08885350380563016,
            0.2427605339000146,
            0.05277432502361251,
            0.14537259691401053,
            1.0
        ],
        "mono_mass": [
            58.0651,
            70.0651,
            99.0137,
            99.0917,
            121.0634,
            126.0372,
            138.0246,
            150.0372,
            150.1026,
            167.0637
        ],
        "abs_mass_diff": [
            0.0,
            0.0,
            0.0,
            0.0,
            0.0,
            0.0,
            0.0,
            0.0,
            0.0,
            0.0
        ],
        "mass_diff": [
            0.0,
            0.0,
            0.0,
            0.0,
            0.0,
            0.0,
            0.0,
            0.0,
            0.0,
            0.0
        ],
        "formula": [
            "C23H32N6O4S2",
            "C23H32N6O4S2",
            "C23H32N6O4S2",
            "C23H32N6O4S2",
            "C23H32N6O4S2",
            "C23H32N6O4S2",
            "C23H32N6O4S2",
            "C23H32N6O4S2",
            "C23H32N6O4S2",
            "C23H32N6O4S2"
        ],
        "ions": [
            "[M+H]+",
            "[M+H]+",
            "[M+H]+",
            "[M+H]+",
            "[M+H]+",
            "[M+H]+",
            "[M+H]+",
            "[M+H]+",
            "[M+H]+",
            "[M+H]+"
        ]
    }
}