{
    "cand_form": "C23H32N6O4S2",
    "cand_ion": "[M+H]+",
    "output_tbl": {
        "mz": [
            0.0,
            56.9793,
            57.9872,
            58.0651,
            59.9902,
            63.0229,
            66.0338,
            68.9793,
            69.9872,
            70.0651,
            70.995,
            72.0028,
            78.0338,
            83.0604,
            83.9902,
            93.0447,
            94.995,
            96.9981,
            98.0059,
            99.0137,
            120.0556,
            121.0634,
            137.0168,
            138.0246
        ],
        "ms2_inten": [
            0.3212249755516338,
            1.0,
            0.10595875588727899,
            0.113538964513337,
            0.2543250564841563,
            0.15024497600125894,
            0.10233521239166844,
            0.16278198576936478,
            0.25180709958072456,
            0.21719865337275046,
            0.19322531614266603,
            0.15233615435630543,
            0.09580547530996032,
            0.0896219214729719,
            0.9907392961118667,
            0.16917155221833796,
            0.09464746580038892,
            0.12554237491991052,
            0.09718338635162933,
            0.6884700381057294,
            0.11542312534424423,
            0.211122784753212,
            0.2937026629048031,
            0.44660521789957625
        ],
        "mono_mass": [
            0.0,
            56.9793,
            57.9872,
            58.0651,
            59.9902,
            63.0229,
            66.0338,
            68.9793,
            69.9872,
            70.0651,
            70.995,
            72.0028,
            78.0338,
            83.0604,
            83.9902,
            93.0447,
            94.995,
            96.9981,
            98.0059,
            99.0137,
            120.0556,
            121.0634,
            137.0168,
            138.0246
        ],
        "abs_mass_diff": [
            0.0,
            0.0,
            0.0,
            0.0,
            0.0,
            0.0,
            0.0,
            0.0,
            0.0,
            0.0,
            0.0,
            0.0,
            0.0,
            0.0,
            0.0,
            0.0,
            0.0,
            0.0,
            0.0,
            0.0,
            0.0,
            0.0,
            0.0,
            0.0
        ],
        "mass_diff": [
            0.0,
            0.0,
            0.0,
            0.0,
            0.0,
            0.0,
            0.0,
            0.0,
            0.0,
            0.0,
            0.0,
            0.0,
            0.0,
            0.0,
            0.0,
            0.0,
            0.0,
            0.0,
            0.0,
            0.0,
            0.0,
            0.0,
            0.0,
            0.0
        ],
        "formula": [
            "C23H32N6O4S2",
            "C23H32N6O4S2",
            "C23H32N6O4S2",
            "C23H32N6O4S2",
            "C23H32N6O4S2",
            "C23H32N6O4S2",
            "C23H32N6O4S2",
            "C23H32N6O4S2",
            "C23H32N6O4S2",
            "C23H32N6O4S2",
            "C23H32N6O4S2",
            "C23H32N6O4S2",
            "C23H32N6O4S2",
            "C23H32N6O4S2",
            "C23H32N6O4S2",
            "C23H32N6O4S2",
            "C23H32N6O4S2",
            "C23H32N6O4S2",
            "C23H32N6O4S2",
            "C23H32N6O4S2",
            "C23H32N6O4S2",
            "C23H32N6O4S2",
            "C23H32N6O4S2",
            "C23H32N6O4S2"
        ],
        "ions": [
            "[M+H]+",
            "[M+H]+",
            "[M+H]+",
            "[M+H]+",
            "[M+H]+",
            "[M+H]+",
            "[M+H]+",
            "[M+H]+",
            "[M+H]+",
            "[M+H]+",
            "[M+H]+",
            "[M+H]+",
            "[M+H]+",
            "[M+H]+",
            "[M+H]+",
            "[M+H]+",
            "[M+H]+",
            "[M+H]+",
            "[M+H]+",
            "[M+H]+",
            "[M+H]+",
            "[M+H]+",
            "[M+H]+",
            "[M+H]+"
        ]
    }
}