{
    "cand_form": "C22H29ClO5",
    "cand_ion": "[M+H]+",
    "output_tbl": {
        "mz": [
            67.0542,
            79.0542,
            91.0542,
            93.0699,
            105.0699,
            107.0855,
            119.0855,
            121.0648,
            135.0804,
            143.0855,
            145.0648,
            147.0804,
            158.0726,
            159.0804,
            161.0961,
            171.0804,
            173.0961,
            197.0961,
            209.0961,
            210.1039,
            211.1095,
            221.0961,
            222.1039,
            223.1117,
            224.1196,
            248.1196,
            249.1274,
            263.143
        ],
        "ms2_inten": [
            0.17445346779075688,
            0.1396420388456421,
            0.3427854074714846,
            0.1906630821184353,
            0.3445756267710167,
            0.26383364259758896,
            0.3844754665049741,
            1.0,
            0.21280636755788307,
            0.1924642454777616,
            0.14141324548593598,
            0.8472153282232203,
            0.14668186781826129,
            0.27904290446499364,
            0.1751674378638503,
            0.42782997470268075,
            0.17534559138554393,
            0.14640845866189156,
            0.2981248344085856,
            0.14190079469453523,
            0.13529972827380538,
            0.13068938440625352,
            0.27324161031549765,
            0.1717850309689003,
            0.14386042573161956,
            0.15410827791180032,
            0.14293457558349487,
            0.21427124631010638
        ],
        "mono_mass": [
            67.0542,
            79.0542,
            91.0542,
            93.0699,
            105.0699,
            107.0855,
            119.0855,
            121.0648,
            135.0804,
            143.0855,
            145.0648,
            147.0804,
            158.0726,
            159.0804,
            161.0961,
            171.0804,
            173.0961,
            197.0961,
            209.0961,
            210.1039,
            211.1095,
            221.0961,
            222.1039,
            223.1117,
            224.1196,
            248.1196,
            249.1274,
            263.143
        ],
        "abs_mass_diff": [
            0.0,
            0.0,
            0.0,
            0.0,
            0.0,
            0.0,
            0.0,
            0.0,
            0.0,
            0.0,
            0.0,
            0.0,
            0.0,
            0.0,
            0.0,
            0.0,
            0.0,
            0.0,
            0.0,
            0.0,
            0.0,
            0.0,
            0.0,
            0.0,
            0.0,
            0.0,
            0.0,
            0.0
        ],
        "mass_diff": [
            0.0,
            0.0,
            0.0,
            0.0,
            0.0,
            0.0,
            0.0,
            0.0,
            0.0,
            0.0,
            0.0,
            0.0,
            0.0,
            0.0,
            0.0,
            0.0,
            0.0,
            0.0,
            0.0,
            0.0,
            0.0,
            0.0,
            0.0,
            0.0,
            0.0,
            0.0,
            0.0,
            0.0
        ],
        "formula": [
            "C22H29ClO5",
            "C22H29ClO5",
            "C22H29ClO5",
            "C22H29ClO5",
            "C22H29ClO5",
            "C22H29ClO5",
            "C22H29ClO5",
            "C22H29ClO5",
            "C22H29ClO5",
            "C22H29ClO5",
            "C22H29ClO5",
            "C22H29ClO5",
            "C22H29ClO5",
            "C22H29ClO5",
            "C22H29ClO5",
            "C22H29ClO5",
            "C22H29ClO5",
            "C22H29ClO5",
            "C22H29ClO5",
            "C22H29ClO5",
            "C22H29ClO5",
            "C22H29ClO5",
            "C22H29ClO5",
            "C22H29ClO5",
            "C22H29ClO5",
            "C22H29ClO5",
            "C22H29ClO5",
            "C22H29ClO5"
        ],
        "ions": [
            "[M+H]+",
            "[M+H]+",
            "[M+H]+",
            "[M+H]+",
            "[M+H]+",
            "[M+H]+",
            "[M+H]+",
            "[M+H]+",
            "[M+H]+",
            "[M+H]+",
            "[M+H]+",
            "[M+H]+",
            "[M+H]+",
            "[M+H]+",
            "[M+H]+",
            "[M+H]+",
            "[M+H]+",
            "[M+H]+",
            "[M+H]+",
            "[M+H]+",
            "[M+H]+",
            "[M+H]+",
            "[M+H]+",
            "[M+H]+",
            "[M+H]+",
            "[M+H]+",
            "[M+H]+",
            "[M+H]+"
        ]
    }
}