{
    "cand_form": "C22H29ClO5",
    "cand_ion": "[M+H]+",
    "output_tbl": {
        "mz": [
            0.0,
            53.0386,
            65.0386,
            67.0542,
            77.0386,
            78.0464,
            79.0542,
            91.0542,
            94.0413,
            95.0491,
            103.0542,
            105.0466,
            105.0699,
            115.0542,
            121.0648,
            128.0621,
            129.0699,
            131.0491,
            141.0699,
            145.0648,
            152.0621,
            153.0699,
            165.0699,
            178.0777,
            181.0648,
            189.0699,
            190.0777,
            191.0855,
            202.0777,
            215.0855
        ],
        "ms2_inten": [
            0.10831317445260222,
            0.09433945287491564,
            0.33286057375876843,
            0.09817400250172649,
            0.341806810732411,
            0.08112151465060702,
            0.19892034579107845,
            1.0,
            0.07639910838485761,
            0.4865300011148475,
            0.1636331499128163,
            0.1836063015822292,
            0.11626780607436361,
            0.5620392903787788,
            0.07934323437620124,
            0.4728039114719118,
            0.11722130948800903,
            0.17649958483430717,
            0.18503518997417015,
            0.09725032180543086,
            0.20664258099673496,
            0.13287993574623705,
            0.3230944836514956,
            0.24109923522339768,
            0.07371593993140513,
            0.19152135940426407,
            0.07626523907783496,
            0.07061919592119145,
            0.155511829977219,
            0.13447805316530165
        ],
        "mono_mass": [
            0.0,
            53.0386,
            65.0386,
            67.0542,
            77.0386,
            78.0464,
            79.0542,
            91.0542,
            94.0413,
            95.0491,
            103.0542,
            105.0466,
            105.0699,
            115.0542,
            121.0648,
            128.0621,
            129.0699,
            131.0491,
            141.0699,
            145.0648,
            152.0621,
            153.0699,
            165.0699,
            178.0777,
            181.0648,
            189.0699,
            190.0777,
            191.0855,
            202.0777,
            215.0855
        ],
        "abs_mass_diff": [
            0.0,
            0.0,
            0.0,
            0.0,
            0.0,
            0.0,
            0.0,
            0.0,
            0.0,
            0.0,
            0.0,
            0.0,
            0.0,
            0.0,
            0.0,
            0.0,
            0.0,
            0.0,
            0.0,
            0.0,
            0.0,
            0.0,
            0.0,
            0.0,
            0.0,
            0.0,
            0.0,
            0.0,
            0.0,
            0.0
        ],
        "mass_diff": [
            0.0,
            0.0,
            0.0,
            0.0,
            0.0,
            0.0,
            0.0,
            0.0,
            0.0,
            0.0,
            0.0,
            0.0,
            0.0,
            0.0,
            0.0,
            0.0,
            0.0,
            0.0,
            0.0,
            0.0,
            0.0,
            0.0,
            0.0,
            0.0,
            0.0,
            0.0,
            0.0,
            0.0,
            0.0,
            0.0
        ],
        "formula": [
            "C22H29ClO5",
            "C22H29ClO5",
            "C22H29ClO5",
            "C22H29ClO5",
            "C22H29ClO5",
            "C22H29ClO5",
            "C22H29ClO5",
            "C22H29ClO5",
            "C22H29ClO5",
            "C22H29ClO5",
            "C22H29ClO5",
            "C22H29ClO5",
            "C22H29ClO5",
            "C22H29ClO5",
            "C22H29ClO5",
            "C22H29ClO5",
            "C22H29ClO5",
            "C22H29ClO5",
            "C22H29ClO5",
            "C22H29ClO5",
            "C22H29ClO5",
            "C22H29ClO5",
            "C22H29ClO5",
            "C22H29ClO5",
            "C22H29ClO5",
            "C22H29ClO5",
            "C22H29ClO5",
            "C22H29ClO5",
            "C22H29ClO5",
            "C22H29ClO5"
        ],
        "ions": [
            "[M+H]+",
            "[M+H]+",
            "[M+H]+",
            "[M+H]+",
            "[M+H]+",
            "[M+H]+",
            "[M+H]+",
            "[M+H]+",
            "[M+H]+",
            "[M+H]+",
            "[M+H]+",
            "[M+H]+",
            "[M+H]+",
            "[M+H]+",
            "[M+H]+",
            "[M+H]+",
            "[M+H]+",
            "[M+H]+",
            "[M+H]+",
            "[M+H]+",
            "[M+H]+",
            "[M+H]+",
            "[M+H]+",
            "[M+H]+",
            "[M+H]+",
            "[M+H]+",
            "[M+H]+",
            "[M+H]+",
            "[M+H]+",
            "[M+H]+"
        ]
    }
}