{
    "cand_form": "C66H103N17O16S",
    "cand_ion": "[M-H]-",
    "output_tbl": {
        "mz": [
            0.0,
            153.1033,
            155.0833,
            158.0611,
            164.0955,
            179.121,
            180.1017,
            184.0642,
            185.072,
            186.0554,
            197.072,
            198.1612,
            206.0922,
            208.1455,
            220.0887,
            222.1255,
            225.1721,
            227.7034,
            227.7356,
            238.0986,
            243.1826,
            281.1051,
            282.1129,
            283.1147
        ],
        "ms2_inten": [
            0.14952423359727082,
            0.12112655237764118,
            0.24809867154691387,
            0.26699109163366375,
            0.14987620755488099,
            0.0937889671203288,
            0.15923783090247867,
            0.07906904054501823,
            0.7693040896623886,
            0.07746287546395311,
            0.12420653934957128,
            0.10377302087081573,
            0.09379424611585628,
            0.4028747690899835,
            0.14430269318392058,
            0.19893133487750092,
            0.16301722339812869,
            0.23931221317713403,
            0.30053321537847516,
            0.2324031129377254,
            0.15351539975070863,
            0.10621437215126066,
            1.0,
            0.12536288490476138
        ],
        "mono_mass": [
            0.0,
            153.1033,
            155.0833,
            158.0611,
            164.0955,
            179.121,
            180.1017,
            184.0642,
            185.072,
            186.0554,
            197.072,
            198.1612,
            206.0922,
            208.1455,
            220.0887,
            222.1255,
            225.1721,
            227.7034,
            227.7356,
            238.0986,
            243.1826,
            281.1051,
            282.1129,
            283.1147
        ],
        "abs_mass_diff": [
            0.0,
            0.0,
            0.0,
            0.0,
            0.0,
            0.0,
            0.0,
            0.0,
            0.0,
            0.0,
            0.0,
            0.0,
            0.0,
            0.0,
            0.0,
            0.0,
            0.0,
            0.0,
            0.0,
            0.0,
            0.0,
            0.0,
            0.0,
            0.0
        ],
        "mass_diff": [
            0.0,
            0.0,
            0.0,
            0.0,
            0.0,
            0.0,
            0.0,
            0.0,
            0.0,
            0.0,
            0.0,
            0.0,
            0.0,
            0.0,
            0.0,
            0.0,
            0.0,
            0.0,
            0.0,
            0.0,
            0.0,
            0.0,
            0.0,
            0.0
        ],
        "formula": [
            "C66H103N17O16S",
            "C66H103N17O16S",
            "C66H103N17O16S",
            "C66H103N17O16S",
            "C66H103N17O16S",
            "C66H103N17O16S",
            "C66H103N17O16S",
            "C66H103N17O16S",
            "C66H103N17O16S",
            "C66H103N17O16S",
            "C66H103N17O16S",
            "C66H103N17O16S",
            "C66H103N17O16S",
            "C66H103N17O16S",
            "C66H103N17O16S",
            "C66H103N17O16S",
            "C66H103N17O16S",
            "C66H103N17O16S",
            "C66H103N17O16S",
            "C66H103N17O16S",
            "C66H103N17O16S",
            "C66H103N17O16S",
            "C66H103N17O16S",
            "C66H103N17O16S"
        ],
        "ions": [
            "[M-H]-",
            "[M-H]-",
            "[M-H]-",
            "[M-H]-",
            "[M-H]-",
            "[M-H]-",
            "[M-H]-",
            "[M-H]-",
            "[M-H]-",
            "[M-H]-",
            "[M-H]-",
            "[M-H]-",
            "[M-H]-",
            "[M-H]-",
            "[M-H]-",
            "[M-H]-",
            "[M-H]-",
            "[M-H]-",
            "[M-H]-",
            "[M-H]-",
            "[M-H]-",
            "[M-H]-",
            "[M-H]-",
            "[M-H]-"
        ]
    }
}