{
    "cand_form": "C23H32N2O5",
    "cand_ion": "[M+H]+",
    "output_tbl": {
        "mz": [
            56.0495,
            73.0648,
            74.0237,
            91.0542,
            92.058,
            102.055,
            110.0964,
            117.0699,
            118.0737,
            130.0863,
            134.0964,
            156.1019,
            160.1121,
            234.1489
        ],
        "ms2_inten": [
            0.14891901573490474,
            0.06205262295426051,
            0.02759958963553491,
            0.6889227329520707,
            0.025988846359881166,
            0.223493170106435,
            0.09881254430112708,
            1.0,
            0.04319893391869421,
            0.19553217368100623,
            0.12908920626016537,
            0.03751015784235898,
            0.14814881783002218,
            0.01649426030520084
        ],
        "mono_mass": [
            56.0495,
            73.0648,
            74.0237,
            91.0542,
            92.058,
            102.055,
            110.0964,
            117.0699,
            118.0737,
            130.0863,
            134.0964,
            156.1019,
            160.1121,
            234.1489
        ],
        "abs_mass_diff": [
            0.0,
            0.0,
            0.0,
            0.0,
            0.0,
            0.0,
            0.0,
            0.0,
            0.0,
            0.0,
            0.0,
            0.0,
            0.0,
            0.0
        ],
        "mass_diff": [
            0.0,
            0.0,
            0.0,
            0.0,
            0.0,
            0.0,
            0.0,
            0.0,
            0.0,
            0.0,
            0.0,
            0.0,
            0.0,
            0.0
        ],
        "formula": [
            "C23H32N2O5",
            "C23H32N2O5",
            "C23H32N2O5",
            "C23H32N2O5",
            "C23H32N2O5",
            "C23H32N2O5",
            "C23H32N2O5",
            "C23H32N2O5",
            "C23H32N2O5",
            "C23H32N2O5",
            "C23H32N2O5",
            "C23H32N2O5",
            "C23H32N2O5",
            "C23H32N2O5"
        ],
        "ions": [
            "[M+H]+",
            "[M+H]+",
            "[M+H]+",
            "[M+H]+",
            "[M+H]+",
            "[M+H]+",
            "[M+H]+",
            "[M+H]+",
            "[M+H]+",
            "[M+H]+",
            "[M+H]+",
            "[M+H]+",
            "[M+H]+",
            "[M+H]+"
        ]
    }
}