{
    "cand_form": "C23H32N2O5",
    "cand_ion": "[M+H]+",
    "output_tbl": {
        "mz": [
            56.0495,
            65.0386,
            67.0542,
            74.0237,
            91.0542,
            92.058,
            110.0964,
            115.0542,
            117.0699
        ],
        "ms2_inten": [
            0.05050807728135634,
            0.05158695337093667,
            0.01606208751525391,
            0.012467272443026627,
            1.0,
            0.0377003819817785,
            0.018158499039229826,
            0.11849955808222522,
            0.14378053452205422
        ],
        "mono_mass": [
            56.0495,
            65.0386,
            67.0542,
            74.0237,
            91.0542,
            92.058,
            110.0964,
            115.0542,
            117.0699
        ],
        "abs_mass_diff": [
            0.0,
            0.0,
            0.0,
            0.0,
            0.0,
            0.0,
            0.0,
            0.0,
            0.0
        ],
        "mass_diff": [
            0.0,
            0.0,
            0.0,
            0.0,
            0.0,
            0.0,
            0.0,
            0.0,
            0.0
        ],
        "formula": [
            "C23H32N2O5",
            "C23H32N2O5",
            "C23H32N2O5",
            "C23H32N2O5",
            "C23H32N2O5",
            "C23H32N2O5",
            "C23H32N2O5",
            "C23H32N2O5",
            "C23H32N2O5"
        ],
        "ions": [
            "[M+H]+",
            "[M+H]+",
            "[M+H]+",
            "[M+H]+",
            "[M+H]+",
            "[M+H]+",
            "[M+H]+",
            "[M+H]+",
            "[M+H]+"
        ]
    }
}