{
    "cand_form": "C23H32N2O5",
    "cand_ion": "[M+H]+",
    "output_tbl": {
        "mz": [
            0.0,
            65.0386,
            67.0542,
            91.0542,
            92.058,
            115.0542,
            117.0699
        ],
        "ms2_inten": [
            0.041084179254173805,
            0.170745576181427,
            0.016517260476231237,
            1.0,
            0.049753613312081856,
            0.12375140223617959,
            0.05017986918448353
        ],
        "mono_mass": [
            0.0,
            65.0386,
            67.0542,
            91.0542,
            92.058,
            115.0542,
            117.0699
        ],
        "abs_mass_diff": [
            0.0,
            0.0,
            0.0,
            0.0,
            0.0,
            0.0,
            0.0
        ],
        "mass_diff": [
            0.0,
            0.0,
            0.0,
            0.0,
            0.0,
            0.0,
            0.0
        ],
        "formula": [
            "C23H32N2O5",
            "C23H32N2O5",
            "C23H32N2O5",
            "C23H32N2O5",
            "C23H32N2O5",
            "C23H32N2O5",
            "C23H32N2O5"
        ],
        "ions": [
            "[M+H]+",
            "[M+H]+",
            "[M+H]+",
            "[M+H]+",
            "[M+H]+",
            "[M+H]+",
            "[M+H]+"
        ]
    }
}