{
    "cand_form": "C16H18N2O4S",
    "cand_ion": "[M-H]-",
    "output_tbl": {
        "mz": [
            57.9757,
            65.0145,
            65.9985,
            96.9992,
            98.9962,
            100.0226
        ],
        "ms2_inten": [
            1.0,
            0.04818459434898243,
            0.1341387025503781,
            0.020669391294198078,
            0.07509900536087975,
            0.020414256771966684
        ],
        "mono_mass": [
            57.9757,
            65.0145,
            65.9985,
            96.9992,
            98.9962,
            100.0226
        ],
        "abs_mass_diff": [
            0.0,
            0.0,
            0.0,
            0.0,
            0.0,
            0.0
        ],
        "mass_diff": [
            0.0,
            0.0,
            0.0,
            0.0,
            0.0,
            0.0
        ],
        "formula": [
            "C16H18N2O4S",
            "C16H18N2O4S",
            "C16H18N2O4S",
            "C16H18N2O4S",
            "C16H18N2O4S",
            "C16H18N2O4S"
        ],
        "ions": [
            "[M-H]-",
            "[M-H]-",
            "[M-H]-",
            "[M-H]-",
            "[M-H]-",
            "[M-H]-"
        ]
    }
}