{
    "cand_form": "C16H18N2O4S",
    "cand_ion": "[M-H]-",
    "output_tbl": {
        "mz": [
            57.9757,
            65.0145,
            65.9985
        ],
        "ms2_inten": [
            1.0,
            0.02339837468812802,
            0.08605604534630931
        ],
        "mono_mass": [
            57.9757,
            65.0145,
            65.9985
        ],
        "abs_mass_diff": [
            0.0,
            0.0,
            0.0
        ],
        "mass_diff": [
            0.0,
            0.0,
            0.0
        ],
        "formula": [
            "C16H18N2O4S",
            "C16H18N2O4S",
            "C16H18N2O4S"
        ],
        "ions": [
            "[M-H]-",
            "[M-H]-",
            "[M-H]-"
        ]
    }
}