{
    "cand_form": "C18H26O2",
    "cand_ion": "[M+H]+",
    "output_tbl": {
        "mz": [
            0.0,
            51.0229,
            53.0386,
            55.0178,
            55.0542,
            63.0229,
            65.0386,
            65.0426,
            66.0422,
            66.0464,
            67.0542,
            77.0386,
            78.0464,
            79.0542,
            81.0699,
            83.0491,
            91.0542,
            94.0413,
            95.0491,
            95.0565,
            102.0464,
            103.0542,
            105.045,
            105.0699,
            107.0491,
            115.0542,
            128.0621,
            141.0699,
            227.746
        ],
        "ms2_inten": [
            0.047256915123078946,
            0.5224544335570224,
            0.4743070719385996,
            0.15672143550743103,
            0.3811901323646248,
            0.058814892727524076,
            0.7254116095118649,
            0.04508766845384727,
            0.036994615139901425,
            0.09540223639086123,
            0.22012145915884254,
            1.0,
            0.0863565966618198,
            0.6198078905772444,
            0.12507426459933343,
            0.1240602211573535,
            0.8872612165153476,
            0.1019449022047446,
            0.7859495625321667,
            0.04450466449140304,
            0.04262007255320319,
            0.08410096820883864,
            0.27179696179297685,
            0.053064570019004415,
            0.04157163962577471,
            0.2848246630923055,
            0.17646988525734233,
            0.03234396147817991,
            0.05166694065660982
        ],
        "mono_mass": [
            0.0,
            51.0229,
            53.0386,
            55.0178,
            55.0542,
            63.0229,
            65.0386,
            65.0426,
            66.0422,
            66.0464,
            67.0542,
            77.0386,
            78.0464,
            79.0542,
            81.0699,
            83.0491,
            91.0542,
            94.0413,
            95.0491,
            95.0565,
            102.0464,
            103.0542,
            105.045,
            105.0699,
            107.0491,
            115.0542,
            128.0621,
            141.0699,
            227.746
        ],
        "abs_mass_diff": [
            0.0,
            0.0,
            0.0,
            0.0,
            0.0,
            0.0,
            0.0,
            0.0,
            0.0,
            0.0,
            0.0,
            0.0,
            0.0,
            0.0,
            0.0,
            0.0,
            0.0,
            0.0,
            0.0,
            0.0,
            0.0,
            0.0,
            0.0,
            0.0,
            0.0,
            0.0,
            0.0,
            0.0,
            0.0
        ],
        "mass_diff": [
            0.0,
            0.0,
            0.0,
            0.0,
            0.0,
            0.0,
            0.0,
            0.0,
            0.0,
            0.0,
            0.0,
            0.0,
            0.0,
            0.0,
            0.0,
            0.0,
            0.0,
            0.0,
            0.0,
            0.0,
            0.0,
            0.0,
            0.0,
            0.0,
            0.0,
            0.0,
            0.0,
            0.0,
            0.0
        ],
        "formula": [
            "C18H26O2",
            "C18H26O2",
            "C18H26O2",
            "C18H26O2",
            "C18H26O2",
            "C18H26O2",
            "C18H26O2",
            "C18H26O2",
            "C18H26O2",
            "C18H26O2",
            "C18H26O2",
            "C18H26O2",
            "C18H26O2",
            "C18H26O2",
            "C18H26O2",
            "C18H26O2",
            "C18H26O2",
            "C18H26O2",
            "C18H26O2",
            "C18H26O2",
            "C18H26O2",
            "C18H26O2",
            "C18H26O2",
            "C18H26O2",
            "C18H26O2",
            "C18H26O2",
            "C18H26O2",
            "C18H26O2",
            "C18H26O2"
        ],
        "ions": [
            "[M+H]+",
            "[M+H]+",
            "[M+H]+",
            "[M+H]+",
            "[M+H]+",
            "[M+H]+",
            "[M+H]+",
            "[M+H]+",
            "[M+H]+",
            "[M+H]+",
            "[M+H]+",
            "[M+H]+",
            "[M+H]+",
            "[M+H]+",
            "[M+H]+",
            "[M+H]+",
            "[M+H]+",
            "[M+H]+",
            "[M+H]+",
            "[M+H]+",
            "[M+H]+",
            "[M+H]+",
            "[M+H]+",
            "[M+H]+",
            "[M+H]+",
            "[M+H]+",
            "[M+H]+",
            "[M+H]+",
            "[M+H]+"
        ]
    }
}