{
    "cand_form": "C19H28O2",
    "cand_ion": "[M+H]+",
    "output_tbl": {
        "mz": [
            53.0386,
            55.0178,
            55.0542,
            65.0386,
            67.0542,
            69.0699,
            77.0386,
            79.0542,
            81.0699,
            83.0491,
            91.0542,
            93.0699,
            94.0413,
            95.0491,
            97.0648,
            105.0699,
            109.0648,
            227.7513
        ],
        "ms2_inten": [
            0.14643318433192662,
            0.1813964461822285,
            0.1882157336105395,
            0.12449844318368705,
            0.359280914706337,
            0.160776672532305,
            0.1669315815408578,
            1.0,
            0.6497639242570525,
            0.07341001243786852,
            0.515783341957457,
            0.11689025825779126,
            0.13650489415160993,
            0.18693592291545363,
            0.9673114086202359,
            0.1637324790668297,
            0.6128379414540797,
            0.0842110099357927
        ],
        "mono_mass": [
            53.0386,
            55.0178,
            55.0542,
            65.0386,
            67.0542,
            69.0699,
            77.0386,
            79.0542,
            81.0699,
            83.0491,
            91.0542,
            93.0699,
            94.0413,
            95.0491,
            97.0648,
            105.0699,
            109.0648,
            227.7513
        ],
        "abs_mass_diff": [
            0.0,
            0.0,
            0.0,
            0.0,
            0.0,
            0.0,
            0.0,
            0.0,
            0.0,
            0.0,
            0.0,
            0.0,
            0.0,
            0.0,
            0.0,
            0.0,
            0.0,
            0.0
        ],
        "mass_diff": [
            0.0,
            0.0,
            0.0,
            0.0,
            0.0,
            0.0,
            0.0,
            0.0,
            0.0,
            0.0,
            0.0,
            0.0,
            0.0,
            0.0,
            0.0,
            0.0,
            0.0,
            0.0
        ],
        "formula": [
            "C19H28O2",
            "C19H28O2",
            "C19H28O2",
            "C19H28O2",
            "C19H28O2",
            "C19H28O2",
            "C19H28O2",
            "C19H28O2",
            "C19H28O2",
            "C19H28O2",
            "C19H28O2",
            "C19H28O2",
            "C19H28O2",
            "C19H28O2",
            "C19H28O2",
            "C19H28O2",
            "C19H28O2",
            "C19H28O2"
        ],
        "ions": [
            "[M+H]+",
            "[M+H]+",
            "[M+H]+",
            "[M+H]+",
            "[M+H]+",
            "[M+H]+",
            "[M+H]+",
            "[M+H]+",
            "[M+H]+",
            "[M+H]+",
            "[M+H]+",
            "[M+H]+",
            "[M+H]+",
            "[M+H]+",
            "[M+H]+",
            "[M+H]+",
            "[M+H]+",
            "[M+H]+"
        ]
    }
}