{
    "cand_form": "C12H15N3O3",
    "cand_ion": "[M+H]+",
    "output_tbl": {
        "mz": [
            57.0699,
            121.0284,
            149.0233,
            163.039,
            181.0482
        ],
        "ms2_inten": [
            0.045408483641266026,
            0.0429653960139293,
            1.0,
            0.019254003153068848,
            0.018113070398116816
        ],
        "mono_mass": [
            57.0699,
            121.0284,
            149.0233,
            163.039,
            181.0482
        ],
        "abs_mass_diff": [
            0.0,
            0.0,
            0.0,
            0.0,
            0.0
        ],
        "mass_diff": [
            0.0,
            0.0,
            0.0,
            0.0,
            0.0
        ],
        "formula": [
            "C12H15N3O3",
            "C12H15N3O3",
            "C12H15N3O3",
            "C12H15N3O3",
            "C12H15N3O3"
        ],
        "ions": [
            "[M+H]+",
            "[M+H]+",
            "[M+H]+",
            "[M+H]+",
            "[M+H]+"
        ]
    }
}