{
    "cand_form": "C24H29N5O3",
    "cand_ion": "[M-H]-",
    "output_tbl": {
        "mz": [
            75.5755,
            107.8259,
            114.0589,
            116.0717,
            178.0788,
            179.0866,
            204.0819,
            227.7186,
            263.9006
        ],
        "ms2_inten": [
            0.12733057063244976,
            0.12246415337513065,
            0.12753607334696748,
            0.2865499720883665,
            1.0,
            0.46586388620400543,
            0.17925456932445502,
            0.3515282140987532,
            0.14571188088088644
        ],
        "mono_mass": [
            75.5755,
            107.8259,
            114.0589,
            116.0717,
            178.0788,
            179.0866,
            204.0819,
            227.7186,
            263.9006
        ],
        "abs_mass_diff": [
            0.0,
            0.0,
            0.0,
            0.0,
            0.0,
            0.0,
            0.0,
            0.0,
            0.0
        ],
        "mass_diff": [
            0.0,
            0.0,
            0.0,
            0.0,
            0.0,
            0.0,
            0.0,
            0.0,
            0.0
        ],
        "formula": [
            "C24H29N5O3",
            "C24H29N5O3",
            "C24H29N5O3",
            "C24H29N5O3",
            "C24H29N5O3",
            "C24H29N5O3",
            "C24H29N5O3",
            "C24H29N5O3",
            "C24H29N5O3"
        ],
        "ions": [
            "[M-H]-",
            "[M-H]-",
            "[M-H]-",
            "[M-H]-",
            "[M-H]-",
            "[M-H]-",
            "[M-H]-",
            "[M-H]-",
            "[M-H]-"
        ]
    }
}