{
    "cand_form": "C24H29N5O3",
    "cand_ion": "[M-H]-",
    "output_tbl": {
        "mz": [
            63.3164,
            84.0711,
            87.04,
            148.4728,
            190.0662,
            227.7049,
            227.7348,
            295.8138
        ],
        "ms2_inten": [
            0.4051816844445231,
            0.40654551078457035,
            0.520799024352977,
            0.4408031833372309,
            0.5038153351364294,
            1.0,
            0.8459612480306781,
            0.3944611646460251
        ],
        "mono_mass": [
            63.3164,
            84.0711,
            87.04,
            148.4728,
            190.0662,
            227.7049,
            227.7348,
            295.8138
        ],
        "abs_mass_diff": [
            0.0,
            0.0,
            0.0,
            0.0,
            0.0,
            0.0,
            0.0,
            0.0
        ],
        "mass_diff": [
            0.0,
            0.0,
            0.0,
            0.0,
            0.0,
            0.0,
            0.0,
            0.0
        ],
        "formula": [
            "C24H29N5O3",
            "C24H29N5O3",
            "C24H29N5O3",
            "C24H29N5O3",
            "C24H29N5O3",
            "C24H29N5O3",
            "C24H29N5O3",
            "C24H29N5O3"
        ],
        "ions": [
            "[M-H]-",
            "[M-H]-",
            "[M-H]-",
            "[M-H]-",
            "[M-H]-",
            "[M-H]-",
            "[M-H]-",
            "[M-H]-"
        ]
    }
}