{
    "cand_form": "C27H36N2O4",
    "cand_ion": "[M+H]+",
    "output_tbl": {
        "mz": [
            86.0964,
            146.0964,
            162.1277,
            174.1277,
            179.0703,
            230.1903
        ],
        "ms2_inten": [
            0.31477893162502224,
            0.019387188116835347,
            0.1163354295032771,
            0.12769198034368393,
            0.012047918588257052,
            1.0
        ],
        "mono_mass": [
            86.0964,
            146.0964,
            162.1277,
            174.1277,
            179.0703,
            230.1903
        ],
        "abs_mass_diff": [
            0.0,
            0.0,
            0.0,
            0.0,
            0.0,
            0.0
        ],
        "mass_diff": [
            0.0,
            0.0,
            0.0,
            0.0,
            0.0,
            0.0
        ],
        "formula": [
            "C27H36N2O4",
            "C27H36N2O4",
            "C27H36N2O4",
            "C27H36N2O4",
            "C27H36N2O4",
            "C27H36N2O4"
        ],
        "ions": [
            "[M+H]+",
            "[M+H]+",
            "[M+H]+",
            "[M+H]+",
            "[M+H]+",
            "[M+H]+"
        ]
    }
}