{
    "cand_form": "C27H36N2O4",
    "cand_ion": "[M+H]+",
    "output_tbl": {
        "mz": [
            86.0964,
            132.0808,
            146.0964,
            162.1277,
            172.1121,
            174.1277,
            230.1903,
            231.1955
        ],
        "ms2_inten": [
            0.30152075240575904,
            0.032520113139402264,
            0.09435419989842149,
            0.13707580490092988,
            0.03675572194515071,
            0.4011275887116356,
            1.0,
            0.0837412717297494
        ],
        "mono_mass": [
            86.0964,
            132.0808,
            146.0964,
            162.1277,
            172.1121,
            174.1277,
            230.1903,
            231.1955
        ],
        "abs_mass_diff": [
            0.0,
            0.0,
            0.0,
            0.0,
            0.0,
            0.0,
            0.0,
            0.0
        ],
        "mass_diff": [
            0.0,
            0.0,
            0.0,
            0.0,
            0.0,
            0.0,
            0.0,
            0.0
        ],
        "formula": [
            "C27H36N2O4",
            "C27H36N2O4",
            "C27H36N2O4",
            "C27H36N2O4",
            "C27H36N2O4",
            "C27H36N2O4",
            "C27H36N2O4",
            "C27H36N2O4"
        ],
        "ions": [
            "[M+H]+",
            "[M+H]+",
            "[M+H]+",
            "[M+H]+",
            "[M+H]+",
            "[M+H]+",
            "[M+H]+",
            "[M+H]+"
        ]
    }
}