{
    "cand_form": "C27H36N2O4",
    "cand_ion": "[M+H]+",
    "output_tbl": {
        "mz": [
            69.0699,
            86.0964,
            91.0542,
            106.0651,
            117.0573,
            118.0651,
            120.0808,
            130.0651,
            131.073,
            132.0808,
            144.0808,
            145.0886,
            146.0964,
            158.0964,
            159.1043,
            160.1121,
            162.1277,
            172.1121,
            173.1199,
            174.1277,
            175.1329,
            179.0703,
            186.1277,
            188.1434,
            202.159,
            227.7375,
            230.1903,
            231.1955
        ],
        "ms2_inten": [
            0.028193208847314348,
            0.40628972976483446,
            0.03148479913581296,
            0.11216147592122565,
            0.01972944945893765,
            0.20600967730694242,
            0.04122907000596175,
            0.07305979529462965,
            0.07558072652616252,
            0.125024242519642,
            0.07760253905186527,
            0.039161726959384635,
            0.44480996735588185,
            0.06815959502840001,
            0.06525371634484876,
            0.04107340246374289,
            0.18933360815613895,
            0.24176333479654696,
            0.04867351899613644,
            0.933110445702003,
            0.04823390831293447,
            0.024061093649237,
            0.04926918084489005,
            0.025392583721956144,
            0.028847005099665837,
            0.03539809125364541,
            1.0,
            0.08102419311885671
        ],
        "mono_mass": [
            69.0699,
            86.0964,
            91.0542,
            106.0651,
            117.0573,
            118.0651,
            120.0808,
            130.0651,
            131.073,
            132.0808,
            144.0808,
            145.0886,
            146.0964,
            158.0964,
            159.1043,
            160.1121,
            162.1277,
            172.1121,
            173.1199,
            174.1277,
            175.1329,
            179.0703,
            186.1277,
            188.1434,
            202.159,
            227.7375,
            230.1903,
            231.1955
        ],
        "abs_mass_diff": [
            0.0,
            0.0,
            0.0,
            0.0,
            0.0,
            0.0,
            0.0,
            0.0,
            0.0,
            0.0,
            0.0,
            0.0,
            0.0,
            0.0,
            0.0,
            0.0,
            0.0,
            0.0,
            0.0,
            0.0,
            0.0,
            0.0,
            0.0,
            0.0,
            0.0,
            0.0,
            0.0,
            0.0
        ],
        "mass_diff": [
            0.0,
            0.0,
            0.0,
            0.0,
            0.0,
            0.0,
            0.0,
            0.0,
            0.0,
            0.0,
            0.0,
            0.0,
            0.0,
            0.0,
            0.0,
            0.0,
            0.0,
            0.0,
            0.0,
            0.0,
            0.0,
            0.0,
            0.0,
            0.0,
            0.0,
            0.0,
            0.0,
            0.0
        ],
        "formula": [
            "C27H36N2O4",
            "C27H36N2O4",
            "C27H36N2O4",
            "C27H36N2O4",
            "C27H36N2O4",
            "C27H36N2O4",
            "C27H36N2O4",
            "C27H36N2O4",
            "C27H36N2O4",
            "C27H36N2O4",
            "C27H36N2O4",
            "C27H36N2O4",
            "C27H36N2O4",
            "C27H36N2O4",
            "C27H36N2O4",
            "C27H36N2O4",
            "C27H36N2O4",
            "C27H36N2O4",
            "C27H36N2O4",
            "C27H36N2O4",
            "C27H36N2O4",
            "C27H36N2O4",
            "C27H36N2O4",
            "C27H36N2O4",
            "C27H36N2O4",
            "C27H36N2O4",
            "C27H36N2O4",
            "C27H36N2O4"
        ],
        "ions": [
            "[M+H]+",
            "[M+H]+",
            "[M+H]+",
            "[M+H]+",
            "[M+H]+",
            "[M+H]+",
            "[M+H]+",
            "[M+H]+",
            "[M+H]+",
            "[M+H]+",
            "[M+H]+",
            "[M+H]+",
            "[M+H]+",
            "[M+H]+",
            "[M+H]+",
            "[M+H]+",
            "[M+H]+",
            "[M+H]+",
            "[M+H]+",
            "[M+H]+",
            "[M+H]+",
            "[M+H]+",
            "[M+H]+",
            "[M+H]+",
            "[M+H]+",
            "[M+H]+",
            "[M+H]+",
            "[M+H]+"
        ]
    }
}