{
    "cand_form": "C50H75NO14",
    "cand_ion": "[M+H]+",
    "output_tbl": {
        "mz": [
            110.06,
            112.0757,
            113.0597,
            123.1168,
            126.0913,
            142.0863,
            143.0855,
            144.1019,
            154.0863,
            171.1168,
            186.1125,
            199.1117
        ],
        "ms2_inten": [
            0.05582905896327341,
            1.0,
            0.10551079058900796,
            0.043550720104282604,
            0.03965533692376808,
            0.03915800859075283,
            0.050427407572101436,
            0.4056859027966888,
            0.2809486731549512,
            0.05444201466757378,
            0.08286824316247265,
            0.07155394694719053
        ],
        "mono_mass": [
            110.06,
            112.0757,
            113.0597,
            123.1168,
            126.0913,
            142.0863,
            143.0855,
            144.1019,
            154.0863,
            171.1168,
            186.1125,
            199.1117
        ],
        "abs_mass_diff": [
            0.0,
            0.0,
            0.0,
            0.0,
            0.0,
            0.0,
            0.0,
            0.0,
            0.0,
            0.0,
            0.0,
            0.0
        ],
        "mass_diff": [
            0.0,
            0.0,
            0.0,
            0.0,
            0.0,
            0.0,
            0.0,
            0.0,
            0.0,
            0.0,
            0.0,
            0.0
        ],
        "formula": [
            "C50H75NO14",
            "C50H75NO14",
            "C50H75NO14",
            "C50H75NO14",
            "C50H75NO14",
            "C50H75NO14",
            "C50H75NO14",
            "C50H75NO14",
            "C50H75NO14",
            "C50H75NO14",
            "C50H75NO14",
            "C50H75NO14"
        ],
        "ions": [
            "[M+H]+",
            "[M+H]+",
            "[M+H]+",
            "[M+H]+",
            "[M+H]+",
            "[M+H]+",
            "[M+H]+",
            "[M+H]+",
            "[M+H]+",
            "[M+H]+",
            "[M+H]+",
            "[M+H]+"
        ]
    }
}