{
    "cand_form": "C50H75NO14",
    "cand_ion": "[M+H]+",
    "output_tbl": {
        "mz": [
            105.0699,
            110.06,
            112.0757,
            115.0542,
            119.0855,
            128.0621,
            129.0699,
            141.0699,
            156.0934,
            165.0699,
            227.7408
        ],
        "ms2_inten": [
            0.14730129932022046,
            0.056235203277106745,
            1.0,
            0.07361381587957792,
            0.046532327686712414,
            0.11684649740357217,
            0.05044339830231589,
            0.11636735584466107,
            0.05130888564321056,
            0.05269665690065272,
            0.1734211331589789
        ],
        "mono_mass": [
            105.0699,
            110.06,
            112.0757,
            115.0542,
            119.0855,
            128.0621,
            129.0699,
            141.0699,
            156.0934,
            165.0699,
            227.7408
        ],
        "abs_mass_diff": [
            0.0,
            0.0,
            0.0,
            0.0,
            0.0,
            0.0,
            0.0,
            0.0,
            0.0,
            0.0,
            0.0
        ],
        "mass_diff": [
            0.0,
            0.0,
            0.0,
            0.0,
            0.0,
            0.0,
            0.0,
            0.0,
            0.0,
            0.0,
            0.0
        ],
        "formula": [
            "C50H75NO14",
            "C50H75NO14",
            "C50H75NO14",
            "C50H75NO14",
            "C50H75NO14",
            "C50H75NO14",
            "C50H75NO14",
            "C50H75NO14",
            "C50H75NO14",
            "C50H75NO14",
            "C50H75NO14"
        ],
        "ions": [
            "[M+H]+",
            "[M+H]+",
            "[M+H]+",
            "[M+H]+",
            "[M+H]+",
            "[M+H]+",
            "[M+H]+",
            "[M+H]+",
            "[M+H]+",
            "[M+H]+",
            "[M+H]+"
        ]
    }
}