{
    "cand_form": "C16H18FN3O3",
    "cand_ion": "[M+H]+",
    "output_tbl": {
        "mz": [
            57.0699,
            70.0651,
            132.0682,
            168.0444,
            205.0772,
            206.0713,
            219.0928,
            229.1097,
            232.0519,
            233.1085,
            234.1037,
            246.9631,
            256.1444,
            257.141,
            276.1507,
            302.1299,
            303.1255,
            320.1405,
            321.1357
        ],
        "ms2_inten": [
            0.10442005858510167,
            0.05899172723866617,
            0.18908808201914235,
            0.9187319731598488,
            0.06243516468544569,
            0.13917005892571271,
            0.10920993562451037,
            0.05297031165911645,
            0.07875848973057666,
            0.5820932593071971,
            0.25638638918219286,
            0.7329138594638782,
            0.12201405020606969,
            0.06129352157771041,
            0.17877005347593583,
            0.246310024183385,
            0.6616266221601553,
            0.3270303143840049,
            1.0
        ],
        "mono_mass": [
            57.0699,
            70.0651,
            132.0682,
            168.0444,
            205.0772,
            206.0713,
            219.0928,
            229.1097,
            232.0519,
            233.1085,
            234.1037,
            246.9631,
            256.1444,
            257.141,
            276.1507,
            302.1299,
            303.1255,
            320.1405,
            321.1357
        ],
        "abs_mass_diff": [
            0.0,
            0.0,
            0.0,
            0.0,
            0.0,
            0.0,
            0.0,
            0.0,
            0.0,
            0.0,
            0.0,
            0.0,
            0.0,
            0.0,
            0.0,
            0.0,
            0.0,
            0.0,
            0.0
        ],
        "mass_diff": [
            0.0,
            0.0,
            0.0,
            0.0,
            0.0,
            0.0,
            0.0,
            0.0,
            0.0,
            0.0,
            0.0,
            0.0,
            0.0,
            0.0,
            0.0,
            0.0,
            0.0,
            0.0,
            0.0
        ],
        "formula": [
            "C16H18FN3O3",
            "C16H18FN3O3",
            "C16H18FN3O3",
            "C16H18FN3O3",
            "C16H18FN3O3",
            "C16H18FN3O3",
            "C16H18FN3O3",
            "C16H18FN3O3",
            "C16H18FN3O3",
            "C16H18FN3O3",
            "C16H18FN3O3",
            "C16H18FN3O3",
            "C16H18FN3O3",
            "C16H18FN3O3",
            "C16H18FN3O3",
            "C16H18FN3O3",
            "C16H18FN3O3",
            "C16H18FN3O3",
            "C16H18FN3O3"
        ],
        "ions": [
            "[M+H]+",
            "[M+H]+",
            "[M+H]+",
            "[M+H]+",
            "[M+H]+",
            "[M+H]+",
            "[M+H]+",
            "[M+H]+",
            "[M+H]+",
            "[M+H]+",
            "[M+H]+",
            "[M+H]+",
            "[M+H]+",
            "[M+H]+",
            "[M+H]+",
            "[M+H]+",
            "[M+H]+",
            "[M+H]+",
            "[M+H]+"
        ]
    }
}