{
    "cand_form": "C19H20FN3O3",
    "cand_ion": "[M+H]+",
    "output_tbl": {
        "mz": [
            70.0651,
            82.0651,
            83.073,
            88.0757,
            94.0651,
            96.0808,
            202.0663,
            215.0251,
            215.0604,
            218.0486,
            255.0564,
            256.0631
        ],
        "ms2_inten": [
            0.15116928965297613,
            1.0,
            0.16335947375492532,
            0.07394504988289692,
            0.06237071557249678,
            0.07291371428101372,
            0.06263074748156885,
            0.04991423408630021,
            0.055483888973978004,
            0.04195007675647769,
            0.3950442324136788,
            0.05249557264562872
        ],
        "mono_mass": [
            70.0651,
            82.0651,
            83.073,
            88.0757,
            94.0651,
            96.0808,
            202.0663,
            215.0251,
            215.0604,
            218.0486,
            255.0564,
            256.0631
        ],
        "abs_mass_diff": [
            0.0,
            0.0,
            0.0,
            0.0,
            0.0,
            0.0,
            0.0,
            0.0,
            0.0,
            0.0,
            0.0,
            0.0
        ],
        "mass_diff": [
            0.0,
            0.0,
            0.0,
            0.0,
            0.0,
            0.0,
            0.0,
            0.0,
            0.0,
            0.0,
            0.0,
            0.0
        ],
        "formula": [
            "C19H20FN3O3",
            "C19H20FN3O3",
            "C19H20FN3O3",
            "C19H20FN3O3",
            "C19H20FN3O3",
            "C19H20FN3O3",
            "C19H20FN3O3",
            "C19H20FN3O3",
            "C19H20FN3O3",
            "C19H20FN3O3",
            "C19H20FN3O3",
            "C19H20FN3O3"
        ],
        "ions": [
            "[M+H]+",
            "[M+H]+",
            "[M+H]+",
            "[M+H]+",
            "[M+H]+",
            "[M+H]+",
            "[M+H]+",
            "[M+H]+",
            "[M+H]+",
            "[M+H]+",
            "[M+H]+",
            "[M+H]+"
        ]
    }
}