{
    "cand_form": "C19H20FN3O3",
    "cand_ion": "[M+H]+",
    "output_tbl": {
        "mz": [
            53.0022,
            55.0542,
            65.0386,
            67.0417,
            70.0651,
            75.0229,
            80.0495,
            82.0651,
            107.0292,
            125.0386,
            132.0244,
            133.0448,
            140.0495,
            172.0557
        ],
        "ms2_inten": [
            0.28607665153605416,
            0.08677425219600785,
            0.07883161770742188,
            0.7507374421589456,
            0.09034772910663978,
            0.0768418533965789,
            0.19106677425620058,
            1.0,
            0.14029615420810568,
            0.0702229746370355,
            0.12216722697320341,
            0.11407914238059863,
            0.09593619113027077,
            0.10938620704844931
        ],
        "mono_mass": [
            53.0022,
            55.0542,
            65.0386,
            67.0417,
            70.0651,
            75.0229,
            80.0495,
            82.0651,
            107.0292,
            125.0386,
            132.0244,
            133.0448,
            140.0495,
            172.0557
        ],
        "abs_mass_diff": [
            0.0,
            0.0,
            0.0,
            0.0,
            0.0,
            0.0,
            0.0,
            0.0,
            0.0,
            0.0,
            0.0,
            0.0,
            0.0,
            0.0
        ],
        "mass_diff": [
            0.0,
            0.0,
            0.0,
            0.0,
            0.0,
            0.0,
            0.0,
            0.0,
            0.0,
            0.0,
            0.0,
            0.0,
            0.0,
            0.0
        ],
        "formula": [
            "C19H20FN3O3",
            "C19H20FN3O3",
            "C19H20FN3O3",
            "C19H20FN3O3",
            "C19H20FN3O3",
            "C19H20FN3O3",
            "C19H20FN3O3",
            "C19H20FN3O3",
            "C19H20FN3O3",
            "C19H20FN3O3",
            "C19H20FN3O3",
            "C19H20FN3O3",
            "C19H20FN3O3",
            "C19H20FN3O3"
        ],
        "ions": [
            "[M+H]+",
            "[M+H]+",
            "[M+H]+",
            "[M+H]+",
            "[M+H]+",
            "[M+H]+",
            "[M+H]+",
            "[M+H]+",
            "[M+H]+",
            "[M+H]+",
            "[M+H]+",
            "[M+H]+",
            "[M+H]+",
            "[M+H]+"
        ]
    }
}