{
    "cand_form": "C18H23NO3",
    "cand_ion": "[M+H]+",
    "output_tbl": {
        "mz": [
            58.0651,
            65.0386,
            77.0386,
            79.0542,
            91.0542,
            94.0413,
            95.0491,
            103.0542,
            105.0449,
            105.0699,
            107.0491,
            115.0542,
            133.0648
        ],
        "ms2_inten": [
            0.14013240008107467,
            0.07548657020677232,
            0.48373263885564727,
            0.6741291470647313,
            0.15665084014676958,
            0.08173709048606234,
            0.6680401584037882,
            0.2011079931584356,
            0.21246886416226896,
            0.63629106354159,
            1.0,
            0.11461538493099763,
            0.0840194067708292
        ],
        "mono_mass": [
            58.0651,
            65.0386,
            77.0386,
            79.0542,
            91.0542,
            94.0413,
            95.0491,
            103.0542,
            105.0449,
            105.0699,
            107.0491,
            115.0542,
            133.0648
        ],
        "abs_mass_diff": [
            0.0,
            0.0,
            0.0,
            0.0,
            0.0,
            0.0,
            0.0,
            0.0,
            0.0,
            0.0,
            0.0,
            0.0,
            0.0
        ],
        "mass_diff": [
            0.0,
            0.0,
            0.0,
            0.0,
            0.0,
            0.0,
            0.0,
            0.0,
            0.0,
            0.0,
            0.0,
            0.0,
            0.0
        ],
        "formula": [
            "C18H23NO3",
            "C18H23NO3",
            "C18H23NO3",
            "C18H23NO3",
            "C18H23NO3",
            "C18H23NO3",
            "C18H23NO3",
            "C18H23NO3",
            "C18H23NO3",
            "C18H23NO3",
            "C18H23NO3",
            "C18H23NO3",
            "C18H23NO3"
        ],
        "ions": [
            "[M+H]+",
            "[M+H]+",
            "[M+H]+",
            "[M+H]+",
            "[M+H]+",
            "[M+H]+",
            "[M+H]+",
            "[M+H]+",
            "[M+H]+",
            "[M+H]+",
            "[M+H]+",
            "[M+H]+",
            "[M+H]+"
        ]
    }
}