{
    "cand_form": "C15H14ClN3O4S",
    "cand_ion": "[M+H]+",
    "output_tbl": {
        "mz": [
            83.0491,
            106.0651,
            174.055,
            292.9105,
            293.9136,
            294.9084,
            348.973,
            349.9762,
            350.971,
            366.9831,
            367.2688,
            367.9876,
            368.9816
        ],
        "ms2_inten": [
            0.08608469294020252,
            0.09026629848636222,
            0.10836604365218398,
            0.3639344383965272,
            0.1581527751346175,
            0.6883040879336536,
            0.3102931389590021,
            0.3599394669337245,
            1.0,
            0.10393979089760699,
            0.031911629429999616,
            0.14670097425190587,
            0.3912394408584303
        ],
        "mono_mass": [
            83.0491,
            106.0651,
            174.055,
            292.9105,
            293.9136,
            294.9084,
            348.973,
            349.9762,
            350.971,
            366.9831,
            367.2688,
            367.9876,
            368.9816
        ],
        "abs_mass_diff": [
            0.0,
            0.0,
            0.0,
            0.0,
            0.0,
            0.0,
            0.0,
            0.0,
            0.0,
            0.0,
            0.0,
            0.0,
            0.0
        ],
        "mass_diff": [
            0.0,
            0.0,
            0.0,
            0.0,
            0.0,
            0.0,
            0.0,
            0.0,
            0.0,
            0.0,
            0.0,
            0.0,
            0.0
        ],
        "formula": [
            "C15H14ClN3O4S",
            "C15H14ClN3O4S",
            "C15H14ClN3O4S",
            "C15H14ClN3O4S",
            "C15H14ClN3O4S",
            "C15H14ClN3O4S",
            "C15H14ClN3O4S",
            "C15H14ClN3O4S",
            "C15H14ClN3O4S",
            "C15H14ClN3O4S",
            "C15H14ClN3O4S",
            "C15H14ClN3O4S",
            "C15H14ClN3O4S"
        ],
        "ions": [
            "[M+H]+",
            "[M+H]+",
            "[M+H]+",
            "[M+H]+",
            "[M+H]+",
            "[M+H]+",
            "[M+H]+",
            "[M+H]+",
            "[M+H]+",
            "[M+H]+",
            "[M+H]+",
            "[M+H]+",
            "[M+H]+"
        ]
    }
}