{
    "cand_form": "C12H15N3O3S",
    "cand_ion": "[M+H]+",
    "output_tbl": {
        "mz": [
            92.0495,
            108.0444,
            126.0662,
            127.0695,
            156.0114,
            157.0158,
            158.0059,
            188.0124,
            207.0063,
            215.0894,
            216.0927,
            281.0664,
            282.069,
            282.1084,
            282.1436,
            283.0708,
            283.115,
            283.1501
        ],
        "ms2_inten": [
            0.060452860589478165,
            0.08978890496104272,
            0.2667869484254951,
            0.02977490867735148,
            0.9403942928399971,
            0.10856402858018052,
            0.0536255706525684,
            0.07144785011057564,
            0.04302551541088721,
            0.15859814882676238,
            0.04364164020680623,
            1.0,
            0.29884023131869086,
            0.07053687244166269,
            0.16588059336372354,
            0.08008453979722521,
            0.23119365816083215,
            0.028270170853797863
        ],
        "mono_mass": [
            92.0495,
            108.0444,
            126.0662,
            127.0695,
            156.0114,
            157.0158,
            158.0059,
            188.0124,
            207.0063,
            215.0894,
            216.0927,
            281.0664,
            282.069,
            282.1084,
            282.1436,
            283.0708,
            283.115,
            283.1501
        ],
        "abs_mass_diff": [
            0.0,
            0.0,
            0.0,
            0.0,
            0.0,
            0.0,
            0.0,
            0.0,
            0.0,
            0.0,
            0.0,
            0.0,
            0.0,
            0.0,
            0.0,
            0.0,
            0.0,
            0.0
        ],
        "mass_diff": [
            0.0,
            0.0,
            0.0,
            0.0,
            0.0,
            0.0,
            0.0,
            0.0,
            0.0,
            0.0,
            0.0,
            0.0,
            0.0,
            0.0,
            0.0,
            0.0,
            0.0,
            0.0
        ],
        "formula": [
            "C12H15N3O3S",
            "C12H15N3O3S",
            "C12H15N3O3S",
            "C12H15N3O3S",
            "C12H15N3O3S",
            "C12H15N3O3S",
            "C12H15N3O3S",
            "C12H15N3O3S",
            "C12H15N3O3S",
            "C12H15N3O3S",
            "C12H15N3O3S",
            "C12H15N3O3S",
            "C12H15N3O3S",
            "C12H15N3O3S",
            "C12H15N3O3S",
            "C12H15N3O3S",
            "C12H15N3O3S",
            "C12H15N3O3S"
        ],
        "ions": [
            "[M+H]+",
            "[M+H]+",
            "[M+H]+",
            "[M+H]+",
            "[M+H]+",
            "[M+H]+",
            "[M+H]+",
            "[M+H]+",
            "[M+H]+",
            "[M+H]+",
            "[M+H]+",
            "[M+H]+",
            "[M+H]+",
            "[M+H]+",
            "[M+H]+",
            "[M+H]+",
            "[M+H]+",
            "[M+H]+"
        ]
    }
}