{
    "cand_form": "C12H15N3O3S",
    "cand_ion": "[M+H]+",
    "output_tbl": {
        "mz": [
            65.0386,
            66.0419,
            80.0495,
            85.0396,
            92.0495,
            93.0533,
            108.0444,
            109.0482,
            110.06,
            111.0427,
            126.0662,
            169.0972,
            174.0662
        ],
        "ms2_inten": [
            0.46521655059112327,
            0.044269351256607754,
            0.10964668263196096,
            0.0729583666279298,
            1.0,
            0.11389140072408603,
            0.7723718343175433,
            0.07723537479155322,
            0.20015973482363175,
            0.03936318194526207,
            0.24911037386296603,
            0.11700491639119902,
            0.040756805583242586
        ],
        "mono_mass": [
            65.0386,
            66.0419,
            80.0495,
            85.0396,
            92.0495,
            93.0533,
            108.0444,
            109.0482,
            110.06,
            111.0427,
            126.0662,
            169.0972,
            174.0662
        ],
        "abs_mass_diff": [
            0.0,
            0.0,
            0.0,
            0.0,
            0.0,
            0.0,
            0.0,
            0.0,
            0.0,
            0.0,
            0.0,
            0.0,
            0.0
        ],
        "mass_diff": [
            0.0,
            0.0,
            0.0,
            0.0,
            0.0,
            0.0,
            0.0,
            0.0,
            0.0,
            0.0,
            0.0,
            0.0,
            0.0
        ],
        "formula": [
            "C12H15N3O3S",
            "C12H15N3O3S",
            "C12H15N3O3S",
            "C12H15N3O3S",
            "C12H15N3O3S",
            "C12H15N3O3S",
            "C12H15N3O3S",
            "C12H15N3O3S",
            "C12H15N3O3S",
            "C12H15N3O3S",
            "C12H15N3O3S",
            "C12H15N3O3S",
            "C12H15N3O3S"
        ],
        "ions": [
            "[M+H]+",
            "[M+H]+",
            "[M+H]+",
            "[M+H]+",
            "[M+H]+",
            "[M+H]+",
            "[M+H]+",
            "[M+H]+",
            "[M+H]+",
            "[M+H]+",
            "[M+H]+",
            "[M+H]+",
            "[M+H]+"
        ]
    }
}