{
    "cand_form": "C8H11N",
    "cand_ion": "[M+H]+",
    "output_tbl": {
        "mz": [
            51.0229,
            53.0386,
            65.0386,
            77.0386,
            79.0542,
            80.0576,
            94.0412,
            95.0492,
            96.0529,
            103.0542,
            105.0448,
            105.0699,
            106.0651,
            107.073,
            120.0808,
            122.0964
        ],
        "ms2_inten": [
            0.0765730412899549,
            0.0912572294522236,
            0.06227900301633005,
            0.5407102412088728,
            1.0,
            0.040952181560768255,
            0.09536288746318551,
            0.766269018787284,
            0.03436151755431332,
            0.5155541791446465,
            0.30615558811845905,
            0.4280875273447992,
            0.6013868976401033,
            0.6509018412977573,
            0.036841980471220184,
            0.031698491940417794
        ],
        "mono_mass": [
            51.0229,
            53.0386,
            65.0386,
            77.0386,
            79.0542,
            80.0576,
            94.0412,
            95.0492,
            96.0529,
            103.0542,
            105.0448,
            105.0699,
            106.0651,
            107.073,
            120.0808,
            122.0964
        ],
        "abs_mass_diff": [
            0.0,
            0.0,
            0.0,
            0.0,
            0.0,
            0.0,
            0.0,
            0.0,
            0.0,
            0.0,
            0.0,
            0.0,
            0.0,
            0.0,
            0.0,
            0.0
        ],
        "mass_diff": [
            0.0,
            0.0,
            0.0,
            0.0,
            0.0,
            0.0,
            0.0,
            0.0,
            0.0,
            0.0,
            0.0,
            0.0,
            0.0,
            0.0,
            0.0,
            0.0
        ],
        "formula": [
            "C8H11N",
            "C8H11N",
            "C8H11N",
            "C8H11N",
            "C8H11N",
            "C8H11N",
            "C8H11N",
            "C8H11N",
            "C8H11N",
            "C8H11N",
            "C8H11N",
            "C8H11N",
            "C8H11N",
            "C8H11N",
            "C8H11N",
            "C8H11N"
        ],
        "ions": [
            "[M+H]+",
            "[M+H]+",
            "[M+H]+",
            "[M+H]+",
            "[M+H]+",
            "[M+H]+",
            "[M+H]+",
            "[M+H]+",
            "[M+H]+",
            "[M+H]+",
            "[M+H]+",
            "[M+H]+",
            "[M+H]+",
            "[M+H]+",
            "[M+H]+",
            "[M+H]+"
        ]
    }
}