{
    "cand_form": "C8H11N",
    "cand_ion": "[M+H]+",
    "output_tbl": {
        "mz": [
            51.0229,
            53.0386,
            65.0386,
            66.0464,
            77.0386,
            78.0464,
            79.0542,
            89.0386,
            94.0412,
            95.0491,
            103.0542,
            105.0447,
            106.0651
        ],
        "ms2_inten": [
            1.0,
            0.1958848157281038,
            0.13767411781360692,
            0.044341744862319385,
            0.7249829449139629,
            0.03760053024478264,
            0.32989913052205955,
            0.04587567845519315,
            0.10639351775931181,
            0.7767129539373424,
            0.07709109057609843,
            0.32314102765446495,
            0.4130110530838274
        ],
        "mono_mass": [
            51.0229,
            53.0386,
            65.0386,
            66.0464,
            77.0386,
            78.0464,
            79.0542,
            89.0386,
            94.0412,
            95.0491,
            103.0542,
            105.0447,
            106.0651
        ],
        "abs_mass_diff": [
            0.0,
            0.0,
            0.0,
            0.0,
            0.0,
            0.0,
            0.0,
            0.0,
            0.0,
            0.0,
            0.0,
            0.0,
            0.0
        ],
        "mass_diff": [
            0.0,
            0.0,
            0.0,
            0.0,
            0.0,
            0.0,
            0.0,
            0.0,
            0.0,
            0.0,
            0.0,
            0.0,
            0.0
        ],
        "formula": [
            "C8H11N",
            "C8H11N",
            "C8H11N",
            "C8H11N",
            "C8H11N",
            "C8H11N",
            "C8H11N",
            "C8H11N",
            "C8H11N",
            "C8H11N",
            "C8H11N",
            "C8H11N",
            "C8H11N"
        ],
        "ions": [
            "[M+H]+",
            "[M+H]+",
            "[M+H]+",
            "[M+H]+",
            "[M+H]+",
            "[M+H]+",
            "[M+H]+",
            "[M+H]+",
            "[M+H]+",
            "[M+H]+",
            "[M+H]+",
            "[M+H]+",
            "[M+H]+"
        ]
    }
}