{
    "cand_form": "C19H20N6O",
    "cand_ion": "[M+H]+",
    "output_tbl": {
        "mz": [
            51.0229,
            56.9793,
            57.9348,
            63.0229,
            65.0386,
            70.0651,
            72.984,
            75.0229,
            82.9826,
            89.0386,
            91.0542,
            95.0491,
            115.0542
        ],
        "ms2_inten": [
            0.12637322297972495,
            0.07089976418177775,
            0.047782188489267644,
            0.2121953733796543,
            1.0,
            0.05877620172798162,
            0.18761049700857516,
            0.05951283089977261,
            0.05914795400694647,
            0.04358796223093132,
            0.6112514956973774,
            0.042862360757257745,
            0.07092033016175933
        ],
        "mono_mass": [
            51.0229,
            56.9793,
            57.9348,
            63.0229,
            65.0386,
            70.0651,
            72.984,
            75.0229,
            82.9826,
            89.0386,
            91.0542,
            95.0491,
            115.0542
        ],
        "abs_mass_diff": [
            0.0,
            0.0,
            0.0,
            0.0,
            0.0,
            0.0,
            0.0,
            0.0,
            0.0,
            0.0,
            0.0,
            0.0,
            0.0
        ],
        "mass_diff": [
            0.0,
            0.0,
            0.0,
            0.0,
            0.0,
            0.0,
            0.0,
            0.0,
            0.0,
            0.0,
            0.0,
            0.0,
            0.0
        ],
        "formula": [
            "C19H20N6O",
            "C19H20N6O",
            "C19H20N6O",
            "C19H20N6O",
            "C19H20N6O",
            "C19H20N6O",
            "C19H20N6O",
            "C19H20N6O",
            "C19H20N6O",
            "C19H20N6O",
            "C19H20N6O",
            "C19H20N6O",
            "C19H20N6O"
        ],
        "ions": [
            "[M+H]+",
            "[M+H]+",
            "[M+H]+",
            "[M+H]+",
            "[M+H]+",
            "[M+H]+",
            "[M+H]+",
            "[M+H]+",
            "[M+H]+",
            "[M+H]+",
            "[M+H]+",
            "[M+H]+",
            "[M+H]+"
        ]
    }
}