{
    "cand_form": "C10H9ClN4O2S",
    "cand_ion": "[M-H]-",
    "output_tbl": {
        "mz": [
            0.0,
            64.0067,
            65.0145,
            91.0427,
            93.4108,
            126.0686,
            201.0782,
            227.7192
        ],
        "ms2_inten": [
            1.0,
            0.6328643184974906,
            0.49414192897466547,
            0.1994366768913852,
            0.1253711459130988,
            0.13036540122001827,
            0.1286027605266211,
            0.2468920820927905
        ],
        "mono_mass": [
            0.0,
            64.0067,
            65.0145,
            91.0427,
            93.4108,
            126.0686,
            201.0782,
            227.7192
        ],
        "abs_mass_diff": [
            0.0,
            0.0,
            0.0,
            0.0,
            0.0,
            0.0,
            0.0,
            0.0
        ],
        "mass_diff": [
            0.0,
            0.0,
            0.0,
            0.0,
            0.0,
            0.0,
            0.0,
            0.0
        ],
        "formula": [
            "C10H9ClN4O2S",
            "C10H9ClN4O2S",
            "C10H9ClN4O2S",
            "C10H9ClN4O2S",
            "C10H9ClN4O2S",
            "C10H9ClN4O2S",
            "C10H9ClN4O2S",
            "C10H9ClN4O2S"
        ],
        "ions": [
            "[M-H]-",
            "[M-H]-",
            "[M-H]-",
            "[M-H]-",
            "[M-H]-",
            "[M-H]-",
            "[M-H]-",
            "[M-H]-"
        ]
    }
}