{
    "cand_form": "C32H38N6O3",
    "cand_ion": "[M+H]+",
    "output_tbl": {
        "mz": [
            65.0386,
            83.0604,
            89.0386,
            91.0542,
            92.058,
            115.0542,
            116.0621,
            117.0699
        ],
        "ms2_inten": [
            0.18263399839655803,
            0.042724758893319434,
            0.04685316006053331,
            1.0,
            0.030844100969983294,
            0.8012884027545418,
            0.037355687676473306,
            0.05418961145750689
        ],
        "mono_mass": [
            65.0386,
            83.0604,
            89.0386,
            91.0542,
            92.058,
            115.0542,
            116.0621,
            117.0699
        ],
        "abs_mass_diff": [
            0.0,
            0.0,
            0.0,
            0.0,
            0.0,
            0.0,
            0.0,
            0.0
        ],
        "mass_diff": [
            0.0,
            0.0,
            0.0,
            0.0,
            0.0,
            0.0,
            0.0,
            0.0
        ],
        "formula": [
            "C32H38N6O3",
            "C32H38N6O3",
            "C32H38N6O3",
            "C32H38N6O3",
            "C32H38N6O3",
            "C32H38N6O3",
            "C32H38N6O3",
            "C32H38N6O3"
        ],
        "ions": [
            "[M+H]+",
            "[M+H]+",
            "[M+H]+",
            "[M+H]+",
            "[M+H]+",
            "[M+H]+",
            "[M+H]+",
            "[M+H]+"
        ]
    }
}