{
    "cand_form": "C18H26O2",
    "cand_ion": "[M+H]+",
    "output_tbl": {
        "mz": [
            0.0,
            51.0229,
            53.0386,
            55.0542,
            65.0386,
            66.0464,
            67.0542,
            77.0386,
            78.0464,
            79.0542,
            81.0699,
            91.0542,
            94.0413,
            95.0491,
            105.0448,
            115.0542,
            128.0621
        ],
        "ms2_inten": [
            0.22839538701462003,
            0.7903377708590414,
            0.4353221625716143,
            0.3439117549300698,
            1.0,
            0.13099368400929134,
            0.203504473025098,
            0.8196736825381006,
            0.10923328320361722,
            0.4705679578314838,
            0.10039881236015104,
            0.8156517704972265,
            0.2116151098365625,
            0.8198009500602107,
            0.2914392603853391,
            0.2901789583955536,
            0.19799102641596505
        ],
        "mono_mass": [
            0.0,
            51.0229,
            53.0386,
            55.0542,
            65.0386,
            66.0464,
            67.0542,
            77.0386,
            78.0464,
            79.0542,
            81.0699,
            91.0542,
            94.0413,
            95.0491,
            105.0448,
            115.0542,
            128.0621
        ],
        "abs_mass_diff": [
            0.0,
            0.0,
            0.0,
            0.0,
            0.0,
            0.0,
            0.0,
            0.0,
            0.0,
            0.0,
            0.0,
            0.0,
            0.0,
            0.0,
            0.0,
            0.0,
            0.0
        ],
        "mass_diff": [
            0.0,
            0.0,
            0.0,
            0.0,
            0.0,
            0.0,
            0.0,
            0.0,
            0.0,
            0.0,
            0.0,
            0.0,
            0.0,
            0.0,
            0.0,
            0.0,
            0.0
        ],
        "formula": [
            "C18H26O2",
            "C18H26O2",
            "C18H26O2",
            "C18H26O2",
            "C18H26O2",
            "C18H26O2",
            "C18H26O2",
            "C18H26O2",
            "C18H26O2",
            "C18H26O2",
            "C18H26O2",
            "C18H26O2",
            "C18H26O2",
            "C18H26O2",
            "C18H26O2",
            "C18H26O2",
            "C18H26O2"
        ],
        "ions": [
            "[M+H]+",
            "[M+H]+",
            "[M+H]+",
            "[M+H]+",
            "[M+H]+",
            "[M+H]+",
            "[M+H]+",
            "[M+H]+",
            "[M+H]+",
            "[M+H]+",
            "[M+H]+",
            "[M+H]+",
            "[M+H]+",
            "[M+H]+",
            "[M+H]+",
            "[M+H]+",
            "[M+H]+"
        ]
    }
}