{
    "cand_form": "C16H16N2O6S2",
    "cand_ion": "[M-H]-",
    "output_tbl": {
        "mz": [
            59.0139,
            70.9835,
            74.007,
            82.9961,
            97.0117,
            104.038,
            109.0117,
            133.0407,
            140.0176
        ],
        "ms2_inten": [
            1.0,
            0.1066101529085226,
            0.08748102217384213,
            0.2120815629410912,
            0.15725373982787053,
            0.09958274928430882,
            0.07733349923404502,
            0.17458045967855207,
            0.09355715202952902
        ],
        "mono_mass": [
            59.0139,
            70.9835,
            74.007,
            82.9961,
            97.0117,
            104.038,
            109.0117,
            133.0407,
            140.0176
        ],
        "abs_mass_diff": [
            0.0,
            0.0,
            0.0,
            0.0,
            0.0,
            0.0,
            0.0,
            0.0,
            0.0
        ],
        "mass_diff": [
            0.0,
            0.0,
            0.0,
            0.0,
            0.0,
            0.0,
            0.0,
            0.0,
            0.0
        ],
        "formula": [
            "C16H16N2O6S2",
            "C16H16N2O6S2",
            "C16H16N2O6S2",
            "C16H16N2O6S2",
            "C16H16N2O6S2",
            "C16H16N2O6S2",
            "C16H16N2O6S2",
            "C16H16N2O6S2",
            "C16H16N2O6S2"
        ],
        "ions": [
            "[M-H]-",
            "[M-H]-",
            "[M-H]-",
            "[M-H]-",
            "[M-H]-",
            "[M-H]-",
            "[M-H]-",
            "[M-H]-",
            "[M-H]-"
        ]
    }
}