{
    "cand_form": "C16H16N2O6S2",
    "cand_ion": "[M-H]-",
    "output_tbl": {
        "mz": [
            0.0,
            57.9757,
            59.0139,
            70.9835,
            74.007,
            82.9961,
            94.9961,
            96.0039,
            97.0117
        ],
        "ms2_inten": [
            0.09475546941472313,
            0.10636566824895624,
            1.0,
            0.17073975724050422,
            0.08710427549605769,
            0.1478168253628491,
            0.08935448739760479,
            0.10640510193389519,
            0.1309298637338803
        ],
        "mono_mass": [
            0.0,
            57.9757,
            59.0139,
            70.9835,
            74.007,
            82.9961,
            94.9961,
            96.0039,
            97.0117
        ],
        "abs_mass_diff": [
            0.0,
            0.0,
            0.0,
            0.0,
            0.0,
            0.0,
            0.0,
            0.0,
            0.0
        ],
        "mass_diff": [
            0.0,
            0.0,
            0.0,
            0.0,
            0.0,
            0.0,
            0.0,
            0.0,
            0.0
        ],
        "formula": [
            "C16H16N2O6S2",
            "C16H16N2O6S2",
            "C16H16N2O6S2",
            "C16H16N2O6S2",
            "C16H16N2O6S2",
            "C16H16N2O6S2",
            "C16H16N2O6S2",
            "C16H16N2O6S2",
            "C16H16N2O6S2"
        ],
        "ions": [
            "[M-H]-",
            "[M-H]-",
            "[M-H]-",
            "[M-H]-",
            "[M-H]-",
            "[M-H]-",
            "[M-H]-",
            "[M-H]-",
            "[M-H]-"
        ]
    }
}