{
    "cand_form": "C25H34N6OS2",
    "cand_ion": "[M+H]+",
    "output_tbl": {
        "mz": [
            72.0808,
            137.0056,
            149.0056,
            150.9671,
            178.962,
            182.0746,
            216.0478,
            241.045,
            299.0056,
            309.0805,
            313.0212,
            314.0291,
            326.107,
            341.0525,
            343.0682,
            344.0726
        ],
        "ms2_inten": [
            0.37667396063083924,
            0.1453066249209745,
            0.10958396739362242,
            0.06992978310517431,
            0.961788794063537,
            0.5708332227529029,
            0.111320307235088,
            0.08418519510890118,
            0.1469023893903448,
            0.1593605485200073,
            0.13062809467232964,
            0.1510365078921253,
            0.10645435855925706,
            0.20120439564319423,
            1.0,
            0.10415665025179165
        ],
        "mono_mass": [
            72.0808,
            137.0056,
            149.0056,
            150.9671,
            178.962,
            182.0746,
            216.0478,
            241.045,
            299.0056,
            309.0805,
            313.0212,
            314.0291,
            326.107,
            341.0525,
            343.0682,
            344.0726
        ],
        "abs_mass_diff": [
            0.0,
            0.0,
            0.0,
            0.0,
            0.0,
            0.0,
            0.0,
            0.0,
            0.0,
            0.0,
            0.0,
            0.0,
            0.0,
            0.0,
            0.0,
            0.0
        ],
        "mass_diff": [
            0.0,
            0.0,
            0.0,
            0.0,
            0.0,
            0.0,
            0.0,
            0.0,
            0.0,
            0.0,
            0.0,
            0.0,
            0.0,
            0.0,
            0.0,
            0.0
        ],
        "formula": [
            "C25H34N6OS2",
            "C25H34N6OS2",
            "C25H34N6OS2",
            "C25H34N6OS2",
            "C25H34N6OS2",
            "C25H34N6OS2",
            "C25H34N6OS2",
            "C25H34N6OS2",
            "C25H34N6OS2",
            "C25H34N6OS2",
            "C25H34N6OS2",
            "C25H34N6OS2",
            "C25H34N6OS2",
            "C25H34N6OS2",
            "C25H34N6OS2",
            "C25H34N6OS2"
        ],
        "ions": [
            "[M+H]+",
            "[M+H]+",
            "[M+H]+",
            "[M+H]+",
            "[M+H]+",
            "[M+H]+",
            "[M+H]+",
            "[M+H]+",
            "[M+H]+",
            "[M+H]+",
            "[M+H]+",
            "[M+H]+",
            "[M+H]+",
            "[M+H]+",
            "[M+H]+",
            "[M+H]+"
        ]
    }
}