{
    "cand_form": "C42H69NO15",
    "cand_ion": "[M+H]+",
    "output_tbl": {
        "mz": [
            0.0,
            91.0542,
            94.0413,
            95.0491,
            98.0964,
            100.0757,
            109.0648,
            110.0686,
            227.7282,
            227.7592
        ],
        "ms2_inten": [
            0.17235753020121264,
            0.040092553466348255,
            0.04458196982172652,
            0.03996574193688592,
            0.03774489627878563,
            0.03326059608006007,
            1.0,
            0.0331143166907729,
            0.0722767177203789,
            0.04613663238671074
        ],
        "mono_mass": [
            0.0,
            91.0542,
            94.0413,
            95.0491,
            98.0964,
            100.0757,
            109.0648,
            110.0686,
            227.7282,
            227.7592
        ],
        "abs_mass_diff": [
            0.0,
            0.0,
            0.0,
            0.0,
            0.0,
            0.0,
            0.0,
            0.0,
            0.0,
            0.0
        ],
        "mass_diff": [
            0.0,
            0.0,
            0.0,
            0.0,
            0.0,
            0.0,
            0.0,
            0.0,
            0.0,
            0.0
        ],
        "formula": [
            "C42H69NO15",
            "C42H69NO15",
            "C42H69NO15",
            "C42H69NO15",
            "C42H69NO15",
            "C42H69NO15",
            "C42H69NO15",
            "C42H69NO15",
            "C42H69NO15",
            "C42H69NO15"
        ],
        "ions": [
            "[M+H]+",
            "[M+H]+",
            "[M+H]+",
            "[M+H]+",
            "[M+H]+",
            "[M+H]+",
            "[M+H]+",
            "[M+H]+",
            "[M+H]+",
            "[M+H]+"
        ]
    }
}