{
    "cand_form": "C25H34N6OS2",
    "cand_ion": "[M+H]+",
    "output_tbl": {
        "mz": [
            56.0495,
            57.0573,
            58.995,
            65.0386,
            67.0291,
            68.9793,
            72.0808,
            75.0229,
            77.0386,
            79.0178,
            83.9902,
            86.0059,
            92.9793,
            94.995,
            95.0491,
            106.995,
            109.0106,
            110.0059,
            111.0011,
            121.0106,
            134.0059,
            137.0056,
            149.0056,
            150.9671,
            152.0277,
            162.0008,
            164.0165,
            173.0822,
            178.962,
            182.0746
        ],
        "ms2_inten": [
            0.38561067704346147,
            0.4106284793990175,
            0.4657687527012186,
            0.15451708526603383,
            0.11739939729878546,
            0.36838501465247375,
            0.28664480972496365,
            0.13768226448399404,
            0.11740576326030801,
            0.2758000744502754,
            0.08037798561564798,
            0.5237338072072513,
            0.12305503122955938,
            0.11143065349975995,
            0.09357437510219044,
            0.1134996722189764,
            0.10960988697382536,
            0.09307810423574632,
            0.12317830954663551,
            0.33301498110761313,
            0.12605702374505678,
            0.11529320826835043,
            0.12441478842711651,
            1.0,
            0.15522760576572953,
            0.6738460633746801,
            0.08763520713397062,
            0.10992048903905292,
            0.22331638694746805,
            0.08443010287962391
        ],
        "mono_mass": [
            56.0495,
            57.0573,
            58.995,
            65.0386,
            67.0291,
            68.9793,
            72.0808,
            75.0229,
            77.0386,
            79.0178,
            83.9902,
            86.0059,
            92.9793,
            94.995,
            95.0491,
            106.995,
            109.0106,
            110.0059,
            111.0011,
            121.0106,
            134.0059,
            137.0056,
            149.0056,
            150.9671,
            152.0277,
            162.0008,
            164.0165,
            173.0822,
            178.962,
            182.0746
        ],
        "abs_mass_diff": [
            0.0,
            0.0,
            0.0,
            0.0,
            0.0,
            0.0,
            0.0,
            0.0,
            0.0,
            0.0,
            0.0,
            0.0,
            0.0,
            0.0,
            0.0,
            0.0,
            0.0,
            0.0,
            0.0,
            0.0,
            0.0,
            0.0,
            0.0,
            0.0,
            0.0,
            0.0,
            0.0,
            0.0,
            0.0,
            0.0
        ],
        "mass_diff": [
            0.0,
            0.0,
            0.0,
            0.0,
            0.0,
            0.0,
            0.0,
            0.0,
            0.0,
            0.0,
            0.0,
            0.0,
            0.0,
            0.0,
            0.0,
            0.0,
            0.0,
            0.0,
            0.0,
            0.0,
            0.0,
            0.0,
            0.0,
            0.0,
            0.0,
            0.0,
            0.0,
            0.0,
            0.0,
            0.0
        ],
        "formula": [
            "C25H34N6OS2",
            "C25H34N6OS2",
            "C25H34N6OS2",
            "C25H34N6OS2",
            "C25H34N6OS2",
            "C25H34N6OS2",
            "C25H34N6OS2",
            "C25H34N6OS2",
            "C25H34N6OS2",
            "C25H34N6OS2",
            "C25H34N6OS2",
            "C25H34N6OS2",
            "C25H34N6OS2",
            "C25H34N6OS2",
            "C25H34N6OS2",
            "C25H34N6OS2",
            "C25H34N6OS2",
            "C25H34N6OS2",
            "C25H34N6OS2",
            "C25H34N6OS2",
            "C25H34N6OS2",
            "C25H34N6OS2",
            "C25H34N6OS2",
            "C25H34N6OS2",
            "C25H34N6OS2",
            "C25H34N6OS2",
            "C25H34N6OS2",
            "C25H34N6OS2",
            "C25H34N6OS2",
            "C25H34N6OS2"
        ],
        "ions": [
            "[M+H]+",
            "[M+H]+",
            "[M+H]+",
            "[M+H]+",
            "[M+H]+",
            "[M+H]+",
            "[M+H]+",
            "[M+H]+",
            "[M+H]+",
            "[M+H]+",
            "[M+H]+",
            "[M+H]+",
            "[M+H]+",
            "[M+H]+",
            "[M+H]+",
            "[M+H]+",
            "[M+H]+",
            "[M+H]+",
            "[M+H]+",
            "[M+H]+",
            "[M+H]+",
            "[M+H]+",
            "[M+H]+",
            "[M+H]+",
            "[M+H]+",
            "[M+H]+",
            "[M+H]+",
            "[M+H]+",
            "[M+H]+",
            "[M+H]+"
        ]
    }
}