{
    "cand_form": "C18H20FN3O4",
    "cand_ion": "[M+H]+",
    "output_tbl": {
        "mz": [
            58.0651,
            70.0651,
            72.0808,
            233.0721,
            246.1125,
            261.1034,
            262.1074,
            277.0619,
            316.1456,
            317.1856,
            318.1612,
            319.1645,
            320.1041,
            344.1405,
            345.1374,
            361.1748,
            362.1511,
            363.1479
        ],
        "ms2_inten": [
            0.026953946241557853,
            0.1110220207680068,
            1.0,
            0.03325291730715692,
            0.0261457146789052,
            0.4040385836463779,
            0.03931681282942914,
            0.05042679140427198,
            0.038725854068675715,
            0.09074193064265307,
            0.5382070856594201,
            0.07289957327855186,
            0.04884158883045487,
            0.038462978616051365,
            0.05618823598081934,
            0.05141988203429358,
            0.09438204746501401,
            0.11040168699201877
        ],
        "mono_mass": [
            58.0651,
            70.0651,
            72.0808,
            233.0721,
            246.1125,
            261.1034,
            262.1074,
            277.0619,
            316.1456,
            317.1856,
            318.1612,
            319.1645,
            320.1041,
            344.1405,
            345.1374,
            361.1748,
            362.1511,
            363.1479
        ],
        "abs_mass_diff": [
            0.0,
            0.0,
            0.0,
            0.0,
            0.0,
            0.0,
            0.0,
            0.0,
            0.0,
            0.0,
            0.0,
            0.0,
            0.0,
            0.0,
            0.0,
            0.0,
            0.0,
            0.0
        ],
        "mass_diff": [
            0.0,
            0.0,
            0.0,
            0.0,
            0.0,
            0.0,
            0.0,
            0.0,
            0.0,
            0.0,
            0.0,
            0.0,
            0.0,
            0.0,
            0.0,
            0.0,
            0.0,
            0.0
        ],
        "formula": [
            "C18H20FN3O4",
            "C18H20FN3O4",
            "C18H20FN3O4",
            "C18H20FN3O4",
            "C18H20FN3O4",
            "C18H20FN3O4",
            "C18H20FN3O4",
            "C18H20FN3O4",
            "C18H20FN3O4",
            "C18H20FN3O4",
            "C18H20FN3O4",
            "C18H20FN3O4",
            "C18H20FN3O4",
            "C18H20FN3O4",
            "C18H20FN3O4",
            "C18H20FN3O4",
            "C18H20FN3O4",
            "C18H20FN3O4"
        ],
        "ions": [
            "[M+H]+",
            "[M+H]+",
            "[M+H]+",
            "[M+H]+",
            "[M+H]+",
            "[M+H]+",
            "[M+H]+",
            "[M+H]+",
            "[M+H]+",
            "[M+H]+",
            "[M+H]+",
            "[M+H]+",
            "[M+H]+",
            "[M+H]+",
            "[M+H]+",
            "[M+H]+",
            "[M+H]+",
            "[M+H]+"
        ]
    }
}