{
    "cand_form": "C42H69NO15",
    "cand_ion": "[M+H]+",
    "output_tbl": {
        "mz": [
            0.0,
            88.0757,
            91.0542,
            94.0413,
            95.0491,
            98.0964,
            100.0757,
            105.0447,
            105.0699,
            107.0491,
            109.0648,
            110.0685,
            115.0542,
            128.0621,
            141.0699,
            227.7494
        ],
        "ms2_inten": [
            0.03402350986922241,
            0.18919118947617442,
            0.14565756030350618,
            0.19627111168276876,
            0.4438348341773131,
            0.12802027754852516,
            0.05897608080582594,
            0.12399765633708691,
            0.03799292469094851,
            0.024963698547165857,
            1.0,
            0.026260190263227682,
            0.0371496479444669,
            0.03701347981431681,
            0.02884704450338242,
            0.03390639977352911
        ],
        "mono_mass": [
            0.0,
            88.0757,
            91.0542,
            94.0413,
            95.0491,
            98.0964,
            100.0757,
            105.0447,
            105.0699,
            107.0491,
            109.0648,
            110.0685,
            115.0542,
            128.0621,
            141.0699,
            227.7494
        ],
        "abs_mass_diff": [
            0.0,
            0.0,
            0.0,
            0.0,
            0.0,
            0.0,
            0.0,
            0.0,
            0.0,
            0.0,
            0.0,
            0.0,
            0.0,
            0.0,
            0.0,
            0.0
        ],
        "mass_diff": [
            0.0,
            0.0,
            0.0,
            0.0,
            0.0,
            0.0,
            0.0,
            0.0,
            0.0,
            0.0,
            0.0,
            0.0,
            0.0,
            0.0,
            0.0,
            0.0
        ],
        "formula": [
            "C42H69NO15",
            "C42H69NO15",
            "C42H69NO15",
            "C42H69NO15",
            "C42H69NO15",
            "C42H69NO15",
            "C42H69NO15",
            "C42H69NO15",
            "C42H69NO15",
            "C42H69NO15",
            "C42H69NO15",
            "C42H69NO15",
            "C42H69NO15",
            "C42H69NO15",
            "C42H69NO15",
            "C42H69NO15"
        ],
        "ions": [
            "[M+H]+",
            "[M+H]+",
            "[M+H]+",
            "[M+H]+",
            "[M+H]+",
            "[M+H]+",
            "[M+H]+",
            "[M+H]+",
            "[M+H]+",
            "[M+H]+",
            "[M+H]+",
            "[M+H]+",
            "[M+H]+",
            "[M+H]+",
            "[M+H]+",
            "[M+H]+"
        ]
    }
}