{
    "cand_form": "C12H16N2S",
    "cand_ion": "[M+H]+",
    "output_tbl": {
        "mz": [
            58.0651,
            62.0059,
            67.0417,
            71.9902,
            73.0106,
            77.0386,
            79.0542,
            90.0372,
            91.0542,
            93.0699,
            95.049,
            103.0542,
            105.0447,
            105.0699,
            106.0651,
            120.0808,
            121.0886,
            130.0651,
            131.073,
            132.0682,
            149.0294,
            164.0528
        ],
        "ms2_inten": [
            0.04933307587485654,
            0.2985014332131377,
            0.07044874618964561,
            1.0,
            0.22955180580298565,
            0.1585965188631313,
            0.4091302584547562,
            0.306182156946936,
            0.067048262383121,
            0.028113581234984607,
            0.1838276442880776,
            0.3432306492406839,
            0.06761819115018072,
            0.519005375559009,
            0.2801118711970245,
            0.26042551485999377,
            0.10358452415646102,
            0.11970625603385941,
            0.08141648558615715,
            0.04633174591437424,
            0.05091586348114101,
            0.1563741406054686
        ],
        "mono_mass": [
            58.0651,
            62.0059,
            67.0417,
            71.9902,
            73.0106,
            77.0386,
            79.0542,
            90.0372,
            91.0542,
            93.0699,
            95.049,
            103.0542,
            105.0447,
            105.0699,
            106.0651,
            120.0808,
            121.0886,
            130.0651,
            131.073,
            132.0682,
            149.0294,
            164.0528
        ],
        "abs_mass_diff": [
            0.0,
            0.0,
            0.0,
            0.0,
            0.0,
            0.0,
            0.0,
            0.0,
            0.0,
            0.0,
            0.0,
            0.0,
            0.0,
            0.0,
            0.0,
            0.0,
            0.0,
            0.0,
            0.0,
            0.0,
            0.0,
            0.0
        ],
        "mass_diff": [
            0.0,
            0.0,
            0.0,
            0.0,
            0.0,
            0.0,
            0.0,
            0.0,
            0.0,
            0.0,
            0.0,
            0.0,
            0.0,
            0.0,
            0.0,
            0.0,
            0.0,
            0.0,
            0.0,
            0.0,
            0.0,
            0.0
        ],
        "formula": [
            "C12H16N2S",
            "C12H16N2S",
            "C12H16N2S",
            "C12H16N2S",
            "C12H16N2S",
            "C12H16N2S",
            "C12H16N2S",
            "C12H16N2S",
            "C12H16N2S",
            "C12H16N2S",
            "C12H16N2S",
            "C12H16N2S",
            "C12H16N2S",
            "C12H16N2S",
            "C12H16N2S",
            "C12H16N2S",
            "C12H16N2S",
            "C12H16N2S",
            "C12H16N2S",
            "C12H16N2S",
            "C12H16N2S",
            "C12H16N2S"
        ],
        "ions": [
            "[M+H]+",
            "[M+H]+",
            "[M+H]+",
            "[M+H]+",
            "[M+H]+",
            "[M+H]+",
            "[M+H]+",
            "[M+H]+",
            "[M+H]+",
            "[M+H]+",
            "[M+H]+",
            "[M+H]+",
            "[M+H]+",
            "[M+H]+",
            "[M+H]+",
            "[M+H]+",
            "[M+H]+",
            "[M+H]+",
            "[M+H]+",
            "[M+H]+",
            "[M+H]+",
            "[M+H]+"
        ]
    }
}