{
    "cand_form": "C9H10N4O2S2",
    "cand_ion": "[M+H]+",
    "output_tbl": {
        "mz": [
            65.0386,
            80.0495,
            92.0495,
            93.0533,
            108.0444,
            110.06,
            116.0277
        ],
        "ms2_inten": [
            0.47216147197633074,
            0.0787055404460211,
            1.0,
            0.032764830297830255,
            0.6292692121343244,
            0.1172739579789271,
            0.0492023618022446
        ],
        "mono_mass": [
            65.0386,
            80.0495,
            92.0495,
            93.0533,
            108.0444,
            110.06,
            116.0277
        ],
        "abs_mass_diff": [
            0.0,
            0.0,
            0.0,
            0.0,
            0.0,
            0.0,
            0.0
        ],
        "mass_diff": [
            0.0,
            0.0,
            0.0,
            0.0,
            0.0,
            0.0,
            0.0
        ],
        "formula": [
            "C9H10N4O2S2",
            "C9H10N4O2S2",
            "C9H10N4O2S2",
            "C9H10N4O2S2",
            "C9H10N4O2S2",
            "C9H10N4O2S2",
            "C9H10N4O2S2"
        ],
        "ions": [
            "[M+H]+",
            "[M+H]+",
            "[M+H]+",
            "[M+H]+",
            "[M+H]+",
            "[M+H]+",
            "[M+H]+"
        ]
    }
}