{
    "cand_form": "C28H47NO4S",
    "cand_ion": "[M+H]+",
    "output_tbl": {
        "mz": [
            74.0964,
            81.0699,
            95.0855,
            119.0161,
            163.1117,
            177.1274,
            192.1053,
            193.1097
        ],
        "ms2_inten": [
            0.06952932936012438,
            0.04732954851940237,
            0.03241891050692028,
            0.2733581821624644,
            0.0799922311061157,
            0.033319974346583785,
            1.0,
            0.03592803798184589
        ],
        "mono_mass": [
            74.0964,
            81.0699,
            95.0855,
            119.0161,
            163.1117,
            177.1274,
            192.1053,
            193.1097
        ],
        "abs_mass_diff": [
            0.0,
            0.0,
            0.0,
            0.0,
            0.0,
            0.0,
            0.0,
            0.0
        ],
        "mass_diff": [
            0.0,
            0.0,
            0.0,
            0.0,
            0.0,
            0.0,
            0.0,
            0.0
        ],
        "formula": [
            "C28H47NO4S",
            "C28H47NO4S",
            "C28H47NO4S",
            "C28H47NO4S",
            "C28H47NO4S",
            "C28H47NO4S",
            "C28H47NO4S",
            "C28H47NO4S"
        ],
        "ions": [
            "[M+H]+",
            "[M+H]+",
            "[M+H]+",
            "[M+H]+",
            "[M+H]+",
            "[M+H]+",
            "[M+H]+",
            "[M+H]+"
        ]
    }
}