{
    "cand_form": "C28H47NO4S",
    "cand_ion": "[M+H]+",
    "output_tbl": {
        "mz": [
            55.0542,
            67.0542,
            73.0106,
            74.0964,
            79.0542,
            81.0699,
            91.0542,
            93.0699,
            95.0855,
            105.0699,
            107.0855,
            119.0161,
            119.0855,
            121.1012,
            131.0855,
            133.1012,
            163.1117,
            192.1053,
            494.3299,
            495.3334
        ],
        "ms2_inten": [
            0.05786089353254841,
            0.05377906828191559,
            0.3423683300639911,
            0.14500725292158392,
            0.0834049827412865,
            0.17048591866200793,
            0.05678725110848128,
            0.08693711543750607,
            0.08340064545023151,
            0.1020777169992068,
            0.08586654552742634,
            0.6745724516939479,
            0.10843294070224306,
            0.07938464609697973,
            0.05321732201878247,
            0.09213301126402791,
            0.07764440228066645,
            1.0,
            0.49943169350429917,
            0.0930184382522549
        ],
        "mono_mass": [
            55.0542,
            67.0542,
            73.0106,
            74.0964,
            79.0542,
            81.0699,
            91.0542,
            93.0699,
            95.0855,
            105.0699,
            107.0855,
            119.0161,
            119.0855,
            121.1012,
            131.0855,
            133.1012,
            163.1117,
            192.1053,
            494.3299,
            495.3334
        ],
        "abs_mass_diff": [
            0.0,
            0.0,
            0.0,
            0.0,
            0.0,
            0.0,
            0.0,
            0.0,
            0.0,
            0.0,
            0.0,
            0.0,
            0.0,
            0.0,
            0.0,
            0.0,
            0.0,
            0.0,
            0.0,
            0.0
        ],
        "mass_diff": [
            0.0,
            0.0,
            0.0,
            0.0,
            0.0,
            0.0,
            0.0,
            0.0,
            0.0,
            0.0,
            0.0,
            0.0,
            0.0,
            0.0,
            0.0,
            0.0,
            0.0,
            0.0,
            0.0,
            0.0
        ],
        "formula": [
            "C28H47NO4S",
            "C28H47NO4S",
            "C28H47NO4S",
            "C28H47NO4S",
            "C28H47NO4S",
            "C28H47NO4S",
            "C28H47NO4S",
            "C28H47NO4S",
            "C28H47NO4S",
            "C28H47NO4S",
            "C28H47NO4S",
            "C28H47NO4S",
            "C28H47NO4S",
            "C28H47NO4S",
            "C28H47NO4S",
            "C28H47NO4S",
            "C28H47NO4S",
            "C28H47NO4S",
            "C28H47NO4S",
            "C28H47NO4S"
        ],
        "ions": [
            "[M+H]+",
            "[M+H]+",
            "[M+H]+",
            "[M+H]+",
            "[M+H]+",
            "[M+H]+",
            "[M+H]+",
            "[M+H]+",
            "[M+H]+",
            "[M+H]+",
            "[M+H]+",
            "[M+H]+",
            "[M+H]+",
            "[M+H]+",
            "[M+H]+",
            "[M+H]+",
            "[M+H]+",
            "[M+H]+",
            "[M+H]+",
            "[M+H]+"
        ]
    }
}