{
    "cand_form": "C28H47NO4S",
    "cand_ion": "[M+H]+",
    "output_tbl": {
        "mz": [
            55.0542,
            67.0542,
            73.0106,
            74.0964,
            79.0542,
            81.0699,
            91.0542,
            93.0699,
            95.0491,
            95.0855,
            105.0699,
            107.0855,
            117.0699,
            119.0161,
            119.0855,
            121.1012,
            128.0621,
            129.0699,
            131.0855,
            133.1012,
            143.0855
        ],
        "ms2_inten": [
            0.14047933289773107,
            0.22099405366108285,
            1.0,
            0.14725006465697374,
            0.3558247062707277,
            0.2949713564349722,
            0.3963049985097356,
            0.2677124954069894,
            0.07801686055435733,
            0.07318854026105648,
            0.32091950101637606,
            0.1302759006374757,
            0.09946645019284074,
            0.16456806381801006,
            0.23789979890629837,
            0.08203750255605313,
            0.07034408516164506,
            0.08915716185059823,
            0.10065779107334256,
            0.08846840738046213,
            0.07732730115746496
        ],
        "mono_mass": [
            55.0542,
            67.0542,
            73.0106,
            74.0964,
            79.0542,
            81.0699,
            91.0542,
            93.0699,
            95.0491,
            95.0855,
            105.0699,
            107.0855,
            117.0699,
            119.0161,
            119.0855,
            121.1012,
            128.0621,
            129.0699,
            131.0855,
            133.1012,
            143.0855
        ],
        "abs_mass_diff": [
            0.0,
            0.0,
            0.0,
            0.0,
            0.0,
            0.0,
            0.0,
            0.0,
            0.0,
            0.0,
            0.0,
            0.0,
            0.0,
            0.0,
            0.0,
            0.0,
            0.0,
            0.0,
            0.0,
            0.0,
            0.0
        ],
        "mass_diff": [
            0.0,
            0.0,
            0.0,
            0.0,
            0.0,
            0.0,
            0.0,
            0.0,
            0.0,
            0.0,
            0.0,
            0.0,
            0.0,
            0.0,
            0.0,
            0.0,
            0.0,
            0.0,
            0.0,
            0.0,
            0.0
        ],
        "formula": [
            "C28H47NO4S",
            "C28H47NO4S",
            "C28H47NO4S",
            "C28H47NO4S",
            "C28H47NO4S",
            "C28H47NO4S",
            "C28H47NO4S",
            "C28H47NO4S",
            "C28H47NO4S",
            "C28H47NO4S",
            "C28H47NO4S",
            "C28H47NO4S",
            "C28H47NO4S",
            "C28H47NO4S",
            "C28H47NO4S",
            "C28H47NO4S",
            "C28H47NO4S",
            "C28H47NO4S",
            "C28H47NO4S",
            "C28H47NO4S",
            "C28H47NO4S"
        ],
        "ions": [
            "[M+H]+",
            "[M+H]+",
            "[M+H]+",
            "[M+H]+",
            "[M+H]+",
            "[M+H]+",
            "[M+H]+",
            "[M+H]+",
            "[M+H]+",
            "[M+H]+",
            "[M+H]+",
            "[M+H]+",
            "[M+H]+",
            "[M+H]+",
            "[M+H]+",
            "[M+H]+",
            "[M+H]+",
            "[M+H]+",
            "[M+H]+",
            "[M+H]+",
            "[M+H]+"
        ]
    }
}