{
    "cand_form": "C22H28N6OS2",
    "cand_ion": "[M+H]+",
    "output_tbl": {
        "mz": [
            178.962,
            309.0805,
            341.0525,
            343.0682,
            344.0693,
            371.0995,
            372.1039
        ],
        "ms2_inten": [
            0.03994035924908908,
            0.021691090760620802,
            0.02626789473205942,
            1.0,
            0.11722817958208585,
            0.19255382285278688,
            0.025476122411537672
        ],
        "mono_mass": [
            178.962,
            309.0805,
            341.0525,
            343.0682,
            344.0693,
            371.0995,
            372.1039
        ],
        "abs_mass_diff": [
            0.0,
            0.0,
            0.0,
            0.0,
            0.0,
            0.0,
            0.0
        ],
        "mass_diff": [
            0.0,
            0.0,
            0.0,
            0.0,
            0.0,
            0.0,
            0.0
        ],
        "formula": [
            "C22H28N6OS2",
            "C22H28N6OS2",
            "C22H28N6OS2",
            "C22H28N6OS2",
            "C22H28N6OS2",
            "C22H28N6OS2",
            "C22H28N6OS2"
        ],
        "ions": [
            "[M+H]+",
            "[M+H]+",
            "[M+H]+",
            "[M+H]+",
            "[M+H]+",
            "[M+H]+",
            "[M+H]+"
        ]
    }
}