{
    "cand_form": "C22H28N6OS2",
    "cand_ion": "[M+H]+",
    "output_tbl": {
        "mz": [
            58.995,
            68.0495,
            79.0178,
            86.0059,
            91.0542,
            109.0106,
            121.0106,
            125.0042,
            126.012,
            137.0056,
            149.0056,
            150.9671,
            152.0277,
            153.0355,
            162.0008,
            173.0822,
            178.962,
            182.0746,
            271.9947,
            299.0056,
            313.0179
        ],
        "ms2_inten": [
            0.18406855013603565,
            0.1574392557188484,
            0.18504005728706055,
            0.5817088386555285,
            0.07093828215801916,
            0.08858087455241549,
            0.24792172458273953,
            0.14197011816043006,
            0.07775911082070146,
            0.16371179923805018,
            0.2188818696123219,
            1.0,
            0.07392170158154346,
            0.08380548592608447,
            0.3214080815875895,
            0.20104878412861144,
            0.6914039366781767,
            0.22376518783058352,
            0.09910175635255482,
            0.19472608391962912,
            0.10355510476340687
        ],
        "mono_mass": [
            58.995,
            68.0495,
            79.0178,
            86.0059,
            91.0542,
            109.0106,
            121.0106,
            125.0042,
            126.012,
            137.0056,
            149.0056,
            150.9671,
            152.0277,
            153.0355,
            162.0008,
            173.0822,
            178.962,
            182.0746,
            271.9947,
            299.0056,
            313.0179
        ],
        "abs_mass_diff": [
            0.0,
            0.0,
            0.0,
            0.0,
            0.0,
            0.0,
            0.0,
            0.0,
            0.0,
            0.0,
            0.0,
            0.0,
            0.0,
            0.0,
            0.0,
            0.0,
            0.0,
            0.0,
            0.0,
            0.0,
            0.0
        ],
        "mass_diff": [
            0.0,
            0.0,
            0.0,
            0.0,
            0.0,
            0.0,
            0.0,
            0.0,
            0.0,
            0.0,
            0.0,
            0.0,
            0.0,
            0.0,
            0.0,
            0.0,
            0.0,
            0.0,
            0.0,
            0.0,
            0.0
        ],
        "formula": [
            "C22H28N6OS2",
            "C22H28N6OS2",
            "C22H28N6OS2",
            "C22H28N6OS2",
            "C22H28N6OS2",
            "C22H28N6OS2",
            "C22H28N6OS2",
            "C22H28N6OS2",
            "C22H28N6OS2",
            "C22H28N6OS2",
            "C22H28N6OS2",
            "C22H28N6OS2",
            "C22H28N6OS2",
            "C22H28N6OS2",
            "C22H28N6OS2",
            "C22H28N6OS2",
            "C22H28N6OS2",
            "C22H28N6OS2",
            "C22H28N6OS2",
            "C22H28N6OS2",
            "C22H28N6OS2"
        ],
        "ions": [
            "[M+H]+",
            "[M+H]+",
            "[M+H]+",
            "[M+H]+",
            "[M+H]+",
            "[M+H]+",
            "[M+H]+",
            "[M+H]+",
            "[M+H]+",
            "[M+H]+",
            "[M+H]+",
            "[M+H]+",
            "[M+H]+",
            "[M+H]+",
            "[M+H]+",
            "[M+H]+",
            "[M+H]+",
            "[M+H]+",
            "[M+H]+",
            "[M+H]+",
            "[M+H]+"
        ]
    }
}