{
    "cand_form": "C4H11N5",
    "cand_ion": "[M+H]+",
    "output_tbl": {
        "mz": [
            0.0,
            46.0651,
            60.0556,
            68.0243,
            71.0604,
            72.0638,
            85.0509,
            88.0869,
            113.0822,
            130.1087
        ],
        "ms2_inten": [
            0.1310424204095122,
            0.23573882688900866,
            0.7460623377647587,
            0.04026272475100204,
            1.0,
            0.02223050862536194,
            0.24852539738543006,
            0.177010427864664,
            0.08010416524483553,
            0.03356327832759844
        ],
        "mono_mass": [
            0.0,
            46.0651,
            60.0556,
            68.0243,
            71.0604,
            72.0638,
            85.0509,
            88.0869,
            113.0822,
            130.1087
        ],
        "abs_mass_diff": [
            0.0,
            0.0,
            0.0,
            0.0,
            0.0,
            0.0,
            0.0,
            0.0,
            0.0,
            0.0
        ],
        "mass_diff": [
            0.0,
            0.0,
            0.0,
            0.0,
            0.0,
            0.0,
            0.0,
            0.0,
            0.0,
            0.0
        ],
        "formula": [
            "C4H11N5",
            "C4H11N5",
            "C4H11N5",
            "C4H11N5",
            "C4H11N5",
            "C4H11N5",
            "C4H11N5",
            "C4H11N5",
            "C4H11N5",
            "C4H11N5"
        ],
        "ions": [
            "[M+H]+",
            "[M+H]+",
            "[M+H]+",
            "[M+H]+",
            "[M+H]+",
            "[M+H]+",
            "[M+H]+",
            "[M+H]+",
            "[M+H]+",
            "[M+H]+"
        ]
    }
}