{
    "cand_form": "C22H29FO5",
    "cand_ion": "[M+H]+",
    "output_tbl": {
        "mz": [
            279.1743,
            309.1849,
            319.1693,
            337.1798,
            355.1904,
            356.1982,
            373.201,
            374.2088,
            393.2072,
            394.2104
        ],
        "ms2_inten": [
            0.028376718964720143,
            0.035865378995095676,
            0.03322933699336981,
            0.08474554894240975,
            0.22974938826480124,
            0.035142861511667754,
            1.0,
            0.17591438528054515,
            0.8519604209394555,
            0.17360306166635273
        ],
        "mono_mass": [
            279.1743,
            309.1849,
            319.1693,
            337.1798,
            355.1904,
            356.1982,
            373.201,
            374.2088,
            393.2072,
            394.2104
        ],
        "abs_mass_diff": [
            0.0,
            0.0,
            0.0,
            0.0,
            0.0,
            0.0,
            0.0,
            0.0,
            0.0,
            0.0
        ],
        "mass_diff": [
            0.0,
            0.0,
            0.0,
            0.0,
            0.0,
            0.0,
            0.0,
            0.0,
            0.0,
            0.0
        ],
        "formula": [
            "C22H29FO5",
            "C22H29FO5",
            "C22H29FO5",
            "C22H29FO5",
            "C22H29FO5",
            "C22H29FO5",
            "C22H29FO5",
            "C22H29FO5",
            "C22H29FO5",
            "C22H29FO5"
        ],
        "ions": [
            "[M+H]+",
            "[M+H]+",
            "[M+H]+",
            "[M+H]+",
            "[M+H]+",
            "[M+H]+",
            "[M+H]+",
            "[M+H]+",
            "[M+H]+",
            "[M+H]+"
        ]
    }
}