{
    "cand_form": "C21H22N2O5S",
    "cand_ion": "[M+H]+",
    "output_tbl": {
        "mz": [
            66.0338,
            68.0495,
            72.9981,
            80.0495,
            82.0525,
            85.0106,
            95.0604,
            97.0106,
            98.0151,
            107.0604,
            108.0682,
            109.071,
            112.0215,
            112.0393,
            124.0215,
            152.0165,
            156.0114
        ],
        "ms2_inten": [
            0.06983363155104323,
            0.16601535302020387,
            0.19246643443464592,
            0.21167038154830117,
            0.10624830083306216,
            0.07614367007821957,
            0.10887777993410781,
            1.0,
            0.0949023238448096,
            0.24282818180613058,
            0.5372264268171053,
            0.06236778022087236,
            0.08402474551636929,
            0.28334845873263054,
            0.2904938948376986,
            0.2308659470791838,
            0.11029916704228343
        ],
        "mono_mass": [
            66.0338,
            68.0495,
            72.9981,
            80.0495,
            82.0525,
            85.0106,
            95.0604,
            97.0106,
            98.0151,
            107.0604,
            108.0682,
            109.071,
            112.0215,
            112.0393,
            124.0215,
            152.0165,
            156.0114
        ],
        "abs_mass_diff": [
            0.0,
            0.0,
            0.0,
            0.0,
            0.0,
            0.0,
            0.0,
            0.0,
            0.0,
            0.0,
            0.0,
            0.0,
            0.0,
            0.0,
            0.0,
            0.0,
            0.0
        ],
        "mass_diff": [
            0.0,
            0.0,
            0.0,
            0.0,
            0.0,
            0.0,
            0.0,
            0.0,
            0.0,
            0.0,
            0.0,
            0.0,
            0.0,
            0.0,
            0.0,
            0.0,
            0.0
        ],
        "formula": [
            "C21H22N2O5S",
            "C21H22N2O5S",
            "C21H22N2O5S",
            "C21H22N2O5S",
            "C21H22N2O5S",
            "C21H22N2O5S",
            "C21H22N2O5S",
            "C21H22N2O5S",
            "C21H22N2O5S",
            "C21H22N2O5S",
            "C21H22N2O5S",
            "C21H22N2O5S",
            "C21H22N2O5S",
            "C21H22N2O5S",
            "C21H22N2O5S",
            "C21H22N2O5S",
            "C21H22N2O5S"
        ],
        "ions": [
            "[M+H]+",
            "[M+H]+",
            "[M+H]+",
            "[M+H]+",
            "[M+H]+",
            "[M+H]+",
            "[M+H]+",
            "[M+H]+",
            "[M+H]+",
            "[M+H]+",
            "[M+H]+",
            "[M+H]+",
            "[M+H]+",
            "[M+H]+",
            "[M+H]+",
            "[M+H]+",
            "[M+H]+"
        ]
    }
}