{
    "cand_form": "C8H7N3O5",
    "cand_ion": "[M+H]+",
    "output_tbl": {
        "mz": [
            57.0699,
            57.9349,
            68.9971,
            77.0386,
            79.0542,
            82.0651,
            84.0807,
            95.0491,
            105.0447,
            107.0491,
            108.0529,
            110.0362,
            110.06,
            125.0584
        ],
        "ms2_inten": [
            0.22527607166254252,
            0.03186656946143985,
            0.17897917389592308,
            0.06462155227622977,
            0.24559659765127004,
            0.03906311780977066,
            0.04655881963137963,
            0.12429994749985888,
            0.06564662921524159,
            1.0,
            0.04227189647709089,
            0.10023613701066142,
            0.04426149360836187,
            0.254122650294249
        ],
        "mono_mass": [
            57.0699,
            57.9349,
            68.9971,
            77.0386,
            79.0542,
            82.0651,
            84.0807,
            95.0491,
            105.0447,
            107.0491,
            108.0529,
            110.0362,
            110.06,
            125.0584
        ],
        "abs_mass_diff": [
            0.0,
            0.0,
            0.0,
            0.0,
            0.0,
            0.0,
            0.0,
            0.0,
            0.0,
            0.0,
            0.0,
            0.0,
            0.0,
            0.0
        ],
        "mass_diff": [
            0.0,
            0.0,
            0.0,
            0.0,
            0.0,
            0.0,
            0.0,
            0.0,
            0.0,
            0.0,
            0.0,
            0.0,
            0.0,
            0.0
        ],
        "formula": [
            "C8H7N3O5",
            "C8H7N3O5",
            "C8H7N3O5",
            "C8H7N3O5",
            "C8H7N3O5",
            "C8H7N3O5",
            "C8H7N3O5",
            "C8H7N3O5",
            "C8H7N3O5",
            "C8H7N3O5",
            "C8H7N3O5",
            "C8H7N3O5",
            "C8H7N3O5",
            "C8H7N3O5"
        ],
        "ions": [
            "[M+H]+",
            "[M+H]+",
            "[M+H]+",
            "[M+H]+",
            "[M+H]+",
            "[M+H]+",
            "[M+H]+",
            "[M+H]+",
            "[M+H]+",
            "[M+H]+",
            "[M+H]+",
            "[M+H]+",
            "[M+H]+",
            "[M+H]+"
        ]
    }
}