{
    "cand_form": "C8H7N3O5",
    "cand_ion": "[M+H]+",
    "output_tbl": {
        "mz": [
            0.0,
            51.0229,
            53.0386,
            55.0178,
            55.9342,
            57.9348,
            61.9279,
            63.0229,
            63.9425,
            65.0386,
            68.9971,
            72.9374,
            77.0386,
            80.9454,
            81.0335,
            82.0413,
            95.0491,
            105.0447,
            107.0491,
            110.0362
        ],
        "ms2_inten": [
            0.09326613045274001,
            0.7473909139423365,
            0.20408439806369602,
            0.23243369140533424,
            0.1304747046828931,
            0.39717057872936234,
            0.09969755493511931,
            0.1059905175138257,
            0.14189852981167575,
            0.15242611190442057,
            0.4897040184618124,
            0.13408704818567174,
            0.6745852119814574,
            0.11321486660137527,
            0.1579667000388859,
            0.10783521191809779,
            1.0,
            0.3465201330281821,
            0.0831577356486011,
            0.1835696492520903
        ],
        "mono_mass": [
            0.0,
            51.0229,
            53.0386,
            55.0178,
            55.9342,
            57.9348,
            61.9279,
            63.0229,
            63.9425,
            65.0386,
            68.9971,
            72.9374,
            77.0386,
            80.9454,
            81.0335,
            82.0413,
            95.0491,
            105.0447,
            107.0491,
            110.0362
        ],
        "abs_mass_diff": [
            0.0,
            0.0,
            0.0,
            0.0,
            0.0,
            0.0,
            0.0,
            0.0,
            0.0,
            0.0,
            0.0,
            0.0,
            0.0,
            0.0,
            0.0,
            0.0,
            0.0,
            0.0,
            0.0,
            0.0
        ],
        "mass_diff": [
            0.0,
            0.0,
            0.0,
            0.0,
            0.0,
            0.0,
            0.0,
            0.0,
            0.0,
            0.0,
            0.0,
            0.0,
            0.0,
            0.0,
            0.0,
            0.0,
            0.0,
            0.0,
            0.0,
            0.0
        ],
        "formula": [
            "C8H7N3O5",
            "C8H7N3O5",
            "C8H7N3O5",
            "C8H7N3O5",
            "C8H7N3O5",
            "C8H7N3O5",
            "C8H7N3O5",
            "C8H7N3O5",
            "C8H7N3O5",
            "C8H7N3O5",
            "C8H7N3O5",
            "C8H7N3O5",
            "C8H7N3O5",
            "C8H7N3O5",
            "C8H7N3O5",
            "C8H7N3O5",
            "C8H7N3O5",
            "C8H7N3O5",
            "C8H7N3O5",
            "C8H7N3O5"
        ],
        "ions": [
            "[M+H]+",
            "[M+H]+",
            "[M+H]+",
            "[M+H]+",
            "[M+H]+",
            "[M+H]+",
            "[M+H]+",
            "[M+H]+",
            "[M+H]+",
            "[M+H]+",
            "[M+H]+",
            "[M+H]+",
            "[M+H]+",
            "[M+H]+",
            "[M+H]+",
            "[M+H]+",
            "[M+H]+",
            "[M+H]+",
            "[M+H]+",
            "[M+H]+"
        ]
    }
}