{
    "cand_form": "C12H18ClNO",
    "cand_ion": "[M+H]+",
    "output_tbl": {
        "mz": [
            51.0229,
            63.0229,
            65.0386,
            65.0427,
            74.0151,
            75.0229,
            77.0386,
            89.0386,
            90.0464,
            91.0542,
            104.0495,
            117.0573,
            118.0651
        ],
        "ms2_inten": [
            0.17207498033885815,
            0.12380258968484546,
            1.0,
            0.07279736324679938,
            0.08251468572823925,
            0.3117032764079293,
            0.10306818318666372,
            0.24278428031239838,
            0.07858324114816577,
            0.9997858178922753,
            0.11552481590238195,
            0.14151874300957024,
            0.20312027951445433
        ],
        "mono_mass": [
            51.0229,
            63.0229,
            65.0386,
            65.0427,
            74.0151,
            75.0229,
            77.0386,
            89.0386,
            90.0464,
            91.0542,
            104.0495,
            117.0573,
            118.0651
        ],
        "abs_mass_diff": [
            0.0,
            0.0,
            0.0,
            0.0,
            0.0,
            0.0,
            0.0,
            0.0,
            0.0,
            0.0,
            0.0,
            0.0,
            0.0
        ],
        "mass_diff": [
            0.0,
            0.0,
            0.0,
            0.0,
            0.0,
            0.0,
            0.0,
            0.0,
            0.0,
            0.0,
            0.0,
            0.0,
            0.0
        ],
        "formula": [
            "C12H18ClNO",
            "C12H18ClNO",
            "C12H18ClNO",
            "C12H18ClNO",
            "C12H18ClNO",
            "C12H18ClNO",
            "C12H18ClNO",
            "C12H18ClNO",
            "C12H18ClNO",
            "C12H18ClNO",
            "C12H18ClNO",
            "C12H18ClNO",
            "C12H18ClNO"
        ],
        "ions": [
            "[M+H]+",
            "[M+H]+",
            "[M+H]+",
            "[M+H]+",
            "[M+H]+",
            "[M+H]+",
            "[M+H]+",
            "[M+H]+",
            "[M+H]+",
            "[M+H]+",
            "[M+H]+",
            "[M+H]+",
            "[M+H]+"
        ]
    }
}