{
    "cand_form": "C16H21NO2",
    "cand_ion": "[M+H]+",
    "output_tbl": {
        "mz": [
            0.0,
            58.0651,
            72.0808,
            74.06,
            100.1121,
            115.0542,
            117.0699,
            127.0542,
            128.0621,
            129.0699,
            141.0699,
            145.0648,
            152.0621,
            153.0699,
            154.0777,
            155.0599,
            155.0855,
            165.0699,
            168.057,
            227.7357
        ],
        "ms2_inten": [
            1.0,
            0.5874224140561549,
            0.1958879972261549,
            0.3439576543452936,
            0.0721977139499412,
            0.23197672097734987,
            0.05185094517016135,
            0.042607116829205795,
            0.2843767804168877,
            0.2874428333347963,
            0.0492986659648454,
            0.20762887344519837,
            0.07628507042456634,
            0.22169620460576997,
            0.0910244534446717,
            0.2621898338744338,
            0.12650319174016145,
            0.14161093687496004,
            0.0526928258108042,
            0.058743901647628875
        ],
        "mono_mass": [
            0.0,
            58.0651,
            72.0808,
            74.06,
            100.1121,
            115.0542,
            117.0699,
            127.0542,
            128.0621,
            129.0699,
            141.0699,
            145.0648,
            152.0621,
            153.0699,
            154.0777,
            155.0599,
            155.0855,
            165.0699,
            168.057,
            227.7357
        ],
        "abs_mass_diff": [
            0.0,
            0.0,
            0.0,
            0.0,
            0.0,
            0.0,
            0.0,
            0.0,
            0.0,
            0.0,
            0.0,
            0.0,
            0.0,
            0.0,
            0.0,
            0.0,
            0.0,
            0.0,
            0.0,
            0.0
        ],
        "mass_diff": [
            0.0,
            0.0,
            0.0,
            0.0,
            0.0,
            0.0,
            0.0,
            0.0,
            0.0,
            0.0,
            0.0,
            0.0,
            0.0,
            0.0,
            0.0,
            0.0,
            0.0,
            0.0,
            0.0,
            0.0
        ],
        "formula": [
            "C16H21NO2",
            "C16H21NO2",
            "C16H21NO2",
            "C16H21NO2",
            "C16H21NO2",
            "C16H21NO2",
            "C16H21NO2",
            "C16H21NO2",
            "C16H21NO2",
            "C16H21NO2",
            "C16H21NO2",
            "C16H21NO2",
            "C16H21NO2",
            "C16H21NO2",
            "C16H21NO2",
            "C16H21NO2",
            "C16H21NO2",
            "C16H21NO2",
            "C16H21NO2",
            "C16H21NO2"
        ],
        "ions": [
            "[M+H]+",
            "[M+H]+",
            "[M+H]+",
            "[M+H]+",
            "[M+H]+",
            "[M+H]+",
            "[M+H]+",
            "[M+H]+",
            "[M+H]+",
            "[M+H]+",
            "[M+H]+",
            "[M+H]+",
            "[M+H]+",
            "[M+H]+",
            "[M+H]+",
            "[M+H]+",
            "[M+H]+",
            "[M+H]+",
            "[M+H]+",
            "[M+H]+"
        ]
    }
}