{
    "cand_form": "C14H12FNO3",
    "cand_ion": "[M+H]+",
    "output_tbl": {
        "mz": [
            146.0401,
            174.035,
            202.0299,
            203.0366,
            220.0404,
            221.0471,
            234.0561,
            238.0499,
            239.0577,
            244.0768,
            245.0847,
            252.0694,
            262.0874,
            263.0905,
            276.1023
        ],
        "ms2_inten": [
            0.040354892693559054,
            0.17915834280963663,
            0.7074815785456037,
            0.04384302523537859,
            1.0,
            0.07685234202186544,
            0.15990744087779438,
            0.3034286931282025,
            0.027918355114567996,
            0.2683707068238284,
            0.03480979330590739,
            0.20394208512447445,
            0.32893309946661137,
            0.030182243689672,
            0.06944218376702968
        ],
        "mono_mass": [
            146.0401,
            174.035,
            202.0299,
            203.0366,
            220.0404,
            221.0471,
            234.0561,
            238.0499,
            239.0577,
            244.0768,
            245.0847,
            252.0694,
            262.0874,
            263.0905,
            276.1023
        ],
        "abs_mass_diff": [
            0.0,
            0.0,
            0.0,
            0.0,
            0.0,
            0.0,
            0.0,
            0.0,
            0.0,
            0.0,
            0.0,
            0.0,
            0.0,
            0.0,
            0.0
        ],
        "mass_diff": [
            0.0,
            0.0,
            0.0,
            0.0,
            0.0,
            0.0,
            0.0,
            0.0,
            0.0,
            0.0,
            0.0,
            0.0,
            0.0,
            0.0,
            0.0
        ],
        "formula": [
            "C14H12FNO3",
            "C14H12FNO3",
            "C14H12FNO3",
            "C14H12FNO3",
            "C14H12FNO3",
            "C14H12FNO3",
            "C14H12FNO3",
            "C14H12FNO3",
            "C14H12FNO3",
            "C14H12FNO3",
            "C14H12FNO3",
            "C14H12FNO3",
            "C14H12FNO3",
            "C14H12FNO3",
            "C14H12FNO3"
        ],
        "ions": [
            "[M+H]+",
            "[M+H]+",
            "[M+H]+",
            "[M+H]+",
            "[M+H]+",
            "[M+H]+",
            "[M+H]+",
            "[M+H]+",
            "[M+H]+",
            "[M+H]+",
            "[M+H]+",
            "[M+H]+",
            "[M+H]+",
            "[M+H]+",
            "[M+H]+"
        ]
    }
}