{
    "cand_form": "C17H17N3O6S2",
    "cand_ion": "[M+H]+",
    "output_tbl": {
        "mz": [
            67.0417,
            68.0495,
            79.0417,
            80.0495,
            93.0573,
            97.0106,
            107.0604,
            108.0682,
            111.0137,
            112.0215,
            124.0215,
            125.0294,
            126.1277
        ],
        "ms2_inten": [
            0.2799576804990162,
            0.06283353682588791,
            0.5202345858419526,
            0.71815644456382,
            0.05752301697300064,
            0.059095080121378096,
            0.1326310911702659,
            0.12923339081332114,
            1.0,
            0.4879972086962528,
            0.9358583145850627,
            0.10958799393699416,
            0.14180013850891457
        ],
        "mono_mass": [
            67.0417,
            68.0495,
            79.0417,
            80.0495,
            93.0573,
            97.0106,
            107.0604,
            108.0682,
            111.0137,
            112.0215,
            124.0215,
            125.0294,
            126.1277
        ],
        "abs_mass_diff": [
            0.0,
            0.0,
            0.0,
            0.0,
            0.0,
            0.0,
            0.0,
            0.0,
            0.0,
            0.0,
            0.0,
            0.0,
            0.0
        ],
        "mass_diff": [
            0.0,
            0.0,
            0.0,
            0.0,
            0.0,
            0.0,
            0.0,
            0.0,
            0.0,
            0.0,
            0.0,
            0.0,
            0.0
        ],
        "formula": [
            "C17H17N3O6S2",
            "C17H17N3O6S2",
            "C17H17N3O6S2",
            "C17H17N3O6S2",
            "C17H17N3O6S2",
            "C17H17N3O6S2",
            "C17H17N3O6S2",
            "C17H17N3O6S2",
            "C17H17N3O6S2",
            "C17H17N3O6S2",
            "C17H17N3O6S2",
            "C17H17N3O6S2",
            "C17H17N3O6S2"
        ],
        "ions": [
            "[M+H]+",
            "[M+H]+",
            "[M+H]+",
            "[M+H]+",
            "[M+H]+",
            "[M+H]+",
            "[M+H]+",
            "[M+H]+",
            "[M+H]+",
            "[M+H]+",
            "[M+H]+",
            "[M+H]+",
            "[M+H]+"
        ]
    }
}