{
    "cand_form": "C12H14N4O4S",
    "cand_ion": "[M+H]+",
    "output_tbl": {
        "mz": [
            65.0386,
            67.0291,
            92.0495,
            108.0444,
            110.06,
            124.0505,
            125.0584,
            127.0502,
            141.0533,
            154.0611,
            156.0114,
            156.0768,
            173.0584
        ],
        "ms2_inten": [
            0.19479900162591635,
            0.03443792722298512,
            1.0,
            0.8084295684407345,
            0.10005321857247507,
            0.03280820053371078,
            0.0541042977561264,
            0.06669659866020484,
            0.08859379232814144,
            0.14064860683155989,
            0.06661963672863185,
            0.5255033993653261,
            0.11663071917310414
        ],
        "mono_mass": [
            65.0386,
            67.0291,
            92.0495,
            108.0444,
            110.06,
            124.0505,
            125.0584,
            127.0502,
            141.0533,
            154.0611,
            156.0114,
            156.0768,
            173.0584
        ],
        "abs_mass_diff": [
            0.0,
            0.0,
            0.0,
            0.0,
            0.0,
            0.0,
            0.0,
            0.0,
            0.0,
            0.0,
            0.0,
            0.0,
            0.0
        ],
        "mass_diff": [
            0.0,
            0.0,
            0.0,
            0.0,
            0.0,
            0.0,
            0.0,
            0.0,
            0.0,
            0.0,
            0.0,
            0.0,
            0.0
        ],
        "formula": [
            "C12H14N4O4S",
            "C12H14N4O4S",
            "C12H14N4O4S",
            "C12H14N4O4S",
            "C12H14N4O4S",
            "C12H14N4O4S",
            "C12H14N4O4S",
            "C12H14N4O4S",
            "C12H14N4O4S",
            "C12H14N4O4S",
            "C12H14N4O4S",
            "C12H14N4O4S",
            "C12H14N4O4S"
        ],
        "ions": [
            "[M+H]+",
            "[M+H]+",
            "[M+H]+",
            "[M+H]+",
            "[M+H]+",
            "[M+H]+",
            "[M+H]+",
            "[M+H]+",
            "[M+H]+",
            "[M+H]+",
            "[M+H]+",
            "[M+H]+",
            "[M+H]+"
        ]
    }
}