{
    "cand_form": "C12H14N4O4S",
    "cand_ion": "[M+H]+",
    "output_tbl": {
        "mz": [
            65.0386,
            67.0291,
            80.0495,
            82.0287,
            92.0495,
            108.0444,
            110.0349,
            110.06,
            124.0505,
            141.0533,
            154.0611,
            156.0768,
            173.0584
        ],
        "ms2_inten": [
            0.7812922538734206,
            0.09762912667586188,
            0.2046207469198445,
            0.05655281756510491,
            1.0,
            0.7481230972357212,
            0.05514671496233777,
            0.11017059889729003,
            0.04644697016054685,
            0.12328489919815905,
            0.10404101796995598,
            0.18049925676061976,
            0.06569720789441713
        ],
        "mono_mass": [
            65.0386,
            67.0291,
            80.0495,
            82.0287,
            92.0495,
            108.0444,
            110.0349,
            110.06,
            124.0505,
            141.0533,
            154.0611,
            156.0768,
            173.0584
        ],
        "abs_mass_diff": [
            0.0,
            0.0,
            0.0,
            0.0,
            0.0,
            0.0,
            0.0,
            0.0,
            0.0,
            0.0,
            0.0,
            0.0,
            0.0
        ],
        "mass_diff": [
            0.0,
            0.0,
            0.0,
            0.0,
            0.0,
            0.0,
            0.0,
            0.0,
            0.0,
            0.0,
            0.0,
            0.0,
            0.0
        ],
        "formula": [
            "C12H14N4O4S",
            "C12H14N4O4S",
            "C12H14N4O4S",
            "C12H14N4O4S",
            "C12H14N4O4S",
            "C12H14N4O4S",
            "C12H14N4O4S",
            "C12H14N4O4S",
            "C12H14N4O4S",
            "C12H14N4O4S",
            "C12H14N4O4S",
            "C12H14N4O4S",
            "C12H14N4O4S"
        ],
        "ions": [
            "[M+H]+",
            "[M+H]+",
            "[M+H]+",
            "[M+H]+",
            "[M+H]+",
            "[M+H]+",
            "[M+H]+",
            "[M+H]+",
            "[M+H]+",
            "[M+H]+",
            "[M+H]+",
            "[M+H]+",
            "[M+H]+"
        ]
    }
}