{
    "cand_form": "C19H23ClN4O3",
    "cand_ion": "[M+H]+",
    "output_tbl": {
        "mz": [
            0.0,
            51.0229,
            53.0386,
            54.0338,
            56.0495,
            63.0229,
            65.0386,
            66.0338,
            66.0464,
            67.0291,
            68.0369,
            69.0447,
            75.0229,
            76.0182,
            77.0386,
            78.0338,
            80.0495,
            81.0447,
            89.0386,
            91.0417,
            91.0542,
            92.0495,
            94.0413,
            95.0491,
            102.0338,
            104.0495,
            105.0447,
            115.0542,
            120.0444,
            130.04
        ],
        "ms2_inten": [
            0.12827170106724473,
            0.26828851695527844,
            0.106646679826679,
            0.17235708004270145,
            0.0822220981966571,
            0.15534770038996118,
            1.0,
            0.2975194842262453,
            0.09884064640939616,
            0.27051896499564826,
            0.1518133784024016,
            0.12524248702703208,
            0.3991895083024077,
            0.0923079146095554,
            0.35073415644948086,
            0.1698874901443272,
            0.13687511110739983,
            0.13740353463135282,
            0.2665415590218102,
            0.0888666285635985,
            0.10695856024729904,
            0.24771718623094222,
            0.08541983430698712,
            0.2263445491904339,
            0.31519359675290226,
            0.09640840670655583,
            0.17077055188850135,
            0.11381256006842053,
            0.32204372322041286,
            0.32276419214369195
        ],
        "mono_mass": [
            0.0,
            51.0229,
            53.0386,
            54.0338,
            56.0495,
            63.0229,
            65.0386,
            66.0338,
            66.0464,
            67.0291,
            68.0369,
            69.0447,
            75.0229,
            76.0182,
            77.0386,
            78.0338,
            80.0495,
            81.0447,
            89.0386,
            91.0417,
            91.0542,
            92.0495,
            94.0413,
            95.0491,
            102.0338,
            104.0495,
            105.0447,
            115.0542,
            120.0444,
            130.04
        ],
        "abs_mass_diff": [
            0.0,
            0.0,
            0.0,
            0.0,
            0.0,
            0.0,
            0.0,
            0.0,
            0.0,
            0.0,
            0.0,
            0.0,
            0.0,
            0.0,
            0.0,
            0.0,
            0.0,
            0.0,
            0.0,
            0.0,
            0.0,
            0.0,
            0.0,
            0.0,
            0.0,
            0.0,
            0.0,
            0.0,
            0.0,
            0.0
        ],
        "mass_diff": [
            0.0,
            0.0,
            0.0,
            0.0,
            0.0,
            0.0,
            0.0,
            0.0,
            0.0,
            0.0,
            0.0,
            0.0,
            0.0,
            0.0,
            0.0,
            0.0,
            0.0,
            0.0,
            0.0,
            0.0,
            0.0,
            0.0,
            0.0,
            0.0,
            0.0,
            0.0,
            0.0,
            0.0,
            0.0,
            0.0
        ],
        "formula": [
            "C19H23ClN4O3",
            "C19H23ClN4O3",
            "C19H23ClN4O3",
            "C19H23ClN4O3",
            "C19H23ClN4O3",
            "C19H23ClN4O3",
            "C19H23ClN4O3",
            "C19H23ClN4O3",
            "C19H23ClN4O3",
            "C19H23ClN4O3",
            "C19H23ClN4O3",
            "C19H23ClN4O3",
            "C19H23ClN4O3",
            "C19H23ClN4O3",
            "C19H23ClN4O3",
            "C19H23ClN4O3",
            "C19H23ClN4O3",
            "C19H23ClN4O3",
            "C19H23ClN4O3",
            "C19H23ClN4O3",
            "C19H23ClN4O3",
            "C19H23ClN4O3",
            "C19H23ClN4O3",
            "C19H23ClN4O3",
            "C19H23ClN4O3",
            "C19H23ClN4O3",
            "C19H23ClN4O3",
            "C19H23ClN4O3",
            "C19H23ClN4O3",
            "C19H23ClN4O3"
        ],
        "ions": [
            "[M+H]+",
            "[M+H]+",
            "[M+H]+",
            "[M+H]+",
            "[M+H]+",
            "[M+H]+",
            "[M+H]+",
            "[M+H]+",
            "[M+H]+",
            "[M+H]+",
            "[M+H]+",
            "[M+H]+",
            "[M+H]+",
            "[M+H]+",
            "[M+H]+",
            "[M+H]+",
            "[M+H]+",
            "[M+H]+",
            "[M+H]+",
            "[M+H]+",
            "[M+H]+",
            "[M+H]+",
            "[M+H]+",
            "[M+H]+",
            "[M+H]+",
            "[M+H]+",
            "[M+H]+",
            "[M+H]+",
            "[M+H]+",
            "[M+H]+"
        ]
    }
}