{
    "cand_form": "C19H22FN3O3",
    "cand_ion": "[M+H]+",
    "output_tbl": {
        "mz": [
            72.0808,
            84.0808,
            203.0615,
            204.0693,
            231.0928,
            245.1085,
            246.1125,
            257.1085,
            286.0986,
            314.1663,
            316.182,
            317.1852,
            342.1612,
            360.1718
        ],
        "ms2_inten": [
            0.26808922580764377,
            0.12098013654979417,
            0.13440326694163765,
            0.16648522669774146,
            0.10694354150375401,
            1.0,
            0.10999734228777912,
            0.0568460160461341,
            0.0731158845090368,
            0.10044257690361587,
            0.46740081052359683,
            0.06850112009202919,
            0.2243557554212808,
            0.3363173868634317
        ],
        "mono_mass": [
            72.0808,
            84.0808,
            203.0615,
            204.0693,
            231.0928,
            245.1085,
            246.1125,
            257.1085,
            286.0986,
            314.1663,
            316.182,
            317.1852,
            342.1612,
            360.1718
        ],
        "abs_mass_diff": [
            0.0,
            0.0,
            0.0,
            0.0,
            0.0,
            0.0,
            0.0,
            0.0,
            0.0,
            0.0,
            0.0,
            0.0,
            0.0,
            0.0
        ],
        "mass_diff": [
            0.0,
            0.0,
            0.0,
            0.0,
            0.0,
            0.0,
            0.0,
            0.0,
            0.0,
            0.0,
            0.0,
            0.0,
            0.0,
            0.0
        ],
        "formula": [
            "C19H22FN3O3",
            "C19H22FN3O3",
            "C19H22FN3O3",
            "C19H22FN3O3",
            "C19H22FN3O3",
            "C19H22FN3O3",
            "C19H22FN3O3",
            "C19H22FN3O3",
            "C19H22FN3O3",
            "C19H22FN3O3",
            "C19H22FN3O3",
            "C19H22FN3O3",
            "C19H22FN3O3",
            "C19H22FN3O3"
        ],
        "ions": [
            "[M+H]+",
            "[M+H]+",
            "[M+H]+",
            "[M+H]+",
            "[M+H]+",
            "[M+H]+",
            "[M+H]+",
            "[M+H]+",
            "[M+H]+",
            "[M+H]+",
            "[M+H]+",
            "[M+H]+",
            "[M+H]+",
            "[M+H]+"
        ]
    }
}