{
    "cand_form": "C11H12N4O2S",
    "cand_ion": "[M+H]+",
    "output_tbl": {
        "mz": [
            0.0,
            65.0386,
            66.0338,
            66.0418,
            68.0495,
            80.0495,
            92.0495,
            93.0447,
            108.0444
        ],
        "ms2_inten": [
            0.11236019754700777,
            1.0,
            0.11168070677260897,
            0.030717550173035308,
            0.04447907575237704,
            0.31424869922937343,
            0.045911179270382005,
            0.03923375905099809,
            0.03087516807502049
        ],
        "mono_mass": [
            0.0,
            65.0386,
            66.0338,
            66.0418,
            68.0495,
            80.0495,
            92.0495,
            93.0447,
            108.0444
        ],
        "abs_mass_diff": [
            0.0,
            0.0,
            0.0,
            0.0,
            0.0,
            0.0,
            0.0,
            0.0,
            0.0
        ],
        "mass_diff": [
            0.0,
            0.0,
            0.0,
            0.0,
            0.0,
            0.0,
            0.0,
            0.0,
            0.0
        ],
        "formula": [
            "C11H12N4O2S",
            "C11H12N4O2S",
            "C11H12N4O2S",
            "C11H12N4O2S",
            "C11H12N4O2S",
            "C11H12N4O2S",
            "C11H12N4O2S",
            "C11H12N4O2S",
            "C11H12N4O2S"
        ],
        "ions": [
            "[M+H]+",
            "[M+H]+",
            "[M+H]+",
            "[M+H]+",
            "[M+H]+",
            "[M+H]+",
            "[M+H]+",
            "[M+H]+",
            "[M+H]+"
        ]
    }
}