{
    "cand_form": "C11H12N4O2S",
    "cand_ion": "[M+H]+",
    "output_tbl": {
        "mz": [
            53.0386,
            65.0386,
            66.0338,
            68.0495,
            80.0495
        ],
        "ms2_inten": [
            0.1867464319782465,
            1.0,
            0.12006382967059072,
            0.036180045758394216,
            0.30838080888560765
        ],
        "mono_mass": [
            53.0386,
            65.0386,
            66.0338,
            68.0495,
            80.0495
        ],
        "abs_mass_diff": [
            0.0,
            0.0,
            0.0,
            0.0,
            0.0
        ],
        "mass_diff": [
            0.0,
            0.0,
            0.0,
            0.0,
            0.0
        ],
        "formula": [
            "C11H12N4O2S",
            "C11H12N4O2S",
            "C11H12N4O2S",
            "C11H12N4O2S",
            "C11H12N4O2S"
        ],
        "ions": [
            "[M+H]+",
            "[M+H]+",
            "[M+H]+",
            "[M+H]+",
            "[M+H]+"
        ]
    }
}