{
    "cand_form": "C18H31NO4",
    "cand_ion": "[M+H]+",
    "output_tbl": {
        "mz": [
            0.0,
            58.0651,
            71.0855,
            72.0808,
            74.06,
            75.0441,
            91.0542,
            98.0964,
            107.0491,
            116.107,
            117.1103,
            119.0491,
            121.0648,
            133.0648,
            145.0648,
            147.0804,
            162.0913,
            163.0754,
            181.0562,
            201.0617,
            202.0689,
            203.073,
            204.1383,
            217.037,
            218.0362,
            219.0315,
            237.042,
            238.0413,
            239.0366,
            326.2326
        ],
        "ms2_inten": [
            0.33494200946647334,
            0.048046807661875454,
            0.08341905908559338,
            0.3718153749332537,
            1.0,
            0.028295049251930566,
            0.036456503280614554,
            0.22078604217218872,
            0.12130350631584856,
            0.8009892781942884,
            0.027008179909095747,
            0.05776436217464026,
            0.02741937538198054,
            0.10360302172881151,
            0.04733175658213324,
            0.07922428446643041,
            0.06601127182153543,
            0.02875694005708883,
            0.051503982993216034,
            0.05442895620655501,
            0.10556608872443606,
            0.03798824198237472,
            0.022513812317009795,
            0.14844637366056526,
            0.10828637098845288,
            0.24059671360912438,
            0.14635532821106145,
            0.13315980723547646,
            0.2484149700124087,
            0.02516769290486367
        ],
        "mono_mass": [
            0.0,
            58.0651,
            71.0855,
            72.0808,
            74.06,
            75.0441,
            91.0542,
            98.0964,
            107.0491,
            116.107,
            117.1103,
            119.0491,
            121.0648,
            133.0648,
            145.0648,
            147.0804,
            162.0913,
            163.0754,
            181.0562,
            201.0617,
            202.0689,
            203.073,
            204.1383,
            217.037,
            218.0362,
            219.0315,
            237.042,
            238.0413,
            239.0366,
            326.2326
        ],
        "abs_mass_diff": [
            0.0,
            0.0,
            0.0,
            0.0,
            0.0,
            0.0,
            0.0,
            0.0,
            0.0,
            0.0,
            0.0,
            0.0,
            0.0,
            0.0,
            0.0,
            0.0,
            0.0,
            0.0,
            0.0,
            0.0,
            0.0,
            0.0,
            0.0,
            0.0,
            0.0,
            0.0,
            0.0,
            0.0,
            0.0,
            0.0
        ],
        "mass_diff": [
            0.0,
            0.0,
            0.0,
            0.0,
            0.0,
            0.0,
            0.0,
            0.0,
            0.0,
            0.0,
            0.0,
            0.0,
            0.0,
            0.0,
            0.0,
            0.0,
            0.0,
            0.0,
            0.0,
            0.0,
            0.0,
            0.0,
            0.0,
            0.0,
            0.0,
            0.0,
            0.0,
            0.0,
            0.0,
            0.0
        ],
        "formula": [
            "C18H31NO4",
            "C18H31NO4",
            "C18H31NO4",
            "C18H31NO4",
            "C18H31NO4",
            "C18H31NO4",
            "C18H31NO4",
            "C18H31NO4",
            "C18H31NO4",
            "C18H31NO4",
            "C18H31NO4",
            "C18H31NO4",
            "C18H31NO4",
            "C18H31NO4",
            "C18H31NO4",
            "C18H31NO4",
            "C18H31NO4",
            "C18H31NO4",
            "C18H31NO4",
            "C18H31NO4",
            "C18H31NO4",
            "C18H31NO4",
            "C18H31NO4",
            "C18H31NO4",
            "C18H31NO4",
            "C18H31NO4",
            "C18H31NO4",
            "C18H31NO4",
            "C18H31NO4",
            "C18H31NO4"
        ],
        "ions": [
            "[M+H]+",
            "[M+H]+",
            "[M+H]+",
            "[M+H]+",
            "[M+H]+",
            "[M+H]+",
            "[M+H]+",
            "[M+H]+",
            "[M+H]+",
            "[M+H]+",
            "[M+H]+",
            "[M+H]+",
            "[M+H]+",
            "[M+H]+",
            "[M+H]+",
            "[M+H]+",
            "[M+H]+",
            "[M+H]+",
            "[M+H]+",
            "[M+H]+",
            "[M+H]+",
            "[M+H]+",
            "[M+H]+",
            "[M+H]+",
            "[M+H]+",
            "[M+H]+",
            "[M+H]+",
            "[M+H]+",
            "[M+H]+",
            "[M+H]+"
        ]
    }
}