{
    "cand_form": "C11H13N3O3S",
    "cand_ion": "[M+H]+",
    "output_tbl": {
        "mz": [
            53.0386,
            65.0386,
            80.0495
        ],
        "ms2_inten": [
            0.11198431071482627,
            1.0,
            0.2651534018974784
        ],
        "mono_mass": [
            53.0386,
            65.0386,
            80.0495
        ],
        "abs_mass_diff": [
            0.0,
            0.0,
            0.0
        ],
        "mass_diff": [
            0.0,
            0.0,
            0.0
        ],
        "formula": [
            "C11H13N3O3S",
            "C11H13N3O3S",
            "C11H13N3O3S"
        ],
        "ions": [
            "[M+H]+",
            "[M+H]+",
            "[M+H]+"
        ]
    }
}