{
    "cand_form": "C19H17N3O4S2",
    "cand_ion": "[M+H]+",
    "output_tbl": {
        "mz": [
            89.0597,
            100.0757,
            138.0913,
            152.0165,
            153.0203,
            154.0117,
            158.027,
            159.0297,
            160.0215,
            167.0274,
            185.0379,
            186.0424,
            187.0358,
            227.7406,
            234.1498,
            310.0407,
            311.0325,
            343.2005,
            355.1774,
            377.1579,
            378.1602,
            379.1629,
            415.1316,
            416.1353,
            417.2388,
            429.1071
        ],
        "ms2_inten": [
            0.05761705822003415,
            0.07928687251490164,
            0.042914992277040404,
            0.68330177115052,
            0.2907465457616018,
            0.2550745661937764,
            0.314612509581519,
            0.1316857908901433,
            0.10494926078062262,
            0.06286826987474994,
            0.1730327116946597,
            0.09384410015613905,
            0.09774227868683631,
            0.05730046603095617,
            1.0,
            0.05119716611335413,
            0.05051630678842565,
            0.14728351589322378,
            0.06509238488409261,
            0.8244268674429364,
            0.2824139767863574,
            0.1112404925704871,
            0.33189723094937285,
            0.09556101863465254,
            0.19430533021176172,
            0.04022142936839715
        ],
        "mono_mass": [
            89.0597,
            100.0757,
            138.0913,
            152.0165,
            153.0203,
            154.0117,
            158.027,
            159.0297,
            160.0215,
            167.0274,
            185.0379,
            186.0424,
            187.0358,
            227.7406,
            234.1498,
            310.0407,
            311.0325,
            343.2005,
            355.1774,
            377.1579,
            378.1602,
            379.1629,
            415.1316,
            416.1353,
            417.2388,
            429.1071
        ],
        "abs_mass_diff": [
            0.0,
            0.0,
            0.0,
            0.0,
            0.0,
            0.0,
            0.0,
            0.0,
            0.0,
            0.0,
            0.0,
            0.0,
            0.0,
            0.0,
            0.0,
            0.0,
            0.0,
            0.0,
            0.0,
            0.0,
            0.0,
            0.0,
            0.0,
            0.0,
            0.0,
            0.0
        ],
        "mass_diff": [
            0.0,
            0.0,
            0.0,
            0.0,
            0.0,
            0.0,
            0.0,
            0.0,
            0.0,
            0.0,
            0.0,
            0.0,
            0.0,
            0.0,
            0.0,
            0.0,
            0.0,
            0.0,
            0.0,
            0.0,
            0.0,
            0.0,
            0.0,
            0.0,
            0.0,
            0.0
        ],
        "formula": [
            "C19H17N3O4S2",
            "C19H17N3O4S2",
            "C19H17N3O4S2",
            "C19H17N3O4S2",
            "C19H17N3O4S2",
            "C19H17N3O4S2",
            "C19H17N3O4S2",
            "C19H17N3O4S2",
            "C19H17N3O4S2",
            "C19H17N3O4S2",
            "C19H17N3O4S2",
            "C19H17N3O4S2",
            "C19H17N3O4S2",
            "C19H17N3O4S2",
            "C19H17N3O4S2",
            "C19H17N3O4S2",
            "C19H17N3O4S2",
            "C19H17N3O4S2",
            "C19H17N3O4S2",
            "C19H17N3O4S2",
            "C19H17N3O4S2",
            "C19H17N3O4S2",
            "C19H17N3O4S2",
            "C19H17N3O4S2",
            "C19H17N3O4S2",
            "C19H17N3O4S2"
        ],
        "ions": [
            "[M+H]+",
            "[M+H]+",
            "[M+H]+",
            "[M+H]+",
            "[M+H]+",
            "[M+H]+",
            "[M+H]+",
            "[M+H]+",
            "[M+H]+",
            "[M+H]+",
            "[M+H]+",
            "[M+H]+",
            "[M+H]+",
            "[M+H]+",
            "[M+H]+",
            "[M+H]+",
            "[M+H]+",
            "[M+H]+",
            "[M+H]+",
            "[M+H]+",
            "[M+H]+",
            "[M+H]+",
            "[M+H]+",
            "[M+H]+",
            "[M+H]+",
            "[M+H]+"
        ]
    }
}