{
    "cand_form": "C4H11N5",
    "cand_ion": "[M+H]+",
    "output_tbl": {
        "mz": [
            43.0291,
            44.0495,
            46.0651,
            55.0291,
            56.0369,
            60.0556,
            68.0243,
            71.0604,
            72.0635,
            85.0509,
            88.0869
        ],
        "ms2_inten": [
            0.32077394704686196,
            0.037930928381840444,
            0.2474791893990647,
            0.01828749831249805,
            0.03846053956985335,
            0.17332950768789349,
            0.1409255856833681,
            1.0,
            0.02228079253552985,
            0.07182999634230347,
            0.01830475073625085
        ],
        "mono_mass": [
            43.0291,
            44.0495,
            46.0651,
            55.0291,
            56.0369,
            60.0556,
            68.0243,
            71.0604,
            72.0635,
            85.0509,
            88.0869
        ],
        "abs_mass_diff": [
            0.0,
            0.0,
            0.0,
            0.0,
            0.0,
            0.0,
            0.0,
            0.0,
            0.0,
            0.0,
            0.0
        ],
        "mass_diff": [
            0.0,
            0.0,
            0.0,
            0.0,
            0.0,
            0.0,
            0.0,
            0.0,
            0.0,
            0.0,
            0.0
        ],
        "formula": [
            "C4H11N5",
            "C4H11N5",
            "C4H11N5",
            "C4H11N5",
            "C4H11N5",
            "C4H11N5",
            "C4H11N5",
            "C4H11N5",
            "C4H11N5",
            "C4H11N5",
            "C4H11N5"
        ],
        "ions": [
            "[M+H]+",
            "[M+H]+",
            "[M+H]+",
            "[M+H]+",
            "[M+H]+",
            "[M+H]+",
            "[M+H]+",
            "[M+H]+",
            "[M+H]+",
            "[M+H]+",
            "[M+H]+"
        ]
    }
}