{
    "cand_form": "C17H18FN3O3",
    "cand_ion": "[M+H]+",
    "output_tbl": {
        "mz": [
            204.0682,
            205.0772,
            231.0928,
            245.1085,
            246.1125,
            268.1444,
            286.135,
            288.1507,
            289.1537,
            314.1299,
            332.1405,
            333.1433
        ],
        "ms2_inten": [
            0.04909887527118519,
            0.0558123457281644,
            0.08228850412836357,
            0.6343589955002373,
            0.07655254117989965,
            0.15788639405718477,
            0.0445072423991982,
            1.0,
            0.12093362559249834,
            0.21097036467587135,
            0.7374683167522459,
            0.0927467920638092
        ],
        "mono_mass": [
            204.0682,
            205.0772,
            231.0928,
            245.1085,
            246.1125,
            268.1444,
            286.135,
            288.1507,
            289.1537,
            314.1299,
            332.1405,
            333.1433
        ],
        "abs_mass_diff": [
            0.0,
            0.0,
            0.0,
            0.0,
            0.0,
            0.0,
            0.0,
            0.0,
            0.0,
            0.0,
            0.0,
            0.0
        ],
        "mass_diff": [
            0.0,
            0.0,
            0.0,
            0.0,
            0.0,
            0.0,
            0.0,
            0.0,
            0.0,
            0.0,
            0.0,
            0.0
        ],
        "formula": [
            "C17H18FN3O3",
            "C17H18FN3O3",
            "C17H18FN3O3",
            "C17H18FN3O3",
            "C17H18FN3O3",
            "C17H18FN3O3",
            "C17H18FN3O3",
            "C17H18FN3O3",
            "C17H18FN3O3",
            "C17H18FN3O3",
            "C17H18FN3O3",
            "C17H18FN3O3"
        ],
        "ions": [
            "[M+H]+",
            "[M+H]+",
            "[M+H]+",
            "[M+H]+",
            "[M+H]+",
            "[M+H]+",
            "[M+H]+",
            "[M+H]+",
            "[M+H]+",
            "[M+H]+",
            "[M+H]+",
            "[M+H]+"
        ]
    }
}