{
    "cand_form": "C19H22FN3O4",
    "cand_ion": "[M+H]+",
    "output_tbl": {
        "mz": [
            53.0386,
            55.0542,
            56.0495,
            57.0573,
            58.0651,
            70.0651,
            72.0808,
            83.0491,
            84.0808,
            98.0964,
            116.0495,
            122.0401,
            133.0448,
            134.0401,
            135.0479,
            148.0557,
            150.035,
            151.0428,
            162.035,
            163.0428,
            164.0506,
            189.0459,
            192.0455,
            205.0408,
            215.0615,
            217.0408,
            219.0564,
            227.7374,
            245.0357
        ],
        "ms2_inten": [
            0.14639889189441804,
            0.7375166096497426,
            0.14258180656750669,
            0.2174509016658327,
            0.20122224429520516,
            0.20587035050513558,
            1.0,
            0.8430690472530604,
            0.21239277404092502,
            0.146935494949798,
            0.10618782370179633,
            0.47140471161080943,
            0.1155418148368788,
            0.16175179749221089,
            0.24645378337439577,
            0.2237216656638676,
            0.305044755486582,
            0.2584941592397085,
            0.1290900708684462,
            0.16815729589588074,
            0.15161750461371568,
            0.14791830399647654,
            0.17988259022048358,
            0.11454606242513549,
            0.1588944136127858,
            0.12041804056814522,
            0.27820895457123007,
            0.13319516550253108,
            0.2771226884885129
        ],
        "mono_mass": [
            53.0386,
            55.0542,
            56.0495,
            57.0573,
            58.0651,
            70.0651,
            72.0808,
            83.0491,
            84.0808,
            98.0964,
            116.0495,
            122.0401,
            133.0448,
            134.0401,
            135.0479,
            148.0557,
            150.035,
            151.0428,
            162.035,
            163.0428,
            164.0506,
            189.0459,
            192.0455,
            205.0408,
            215.0615,
            217.0408,
            219.0564,
            227.7374,
            245.0357
        ],
        "abs_mass_diff": [
            0.0,
            0.0,
            0.0,
            0.0,
            0.0,
            0.0,
            0.0,
            0.0,
            0.0,
            0.0,
            0.0,
            0.0,
            0.0,
            0.0,
            0.0,
            0.0,
            0.0,
            0.0,
            0.0,
            0.0,
            0.0,
            0.0,
            0.0,
            0.0,
            0.0,
            0.0,
            0.0,
            0.0,
            0.0
        ],
        "mass_diff": [
            0.0,
            0.0,
            0.0,
            0.0,
            0.0,
            0.0,
            0.0,
            0.0,
            0.0,
            0.0,
            0.0,
            0.0,
            0.0,
            0.0,
            0.0,
            0.0,
            0.0,
            0.0,
            0.0,
            0.0,
            0.0,
            0.0,
            0.0,
            0.0,
            0.0,
            0.0,
            0.0,
            0.0,
            0.0
        ],
        "formula": [
            "C19H22FN3O4",
            "C19H22FN3O4",
            "C19H22FN3O4",
            "C19H22FN3O4",
            "C19H22FN3O4",
            "C19H22FN3O4",
            "C19H22FN3O4",
            "C19H22FN3O4",
            "C19H22FN3O4",
            "C19H22FN3O4",
            "C19H22FN3O4",
            "C19H22FN3O4",
            "C19H22FN3O4",
            "C19H22FN3O4",
            "C19H22FN3O4",
            "C19H22FN3O4",
            "C19H22FN3O4",
            "C19H22FN3O4",
            "C19H22FN3O4",
            "C19H22FN3O4",
            "C19H22FN3O4",
            "C19H22FN3O4",
            "C19H22FN3O4",
            "C19H22FN3O4",
            "C19H22FN3O4",
            "C19H22FN3O4",
            "C19H22FN3O4",
            "C19H22FN3O4",
            "C19H22FN3O4"
        ],
        "ions": [
            "[M+H]+",
            "[M+H]+",
            "[M+H]+",
            "[M+H]+",
            "[M+H]+",
            "[M+H]+",
            "[M+H]+",
            "[M+H]+",
            "[M+H]+",
            "[M+H]+",
            "[M+H]+",
            "[M+H]+",
            "[M+H]+",
            "[M+H]+",
            "[M+H]+",
            "[M+H]+",
            "[M+H]+",
            "[M+H]+",
            "[M+H]+",
            "[M+H]+",
            "[M+H]+",
            "[M+H]+",
            "[M+H]+",
            "[M+H]+",
            "[M+H]+",
            "[M+H]+",
            "[M+H]+",
            "[M+H]+",
            "[M+H]+"
        ]
    }
}