{
    "cand_form": "C35H61NO12",
    "cand_ion": "[M+H]+",
    "output_tbl": {
        "mz": [
            0.0,
            83.0491,
            84.0808,
            85.0648,
            87.0441,
            88.0757,
            95.0491,
            98.0964,
            113.0597,
            116.0706,
            116.107,
            158.1176,
            166.0988,
            227.7316,
            311.1152
        ],
        "ms2_inten": [
            0.06357305147459204,
            0.08797551411109632,
            0.3164041535555822,
            0.06430239373734245,
            0.35352846689482487,
            0.49993809844339704,
            0.2880550223481869,
            1.0,
            0.14568502306270772,
            0.5201863487080147,
            0.1824283459677868,
            0.1437988051196024,
            0.0682917187036407,
            0.09249422730319709,
            0.09702398015209451
        ],
        "mono_mass": [
            0.0,
            83.0491,
            84.0808,
            85.0648,
            87.0441,
            88.0757,
            95.0491,
            98.0964,
            113.0597,
            116.0706,
            116.107,
            158.1176,
            166.0988,
            227.7316,
            311.1152
        ],
        "abs_mass_diff": [
            0.0,
            0.0,
            0.0,
            0.0,
            0.0,
            0.0,
            0.0,
            0.0,
            0.0,
            0.0,
            0.0,
            0.0,
            0.0,
            0.0,
            0.0
        ],
        "mass_diff": [
            0.0,
            0.0,
            0.0,
            0.0,
            0.0,
            0.0,
            0.0,
            0.0,
            0.0,
            0.0,
            0.0,
            0.0,
            0.0,
            0.0,
            0.0
        ],
        "formula": [
            "C35H61NO12",
            "C35H61NO12",
            "C35H61NO12",
            "C35H61NO12",
            "C35H61NO12",
            "C35H61NO12",
            "C35H61NO12",
            "C35H61NO12",
            "C35H61NO12",
            "C35H61NO12",
            "C35H61NO12",
            "C35H61NO12",
            "C35H61NO12",
            "C35H61NO12",
            "C35H61NO12"
        ],
        "ions": [
            "[M+H]+",
            "[M+H]+",
            "[M+H]+",
            "[M+H]+",
            "[M+H]+",
            "[M+H]+",
            "[M+H]+",
            "[M+H]+",
            "[M+H]+",
            "[M+H]+",
            "[M+H]+",
            "[M+H]+",
            "[M+H]+",
            "[M+H]+",
            "[M+H]+"
        ]
    }
}