{
    "cand_form": "C35H61NO12",
    "cand_ion": "[M+H]+",
    "output_tbl": {
        "mz": [
            0.0,
            77.0386,
            79.0542,
            82.0651,
            83.073,
            84.0808,
            87.0441,
            87.0679,
            91.0542,
            95.0491,
            98.0964,
            105.0449,
            105.0699,
            115.0542,
            227.74
        ],
        "ms2_inten": [
            0.39258850105847914,
            0.3197910425292264,
            0.1941050408999348,
            0.1392645268276073,
            0.11658368024142349,
            1.0,
            0.12714909815491565,
            0.11913453328119446,
            0.44222720549819733,
            0.20355584053503994,
            0.42984267605784865,
            0.15137956900009403,
            0.1058804266923612,
            0.10973818186245365,
            0.40900084575907336
        ],
        "mono_mass": [
            0.0,
            77.0386,
            79.0542,
            82.0651,
            83.073,
            84.0808,
            87.0441,
            87.0679,
            91.0542,
            95.0491,
            98.0964,
            105.0449,
            105.0699,
            115.0542,
            227.74
        ],
        "abs_mass_diff": [
            0.0,
            0.0,
            0.0,
            0.0,
            0.0,
            0.0,
            0.0,
            0.0,
            0.0,
            0.0,
            0.0,
            0.0,
            0.0,
            0.0,
            0.0
        ],
        "mass_diff": [
            0.0,
            0.0,
            0.0,
            0.0,
            0.0,
            0.0,
            0.0,
            0.0,
            0.0,
            0.0,
            0.0,
            0.0,
            0.0,
            0.0,
            0.0
        ],
        "formula": [
            "C35H61NO12",
            "C35H61NO12",
            "C35H61NO12",
            "C35H61NO12",
            "C35H61NO12",
            "C35H61NO12",
            "C35H61NO12",
            "C35H61NO12",
            "C35H61NO12",
            "C35H61NO12",
            "C35H61NO12",
            "C35H61NO12",
            "C35H61NO12",
            "C35H61NO12",
            "C35H61NO12"
        ],
        "ions": [
            "[M+H]+",
            "[M+H]+",
            "[M+H]+",
            "[M+H]+",
            "[M+H]+",
            "[M+H]+",
            "[M+H]+",
            "[M+H]+",
            "[M+H]+",
            "[M+H]+",
            "[M+H]+",
            "[M+H]+",
            "[M+H]+",
            "[M+H]+",
            "[M+H]+"
        ]
    }
}