{
    "cand_form": "C17H20FN3O3",
    "cand_ion": "[M+H]+",
    "output_tbl": {
        "mz": [
            0.0,
            58.0651,
            70.0651,
            71.073,
            72.0808,
            163.0666,
            176.0744,
            183.0917,
            185.0709,
            187.0666,
            190.0663,
            203.0615,
            204.0682,
            205.0772,
            212.083,
            216.0682,
            217.0396,
            217.0772,
            218.085,
            219.0917,
            225.126,
            231.0564,
            233.1085,
            240.1131,
            268.1081,
            286.1,
            334.1561
        ],
        "ms2_inten": [
            0.12051368025695193,
            0.8187726491818483,
            1.0,
            0.22015738540268043,
            0.12724672182331317,
            0.119304179083914,
            0.33219957688547813,
            0.10978667595329047,
            0.18393250156565633,
            0.12369889444900754,
            0.1560663932237218,
            0.6927275506528214,
            0.30470526724267827,
            0.7696380694176753,
            0.12381344098545456,
            0.1384783206064995,
            0.11721124015227498,
            0.12294950241901198,
            0.20529750745005995,
            0.1157241094556448,
            0.2558743543849206,
            0.19143978669652936,
            0.42946025255376763,
            0.12888320530669298,
            0.1010718062366429,
            0.13902075326199786,
            0.16438777283220632
        ],
        "mono_mass": [
            0.0,
            58.0651,
            70.0651,
            71.073,
            72.0808,
            163.0666,
            176.0744,
            183.0917,
            185.0709,
            187.0666,
            190.0663,
            203.0615,
            204.0682,
            205.0772,
            212.083,
            216.0682,
            217.0396,
            217.0772,
            218.085,
            219.0917,
            225.126,
            231.0564,
            233.1085,
            240.1131,
            268.1081,
            286.1,
            334.1561
        ],
        "abs_mass_diff": [
            0.0,
            0.0,
            0.0,
            0.0,
            0.0,
            0.0,
            0.0,
            0.0,
            0.0,
            0.0,
            0.0,
            0.0,
            0.0,
            0.0,
            0.0,
            0.0,
            0.0,
            0.0,
            0.0,
            0.0,
            0.0,
            0.0,
            0.0,
            0.0,
            0.0,
            0.0,
            0.0
        ],
        "mass_diff": [
            0.0,
            0.0,
            0.0,
            0.0,
            0.0,
            0.0,
            0.0,
            0.0,
            0.0,
            0.0,
            0.0,
            0.0,
            0.0,
            0.0,
            0.0,
            0.0,
            0.0,
            0.0,
            0.0,
            0.0,
            0.0,
            0.0,
            0.0,
            0.0,
            0.0,
            0.0,
            0.0
        ],
        "formula": [
            "C17H20FN3O3",
            "C17H20FN3O3",
            "C17H20FN3O3",
            "C17H20FN3O3",
            "C17H20FN3O3",
            "C17H20FN3O3",
            "C17H20FN3O3",
            "C17H20FN3O3",
            "C17H20FN3O3",
            "C17H20FN3O3",
            "C17H20FN3O3",
            "C17H20FN3O3",
            "C17H20FN3O3",
            "C17H20FN3O3",
            "C17H20FN3O3",
            "C17H20FN3O3",
            "C17H20FN3O3",
            "C17H20FN3O3",
            "C17H20FN3O3",
            "C17H20FN3O3",
            "C17H20FN3O3",
            "C17H20FN3O3",
            "C17H20FN3O3",
            "C17H20FN3O3",
            "C17H20FN3O3",
            "C17H20FN3O3",
            "C17H20FN3O3"
        ],
        "ions": [
            "[M+H]+",
            "[M+H]+",
            "[M+H]+",
            "[M+H]+",
            "[M+H]+",
            "[M+H]+",
            "[M+H]+",
            "[M+H]+",
            "[M+H]+",
            "[M+H]+",
            "[M+H]+",
            "[M+H]+",
            "[M+H]+",
            "[M+H]+",
            "[M+H]+",
            "[M+H]+",
            "[M+H]+",
            "[M+H]+",
            "[M+H]+",
            "[M+H]+",
            "[M+H]+",
            "[M+H]+",
            "[M+H]+",
            "[M+H]+",
            "[M+H]+",
            "[M+H]+",
            "[M+H]+"
        ]
    }
}