{
    "cand_form": "C13H18ClF3N2O",
    "cand_ion": "[M+H]+",
    "output_tbl": {
        "mz": [
            0.0,
            181.0572,
            201.0634,
            202.0712,
            217.0339,
            218.0367,
            237.0401,
            238.0429,
            293.1027
        ],
        "ms2_inten": [
            0.06834281262651389,
            0.02006148276595701,
            0.022860244124817415,
            0.032556431434954354,
            0.2076966816154087,
            0.014969994426861324,
            1.0,
            0.05084635444753269,
            0.015351198275903173
        ],
        "mono_mass": [
            0.0,
            181.0572,
            201.0634,
            202.0712,
            217.0339,
            218.0367,
            237.0401,
            238.0429,
            293.1027
        ],
        "abs_mass_diff": [
            0.0,
            0.0,
            0.0,
            0.0,
            0.0,
            0.0,
            0.0,
            0.0,
            0.0
        ],
        "mass_diff": [
            0.0,
            0.0,
            0.0,
            0.0,
            0.0,
            0.0,
            0.0,
            0.0,
            0.0
        ],
        "formula": [
            "C13H18ClF3N2O",
            "C13H18ClF3N2O",
            "C13H18ClF3N2O",
            "C13H18ClF3N2O",
            "C13H18ClF3N2O",
            "C13H18ClF3N2O",
            "C13H18ClF3N2O",
            "C13H18ClF3N2O",
            "C13H18ClF3N2O"
        ],
        "ions": [
            "[M+H]+",
            "[M+H]+",
            "[M+H]+",
            "[M+H]+",
            "[M+H]+",
            "[M+H]+",
            "[M+H]+",
            "[M+H]+",
            "[M+H]+"
        ]
    }
}