{
    "cand_form": "C13H18ClF3N2O",
    "cand_ion": "[M+H]+",
    "output_tbl": {
        "mz": [
            0.0,
            132.0682,
            162.0599,
            181.0572,
            182.065,
            190.023,
            197.0271,
            201.0634,
            202.0712,
            217.0339,
            237.0401,
            238.0429,
            293.1027,
            294.1105,
            311.1133,
            312.1169
        ],
        "ms2_inten": [
            0.2556905234312808,
            0.1347510608157116,
            0.04921336752695278,
            0.21973135619493203,
            0.24925096234908645,
            0.22661925896167318,
            0.08819227346495824,
            0.128648244618594,
            0.43528954771125933,
            0.6011330987992365,
            1.0,
            0.058064491476198354,
            0.6741094870124426,
            0.049402596433552395,
            0.6531948659998649,
            0.05939570861082408
        ],
        "mono_mass": [
            0.0,
            132.0682,
            162.0599,
            181.0572,
            182.065,
            190.023,
            197.0271,
            201.0634,
            202.0712,
            217.0339,
            237.0401,
            238.0429,
            293.1027,
            294.1105,
            311.1133,
            312.1169
        ],
        "abs_mass_diff": [
            0.0,
            0.0,
            0.0,
            0.0,
            0.0,
            0.0,
            0.0,
            0.0,
            0.0,
            0.0,
            0.0,
            0.0,
            0.0,
            0.0,
            0.0,
            0.0
        ],
        "mass_diff": [
            0.0,
            0.0,
            0.0,
            0.0,
            0.0,
            0.0,
            0.0,
            0.0,
            0.0,
            0.0,
            0.0,
            0.0,
            0.0,
            0.0,
            0.0,
            0.0
        ],
        "formula": [
            "C13H18ClF3N2O",
            "C13H18ClF3N2O",
            "C13H18ClF3N2O",
            "C13H18ClF3N2O",
            "C13H18ClF3N2O",
            "C13H18ClF3N2O",
            "C13H18ClF3N2O",
            "C13H18ClF3N2O",
            "C13H18ClF3N2O",
            "C13H18ClF3N2O",
            "C13H18ClF3N2O",
            "C13H18ClF3N2O",
            "C13H18ClF3N2O",
            "C13H18ClF3N2O",
            "C13H18ClF3N2O",
            "C13H18ClF3N2O"
        ],
        "ions": [
            "[M+H]+",
            "[M+H]+",
            "[M+H]+",
            "[M+H]+",
            "[M+H]+",
            "[M+H]+",
            "[M+H]+",
            "[M+H]+",
            "[M+H]+",
            "[M+H]+",
            "[M+H]+",
            "[M+H]+",
            "[M+H]+",
            "[M+H]+",
            "[M+H]+",
            "[M+H]+"
        ]
    }
}