{
    "cand_form": "C13H18ClF3N2O",
    "cand_ion": "[M+H]+",
    "output_tbl": {
        "mz": [
            57.0699,
            132.0682,
            168.0449,
            181.0572,
            182.065,
            190.023,
            197.0276,
            200.0068,
            201.0634,
            202.0712,
            217.0339,
            218.0367,
            237.0401,
            238.0429
        ],
        "ms2_inten": [
            0.23092445286775198,
            0.0884200457822709,
            0.02777572870870673,
            0.2353524374530768,
            0.035215759831778805,
            0.13201825527304353,
            0.11839037997638129,
            0.020277485913793695,
            0.17052155720549025,
            0.6229904513567992,
            1.0,
            0.053247357429041346,
            0.33428953211547496,
            0.02645443818838919
        ],
        "mono_mass": [
            57.0699,
            132.0682,
            168.0449,
            181.0572,
            182.065,
            190.023,
            197.0276,
            200.0068,
            201.0634,
            202.0712,
            217.0339,
            218.0367,
            237.0401,
            238.0429
        ],
        "abs_mass_diff": [
            0.0,
            0.0,
            0.0,
            0.0,
            0.0,
            0.0,
            0.0,
            0.0,
            0.0,
            0.0,
            0.0,
            0.0,
            0.0,
            0.0
        ],
        "mass_diff": [
            0.0,
            0.0,
            0.0,
            0.0,
            0.0,
            0.0,
            0.0,
            0.0,
            0.0,
            0.0,
            0.0,
            0.0,
            0.0,
            0.0
        ],
        "formula": [
            "C13H18ClF3N2O",
            "C13H18ClF3N2O",
            "C13H18ClF3N2O",
            "C13H18ClF3N2O",
            "C13H18ClF3N2O",
            "C13H18ClF3N2O",
            "C13H18ClF3N2O",
            "C13H18ClF3N2O",
            "C13H18ClF3N2O",
            "C13H18ClF3N2O",
            "C13H18ClF3N2O",
            "C13H18ClF3N2O",
            "C13H18ClF3N2O",
            "C13H18ClF3N2O"
        ],
        "ions": [
            "[M+H]+",
            "[M+H]+",
            "[M+H]+",
            "[M+H]+",
            "[M+H]+",
            "[M+H]+",
            "[M+H]+",
            "[M+H]+",
            "[M+H]+",
            "[M+H]+",
            "[M+H]+",
            "[M+H]+",
            "[M+H]+",
            "[M+H]+"
        ]
    }
}