{
    "cand_form": "C12H21N",
    "cand_ion": "[M+H]+",
    "output_tbl": {
        "mz": [
            67.0542,
            79.0542,
            81.0699,
            93.0699,
            95.0855,
            107.0855,
            121.1012,
            135.1168,
            163.1481,
            164.1519,
            180.1747,
            181.1781
        ],
        "ms2_inten": [
            0.05802480955601789,
            0.08001748374294494,
            0.2894846149301036,
            0.11846948804268323,
            0.061316732463134224,
            0.1374698098991602,
            0.08483351359008696,
            0.0468136759275944,
            1.0,
            0.06281670016738738,
            0.9706414045420297,
            0.08522060380568677
        ],
        "mono_mass": [
            67.0542,
            79.0542,
            81.0699,
            93.0699,
            95.0855,
            107.0855,
            121.1012,
            135.1168,
            163.1481,
            164.1519,
            180.1747,
            181.1781
        ],
        "abs_mass_diff": [
            0.0,
            0.0,
            0.0,
            0.0,
            0.0,
            0.0,
            0.0,
            0.0,
            0.0,
            0.0,
            0.0,
            0.0
        ],
        "mass_diff": [
            0.0,
            0.0,
            0.0,
            0.0,
            0.0,
            0.0,
            0.0,
            0.0,
            0.0,
            0.0,
            0.0,
            0.0
        ],
        "formula": [
            "C12H21N",
            "C12H21N",
            "C12H21N",
            "C12H21N",
            "C12H21N",
            "C12H21N",
            "C12H21N",
            "C12H21N",
            "C12H21N",
            "C12H21N",
            "C12H21N",
            "C12H21N"
        ],
        "ions": [
            "[M+H]+",
            "[M+H]+",
            "[M+H]+",
            "[M+H]+",
            "[M+H]+",
            "[M+H]+",
            "[M+H]+",
            "[M+H]+",
            "[M+H]+",
            "[M+H]+",
            "[M+H]+",
            "[M+H]+"
        ]
    }
}