{
    "cand_form": "C12H21N",
    "cand_ion": "[M+H]+",
    "output_tbl": {
        "mz": [
            0.0,
            67.0542,
            69.0699,
            79.0542,
            81.0699,
            82.0733,
            83.0855,
            91.0542,
            93.0699,
            95.0855,
            107.0855,
            108.0889,
            121.1012,
            135.1168,
            163.1481,
            164.1513
        ],
        "ms2_inten": [
            0.05726322914279771,
            0.17273170605907126,
            0.0719155675321919,
            0.22598759335843466,
            0.8169583646536278,
            0.031494393420666573,
            0.050881594066999075,
            0.025735460583779287,
            0.35786531864682797,
            0.2124015471732254,
            0.44165661175997084,
            0.02432407351820833,
            0.2824749952015477,
            0.18620053894863584,
            1.0,
            0.07627201792042264
        ],
        "mono_mass": [
            0.0,
            67.0542,
            69.0699,
            79.0542,
            81.0699,
            82.0733,
            83.0855,
            91.0542,
            93.0699,
            95.0855,
            107.0855,
            108.0889,
            121.1012,
            135.1168,
            163.1481,
            164.1513
        ],
        "abs_mass_diff": [
            0.0,
            0.0,
            0.0,
            0.0,
            0.0,
            0.0,
            0.0,
            0.0,
            0.0,
            0.0,
            0.0,
            0.0,
            0.0,
            0.0,
            0.0,
            0.0
        ],
        "mass_diff": [
            0.0,
            0.0,
            0.0,
            0.0,
            0.0,
            0.0,
            0.0,
            0.0,
            0.0,
            0.0,
            0.0,
            0.0,
            0.0,
            0.0,
            0.0,
            0.0
        ],
        "formula": [
            "C12H21N",
            "C12H21N",
            "C12H21N",
            "C12H21N",
            "C12H21N",
            "C12H21N",
            "C12H21N",
            "C12H21N",
            "C12H21N",
            "C12H21N",
            "C12H21N",
            "C12H21N",
            "C12H21N",
            "C12H21N",
            "C12H21N",
            "C12H21N"
        ],
        "ions": [
            "[M+H]+",
            "[M+H]+",
            "[M+H]+",
            "[M+H]+",
            "[M+H]+",
            "[M+H]+",
            "[M+H]+",
            "[M+H]+",
            "[M+H]+",
            "[M+H]+",
            "[M+H]+",
            "[M+H]+",
            "[M+H]+",
            "[M+H]+",
            "[M+H]+",
            "[M+H]+"
        ]
    }
}