{
    "cand_form": "C7H10N4O2S",
    "cand_ion": "[M+H]+",
    "output_tbl": {
        "mz": [
            60.0556,
            92.0495,
            108.0444,
            122.0019,
            126.012,
            156.0114,
            157.0145,
            173.0379,
            197.0492,
            215.0597,
            216.0625
        ],
        "ms2_inten": [
            0.5688396625693907,
            0.029796132015593977,
            0.047734588329656394,
            0.020393361139344555,
            0.010731338216084681,
            1.0,
            0.03712285332603692,
            0.023170512540028422,
            0.018929733001347464,
            0.5937850428614333,
            0.037274797996302976
        ],
        "mono_mass": [
            60.0556,
            92.0495,
            108.0444,
            122.0019,
            126.012,
            156.0114,
            157.0145,
            173.0379,
            197.0492,
            215.0597,
            216.0625
        ],
        "abs_mass_diff": [
            0.0,
            0.0,
            0.0,
            0.0,
            0.0,
            0.0,
            0.0,
            0.0,
            0.0,
            0.0,
            0.0
        ],
        "mass_diff": [
            0.0,
            0.0,
            0.0,
            0.0,
            0.0,
            0.0,
            0.0,
            0.0,
            0.0,
            0.0,
            0.0
        ],
        "formula": [
            "C7H10N4O2S",
            "C7H10N4O2S",
            "C7H10N4O2S",
            "C7H10N4O2S",
            "C7H10N4O2S",
            "C7H10N4O2S",
            "C7H10N4O2S",
            "C7H10N4O2S",
            "C7H10N4O2S",
            "C7H10N4O2S",
            "C7H10N4O2S"
        ],
        "ions": [
            "[M+H]+",
            "[M+H]+",
            "[M+H]+",
            "[M+H]+",
            "[M+H]+",
            "[M+H]+",
            "[M+H]+",
            "[M+H]+",
            "[M+H]+",
            "[M+H]+",
            "[M+H]+"
        ]
    }
}