{
    "cand_form": "C7H10N4O2S",
    "cand_ion": "[M+H]+",
    "output_tbl": {
        "mz": [
            60.0556,
            92.0495,
            108.0444,
            110.06,
            126.012,
            156.0114,
            157.0145
        ],
        "ms2_inten": [
            0.7980814743329058,
            0.6834652865987699,
            0.6441497893386552,
            0.04443922224874682,
            0.04163447102218854,
            1.0,
            0.02934774737260383
        ],
        "mono_mass": [
            60.0556,
            92.0495,
            108.0444,
            110.06,
            126.012,
            156.0114,
            157.0145
        ],
        "abs_mass_diff": [
            0.0,
            0.0,
            0.0,
            0.0,
            0.0,
            0.0,
            0.0
        ],
        "mass_diff": [
            0.0,
            0.0,
            0.0,
            0.0,
            0.0,
            0.0,
            0.0
        ],
        "formula": [
            "C7H10N4O2S",
            "C7H10N4O2S",
            "C7H10N4O2S",
            "C7H10N4O2S",
            "C7H10N4O2S",
            "C7H10N4O2S",
            "C7H10N4O2S"
        ],
        "ions": [
            "[M+H]+",
            "[M+H]+",
            "[M+H]+",
            "[M+H]+",
            "[M+H]+",
            "[M+H]+",
            "[M+H]+"
        ]
    }
}