{
    "cand_form": "C15H25NO3",
    "cand_ion": "[M+H]+",
    "output_tbl": {
        "mz": [
            53.0386,
            55.0178,
            56.0495,
            57.935,
            58.0651,
            65.0386,
            72.0808,
            74.06,
            77.0386,
            79.0542,
            91.0542,
            93.0699,
            94.0413,
            95.0491,
            102.0464,
            103.0542,
            105.0446,
            105.0699,
            115.0542,
            116.0621,
            121.0648
        ],
        "ms2_inten": [
            0.06318670283386353,
            0.0656585170188189,
            0.9791243746987253,
            0.11522965838986322,
            0.2234898993939303,
            0.2215760401062865,
            0.0718363854806354,
            0.23675817204241073,
            0.6199707773908296,
            0.5815604990254466,
            0.7343221136825571,
            0.09798338751025762,
            0.06535795770714359,
            1.0,
            0.07485203408746954,
            0.8409359286458145,
            0.31628982439851633,
            0.2171222603001603,
            0.2306048896104198,
            0.09884787439509052,
            0.07869677924613884
        ],
        "mono_mass": [
            53.0386,
            55.0178,
            56.0495,
            57.935,
            58.0651,
            65.0386,
            72.0808,
            74.06,
            77.0386,
            79.0542,
            91.0542,
            93.0699,
            94.0413,
            95.0491,
            102.0464,
            103.0542,
            105.0446,
            105.0699,
            115.0542,
            116.0621,
            121.0648
        ],
        "abs_mass_diff": [
            0.0,
            0.0,
            0.0,
            0.0,
            0.0,
            0.0,
            0.0,
            0.0,
            0.0,
            0.0,
            0.0,
            0.0,
            0.0,
            0.0,
            0.0,
            0.0,
            0.0,
            0.0,
            0.0,
            0.0,
            0.0
        ],
        "mass_diff": [
            0.0,
            0.0,
            0.0,
            0.0,
            0.0,
            0.0,
            0.0,
            0.0,
            0.0,
            0.0,
            0.0,
            0.0,
            0.0,
            0.0,
            0.0,
            0.0,
            0.0,
            0.0,
            0.0,
            0.0,
            0.0
        ],
        "formula": [
            "C15H25NO3",
            "C15H25NO3",
            "C15H25NO3",
            "C15H25NO3",
            "C15H25NO3",
            "C15H25NO3",
            "C15H25NO3",
            "C15H25NO3",
            "C15H25NO3",
            "C15H25NO3",
            "C15H25NO3",
            "C15H25NO3",
            "C15H25NO3",
            "C15H25NO3",
            "C15H25NO3",
            "C15H25NO3",
            "C15H25NO3",
            "C15H25NO3",
            "C15H25NO3",
            "C15H25NO3",
            "C15H25NO3"
        ],
        "ions": [
            "[M+H]+",
            "[M+H]+",
            "[M+H]+",
            "[M+H]+",
            "[M+H]+",
            "[M+H]+",
            "[M+H]+",
            "[M+H]+",
            "[M+H]+",
            "[M+H]+",
            "[M+H]+",
            "[M+H]+",
            "[M+H]+",
            "[M+H]+",
            "[M+H]+",
            "[M+H]+",
            "[M+H]+",
            "[M+H]+",
            "[M+H]+",
            "[M+H]+",
            "[M+H]+"
        ]
    }
}