{
    "cand_form": "C16H21NO2",
    "cand_ion": "[M+H]+",
    "output_tbl": {
        "mz": [
            0.0,
            58.0651,
            72.0808,
            74.06,
            84.0808,
            98.0964,
            100.1121,
            115.0542,
            116.107,
            117.0699,
            128.0621,
            129.0699,
            141.0699,
            145.0648,
            152.0621,
            153.0699,
            154.0777,
            155.0615,
            155.0855,
            157.0648,
            165.0699,
            168.057,
            227.7412
        ],
        "ms2_inten": [
            1.0,
            0.4785627415270641,
            0.26358646895020055,
            0.37721410277523887,
            0.05540085553125536,
            0.03844547808137915,
            0.11711317278674813,
            0.15333198975755738,
            0.03972904966491229,
            0.042577040592559796,
            0.16328328334900913,
            0.33103048331341867,
            0.04324592374608937,
            0.1517302680956274,
            0.031185380560021857,
            0.15522335294605566,
            0.09123865537187546,
            0.17856569288242966,
            0.23251159470607918,
            0.06831061068869024,
            0.1332597415162101,
            0.038905350167426606,
            0.04161444146755459
        ],
        "mono_mass": [
            0.0,
            58.0651,
            72.0808,
            74.06,
            84.0808,
            98.0964,
            100.1121,
            115.0542,
            116.107,
            117.0699,
            128.0621,
            129.0699,
            141.0699,
            145.0648,
            152.0621,
            153.0699,
            154.0777,
            155.0615,
            155.0855,
            157.0648,
            165.0699,
            168.057,
            227.7412
        ],
        "abs_mass_diff": [
            0.0,
            0.0,
            0.0,
            0.0,
            0.0,
            0.0,
            0.0,
            0.0,
            0.0,
            0.0,
            0.0,
            0.0,
            0.0,
            0.0,
            0.0,
            0.0,
            0.0,
            0.0,
            0.0,
            0.0,
            0.0,
            0.0,
            0.0
        ],
        "mass_diff": [
            0.0,
            0.0,
            0.0,
            0.0,
            0.0,
            0.0,
            0.0,
            0.0,
            0.0,
            0.0,
            0.0,
            0.0,
            0.0,
            0.0,
            0.0,
            0.0,
            0.0,
            0.0,
            0.0,
            0.0,
            0.0,
            0.0,
            0.0
        ],
        "formula": [
            "C16H21NO2",
            "C16H21NO2",
            "C16H21NO2",
            "C16H21NO2",
            "C16H21NO2",
            "C16H21NO2",
            "C16H21NO2",
            "C16H21NO2",
            "C16H21NO2",
            "C16H21NO2",
            "C16H21NO2",
            "C16H21NO2",
            "C16H21NO2",
            "C16H21NO2",
            "C16H21NO2",
            "C16H21NO2",
            "C16H21NO2",
            "C16H21NO2",
            "C16H21NO2",
            "C16H21NO2",
            "C16H21NO2",
            "C16H21NO2",
            "C16H21NO2"
        ],
        "ions": [
            "[M+H]+",
            "[M+H]+",
            "[M+H]+",
            "[M+H]+",
            "[M+H]+",
            "[M+H]+",
            "[M+H]+",
            "[M+H]+",
            "[M+H]+",
            "[M+H]+",
            "[M+H]+",
            "[M+H]+",
            "[M+H]+",
            "[M+H]+",
            "[M+H]+",
            "[M+H]+",
            "[M+H]+",
            "[M+H]+",
            "[M+H]+",
            "[M+H]+",
            "[M+H]+",
            "[M+H]+",
            "[M+H]+"
        ]
    }
}