{
    "cand_form": "C16H21NO2",
    "cand_ion": "[M+H]+",
    "output_tbl": {
        "mz": [
            0.0,
            58.0651,
            72.0808,
            74.06,
            91.0542,
            95.0491,
            115.0542,
            127.0542,
            128.0621,
            129.0699,
            145.0648,
            146.0675,
            152.0621,
            153.0699,
            155.0609,
            165.0699
        ],
        "ms2_inten": [
            1.0,
            0.7866230856740968,
            0.08827058300880113,
            0.1412608233998809,
            0.08014526130994387,
            0.06418425492587262,
            0.4711902085548762,
            0.1982968864081913,
            0.6480402270530421,
            0.18975320592234765,
            0.37490162927505377,
            0.06742812671869416,
            0.10669275726984703,
            0.15198692372942013,
            0.4688483302669513,
            0.0928418509460266
        ],
        "mono_mass": [
            0.0,
            58.0651,
            72.0808,
            74.06,
            91.0542,
            95.0491,
            115.0542,
            127.0542,
            128.0621,
            129.0699,
            145.0648,
            146.0675,
            152.0621,
            153.0699,
            155.0609,
            165.0699
        ],
        "abs_mass_diff": [
            0.0,
            0.0,
            0.0,
            0.0,
            0.0,
            0.0,
            0.0,
            0.0,
            0.0,
            0.0,
            0.0,
            0.0,
            0.0,
            0.0,
            0.0,
            0.0
        ],
        "mass_diff": [
            0.0,
            0.0,
            0.0,
            0.0,
            0.0,
            0.0,
            0.0,
            0.0,
            0.0,
            0.0,
            0.0,
            0.0,
            0.0,
            0.0,
            0.0,
            0.0
        ],
        "formula": [
            "C16H21NO2",
            "C16H21NO2",
            "C16H21NO2",
            "C16H21NO2",
            "C16H21NO2",
            "C16H21NO2",
            "C16H21NO2",
            "C16H21NO2",
            "C16H21NO2",
            "C16H21NO2",
            "C16H21NO2",
            "C16H21NO2",
            "C16H21NO2",
            "C16H21NO2",
            "C16H21NO2",
            "C16H21NO2"
        ],
        "ions": [
            "[M+H]+",
            "[M+H]+",
            "[M+H]+",
            "[M+H]+",
            "[M+H]+",
            "[M+H]+",
            "[M+H]+",
            "[M+H]+",
            "[M+H]+",
            "[M+H]+",
            "[M+H]+",
            "[M+H]+",
            "[M+H]+",
            "[M+H]+",
            "[M+H]+",
            "[M+H]+"
        ]
    }
}