{
    "cand_form": "C23H32N6O4S",
    "cand_ion": "[M+H]+",
    "output_tbl": {
        "mz": [
            0.0,
            58.0651,
            70.0651,
            71.073,
            72.0808,
            84.0808,
            99.0917,
            113.1073,
            254.0798,
            255.1234,
            283.119,
            284.1261,
            299.1152,
            311.1503,
            312.1581
        ],
        "ms2_inten": [
            0.26387678402150394,
            0.10826814151067056,
            0.3206594593960299,
            0.8376003879839649,
            0.11236921909426226,
            0.18933715161150824,
            1.0,
            0.2812055332252607,
            0.08164892418324482,
            0.10311322095097408,
            0.7034462246303945,
            0.07652375648378998,
            0.11794728033188258,
            0.042836526351399916,
            0.13005955305836733
        ],
        "mono_mass": [
            0.0,
            58.0651,
            70.0651,
            71.073,
            72.0808,
            84.0808,
            99.0917,
            113.1073,
            254.0798,
            255.1234,
            283.119,
            284.1261,
            299.1152,
            311.1503,
            312.1581
        ],
        "abs_mass_diff": [
            0.0,
            0.0,
            0.0,
            0.0,
            0.0,
            0.0,
            0.0,
            0.0,
            0.0,
            0.0,
            0.0,
            0.0,
            0.0,
            0.0,
            0.0
        ],
        "mass_diff": [
            0.0,
            0.0,
            0.0,
            0.0,
            0.0,
            0.0,
            0.0,
            0.0,
            0.0,
            0.0,
            0.0,
            0.0,
            0.0,
            0.0,
            0.0
        ],
        "formula": [
            "C23H32N6O4S",
            "C23H32N6O4S",
            "C23H32N6O4S",
            "C23H32N6O4S",
            "C23H32N6O4S",
            "C23H32N6O4S",
            "C23H32N6O4S",
            "C23H32N6O4S",
            "C23H32N6O4S",
            "C23H32N6O4S",
            "C23H32N6O4S",
            "C23H32N6O4S",
            "C23H32N6O4S",
            "C23H32N6O4S",
            "C23H32N6O4S"
        ],
        "ions": [
            "[M+H]+",
            "[M+H]+",
            "[M+H]+",
            "[M+H]+",
            "[M+H]+",
            "[M+H]+",
            "[M+H]+",
            "[M+H]+",
            "[M+H]+",
            "[M+H]+",
            "[M+H]+",
            "[M+H]+",
            "[M+H]+",
            "[M+H]+",
            "[M+H]+"
        ]
    }
}