{
    "cand_form": "C24H28N6OS",
    "cand_ion": "[M+H]+",
    "output_tbl": {
        "mz": [
            65.0386,
            67.0542,
            79.0542,
            91.0542,
            95.0491,
            106.0651,
            117.0573,
            118.0651,
            129.0699,
            130.0651,
            131.073,
            143.073,
            144.0808,
            156.0808,
            170.0964
        ],
        "ms2_inten": [
            0.16723274811330358,
            0.055722592379868416,
            0.07966017137129915,
            1.0,
            0.04798584377747504,
            0.09918433903522027,
            0.19899948875875795,
            0.27346995939077906,
            0.05020581173875291,
            0.23109829228196255,
            0.08452068254749331,
            0.06875104164524042,
            0.12782106758704154,
            0.10316192951024038,
            0.16997915347029605
        ],
        "mono_mass": [
            65.0386,
            67.0542,
            79.0542,
            91.0542,
            95.0491,
            106.0651,
            117.0573,
            118.0651,
            129.0699,
            130.0651,
            131.073,
            143.073,
            144.0808,
            156.0808,
            170.0964
        ],
        "abs_mass_diff": [
            0.0,
            0.0,
            0.0,
            0.0,
            0.0,
            0.0,
            0.0,
            0.0,
            0.0,
            0.0,
            0.0,
            0.0,
            0.0,
            0.0,
            0.0
        ],
        "mass_diff": [
            0.0,
            0.0,
            0.0,
            0.0,
            0.0,
            0.0,
            0.0,
            0.0,
            0.0,
            0.0,
            0.0,
            0.0,
            0.0,
            0.0,
            0.0
        ],
        "formula": [
            "C24H28N6OS",
            "C24H28N6OS",
            "C24H28N6OS",
            "C24H28N6OS",
            "C24H28N6OS",
            "C24H28N6OS",
            "C24H28N6OS",
            "C24H28N6OS",
            "C24H28N6OS",
            "C24H28N6OS",
            "C24H28N6OS",
            "C24H28N6OS",
            "C24H28N6OS",
            "C24H28N6OS",
            "C24H28N6OS"
        ],
        "ions": [
            "[M+H]+",
            "[M+H]+",
            "[M+H]+",
            "[M+H]+",
            "[M+H]+",
            "[M+H]+",
            "[M+H]+",
            "[M+H]+",
            "[M+H]+",
            "[M+H]+",
            "[M+H]+",
            "[M+H]+",
            "[M+H]+",
            "[M+H]+",
            "[M+H]+"
        ]
    }
}