{
    "cand_form": "C23H32N6O4S",
    "cand_ion": "[M+H]+",
    "output_tbl": {
        "mz": [
            0.0,
            58.0651,
            69.0447,
            70.0651,
            71.073,
            72.0808,
            83.0604,
            84.0808,
            99.0917,
            129.0447,
            154.0611,
            155.0604,
            225.0771,
            227.737
        ],
        "ms2_inten": [
            1.0,
            0.15327200654494844,
            0.08550827151072753,
            0.8634138348992206,
            0.41550304144946415,
            0.36171656191087004,
            0.09081149655928078,
            0.0709816190059697,
            0.8844816758010424,
            0.10101091860501155,
            0.09931695502947914,
            0.11537404767187366,
            0.1599887967458524,
            0.07596745749346578
        ],
        "mono_mass": [
            0.0,
            58.0651,
            69.0447,
            70.0651,
            71.073,
            72.0808,
            83.0604,
            84.0808,
            99.0917,
            129.0447,
            154.0611,
            155.0604,
            225.0771,
            227.737
        ],
        "abs_mass_diff": [
            0.0,
            0.0,
            0.0,
            0.0,
            0.0,
            0.0,
            0.0,
            0.0,
            0.0,
            0.0,
            0.0,
            0.0,
            0.0,
            0.0
        ],
        "mass_diff": [
            0.0,
            0.0,
            0.0,
            0.0,
            0.0,
            0.0,
            0.0,
            0.0,
            0.0,
            0.0,
            0.0,
            0.0,
            0.0,
            0.0
        ],
        "formula": [
            "C23H32N6O4S",
            "C23H32N6O4S",
            "C23H32N6O4S",
            "C23H32N6O4S",
            "C23H32N6O4S",
            "C23H32N6O4S",
            "C23H32N6O4S",
            "C23H32N6O4S",
            "C23H32N6O4S",
            "C23H32N6O4S",
            "C23H32N6O4S",
            "C23H32N6O4S",
            "C23H32N6O4S",
            "C23H32N6O4S"
        ],
        "ions": [
            "[M+H]+",
            "[M+H]+",
            "[M+H]+",
            "[M+H]+",
            "[M+H]+",
            "[M+H]+",
            "[M+H]+",
            "[M+H]+",
            "[M+H]+",
            "[M+H]+",
            "[M+H]+",
            "[M+H]+",
            "[M+H]+",
            "[M+H]+"
        ]
    }
}