{
    "cand_form": "C5H7N3O2",
    "cand_ion": "[M-H]-",
    "output_tbl": {
        "mz": [
            59.0139,
            97.0044,
            138.9986,
            140.9943,
            141.0149
        ],
        "ms2_inten": [
            1.0,
            0.0371640175659285,
            0.07248539188884684,
            0.2881571168303431,
            0.03392335555636722
        ],
        "mono_mass": [
            59.0139,
            97.0044,
            138.9986,
            140.9943,
            141.0149
        ],
        "abs_mass_diff": [
            0.0,
            0.0,
            0.0,
            0.0,
            0.0
        ],
        "mass_diff": [
            0.0,
            0.0,
            0.0,
            0.0,
            0.0
        ],
        "formula": [
            "C5H7N3O2",
            "C5H7N3O2",
            "C5H7N3O2",
            "C5H7N3O2",
            "C5H7N3O2"
        ],
        "ions": [
            "[M-H]-",
            "[M-H]-",
            "[M-H]-",
            "[M-H]-",
            "[M-H]-"
        ]
    }
}