{
    "cand_form": "C5H7N3O2",
    "cand_ion": "[M-H]-",
    "output_tbl": {
        "mz": [
            59.0139,
            80.9732,
            97.0044,
            98.9838,
            138.9989,
            140.9943,
            141.0151
        ],
        "ms2_inten": [
            1.0,
            0.010281478552614883,
            0.05081147688126948,
            0.021330986743754894,
            0.03391056909310942,
            0.11402841055052261,
            0.02053175478886884
        ],
        "mono_mass": [
            59.0139,
            80.9732,
            97.0044,
            98.9838,
            138.9989,
            140.9943,
            141.0151
        ],
        "abs_mass_diff": [
            0.0,
            0.0,
            0.0,
            0.0,
            0.0,
            0.0,
            0.0
        ],
        "mass_diff": [
            0.0,
            0.0,
            0.0,
            0.0,
            0.0,
            0.0,
            0.0
        ],
        "formula": [
            "C5H7N3O2",
            "C5H7N3O2",
            "C5H7N3O2",
            "C5H7N3O2",
            "C5H7N3O2",
            "C5H7N3O2",
            "C5H7N3O2"
        ],
        "ions": [
            "[M-H]-",
            "[M-H]-",
            "[M-H]-",
            "[M-H]-",
            "[M-H]-",
            "[M-H]-",
            "[M-H]-"
        ]
    }
}