{
    "cand_form": "C8H11NO",
    "cand_ion": "[M+H]+",
    "output_tbl": {
        "mz": [
            42.0338,
            51.0229,
            53.0022,
            53.0386,
            55.0178,
            63.0229,
            64.0308,
            65.0386,
            66.0419,
            66.0464,
            67.0417,
            80.0495,
            93.0573
        ],
        "ms2_inten": [
            0.04939737144069006,
            0.1421857940977671,
            0.03110379408947362,
            0.036270621294221275,
            0.04127964637785214,
            0.5856255031624817,
            0.15328935715457803,
            1.0,
            0.04337921493916436,
            0.049204977509858874,
            0.07170318611813589,
            0.1749940908953582,
            0.03410248697775511
        ],
        "mono_mass": [
            42.0338,
            51.0229,
            53.0022,
            53.0386,
            55.0178,
            63.0229,
            64.0308,
            65.0386,
            66.0419,
            66.0464,
            67.0417,
            80.0495,
            93.0573
        ],
        "abs_mass_diff": [
            0.0,
            0.0,
            0.0,
            0.0,
            0.0,
            0.0,
            0.0,
            0.0,
            0.0,
            0.0,
            0.0,
            0.0,
            0.0
        ],
        "mass_diff": [
            0.0,
            0.0,
            0.0,
            0.0,
            0.0,
            0.0,
            0.0,
            0.0,
            0.0,
            0.0,
            0.0,
            0.0,
            0.0
        ],
        "formula": [
            "C8H11NO",
            "C8H11NO",
            "C8H11NO",
            "C8H11NO",
            "C8H11NO",
            "C8H11NO",
            "C8H11NO",
            "C8H11NO",
            "C8H11NO",
            "C8H11NO",
            "C8H11NO",
            "C8H11NO",
            "C8H11NO"
        ],
        "ions": [
            "[M+H]+",
            "[M+H]+",
            "[M+H]+",
            "[M+H]+",
            "[M+H]+",
            "[M+H]+",
            "[M+H]+",
            "[M+H]+",
            "[M+H]+",
            "[M+H]+",
            "[M+H]+",
            "[M+H]+",
            "[M+H]+"
        ]
    }
}