{
    "cand_form": "C7H11N3O2",
    "cand_ion": "[M+H]+",
    "output_tbl": {
        "mz": [
            0.0,
            44.4403,
            77.149,
            93.0573,
            109.0648,
            124.0142,
            169.0463,
            169.0846,
            170.0965
        ],
        "ms2_inten": [
            0.5048692788365261,
            0.5013137805374255,
            0.46267013776838434,
            0.7598995914525183,
            0.498991705325403,
            0.46273200025000094,
            0.8241778986399182,
            0.6302772842243018,
            1.0
        ],
        "mono_mass": [
            0.0,
            44.4403,
            77.149,
            93.0573,
            109.0648,
            124.0142,
            169.0463,
            169.0846,
            170.0965
        ],
        "abs_mass_diff": [
            0.0,
            0.0,
            0.0,
            0.0,
            0.0,
            0.0,
            0.0,
            0.0,
            0.0
        ],
        "mass_diff": [
            0.0,
            0.0,
            0.0,
            0.0,
            0.0,
            0.0,
            0.0,
            0.0,
            0.0
        ],
        "formula": [
            "C7H11N3O2",
            "C7H11N3O2",
            "C7H11N3O2",
            "C7H11N3O2",
            "C7H11N3O2",
            "C7H11N3O2",
            "C7H11N3O2",
            "C7H11N3O2",
            "C7H11N3O2"
        ],
        "ions": [
            "[M+H]+",
            "[M+H]+",
            "[M+H]+",
            "[M+H]+",
            "[M+H]+",
            "[M+H]+",
            "[M+H]+",
            "[M+H]+",
            "[M+H]+"
        ]
    }
}