{
    "cand_form": "C7H11N3O2",
    "cand_ion": "[M+H]+",
    "output_tbl": {
        "mz": [
            0.0,
            45.7856,
            51.0229,
            65.0386,
            66.0464,
            68.5564,
            69.2736,
            103.5959,
            166.0611
        ],
        "ms2_inten": [
            1.0,
            0.4107061023680764,
            0.47147579272575096,
            0.3812838898675906,
            0.6580032738549869,
            0.36855634926302105,
            0.3931545518063599,
            0.3705322319248767,
            0.44298096156609945
        ],
        "mono_mass": [
            0.0,
            45.7856,
            51.0229,
            65.0386,
            66.0464,
            68.5564,
            69.2736,
            103.5959,
            166.0611
        ],
        "abs_mass_diff": [
            0.0,
            0.0,
            0.0,
            0.0,
            0.0,
            0.0,
            0.0,
            0.0,
            0.0
        ],
        "mass_diff": [
            0.0,
            0.0,
            0.0,
            0.0,
            0.0,
            0.0,
            0.0,
            0.0,
            0.0
        ],
        "formula": [
            "C7H11N3O2",
            "C7H11N3O2",
            "C7H11N3O2",
            "C7H11N3O2",
            "C7H11N3O2",
            "C7H11N3O2",
            "C7H11N3O2",
            "C7H11N3O2",
            "C7H11N3O2"
        ],
        "ions": [
            "[M+H]+",
            "[M+H]+",
            "[M+H]+",
            "[M+H]+",
            "[M+H]+",
            "[M+H]+",
            "[M+H]+",
            "[M+H]+",
            "[M+H]+"
        ]
    }
}