{
    "cand_form": "C16H13N3O3",
    "cand_ion": "[M+H]+",
    "output_tbl": {
        "mz": [
            98.0964,
            100.1121,
            124.1121,
            168.1019,
            170.1177,
            295.203
        ],
        "ms2_inten": [
            1.0,
            0.0428797453796491,
            0.05403315369152307,
            0.03871185358730435,
            0.45869466012034227,
            0.22774630570475757
        ],
        "mono_mass": [
            98.0964,
            100.1121,
            124.1121,
            168.1019,
            170.1177,
            295.203
        ],
        "abs_mass_diff": [
            0.0,
            0.0,
            0.0,
            0.0,
            0.0,
            0.0
        ],
        "mass_diff": [
            0.0,
            0.0,
            0.0,
            0.0,
            0.0,
            0.0
        ],
        "formula": [
            "C16H13N3O3",
            "C16H13N3O3",
            "C16H13N3O3",
            "C16H13N3O3",
            "C16H13N3O3",
            "C16H13N3O3"
        ],
        "ions": [
            "[M+H]+",
            "[M+H]+",
            "[M+H]+",
            "[M+H]+",
            "[M+H]+",
            "[M+H]+"
        ]
    }
}