{
    "cand_form": "C19H32N2O5",
    "cand_ion": "[M+H]+",
    "output_tbl": {
        "mz": [
            72.0808,
            98.0964,
            124.0883,
            128.0084,
            137.1073,
            150.1039,
            166.0988,
            170.1176,
            172.1332,
            208.0479,
            210.1614,
            226.1563,
            236.0792,
            238.0584,
            251.0491,
            265.1183,
            283.0802,
            308.1367,
            322.1523,
            335.1473,
            352.1501
        ],
        "ms2_inten": [
            0.07832079804510662,
            0.20244552245549696,
            0.1532430188895927,
            0.19632843175507259,
            0.43833970326968336,
            0.3218426714883418,
            0.08038263337521968,
            0.15297604767335138,
            1.0,
            0.1539842412036617,
            0.23324347352175573,
            0.10736771402914516,
            0.12510890215238435,
            0.19909329531528958,
            0.1908812060482021,
            0.11374479453958124,
            0.6405511213004074,
            0.5923986000567855,
            0.2193825322974114,
            0.48243102031227997,
            0.11291716969431966
        ],
        "mono_mass": [
            72.0808,
            98.0964,
            124.0883,
            128.0084,
            137.1073,
            150.1039,
            166.0988,
            170.1176,
            172.1332,
            208.0479,
            210.1614,
            226.1563,
            236.0792,
            238.0584,
            251.0491,
            265.1183,
            283.0802,
            308.1367,
            322.1523,
            335.1473,
            352.1501
        ],
        "abs_mass_diff": [
            0.0,
            0.0,
            0.0,
            0.0,
            0.0,
            0.0,
            0.0,
            0.0,
            0.0,
            0.0,
            0.0,
            0.0,
            0.0,
            0.0,
            0.0,
            0.0,
            0.0,
            0.0,
            0.0,
            0.0,
            0.0
        ],
        "mass_diff": [
            0.0,
            0.0,
            0.0,
            0.0,
            0.0,
            0.0,
            0.0,
            0.0,
            0.0,
            0.0,
            0.0,
            0.0,
            0.0,
            0.0,
            0.0,
            0.0,
            0.0,
            0.0,
            0.0,
            0.0,
            0.0
        ],
        "formula": [
            "C19H32N2O5",
            "C19H32N2O5",
            "C19H32N2O5",
            "C19H32N2O5",
            "C19H32N2O5",
            "C19H32N2O5",
            "C19H32N2O5",
            "C19H32N2O5",
            "C19H32N2O5",
            "C19H32N2O5",
            "C19H32N2O5",
            "C19H32N2O5",
            "C19H32N2O5",
            "C19H32N2O5",
            "C19H32N2O5",
            "C19H32N2O5",
            "C19H32N2O5",
            "C19H32N2O5",
            "C19H32N2O5",
            "C19H32N2O5",
            "C19H32N2O5"
        ],
        "ions": [
            "[M+H]+",
            "[M+H]+",
            "[M+H]+",
            "[M+H]+",
            "[M+H]+",
            "[M+H]+",
            "[M+H]+",
            "[M+H]+",
            "[M+H]+",
            "[M+H]+",
            "[M+H]+",
            "[M+H]+",
            "[M+H]+",
            "[M+H]+",
            "[M+H]+",
            "[M+H]+",
            "[M+H]+",
            "[M+H]+",
            "[M+H]+",
            "[M+H]+",
            "[M+H]+"
        ]
    }
}