{
    "cand_form": "C6H9N3O4",
    "cand_ion": "[M+H]+",
    "output_tbl": {
        "mz": [
            0.0,
            44.0495,
            46.0651,
            55.0542,
            58.0651,
            59.0491,
            67.0542,
            69.0699,
            81.0699,
            83.0491,
            83.0855,
            88.0214,
            88.0757,
            97.0377,
            98.0965,
            104.9931,
            115.392,
            119.0213,
            121.0912,
            132.0529,
            145.0769,
            174.0635
        ],
        "ms2_inten": [
            0.18852258852258855,
            0.16785802918207102,
            0.5816492450638792,
            0.9154063126188562,
            0.36539418769383925,
            0.22298914145604043,
            0.3076537348314352,
            0.15161119690736416,
            0.21464322230872757,
            0.1879851210861664,
            0.18801518522772878,
            1.0,
            0.25593036464116603,
            0.14347317413519506,
            0.27182209969666415,
            0.32003420505162666,
            0.15238407224469944,
            0.26851674586866225,
            0.15833251791439945,
            0.3782814939609365,
            0.12610234003962226,
            0.1727054465730424
        ],
        "mono_mass": [
            0.0,
            44.0495,
            46.0651,
            55.0542,
            58.0651,
            59.0491,
            67.0542,
            69.0699,
            81.0699,
            83.0491,
            83.0855,
            88.0214,
            88.0757,
            97.0377,
            98.0965,
            104.9931,
            115.392,
            119.0213,
            121.0912,
            132.0529,
            145.0769,
            174.0635
        ],
        "abs_mass_diff": [
            0.0,
            0.0,
            0.0,
            0.0,
            0.0,
            0.0,
            0.0,
            0.0,
            0.0,
            0.0,
            0.0,
            0.0,
            0.0,
            0.0,
            0.0,
            0.0,
            0.0,
            0.0,
            0.0,
            0.0,
            0.0,
            0.0
        ],
        "mass_diff": [
            0.0,
            0.0,
            0.0,
            0.0,
            0.0,
            0.0,
            0.0,
            0.0,
            0.0,
            0.0,
            0.0,
            0.0,
            0.0,
            0.0,
            0.0,
            0.0,
            0.0,
            0.0,
            0.0,
            0.0,
            0.0,
            0.0
        ],
        "formula": [
            "C6H9N3O4",
            "C6H9N3O4",
            "C6H9N3O4",
            "C6H9N3O4",
            "C6H9N3O4",
            "C6H9N3O4",
            "C6H9N3O4",
            "C6H9N3O4",
            "C6H9N3O4",
            "C6H9N3O4",
            "C6H9N3O4",
            "C6H9N3O4",
            "C6H9N3O4",
            "C6H9N3O4",
            "C6H9N3O4",
            "C6H9N3O4",
            "C6H9N3O4",
            "C6H9N3O4",
            "C6H9N3O4",
            "C6H9N3O4",
            "C6H9N3O4",
            "C6H9N3O4"
        ],
        "ions": [
            "[M+H]+",
            "[M+H]+",
            "[M+H]+",
            "[M+H]+",
            "[M+H]+",
            "[M+H]+",
            "[M+H]+",
            "[M+H]+",
            "[M+H]+",
            "[M+H]+",
            "[M+H]+",
            "[M+H]+",
            "[M+H]+",
            "[M+H]+",
            "[M+H]+",
            "[M+H]+",
            "[M+H]+",
            "[M+H]+",
            "[M+H]+",
            "[M+H]+",
            "[M+H]+",
            "[M+H]+"
        ]
    }
}