{
    "cand_form": "C17H9Cl3N4O2",
    "cand_ion": "[M-H]-",
    "output_tbl": {
        "mz": [
            59.0139,
            61.9884,
            141.0185,
            240.9617,
            322.9677,
            323.223,
            323.9737,
            361.0874,
            369.1446,
            377.0607,
            404.0634,
            404.1222,
            404.2161,
            404.2884,
            404.9718,
            405.0863,
            405.1745,
            405.2265,
            405.2838
        ],
        "ms2_inten": [
            0.2041818347384315,
            0.0565690545217619,
            0.053152311794142,
            0.0876573367583704,
            1.0,
            0.09548737952897975,
            0.040506075346580295,
            0.07521651782720504,
            0.1352144918881258,
            0.10807696733155586,
            0.056279281702240606,
            0.15253185912734968,
            0.11402913399222236,
            0.0402987165993589,
            0.11490974688467748,
            0.4401486771041354,
            0.10699323110458857,
            0.03682797235969666,
            0.17053677502970083
        ],
        "mono_mass": [
            59.0139,
            61.9884,
            141.0185,
            240.9617,
            322.9677,
            323.223,
            323.9737,
            361.0874,
            369.1446,
            377.0607,
            404.0634,
            404.1222,
            404.2161,
            404.2884,
            404.9718,
            405.0863,
            405.1745,
            405.2265,
            405.2838
        ],
        "abs_mass_diff": [
            0.0,
            0.0,
            0.0,
            0.0,
            0.0,
            0.0,
            0.0,
            0.0,
            0.0,
            0.0,
            0.0,
            0.0,
            0.0,
            0.0,
            0.0,
            0.0,
            0.0,
            0.0,
            0.0
        ],
        "mass_diff": [
            0.0,
            0.0,
            0.0,
            0.0,
            0.0,
            0.0,
            0.0,
            0.0,
            0.0,
            0.0,
            0.0,
            0.0,
            0.0,
            0.0,
            0.0,
            0.0,
            0.0,
            0.0,
            0.0
        ],
        "formula": [
            "C17H9Cl3N4O2",
            "C17H9Cl3N4O2",
            "C17H9Cl3N4O2",
            "C17H9Cl3N4O2",
            "C17H9Cl3N4O2",
            "C17H9Cl3N4O2",
            "C17H9Cl3N4O2",
            "C17H9Cl3N4O2",
            "C17H9Cl3N4O2",
            "C17H9Cl3N4O2",
            "C17H9Cl3N4O2",
            "C17H9Cl3N4O2",
            "C17H9Cl3N4O2",
            "C17H9Cl3N4O2",
            "C17H9Cl3N4O2",
            "C17H9Cl3N4O2",
            "C17H9Cl3N4O2",
            "C17H9Cl3N4O2",
            "C17H9Cl3N4O2"
        ],
        "ions": [
            "[M-H]-",
            "[M-H]-",
            "[M-H]-",
            "[M-H]-",
            "[M-H]-",
            "[M-H]-",
            "[M-H]-",
            "[M-H]-",
            "[M-H]-",
            "[M-H]-",
            "[M-H]-",
            "[M-H]-",
            "[M-H]-",
            "[M-H]-",
            "[M-H]-",
            "[M-H]-",
            "[M-H]-",
            "[M-H]-",
            "[M-H]-"
        ]
    }
}