{
    "cand_form": "C17H9Cl3N4O2",
    "cand_ion": "[M-H]-",
    "output_tbl": {
        "mz": [
            0.0,
            61.9885,
            118.0298,
            126.7917,
            150.4931,
            183.3403,
            227.7194,
            370.2733
        ],
        "ms2_inten": [
            1.0,
            0.3450832690779073,
            0.16044406205436754,
            0.14848697078586123,
            0.14476152057612557,
            0.16360386604306654,
            0.4835731871782888,
            0.16890158946588113
        ],
        "mono_mass": [
            0.0,
            61.9885,
            118.0298,
            126.7917,
            150.4931,
            183.3403,
            227.7194,
            370.2733
        ],
        "abs_mass_diff": [
            0.0,
            0.0,
            0.0,
            0.0,
            0.0,
            0.0,
            0.0,
            0.0
        ],
        "mass_diff": [
            0.0,
            0.0,
            0.0,
            0.0,
            0.0,
            0.0,
            0.0,
            0.0
        ],
        "formula": [
            "C17H9Cl3N4O2",
            "C17H9Cl3N4O2",
            "C17H9Cl3N4O2",
            "C17H9Cl3N4O2",
            "C17H9Cl3N4O2",
            "C17H9Cl3N4O2",
            "C17H9Cl3N4O2",
            "C17H9Cl3N4O2"
        ],
        "ions": [
            "[M-H]-",
            "[M-H]-",
            "[M-H]-",
            "[M-H]-",
            "[M-H]-",
            "[M-H]-",
            "[M-H]-",
            "[M-H]-"
        ]
    }
}