{
    "cand_form": "C19H32N2O5",
    "cand_ion": "[M+H]+",
    "output_tbl": {
        "mz": [
            53.0386,
            54.0338,
            55.0542,
            56.0495,
            63.0229,
            64.0182,
            65.0386,
            67.0417,
            68.0495,
            72.984,
            74.981,
            76.0182,
            80.0495,
            90.0338,
            91.0417,
            96.0444,
            100.9982,
            128.0088,
            134.0726
        ],
        "ms2_inten": [
            0.10209078172336199,
            0.06958934694570243,
            0.14969974480645795,
            0.7451890909155106,
            0.31514224543452096,
            0.08169117781947723,
            0.10666399552783813,
            0.08085176476692664,
            0.10825175729080819,
            0.1340110258163265,
            1.0,
            0.07006387936400185,
            0.15023993197499783,
            0.378170778032892,
            0.17893118678160855,
            0.09663215908381781,
            0.6000864589303578,
            0.16187043886734195,
            0.0783115731464887
        ],
        "mono_mass": [
            53.0386,
            54.0338,
            55.0542,
            56.0495,
            63.0229,
            64.0182,
            65.0386,
            67.0417,
            68.0495,
            72.984,
            74.981,
            76.0182,
            80.0495,
            90.0338,
            91.0417,
            96.0444,
            100.9982,
            128.0088,
            134.0726
        ],
        "abs_mass_diff": [
            0.0,
            0.0,
            0.0,
            0.0,
            0.0,
            0.0,
            0.0,
            0.0,
            0.0,
            0.0,
            0.0,
            0.0,
            0.0,
            0.0,
            0.0,
            0.0,
            0.0,
            0.0,
            0.0
        ],
        "mass_diff": [
            0.0,
            0.0,
            0.0,
            0.0,
            0.0,
            0.0,
            0.0,
            0.0,
            0.0,
            0.0,
            0.0,
            0.0,
            0.0,
            0.0,
            0.0,
            0.0,
            0.0,
            0.0,
            0.0
        ],
        "formula": [
            "C19H32N2O5",
            "C19H32N2O5",
            "C19H32N2O5",
            "C19H32N2O5",
            "C19H32N2O5",
            "C19H32N2O5",
            "C19H32N2O5",
            "C19H32N2O5",
            "C19H32N2O5",
            "C19H32N2O5",
            "C19H32N2O5",
            "C19H32N2O5",
            "C19H32N2O5",
            "C19H32N2O5",
            "C19H32N2O5",
            "C19H32N2O5",
            "C19H32N2O5",
            "C19H32N2O5",
            "C19H32N2O5"
        ],
        "ions": [
            "[M+H]+",
            "[M+H]+",
            "[M+H]+",
            "[M+H]+",
            "[M+H]+",
            "[M+H]+",
            "[M+H]+",
            "[M+H]+",
            "[M+H]+",
            "[M+H]+",
            "[M+H]+",
            "[M+H]+",
            "[M+H]+",
            "[M+H]+",
            "[M+H]+",
            "[M+H]+",
            "[M+H]+",
            "[M+H]+",
            "[M+H]+"
        ]
    }
}