{
    "cand_form": "C19H24FN3O",
    "cand_ion": "[M+H]+",
    "output_tbl": {
        "mz": [
            105.0699,
            146.06,
            208.1121,
            284.1445,
            285.1523,
            313.1711,
            314.1789,
            329.2064,
            330.2091
        ],
        "ms2_inten": [
            0.061609575028425706,
            0.05354874138805842,
            0.254687065373475,
            0.06795419841921947,
            0.11297639162746677,
            1.0,
            0.18896193532190853,
            0.3239612713926275,
            0.05752369739841166
        ],
        "mono_mass": [
            105.0699,
            146.06,
            208.1121,
            284.1445,
            285.1523,
            313.1711,
            314.1789,
            329.2064,
            330.2091
        ],
        "abs_mass_diff": [
            0.0,
            0.0,
            0.0,
            0.0,
            0.0,
            0.0,
            0.0,
            0.0,
            0.0
        ],
        "mass_diff": [
            0.0,
            0.0,
            0.0,
            0.0,
            0.0,
            0.0,
            0.0,
            0.0,
            0.0
        ],
        "formula": [
            "C19H24FN3O",
            "C19H24FN3O",
            "C19H24FN3O",
            "C19H24FN3O",
            "C19H24FN3O",
            "C19H24FN3O",
            "C19H24FN3O",
            "C19H24FN3O",
            "C19H24FN3O"
        ],
        "ions": [
            "[M+H]+",
            "[M+H]+",
            "[M+H]+",
            "[M+H]+",
            "[M+H]+",
            "[M+H]+",
            "[M+H]+",
            "[M+H]+",
            "[M+H]+"
        ]
    }
}