{
    "cand_form": "C12H15N3O",
    "cand_ion": "[M+H]+",
    "output_tbl": {
        "mz": [
            53.0386,
            55.0542,
            57.9346,
            59.9303,
            70.0651,
            83.0491,
            91.0542,
            227.7326
        ],
        "ms2_inten": [
            0.11060831624055661,
            1.0,
            0.19868883366183904,
            0.17950688397855247,
            0.24571438906762796,
            0.12201917118371014,
            0.1682224215601962,
            0.11934748728646231
        ],
        "mono_mass": [
            53.0386,
            55.0542,
            57.9346,
            59.9303,
            70.0651,
            83.0491,
            91.0542,
            227.7326
        ],
        "abs_mass_diff": [
            0.0,
            0.0,
            0.0,
            0.0,
            0.0,
            0.0,
            0.0,
            0.0
        ],
        "mass_diff": [
            0.0,
            0.0,
            0.0,
            0.0,
            0.0,
            0.0,
            0.0,
            0.0
        ],
        "formula": [
            "C12H15N3O",
            "C12H15N3O",
            "C12H15N3O",
            "C12H15N3O",
            "C12H15N3O",
            "C12H15N3O",
            "C12H15N3O",
            "C12H15N3O"
        ],
        "ions": [
            "[M+H]+",
            "[M+H]+",
            "[M+H]+",
            "[M+H]+",
            "[M+H]+",
            "[M+H]+",
            "[M+H]+",
            "[M+H]+"
        ]
    }
}