{
    "cand_form": "C12H15N3O",
    "cand_ion": "[M+H]+",
    "output_tbl": {
        "mz": [
            57.9349,
            59.9303,
            75.0229,
            94.9515,
            103.1449,
            105.4499,
            227.7454
        ],
        "ms2_inten": [
            1.0,
            0.997349797862301,
            0.266875109990747,
            0.237697745733892,
            0.2511793154237227,
            0.30590028691105514,
            0.3934072389394531
        ],
        "mono_mass": [
            57.9349,
            59.9303,
            75.0229,
            94.9515,
            103.1449,
            105.4499,
            227.7454
        ],
        "abs_mass_diff": [
            0.0,
            0.0,
            0.0,
            0.0,
            0.0,
            0.0,
            0.0
        ],
        "mass_diff": [
            0.0,
            0.0,
            0.0,
            0.0,
            0.0,
            0.0,
            0.0
        ],
        "formula": [
            "C12H15N3O",
            "C12H15N3O",
            "C12H15N3O",
            "C12H15N3O",
            "C12H15N3O",
            "C12H15N3O",
            "C12H15N3O"
        ],
        "ions": [
            "[M+H]+",
            "[M+H]+",
            "[M+H]+",
            "[M+H]+",
            "[M+H]+",
            "[M+H]+",
            "[M+H]+"
        ]
    }
}