{
    "cand_form": "C11H10N4O2",
    "cand_ion": "[M+H]+",
    "output_tbl": {
        "mz": [
            0.0,
            57.0699,
            64.9776,
            67.0542,
            91.0542,
            98.9742,
            99.0063,
            118.0651,
            119.073,
            129.0699,
            132.051,
            146.06
        ],
        "ms2_inten": [
            0.2837811346743863,
            0.37023424518575526,
            1.0,
            0.28837497069860746,
            0.5222918771353714,
            0.7300662367054654,
            0.32784109413992896,
            0.378632076156653,
            0.6051655502749663,
            0.27398720903457874,
            0.2700421525166007,
            0.4553400102477083
        ],
        "mono_mass": [
            0.0,
            57.0699,
            64.9776,
            67.0542,
            91.0542,
            98.9742,
            99.0063,
            118.0651,
            119.073,
            129.0699,
            132.051,
            146.06
        ],
        "abs_mass_diff": [
            0.0,
            0.0,
            0.0,
            0.0,
            0.0,
            0.0,
            0.0,
            0.0,
            0.0,
            0.0,
            0.0,
            0.0
        ],
        "mass_diff": [
            0.0,
            0.0,
            0.0,
            0.0,
            0.0,
            0.0,
            0.0,
            0.0,
            0.0,
            0.0,
            0.0,
            0.0
        ],
        "formula": [
            "C11H10N4O2",
            "C11H10N4O2",
            "C11H10N4O2",
            "C11H10N4O2",
            "C11H10N4O2",
            "C11H10N4O2",
            "C11H10N4O2",
            "C11H10N4O2",
            "C11H10N4O2",
            "C11H10N4O2",
            "C11H10N4O2",
            "C11H10N4O2"
        ],
        "ions": [
            "[M+H]+",
            "[M+H]+",
            "[M+H]+",
            "[M+H]+",
            "[M+H]+",
            "[M+H]+",
            "[M+H]+",
            "[M+H]+",
            "[M+H]+",
            "[M+H]+",
            "[M+H]+",
            "[M+H]+"
        ]
    }
}