{
    "cand_form": "C31H52N2O5S",
    "cand_ion": "[M+H]+",
    "output_tbl": {
        "mz": [
            0.0,
            73.047,
            75.0263,
            89.0597,
            91.0576,
            227.7302,
            227.7571,
            237.0791,
            310.3104,
            563.385,
            564.614,
            565.367
        ],
        "ms2_inten": [
            0.14033262752931283,
            0.12192555325145843,
            0.07563077802307029,
            0.08238916072239885,
            0.07130149943196454,
            0.0706567148966936,
            0.07505943241409455,
            1.0,
            0.05268580933622758,
            0.06866516514597797,
            0.06015887441681871,
            0.07446460790310619
        ],
        "mono_mass": [
            0.0,
            73.047,
            75.0263,
            89.0597,
            91.0576,
            227.7302,
            227.7571,
            237.0791,
            310.3104,
            563.385,
            564.614,
            565.367
        ],
        "abs_mass_diff": [
            0.0,
            0.0,
            0.0,
            0.0,
            0.0,
            0.0,
            0.0,
            0.0,
            0.0,
            0.0,
            0.0,
            0.0
        ],
        "mass_diff": [
            0.0,
            0.0,
            0.0,
            0.0,
            0.0,
            0.0,
            0.0,
            0.0,
            0.0,
            0.0,
            0.0,
            0.0
        ],
        "formula": [
            "C31H52N2O5S",
            "C31H52N2O5S",
            "C31H52N2O5S",
            "C31H52N2O5S",
            "C31H52N2O5S",
            "C31H52N2O5S",
            "C31H52N2O5S",
            "C31H52N2O5S",
            "C31H52N2O5S",
            "C31H52N2O5S",
            "C31H52N2O5S",
            "C31H52N2O5S"
        ],
        "ions": [
            "[M+H]+",
            "[M+H]+",
            "[M+H]+",
            "[M+H]+",
            "[M+H]+",
            "[M+H]+",
            "[M+H]+",
            "[M+H]+",
            "[M+H]+",
            "[M+H]+",
            "[M+H]+",
            "[M+H]+"
        ]
    }
}