{
    "cand_form": "C22H28F2O5",
    "cand_ion": "[M+H]+",
    "output_tbl": {
        "mz": [
            91.0542,
            93.0699,
            105.0699,
            107.0855,
            119.0855,
            121.0648,
            131.0855,
            135.0804,
            139.0554,
            139.0918,
            143.0855,
            145.0648,
            147.0804,
            159.0804,
            161.0961,
            171.0804,
            207.1168,
            209.0961,
            210.1039,
            220.0883,
            222.1039,
            223.1117,
            225.1274,
            235.1117,
            238.0988,
            253.1223,
            259.1117,
            261.1274,
            262.1352
        ],
        "ms2_inten": [
            0.12504513214086146,
            0.10771610205732231,
            0.11668695072347127,
            0.1983410476081892,
            0.12083251269527855,
            1.0,
            0.0748457968016552,
            0.22851098240370304,
            0.0974389889556011,
            0.08053196577113313,
            0.08778742942759744,
            0.14248101808329364,
            0.17777028260482775,
            0.1712608955200573,
            0.11607693824273589,
            0.17708251549681073,
            0.08997389984193575,
            0.09599943376516451,
            0.11460347836787001,
            0.09061834911746677,
            0.14517475451529266,
            0.0776161224235574,
            0.09701477264174795,
            0.2969908392428793,
            0.08778429460348271,
            0.13687494618347093,
            0.08324066780718548,
            0.08459982806183787,
            0.09276468568580458
        ],
        "mono_mass": [
            91.0542,
            93.0699,
            105.0699,
            107.0855,
            119.0855,
            121.0648,
            131.0855,
            135.0804,
            139.0554,
            139.0918,
            143.0855,
            145.0648,
            147.0804,
            159.0804,
            161.0961,
            171.0804,
            207.1168,
            209.0961,
            210.1039,
            220.0883,
            222.1039,
            223.1117,
            225.1274,
            235.1117,
            238.0988,
            253.1223,
            259.1117,
            261.1274,
            262.1352
        ],
        "abs_mass_diff": [
            0.0,
            0.0,
            0.0,
            0.0,
            0.0,
            0.0,
            0.0,
            0.0,
            0.0,
            0.0,
            0.0,
            0.0,
            0.0,
            0.0,
            0.0,
            0.0,
            0.0,
            0.0,
            0.0,
            0.0,
            0.0,
            0.0,
            0.0,
            0.0,
            0.0,
            0.0,
            0.0,
            0.0,
            0.0
        ],
        "mass_diff": [
            0.0,
            0.0,
            0.0,
            0.0,
            0.0,
            0.0,
            0.0,
            0.0,
            0.0,
            0.0,
            0.0,
            0.0,
            0.0,
            0.0,
            0.0,
            0.0,
            0.0,
            0.0,
            0.0,
            0.0,
            0.0,
            0.0,
            0.0,
            0.0,
            0.0,
            0.0,
            0.0,
            0.0,
            0.0
        ],
        "formula": [
            "C22H28F2O5",
            "C22H28F2O5",
            "C22H28F2O5",
            "C22H28F2O5",
            "C22H28F2O5",
            "C22H28F2O5",
            "C22H28F2O5",
            "C22H28F2O5",
            "C22H28F2O5",
            "C22H28F2O5",
            "C22H28F2O5",
            "C22H28F2O5",
            "C22H28F2O5",
            "C22H28F2O5",
            "C22H28F2O5",
            "C22H28F2O5",
            "C22H28F2O5",
            "C22H28F2O5",
            "C22H28F2O5",
            "C22H28F2O5",
            "C22H28F2O5",
            "C22H28F2O5",
            "C22H28F2O5",
            "C22H28F2O5",
            "C22H28F2O5",
            "C22H28F2O5",
            "C22H28F2O5",
            "C22H28F2O5",
            "C22H28F2O5"
        ],
        "ions": [
            "[M+H]+",
            "[M+H]+",
            "[M+H]+",
            "[M+H]+",
            "[M+H]+",
            "[M+H]+",
            "[M+H]+",
            "[M+H]+",
            "[M+H]+",
            "[M+H]+",
            "[M+H]+",
            "[M+H]+",
            "[M+H]+",
            "[M+H]+",
            "[M+H]+",
            "[M+H]+",
            "[M+H]+",
            "[M+H]+",
            "[M+H]+",
            "[M+H]+",
            "[M+H]+",
            "[M+H]+",
            "[M+H]+",
            "[M+H]+",
            "[M+H]+",
            "[M+H]+",
            "[M+H]+",
            "[M+H]+",
            "[M+H]+"
        ]
    }
}