{
    "cand_form": "C21H29FO4",
    "cand_ion": "[M+H]+",
    "output_tbl": {
        "mz": [
            72.0806,
            121.0648,
            267.1743,
            290.9088,
            292.053,
            302.5775,
            309.1849,
            320.1043,
            321.1121,
            327.1955,
            328.2033,
            345.206,
            346.9739,
            363.148,
            363.2153,
            364.1062,
            364.1524,
            364.2193,
            365.1127,
            365.2303
        ],
        "ms2_inten": [
            0.033169199193240656,
            0.033018530905450524,
            0.02527101074125537,
            0.03250520824576663,
            0.07928809042480855,
            0.025000379884306607,
            0.0388288837211381,
            0.05971508889824826,
            0.03460116510623247,
            0.08770578183914657,
            0.033287723096902,
            0.05555041618081556,
            0.041156397624158854,
            0.26095320102009045,
            1.0,
            0.5473981244994731,
            0.13315023690096128,
            0.4582393330721318,
            0.0622127569193745,
            0.0375674550028635
        ],
        "mono_mass": [
            72.0806,
            121.0648,
            267.1743,
            290.9088,
            292.053,
            302.5775,
            309.1849,
            320.1043,
            321.1121,
            327.1955,
            328.2033,
            345.206,
            346.9739,
            363.148,
            363.2153,
            364.1062,
            364.1524,
            364.2193,
            365.1127,
            365.2303
        ],
        "abs_mass_diff": [
            0.0,
            0.0,
            0.0,
            0.0,
            0.0,
            0.0,
            0.0,
            0.0,
            0.0,
            0.0,
            0.0,
            0.0,
            0.0,
            0.0,
            0.0,
            0.0,
            0.0,
            0.0,
            0.0,
            0.0
        ],
        "mass_diff": [
            0.0,
            0.0,
            0.0,
            0.0,
            0.0,
            0.0,
            0.0,
            0.0,
            0.0,
            0.0,
            0.0,
            0.0,
            0.0,
            0.0,
            0.0,
            0.0,
            0.0,
            0.0,
            0.0,
            0.0
        ],
        "formula": [
            "C21H29FO4",
            "C21H29FO4",
            "C21H29FO4",
            "C21H29FO4",
            "C21H29FO4",
            "C21H29FO4",
            "C21H29FO4",
            "C21H29FO4",
            "C21H29FO4",
            "C21H29FO4",
            "C21H29FO4",
            "C21H29FO4",
            "C21H29FO4",
            "C21H29FO4",
            "C21H29FO4",
            "C21H29FO4",
            "C21H29FO4",
            "C21H29FO4",
            "C21H29FO4",
            "C21H29FO4"
        ],
        "ions": [
            "[M+H]+",
            "[M+H]+",
            "[M+H]+",
            "[M+H]+",
            "[M+H]+",
            "[M+H]+",
            "[M+H]+",
            "[M+H]+",
            "[M+H]+",
            "[M+H]+",
            "[M+H]+",
            "[M+H]+",
            "[M+H]+",
            "[M+H]+",
            "[M+H]+",
            "[M+H]+",
            "[M+H]+",
            "[M+H]+",
            "[M+H]+",
            "[M+H]+"
        ]
    }
}