{
    "cand_form": "C21H29FO4",
    "cand_ion": "[M+H]+",
    "output_tbl": {
        "mz": [
            70.065,
            72.0807,
            73.084,
            97.0648,
            109.0648,
            121.0648,
            122.0684,
            123.0804,
            145.1012,
            147.1168,
            211.9904,
            255.1189,
            256.0915,
            283.1141,
            284.1207,
            299.1078,
            300.1145,
            364.1103
        ],
        "ms2_inten": [
            0.16541284847661,
            1.0,
            0.11118681136058492,
            0.16769654692392294,
            0.11058173429514159,
            0.5559859455060632,
            0.08648369950334929,
            0.11908254897160124,
            0.10614352320006645,
            0.11242185777675685,
            0.22361073356929526,
            0.30489301736461205,
            0.13359546590398083,
            0.5352552374340905,
            0.11268805039691285,
            0.7789888229669008,
            0.14356035984160567,
            0.30067740761498285
        ],
        "mono_mass": [
            70.065,
            72.0807,
            73.084,
            97.0648,
            109.0648,
            121.0648,
            122.0684,
            123.0804,
            145.1012,
            147.1168,
            211.9904,
            255.1189,
            256.0915,
            283.1141,
            284.1207,
            299.1078,
            300.1145,
            364.1103
        ],
        "abs_mass_diff": [
            0.0,
            0.0,
            0.0,
            0.0,
            0.0,
            0.0,
            0.0,
            0.0,
            0.0,
            0.0,
            0.0,
            0.0,
            0.0,
            0.0,
            0.0,
            0.0,
            0.0,
            0.0
        ],
        "mass_diff": [
            0.0,
            0.0,
            0.0,
            0.0,
            0.0,
            0.0,
            0.0,
            0.0,
            0.0,
            0.0,
            0.0,
            0.0,
            0.0,
            0.0,
            0.0,
            0.0,
            0.0,
            0.0
        ],
        "formula": [
            "C21H29FO4",
            "C21H29FO4",
            "C21H29FO4",
            "C21H29FO4",
            "C21H29FO4",
            "C21H29FO4",
            "C21H29FO4",
            "C21H29FO4",
            "C21H29FO4",
            "C21H29FO4",
            "C21H29FO4",
            "C21H29FO4",
            "C21H29FO4",
            "C21H29FO4",
            "C21H29FO4",
            "C21H29FO4",
            "C21H29FO4",
            "C21H29FO4"
        ],
        "ions": [
            "[M+H]+",
            "[M+H]+",
            "[M+H]+",
            "[M+H]+",
            "[M+H]+",
            "[M+H]+",
            "[M+H]+",
            "[M+H]+",
            "[M+H]+",
            "[M+H]+",
            "[M+H]+",
            "[M+H]+",
            "[M+H]+",
            "[M+H]+",
            "[M+H]+",
            "[M+H]+",
            "[M+H]+",
            "[M+H]+"
        ]
    }
}