{
    "cand_form": "C21H29FO4",
    "cand_ion": "[M+H]+",
    "output_tbl": {
        "mz": [
            70.0653,
            72.081,
            79.0542,
            80.0496,
            81.0699,
            91.0542,
            93.0699,
            97.0648,
            105.0699,
            109.0648,
            112.0218,
            117.0699,
            119.0855,
            121.0648,
            124.0218,
            154.0624,
            211.9904,
            226.0799,
            255.084
        ],
        "ms2_inten": [
            0.36710374155266196,
            1.0,
            0.15211188396241965,
            0.1490403823965716,
            0.11622772375144223,
            0.42706668864348113,
            0.13962472391626835,
            0.13554639854953024,
            0.28486177682544916,
            0.16043500906543595,
            0.12327127080929619,
            0.19487173232239985,
            0.1282319432998187,
            0.43565195318938515,
            0.17004206362287788,
            0.2597817043019614,
            0.11273294873908027,
            0.13989767595187078,
            0.11913927806164497
        ],
        "mono_mass": [
            70.0653,
            72.081,
            79.0542,
            80.0496,
            81.0699,
            91.0542,
            93.0699,
            97.0648,
            105.0699,
            109.0648,
            112.0218,
            117.0699,
            119.0855,
            121.0648,
            124.0218,
            154.0624,
            211.9904,
            226.0799,
            255.084
        ],
        "abs_mass_diff": [
            0.0,
            0.0,
            0.0,
            0.0,
            0.0,
            0.0,
            0.0,
            0.0,
            0.0,
            0.0,
            0.0,
            0.0,
            0.0,
            0.0,
            0.0,
            0.0,
            0.0,
            0.0,
            0.0
        ],
        "mass_diff": [
            0.0,
            0.0,
            0.0,
            0.0,
            0.0,
            0.0,
            0.0,
            0.0,
            0.0,
            0.0,
            0.0,
            0.0,
            0.0,
            0.0,
            0.0,
            0.0,
            0.0,
            0.0,
            0.0
        ],
        "formula": [
            "C21H29FO4",
            "C21H29FO4",
            "C21H29FO4",
            "C21H29FO4",
            "C21H29FO4",
            "C21H29FO4",
            "C21H29FO4",
            "C21H29FO4",
            "C21H29FO4",
            "C21H29FO4",
            "C21H29FO4",
            "C21H29FO4",
            "C21H29FO4",
            "C21H29FO4",
            "C21H29FO4",
            "C21H29FO4",
            "C21H29FO4",
            "C21H29FO4",
            "C21H29FO4"
        ],
        "ions": [
            "[M+H]+",
            "[M+H]+",
            "[M+H]+",
            "[M+H]+",
            "[M+H]+",
            "[M+H]+",
            "[M+H]+",
            "[M+H]+",
            "[M+H]+",
            "[M+H]+",
            "[M+H]+",
            "[M+H]+",
            "[M+H]+",
            "[M+H]+",
            "[M+H]+",
            "[M+H]+",
            "[M+H]+",
            "[M+H]+",
            "[M+H]+"
        ]
    }
}