{
    "cand_form": "C14H17N5O3",
    "cand_ion": "[M+H]+",
    "output_tbl": {
        "mz": [
            0.0,
            57.0699,
            58.0651,
            64.9776,
            67.0542,
            69.0699,
            79.0542,
            91.0542,
            93.0699,
            95.0491,
            105.0699,
            107.0491,
            109.0648,
            117.0699,
            134.0964,
            227.7413
        ],
        "ms2_inten": [
            0.26874198567785046,
            0.19559065000398768,
            0.21535540021313546,
            0.23486382339494483,
            0.19074505175606987,
            0.4245077520054062,
            0.29002270840847827,
            1.0,
            0.29151406565844706,
            0.20818546392730422,
            0.38914840678475654,
            0.22294051407845838,
            0.19227710625493744,
            0.18036068921447418,
            0.2506612482437004,
            0.2668193688710025
        ],
        "mono_mass": [
            0.0,
            57.0699,
            58.0651,
            64.9776,
            67.0542,
            69.0699,
            79.0542,
            91.0542,
            93.0699,
            95.0491,
            105.0699,
            107.0491,
            109.0648,
            117.0699,
            134.0964,
            227.7413
        ],
        "abs_mass_diff": [
            0.0,
            0.0,
            0.0,
            0.0,
            0.0,
            0.0,
            0.0,
            0.0,
            0.0,
            0.0,
            0.0,
            0.0,
            0.0,
            0.0,
            0.0,
            0.0
        ],
        "mass_diff": [
            0.0,
            0.0,
            0.0,
            0.0,
            0.0,
            0.0,
            0.0,
            0.0,
            0.0,
            0.0,
            0.0,
            0.0,
            0.0,
            0.0,
            0.0,
            0.0
        ],
        "formula": [
            "C14H17N5O3",
            "C14H17N5O3",
            "C14H17N5O3",
            "C14H17N5O3",
            "C14H17N5O3",
            "C14H17N5O3",
            "C14H17N5O3",
            "C14H17N5O3",
            "C14H17N5O3",
            "C14H17N5O3",
            "C14H17N5O3",
            "C14H17N5O3",
            "C14H17N5O3",
            "C14H17N5O3",
            "C14H17N5O3",
            "C14H17N5O3"
        ],
        "ions": [
            "[M+H]+",
            "[M+H]+",
            "[M+H]+",
            "[M+H]+",
            "[M+H]+",
            "[M+H]+",
            "[M+H]+",
            "[M+H]+",
            "[M+H]+",
            "[M+H]+",
            "[M+H]+",
            "[M+H]+",
            "[M+H]+",
            "[M+H]+",
            "[M+H]+",
            "[M+H]+"
        ]
    }
}