{
    "cand_form": "C14H17N5O3",
    "cand_ion": "[M+H]+",
    "output_tbl": {
        "mz": [
            54.8036,
            55.0542,
            57.9347,
            65.0386,
            70.0651,
            77.0386,
            79.0542,
            91.0542,
            91.816,
            95.0491,
            105.0699,
            115.0542,
            181.2664,
            227.7498
        ],
        "ms2_inten": [
            0.15449975497029222,
            0.3710067344727047,
            0.36006864843217756,
            0.43242194316246774,
            0.17821481985135088,
            0.20061514825133028,
            0.2196676287341959,
            1.0,
            0.14479851738641217,
            0.4406820851526705,
            0.16027282871253437,
            0.15934519237004902,
            0.15054250847575473,
            0.20499325750449443
        ],
        "mono_mass": [
            54.8036,
            55.0542,
            57.9347,
            65.0386,
            70.0651,
            77.0386,
            79.0542,
            91.0542,
            91.816,
            95.0491,
            105.0699,
            115.0542,
            181.2664,
            227.7498
        ],
        "abs_mass_diff": [
            0.0,
            0.0,
            0.0,
            0.0,
            0.0,
            0.0,
            0.0,
            0.0,
            0.0,
            0.0,
            0.0,
            0.0,
            0.0,
            0.0
        ],
        "mass_diff": [
            0.0,
            0.0,
            0.0,
            0.0,
            0.0,
            0.0,
            0.0,
            0.0,
            0.0,
            0.0,
            0.0,
            0.0,
            0.0,
            0.0
        ],
        "formula": [
            "C14H17N5O3",
            "C14H17N5O3",
            "C14H17N5O3",
            "C14H17N5O3",
            "C14H17N5O3",
            "C14H17N5O3",
            "C14H17N5O3",
            "C14H17N5O3",
            "C14H17N5O3",
            "C14H17N5O3",
            "C14H17N5O3",
            "C14H17N5O3",
            "C14H17N5O3",
            "C14H17N5O3"
        ],
        "ions": [
            "[M+H]+",
            "[M+H]+",
            "[M+H]+",
            "[M+H]+",
            "[M+H]+",
            "[M+H]+",
            "[M+H]+",
            "[M+H]+",
            "[M+H]+",
            "[M+H]+",
            "[M+H]+",
            "[M+H]+",
            "[M+H]+",
            "[M+H]+"
        ]
    }
}