{
    "cand_form": "C13H11N3O4S2",
    "cand_ion": "[M-H]-",
    "output_tbl": {
        "mz": [
            98.007,
            112.0226,
            156.0125,
            167.0285,
            168.0302,
            180.0125,
            211.0183,
            223.9864,
            247.0369,
            253.1415,
            257.039,
            291.0267,
            335.0121
        ],
        "ms2_inten": [
            0.04991637055239059,
            0.10056933563563204,
            0.1605620988451191,
            1.0,
            0.12790092920348967,
            0.28485201797326376,
            0.17341592072616047,
            0.09434010710161421,
            0.06690623736253816,
            0.04819854307207665,
            0.13415772335544296,
            0.09142010953219754,
            0.059284421290165035
        ],
        "mono_mass": [
            98.007,
            112.0226,
            156.0125,
            167.0285,
            168.0302,
            180.0125,
            211.0183,
            223.9864,
            247.0369,
            253.1415,
            257.039,
            291.0267,
            335.0121
        ],
        "abs_mass_diff": [
            0.0,
            0.0,
            0.0,
            0.0,
            0.0,
            0.0,
            0.0,
            0.0,
            0.0,
            0.0,
            0.0,
            0.0,
            0.0
        ],
        "mass_diff": [
            0.0,
            0.0,
            0.0,
            0.0,
            0.0,
            0.0,
            0.0,
            0.0,
            0.0,
            0.0,
            0.0,
            0.0,
            0.0
        ],
        "formula": [
            "C13H11N3O4S2",
            "C13H11N3O4S2",
            "C13H11N3O4S2",
            "C13H11N3O4S2",
            "C13H11N3O4S2",
            "C13H11N3O4S2",
            "C13H11N3O4S2",
            "C13H11N3O4S2",
            "C13H11N3O4S2",
            "C13H11N3O4S2",
            "C13H11N3O4S2",
            "C13H11N3O4S2",
            "C13H11N3O4S2"
        ],
        "ions": [
            "[M-H]-",
            "[M-H]-",
            "[M-H]-",
            "[M-H]-",
            "[M-H]-",
            "[M-H]-",
            "[M-H]-",
            "[M-H]-",
            "[M-H]-",
            "[M-H]-",
            "[M-H]-",
            "[M-H]-",
            "[M-H]-"
        ]
    }
}