{
    "cand_form": "C13H11N3O4S2",
    "cand_ion": "[M-H]-",
    "output_tbl": {
        "mz": [
            57.9757,
            59.0139,
            59.9719,
            96.9992,
            97.0117,
            98.007,
            104.038,
            112.0226,
            114.0197,
            122.007,
            124.0226,
            133.0407,
            139.0335,
            140.0176,
            167.0285,
            168.0329,
            171.1403,
            180.0125,
            211.0183,
            257.039
        ],
        "ms2_inten": [
            0.2131795213055456,
            0.1781921079745616,
            0.13284623461072353,
            0.11980162549003856,
            0.09212101127739572,
            0.24772140742041204,
            0.13711429494983857,
            0.27663032469952215,
            0.11471991621873115,
            0.20001269297426688,
            0.1890469562387751,
            0.39232271116837875,
            0.21514464070671221,
            0.1523535027707477,
            1.0,
            0.14670589309205564,
            0.15669527657125207,
            0.5554070606292584,
            0.19611848337672327,
            0.12950761317467074
        ],
        "mono_mass": [
            57.9757,
            59.0139,
            59.9719,
            96.9992,
            97.0117,
            98.007,
            104.038,
            112.0226,
            114.0197,
            122.007,
            124.0226,
            133.0407,
            139.0335,
            140.0176,
            167.0285,
            168.0329,
            171.1403,
            180.0125,
            211.0183,
            257.039
        ],
        "abs_mass_diff": [
            0.0,
            0.0,
            0.0,
            0.0,
            0.0,
            0.0,
            0.0,
            0.0,
            0.0,
            0.0,
            0.0,
            0.0,
            0.0,
            0.0,
            0.0,
            0.0,
            0.0,
            0.0,
            0.0,
            0.0
        ],
        "mass_diff": [
            0.0,
            0.0,
            0.0,
            0.0,
            0.0,
            0.0,
            0.0,
            0.0,
            0.0,
            0.0,
            0.0,
            0.0,
            0.0,
            0.0,
            0.0,
            0.0,
            0.0,
            0.0,
            0.0,
            0.0
        ],
        "formula": [
            "C13H11N3O4S2",
            "C13H11N3O4S2",
            "C13H11N3O4S2",
            "C13H11N3O4S2",
            "C13H11N3O4S2",
            "C13H11N3O4S2",
            "C13H11N3O4S2",
            "C13H11N3O4S2",
            "C13H11N3O4S2",
            "C13H11N3O4S2",
            "C13H11N3O4S2",
            "C13H11N3O4S2",
            "C13H11N3O4S2",
            "C13H11N3O4S2",
            "C13H11N3O4S2",
            "C13H11N3O4S2",
            "C13H11N3O4S2",
            "C13H11N3O4S2",
            "C13H11N3O4S2",
            "C13H11N3O4S2"
        ],
        "ions": [
            "[M-H]-",
            "[M-H]-",
            "[M-H]-",
            "[M-H]-",
            "[M-H]-",
            "[M-H]-",
            "[M-H]-",
            "[M-H]-",
            "[M-H]-",
            "[M-H]-",
            "[M-H]-",
            "[M-H]-",
            "[M-H]-",
            "[M-H]-",
            "[M-H]-",
            "[M-H]-",
            "[M-H]-",
            "[M-H]-",
            "[M-H]-",
            "[M-H]-"
        ]
    }
}