{
    "cand_form": "C13H11N3O4S2",
    "cand_ion": "[M-H]-",
    "output_tbl": {
        "mz": [
            56.9804,
            57.9757,
            58.9793,
            59.0139,
            59.9714,
            60.9754,
            64.0193,
            65.9985,
            70.9835,
            89.0145,
            94.9961,
            96.0039,
            96.9992,
            98.007,
            105.0458,
            133.0407,
            227.7197
        ],
        "ms2_inten": [
            0.18418345260741553,
            1.0,
            0.08510750088395368,
            0.10040248806800219,
            0.3229576814748643,
            0.08177458244892069,
            0.22779469804032149,
            0.15493301228282552,
            0.17357931295044463,
            0.09293024311204567,
            0.08476405321125777,
            0.07679602314471616,
            0.10956322223972383,
            0.06923257399601036,
            0.2182027266528832,
            0.2873323104070813,
            0.12732821282740708
        ],
        "mono_mass": [
            56.9804,
            57.9757,
            58.9793,
            59.0139,
            59.9714,
            60.9754,
            64.0193,
            65.9985,
            70.9835,
            89.0145,
            94.9961,
            96.0039,
            96.9992,
            98.007,
            105.0458,
            133.0407,
            227.7197
        ],
        "abs_mass_diff": [
            0.0,
            0.0,
            0.0,
            0.0,
            0.0,
            0.0,
            0.0,
            0.0,
            0.0,
            0.0,
            0.0,
            0.0,
            0.0,
            0.0,
            0.0,
            0.0,
            0.0
        ],
        "mass_diff": [
            0.0,
            0.0,
            0.0,
            0.0,
            0.0,
            0.0,
            0.0,
            0.0,
            0.0,
            0.0,
            0.0,
            0.0,
            0.0,
            0.0,
            0.0,
            0.0,
            0.0
        ],
        "formula": [
            "C13H11N3O4S2",
            "C13H11N3O4S2",
            "C13H11N3O4S2",
            "C13H11N3O4S2",
            "C13H11N3O4S2",
            "C13H11N3O4S2",
            "C13H11N3O4S2",
            "C13H11N3O4S2",
            "C13H11N3O4S2",
            "C13H11N3O4S2",
            "C13H11N3O4S2",
            "C13H11N3O4S2",
            "C13H11N3O4S2",
            "C13H11N3O4S2",
            "C13H11N3O4S2",
            "C13H11N3O4S2",
            "C13H11N3O4S2"
        ],
        "ions": [
            "[M-H]-",
            "[M-H]-",
            "[M-H]-",
            "[M-H]-",
            "[M-H]-",
            "[M-H]-",
            "[M-H]-",
            "[M-H]-",
            "[M-H]-",
            "[M-H]-",
            "[M-H]-",
            "[M-H]-",
            "[M-H]-",
            "[M-H]-",
            "[M-H]-",
            "[M-H]-",
            "[M-H]-"
        ]
    }
}