{
    "cand_form": "C25H34N6O3",
    "cand_ion": "[M+H]+",
    "output_tbl": {
        "mz": [
            258.125,
            258.6267,
            418.1537,
            435.183,
            465.2477,
            466.0907,
            466.1777,
            466.2456,
            467.1322,
            467.2765
        ],
        "ms2_inten": [
            0.29564121761463275,
            0.10669316767899306,
            0.044450206275247435,
            0.03047089670281789,
            0.18039364896233348,
            0.040714468724253945,
            0.03598525005408108,
            0.1432034262096137,
            0.4877974651694771,
            1.0
        ],
        "mono_mass": [
            258.125,
            258.6267,
            418.1537,
            435.183,
            465.2477,
            466.0907,
            466.1777,
            466.2456,
            467.1322,
            467.2765
        ],
        "abs_mass_diff": [
            0.0,
            0.0,
            0.0,
            0.0,
            0.0,
            0.0,
            0.0,
            0.0,
            0.0,
            0.0
        ],
        "mass_diff": [
            0.0,
            0.0,
            0.0,
            0.0,
            0.0,
            0.0,
            0.0,
            0.0,
            0.0,
            0.0
        ],
        "formula": [
            "C25H34N6O3",
            "C25H34N6O3",
            "C25H34N6O3",
            "C25H34N6O3",
            "C25H34N6O3",
            "C25H34N6O3",
            "C25H34N6O3",
            "C25H34N6O3",
            "C25H34N6O3",
            "C25H34N6O3"
        ],
        "ions": [
            "[M+H]+",
            "[M+H]+",
            "[M+H]+",
            "[M+H]+",
            "[M+H]+",
            "[M+H]+",
            "[M+H]+",
            "[M+H]+",
            "[M+H]+",
            "[M+H]+"
        ]
    }
}