{
    "cand_form": "C9H10ClN5O2",
    "cand_ion": "[M-H]-",
    "output_tbl": {
        "mz": [
            115.0068,
            153.0225,
            156.0125,
            157.0161,
            158.0108,
            159.0093,
            253.0513,
            254.0099,
            254.045,
            255.0486,
            255.2368
        ],
        "ms2_inten": [
            0.024956700125470518,
            0.020844818067754078,
            0.7332965056461731,
            0.8434621267252195,
            0.8601435884567126,
            0.027623889585947303,
            1.0,
            0.13181320577164365,
            0.9053088143036386,
            0.07583787954830615,
            0.0332667816813049
        ],
        "mono_mass": [
            115.0068,
            153.0225,
            156.0125,
            157.0161,
            158.0108,
            159.0093,
            253.0513,
            254.0099,
            254.045,
            255.0486,
            255.2368
        ],
        "abs_mass_diff": [
            0.0,
            0.0,
            0.0,
            0.0,
            0.0,
            0.0,
            0.0,
            0.0,
            0.0,
            0.0,
            0.0
        ],
        "mass_diff": [
            0.0,
            0.0,
            0.0,
            0.0,
            0.0,
            0.0,
            0.0,
            0.0,
            0.0,
            0.0,
            0.0
        ],
        "formula": [
            "C9H10ClN5O2",
            "C9H10ClN5O2",
            "C9H10ClN5O2",
            "C9H10ClN5O2",
            "C9H10ClN5O2",
            "C9H10ClN5O2",
            "C9H10ClN5O2",
            "C9H10ClN5O2",
            "C9H10ClN5O2",
            "C9H10ClN5O2",
            "C9H10ClN5O2"
        ],
        "ions": [
            "[M-H]-",
            "[M-H]-",
            "[M-H]-",
            "[M-H]-",
            "[M-H]-",
            "[M-H]-",
            "[M-H]-",
            "[M-H]-",
            "[M-H]-",
            "[M-H]-",
            "[M-H]-"
        ]
    }
}