{
    "cand_form": "C9H10ClN5O2",
    "cand_ion": "[M-H]-",
    "output_tbl": {
        "mz": [
            156.0129,
            157.0161,
            158.0108,
            253.0493,
            254.045
        ],
        "ms2_inten": [
            0.7816234928722141,
            1.0,
            0.9335281341662857,
            0.1371182274863795,
            0.1660856803911738
        ],
        "mono_mass": [
            156.0129,
            157.0161,
            158.0108,
            253.0493,
            254.045
        ],
        "abs_mass_diff": [
            0.0,
            0.0,
            0.0,
            0.0,
            0.0
        ],
        "mass_diff": [
            0.0,
            0.0,
            0.0,
            0.0,
            0.0
        ],
        "formula": [
            "C9H10ClN5O2",
            "C9H10ClN5O2",
            "C9H10ClN5O2",
            "C9H10ClN5O2",
            "C9H10ClN5O2"
        ],
        "ions": [
            "[M-H]-",
            "[M-H]-",
            "[M-H]-",
            "[M-H]-",
            "[M-H]-"
        ]
    }
}