{
    "cand_form": "C10H11ClN4",
    "cand_ion": "[M-H]-",
    "output_tbl": {
        "mz": [
            59.0139,
            66.8675,
            69.0377,
            71.927,
            85.5404,
            92.9558,
            140.0273,
            220.1765
        ],
        "ms2_inten": [
            1.0,
            0.3025707084070242,
            0.270690303443858,
            0.2677275828935092,
            0.2917698338648359,
            0.3669498252308207,
            0.7644278572323804,
            0.428242281608155
        ],
        "mono_mass": [
            59.0139,
            66.8675,
            69.0377,
            71.927,
            85.5404,
            92.9558,
            140.0273,
            220.1765
        ],
        "abs_mass_diff": [
            0.0,
            0.0,
            0.0,
            0.0,
            0.0,
            0.0,
            0.0,
            0.0
        ],
        "mass_diff": [
            0.0,
            0.0,
            0.0,
            0.0,
            0.0,
            0.0,
            0.0,
            0.0
        ],
        "formula": [
            "C10H11ClN4",
            "C10H11ClN4",
            "C10H11ClN4",
            "C10H11ClN4",
            "C10H11ClN4",
            "C10H11ClN4",
            "C10H11ClN4",
            "C10H11ClN4"
        ],
        "ions": [
            "[M-H]-",
            "[M-H]-",
            "[M-H]-",
            "[M-H]-",
            "[M-H]-",
            "[M-H]-",
            "[M-H]-",
            "[M-H]-"
        ]
    }
}