{
    "cand_form": "C8H10ClN5O3S",
    "cand_ion": "[M+H]+",
    "output_tbl": {
        "mz": [
            0.0,
            57.0699,
            64.9772,
            65.0386,
            67.0542,
            69.0699,
            79.0542,
            81.0699,
            91.0542,
            93.0699,
            95.0855,
            105.0699,
            113.6881,
            115.0549,
            117.0699,
            119.0859,
            151.3472,
            178.0611,
            301.4177
        ],
        "ms2_inten": [
            0.50928741147993,
            0.23110681958027945,
            0.22140669995926832,
            0.1626390085543458,
            0.6602971985587043,
            0.22259073578922214,
            0.3701054605826332,
            0.7622401095267927,
            1.0,
            0.4631068835822162,
            0.33974836803757186,
            0.6646538521339602,
            0.16161497756627766,
            0.1793828195844535,
            0.24239655252176323,
            0.17076795019536245,
            0.17092969422031204,
            0.2091951999938781,
            0.16126853229993393
        ],
        "mono_mass": [
            0.0,
            57.0699,
            64.9772,
            65.0386,
            67.0542,
            69.0699,
            79.0542,
            81.0699,
            91.0542,
            93.0699,
            95.0855,
            105.0699,
            113.6881,
            115.0549,
            117.0699,
            119.0859,
            151.3472,
            178.0611,
            301.4177
        ],
        "abs_mass_diff": [
            0.0,
            0.0,
            0.0,
            0.0,
            0.0,
            0.0,
            0.0,
            0.0,
            0.0,
            0.0,
            0.0,
            0.0,
            0.0,
            0.0,
            0.0,
            0.0,
            0.0,
            0.0,
            0.0
        ],
        "mass_diff": [
            0.0,
            0.0,
            0.0,
            0.0,
            0.0,
            0.0,
            0.0,
            0.0,
            0.0,
            0.0,
            0.0,
            0.0,
            0.0,
            0.0,
            0.0,
            0.0,
            0.0,
            0.0,
            0.0
        ],
        "formula": [
            "C8H10ClN5O3S",
            "C8H10ClN5O3S",
            "C8H10ClN5O3S",
            "C8H10ClN5O3S",
            "C8H10ClN5O3S",
            "C8H10ClN5O3S",
            "C8H10ClN5O3S",
            "C8H10ClN5O3S",
            "C8H10ClN5O3S",
            "C8H10ClN5O3S",
            "C8H10ClN5O3S",
            "C8H10ClN5O3S",
            "C8H10ClN5O3S",
            "C8H10ClN5O3S",
            "C8H10ClN5O3S",
            "C8H10ClN5O3S",
            "C8H10ClN5O3S",
            "C8H10ClN5O3S",
            "C8H10ClN5O3S"
        ],
        "ions": [
            "[M+H]+",
            "[M+H]+",
            "[M+H]+",
            "[M+H]+",
            "[M+H]+",
            "[M+H]+",
            "[M+H]+",
            "[M+H]+",
            "[M+H]+",
            "[M+H]+",
            "[M+H]+",
            "[M+H]+",
            "[M+H]+",
            "[M+H]+",
            "[M+H]+",
            "[M+H]+",
            "[M+H]+",
            "[M+H]+",
            "[M+H]+"
        ]
    }
}