{
    "cand_form": "C6H8ClN5O2S",
    "cand_ion": "[M-H]-",
    "output_tbl": {
        "mz": [
            0.0,
            87.7512,
            100.6503,
            102.7814,
            121.03,
            121.1891,
            227.7084,
            227.7326,
            264.6442
        ],
        "ms2_inten": [
            1.0,
            0.35292601388776845,
            0.3213259952605547,
            0.2715401754237527,
            0.7334694956419535,
            0.2778694927560471,
            0.3363543525698668,
            0.39955242216087483,
            0.3134704270026386
        ],
        "mono_mass": [
            0.0,
            87.7512,
            100.6503,
            102.7814,
            121.03,
            121.1891,
            227.7084,
            227.7326,
            264.6442
        ],
        "abs_mass_diff": [
            0.0,
            0.0,
            0.0,
            0.0,
            0.0,
            0.0,
            0.0,
            0.0,
            0.0
        ],
        "mass_diff": [
            0.0,
            0.0,
            0.0,
            0.0,
            0.0,
            0.0,
            0.0,
            0.0,
            0.0
        ],
        "formula": [
            "C6H8ClN5O2S",
            "C6H8ClN5O2S",
            "C6H8ClN5O2S",
            "C6H8ClN5O2S",
            "C6H8ClN5O2S",
            "C6H8ClN5O2S",
            "C6H8ClN5O2S",
            "C6H8ClN5O2S",
            "C6H8ClN5O2S"
        ],
        "ions": [
            "[M-H]-",
            "[M-H]-",
            "[M-H]-",
            "[M-H]-",
            "[M-H]-",
            "[M-H]-",
            "[M-H]-",
            "[M-H]-",
            "[M-H]-"
        ]
    }
}