{
    "cand_form": "C13H21NO3",
    "cand_ion": "[M+H]+",
    "output_tbl": {
        "mz": [
            55.0178,
            57.0699,
            61.0106,
            62.0184,
            77.0386,
            79.0542,
            80.0495,
            81.0335,
            91.0542,
            93.0699,
            95.0491,
            103.0542,
            105.0448,
            105.0573,
            106.0651,
            107.0491,
            117.0573,
            118.0651,
            120.0808,
            121.0648,
            130.0651,
            131.0491,
            133.0522,
            148.0757,
            163.0585
        ],
        "ms2_inten": [
            0.26796707153312005,
            0.5993960615061706,
            0.2746324944247853,
            0.2597618647153823,
            0.13913031822677419,
            0.47326829505935547,
            0.20350009716141693,
            0.08832285786291694,
            1.0,
            0.46542053747409706,
            0.34913818911803013,
            0.5165594557109956,
            0.14321548633235517,
            0.08210959617320097,
            0.0757694394956533,
            0.06271337409213949,
            0.10868320969066743,
            0.16613176857184692,
            0.28438881386321957,
            0.7812587601767739,
            0.5178195943823827,
            0.08011020064240842,
            0.5508211024255517,
            0.20173265069953497,
            0.05358305858697362
        ],
        "mono_mass": [
            55.0178,
            57.0699,
            61.0106,
            62.0184,
            77.0386,
            79.0542,
            80.0495,
            81.0335,
            91.0542,
            93.0699,
            95.0491,
            103.0542,
            105.0448,
            105.0573,
            106.0651,
            107.0491,
            117.0573,
            118.0651,
            120.0808,
            121.0648,
            130.0651,
            131.0491,
            133.0522,
            148.0757,
            163.0585
        ],
        "abs_mass_diff": [
            0.0,
            0.0,
            0.0,
            0.0,
            0.0,
            0.0,
            0.0,
            0.0,
            0.0,
            0.0,
            0.0,
            0.0,
            0.0,
            0.0,
            0.0,
            0.0,
            0.0,
            0.0,
            0.0,
            0.0,
            0.0,
            0.0,
            0.0,
            0.0,
            0.0
        ],
        "mass_diff": [
            0.0,
            0.0,
            0.0,
            0.0,
            0.0,
            0.0,
            0.0,
            0.0,
            0.0,
            0.0,
            0.0,
            0.0,
            0.0,
            0.0,
            0.0,
            0.0,
            0.0,
            0.0,
            0.0,
            0.0,
            0.0,
            0.0,
            0.0,
            0.0,
            0.0
        ],
        "formula": [
            "C13H21NO3",
            "C13H21NO3",
            "C13H21NO3",
            "C13H21NO3",
            "C13H21NO3",
            "C13H21NO3",
            "C13H21NO3",
            "C13H21NO3",
            "C13H21NO3",
            "C13H21NO3",
            "C13H21NO3",
            "C13H21NO3",
            "C13H21NO3",
            "C13H21NO3",
            "C13H21NO3",
            "C13H21NO3",
            "C13H21NO3",
            "C13H21NO3",
            "C13H21NO3",
            "C13H21NO3",
            "C13H21NO3",
            "C13H21NO3",
            "C13H21NO3",
            "C13H21NO3",
            "C13H21NO3"
        ],
        "ions": [
            "[M+H]+",
            "[M+H]+",
            "[M+H]+",
            "[M+H]+",
            "[M+H]+",
            "[M+H]+",
            "[M+H]+",
            "[M+H]+",
            "[M+H]+",
            "[M+H]+",
            "[M+H]+",
            "[M+H]+",
            "[M+H]+",
            "[M+H]+",
            "[M+H]+",
            "[M+H]+",
            "[M+H]+",
            "[M+H]+",
            "[M+H]+",
            "[M+H]+",
            "[M+H]+",
            "[M+H]+",
            "[M+H]+",
            "[M+H]+",
            "[M+H]+"
        ]
    }
}