{
    "cand_form": "C6H8ClN5O2S",
    "cand_ion": "[M-H]-",
    "output_tbl": {
        "mz": [
            51.1675,
            156.8455,
            179.9201,
            182.824,
            227.7246
        ],
        "ms2_inten": [
            0.8843683386800938,
            0.8598635336775089,
            0.663283335811964,
            0.8923601521171047,
            1.0
        ],
        "mono_mass": [
            51.1675,
            156.8455,
            179.9201,
            182.824,
            227.7246
        ],
        "abs_mass_diff": [
            0.0,
            0.0,
            0.0,
            0.0,
            0.0
        ],
        "mass_diff": [
            0.0,
            0.0,
            0.0,
            0.0,
            0.0
        ],
        "formula": [
            "C6H8ClN5O2S",
            "C6H8ClN5O2S",
            "C6H8ClN5O2S",
            "C6H8ClN5O2S",
            "C6H8ClN5O2S"
        ],
        "ions": [
            "[M-H]-",
            "[M-H]-",
            "[M-H]-",
            "[M-H]-",
            "[M-H]-"
        ]
    }
}