{
    "cand_form": "C14H15ClN4O3",
    "cand_ion": "[M-H]-",
    "output_tbl": {
        "mz": [
            51.7601,
            59.0139,
            69.8909,
            97.8342,
            115.079,
            135.1582,
            207.0946,
            227.7152,
            243.8782,
            261.8884
        ],
        "ms2_inten": [
            0.24273487716639192,
            1.0,
            0.25920387260343813,
            0.23041053811348955,
            0.26930208201395817,
            0.2526516115092446,
            0.23006674663632506,
            0.5000915358112574,
            0.8356091335709717,
            0.7659200466619763
        ],
        "mono_mass": [
            51.7601,
            59.0139,
            69.8909,
            97.8342,
            115.079,
            135.1582,
            207.0946,
            227.7152,
            243.8782,
            261.8884
        ],
        "abs_mass_diff": [
            0.0,
            0.0,
            0.0,
            0.0,
            0.0,
            0.0,
            0.0,
            0.0,
            0.0,
            0.0
        ],
        "mass_diff": [
            0.0,
            0.0,
            0.0,
            0.0,
            0.0,
            0.0,
            0.0,
            0.0,
            0.0,
            0.0
        ],
        "formula": [
            "C14H15ClN4O3",
            "C14H15ClN4O3",
            "C14H15ClN4O3",
            "C14H15ClN4O3",
            "C14H15ClN4O3",
            "C14H15ClN4O3",
            "C14H15ClN4O3",
            "C14H15ClN4O3",
            "C14H15ClN4O3",
            "C14H15ClN4O3"
        ],
        "ions": [
            "[M-H]-",
            "[M-H]-",
            "[M-H]-",
            "[M-H]-",
            "[M-H]-",
            "[M-H]-",
            "[M-H]-",
            "[M-H]-",
            "[M-H]-",
            "[M-H]-"
        ]
    }
}