{
    "cand_form": "C16H17BrClN3O3",
    "cand_ion": "[M+H]+",
    "output_tbl": {
        "mz": [
            95.0491,
            100.0757,
            120.0808,
            121.0648,
            138.0913,
            298.9222,
            396.0109,
            414.022
        ],
        "ms2_inten": [
            0.055196563162472595,
            1.0,
            0.45054452398169653,
            0.23130458651932487,
            0.529625319198284,
            0.03331903666284997,
            0.18198817375659876,
            0.13996522268281708
        ],
        "mono_mass": [
            95.0491,
            100.0757,
            120.0808,
            121.0648,
            138.0913,
            298.9222,
            396.0109,
            414.022
        ],
        "abs_mass_diff": [
            0.0,
            0.0,
            0.0,
            0.0,
            0.0,
            0.0,
            0.0,
            0.0
        ],
        "mass_diff": [
            0.0,
            0.0,
            0.0,
            0.0,
            0.0,
            0.0,
            0.0,
            0.0
        ],
        "formula": [
            "C16H17BrClN3O3",
            "C16H17BrClN3O3",
            "C16H17BrClN3O3",
            "C16H17BrClN3O3",
            "C16H17BrClN3O3",
            "C16H17BrClN3O3",
            "C16H17BrClN3O3",
            "C16H17BrClN3O3"
        ],
        "ions": [
            "[M+H]+",
            "[M+H]+",
            "[M+H]+",
            "[M+H]+",
            "[M+H]+",
            "[M+H]+",
            "[M+H]+",
            "[M+H]+"
        ]
    }
}