{
    "cand_form": "C16H17BrClN3O3",
    "cand_ion": "[M+H]+",
    "output_tbl": {
        "mz": [
            0.0,
            67.0417,
            80.0495,
            82.0651,
            91.0542,
            95.0491,
            100.0757,
            110.0964,
            120.0808,
            121.0648,
            138.0913,
            240.9166,
            258.9272
        ],
        "ms2_inten": [
            0.05082043644000395,
            0.06843545530915934,
            0.05647169463190059,
            0.36353650135966614,
            0.06267236652093687,
            0.10860878199073845,
            1.0,
            0.18334429711150002,
            0.2954749165229694,
            0.28442101160791083,
            0.09671833746659714,
            0.08428158991375616,
            0.052158165531511744
        ],
        "mono_mass": [
            0.0,
            67.0417,
            80.0495,
            82.0651,
            91.0542,
            95.0491,
            100.0757,
            110.0964,
            120.0808,
            121.0648,
            138.0913,
            240.9166,
            258.9272
        ],
        "abs_mass_diff": [
            0.0,
            0.0,
            0.0,
            0.0,
            0.0,
            0.0,
            0.0,
            0.0,
            0.0,
            0.0,
            0.0,
            0.0,
            0.0
        ],
        "mass_diff": [
            0.0,
            0.0,
            0.0,
            0.0,
            0.0,
            0.0,
            0.0,
            0.0,
            0.0,
            0.0,
            0.0,
            0.0,
            0.0
        ],
        "formula": [
            "C16H17BrClN3O3",
            "C16H17BrClN3O3",
            "C16H17BrClN3O3",
            "C16H17BrClN3O3",
            "C16H17BrClN3O3",
            "C16H17BrClN3O3",
            "C16H17BrClN3O3",
            "C16H17BrClN3O3",
            "C16H17BrClN3O3",
            "C16H17BrClN3O3",
            "C16H17BrClN3O3",
            "C16H17BrClN3O3",
            "C16H17BrClN3O3"
        ],
        "ions": [
            "[M+H]+",
            "[M+H]+",
            "[M+H]+",
            "[M+H]+",
            "[M+H]+",
            "[M+H]+",
            "[M+H]+",
            "[M+H]+",
            "[M+H]+",
            "[M+H]+",
            "[M+H]+",
            "[M+H]+",
            "[M+H]+"
        ]
    }
}