{
    "cand_form": "C16H17BrClN3O3",
    "cand_ion": "[M+H]+",
    "output_tbl": {
        "mz": [
            0.0,
            51.0229,
            52.0308,
            53.0386,
            54.0338,
            55.0542,
            55.9345,
            63.0229,
            65.0386,
            67.0417,
            68.0495,
            70.0651,
            72.0444,
            74.0151,
            75.0229,
            77.0386,
            80.0495,
            82.0651,
            83.9761,
            91.0542,
            93.0573,
            94.0651,
            95.0491,
            99.0104,
            100.0182,
            107.9761,
            118.0292,
            227.7375,
            438.2136
        ],
        "ms2_inten": [
            0.20526126545071174,
            0.5767976025003009,
            0.078478504368767,
            0.374811926125775,
            0.2094580764802303,
            0.21959928107323745,
            0.06403843229936962,
            0.2204012162704863,
            0.4621842364382161,
            0.9906339068627942,
            0.1946944785316343,
            0.1553814137222561,
            0.11343690831954434,
            0.1839063484096014,
            0.1984825588561801,
            0.14033815460106372,
            0.4092755740548907,
            0.15303929084843998,
            0.1308548574924043,
            0.13726541612490598,
            0.13090598038786877,
            0.13927189509985782,
            0.212160079292242,
            1.0,
            0.7035984774970584,
            0.09678965257448274,
            0.07697189370502329,
            0.1053817072055449,
            0.0644217909006674
        ],
        "mono_mass": [
            0.0,
            51.0229,
            52.0308,
            53.0386,
            54.0338,
            55.0542,
            55.9345,
            63.0229,
            65.0386,
            67.0417,
            68.0495,
            70.0651,
            72.0444,
            74.0151,
            75.0229,
            77.0386,
            80.0495,
            82.0651,
            83.9761,
            91.0542,
            93.0573,
            94.0651,
            95.0491,
            99.0104,
            100.0182,
            107.9761,
            118.0292,
            227.7375,
            438.2136
        ],
        "abs_mass_diff": [
            0.0,
            0.0,
            0.0,
            0.0,
            0.0,
            0.0,
            0.0,
            0.0,
            0.0,
            0.0,
            0.0,
            0.0,
            0.0,
            0.0,
            0.0,
            0.0,
            0.0,
            0.0,
            0.0,
            0.0,
            0.0,
            0.0,
            0.0,
            0.0,
            0.0,
            0.0,
            0.0,
            0.0,
            0.0
        ],
        "mass_diff": [
            0.0,
            0.0,
            0.0,
            0.0,
            0.0,
            0.0,
            0.0,
            0.0,
            0.0,
            0.0,
            0.0,
            0.0,
            0.0,
            0.0,
            0.0,
            0.0,
            0.0,
            0.0,
            0.0,
            0.0,
            0.0,
            0.0,
            0.0,
            0.0,
            0.0,
            0.0,
            0.0,
            0.0,
            0.0
        ],
        "formula": [
            "C16H17BrClN3O3",
            "C16H17BrClN3O3",
            "C16H17BrClN3O3",
            "C16H17BrClN3O3",
            "C16H17BrClN3O3",
            "C16H17BrClN3O3",
            "C16H17BrClN3O3",
            "C16H17BrClN3O3",
            "C16H17BrClN3O3",
            "C16H17BrClN3O3",
            "C16H17BrClN3O3",
            "C16H17BrClN3O3",
            "C16H17BrClN3O3",
            "C16H17BrClN3O3",
            "C16H17BrClN3O3",
            "C16H17BrClN3O3",
            "C16H17BrClN3O3",
            "C16H17BrClN3O3",
            "C16H17BrClN3O3",
            "C16H17BrClN3O3",
            "C16H17BrClN3O3",
            "C16H17BrClN3O3",
            "C16H17BrClN3O3",
            "C16H17BrClN3O3",
            "C16H17BrClN3O3",
            "C16H17BrClN3O3",
            "C16H17BrClN3O3",
            "C16H17BrClN3O3",
            "C16H17BrClN3O3"
        ],
        "ions": [
            "[M+H]+",
            "[M+H]+",
            "[M+H]+",
            "[M+H]+",
            "[M+H]+",
            "[M+H]+",
            "[M+H]+",
            "[M+H]+",
            "[M+H]+",
            "[M+H]+",
            "[M+H]+",
            "[M+H]+",
            "[M+H]+",
            "[M+H]+",
            "[M+H]+",
            "[M+H]+",
            "[M+H]+",
            "[M+H]+",
            "[M+H]+",
            "[M+H]+",
            "[M+H]+",
            "[M+H]+",
            "[M+H]+",
            "[M+H]+",
            "[M+H]+",
            "[M+H]+",
            "[M+H]+",
            "[M+H]+",
            "[M+H]+"
        ]
    }
}