{
    "cand_form": "C18H23N5O4S",
    "cand_ion": "[M+H]+",
    "output_tbl": {
        "mz": [
            166.0975,
            226.0849,
            227.0934,
            241.0733,
            254.0798,
            255.0877,
            255.124,
            256.0955,
            256.128,
            269.1033,
            283.119,
            284.1268,
            299.1139,
            300.1179,
            364.1074
        ],
        "ms2_inten": [
            0.09368426125642515,
            0.04828459892835326,
            0.04621081576005203,
            0.0472967333204863,
            0.08118993175028359,
            0.08249796674627562,
            0.5584331267962014,
            0.29129635906272805,
            0.03839488448302963,
            0.10500956815157357,
            0.584417672209,
            0.264057317616986,
            1.0,
            0.11296281264481747,
            0.20332847059870018
        ],
        "mono_mass": [
            166.0975,
            226.0849,
            227.0934,
            241.0733,
            254.0798,
            255.0877,
            255.124,
            256.0955,
            256.128,
            269.1033,
            283.119,
            284.1268,
            299.1139,
            300.1179,
            364.1074
        ],
        "abs_mass_diff": [
            0.0,
            0.0,
            0.0,
            0.0,
            0.0,
            0.0,
            0.0,
            0.0,
            0.0,
            0.0,
            0.0,
            0.0,
            0.0,
            0.0,
            0.0
        ],
        "mass_diff": [
            0.0,
            0.0,
            0.0,
            0.0,
            0.0,
            0.0,
            0.0,
            0.0,
            0.0,
            0.0,
            0.0,
            0.0,
            0.0,
            0.0,
            0.0
        ],
        "formula": [
            "C18H23N5O4S",
            "C18H23N5O4S",
            "C18H23N5O4S",
            "C18H23N5O4S",
            "C18H23N5O4S",
            "C18H23N5O4S",
            "C18H23N5O4S",
            "C18H23N5O4S",
            "C18H23N5O4S",
            "C18H23N5O4S",
            "C18H23N5O4S",
            "C18H23N5O4S",
            "C18H23N5O4S",
            "C18H23N5O4S",
            "C18H23N5O4S"
        ],
        "ions": [
            "[M+H]+",
            "[M+H]+",
            "[M+H]+",
            "[M+H]+",
            "[M+H]+",
            "[M+H]+",
            "[M+H]+",
            "[M+H]+",
            "[M+H]+",
            "[M+H]+",
            "[M+H]+",
            "[M+H]+",
            "[M+H]+",
            "[M+H]+",
            "[M+H]+"
        ]
    }
}