{
    "cand_form": "C43H74N2O14",
    "cand_ion": "[M+H]+",
    "output_tbl": {
        "mz": [
            97.2475,
            98.0964,
            133.0284,
            133.9958,
            227.7426,
            557.6509
        ],
        "ms2_inten": [
            0.21962181218885737,
            0.6235759879231739,
            0.20130456319354106,
            0.18432394646568925,
            1.0,
            0.20687204060735964
        ],
        "mono_mass": [
            97.2475,
            98.0964,
            133.0284,
            133.9958,
            227.7426,
            557.6509
        ],
        "abs_mass_diff": [
            0.0,
            0.0,
            0.0,
            0.0,
            0.0,
            0.0
        ],
        "mass_diff": [
            0.0,
            0.0,
            0.0,
            0.0,
            0.0,
            0.0
        ],
        "formula": [
            "C43H74N2O14",
            "C43H74N2O14",
            "C43H74N2O14",
            "C43H74N2O14",
            "C43H74N2O14",
            "C43H74N2O14"
        ],
        "ions": [
            "[M+H]+",
            "[M+H]+",
            "[M+H]+",
            "[M+H]+",
            "[M+H]+",
            "[M+H]+"
        ]
    }
}