{
    "cand_form": "C25H30ClN3",
    "cand_ion": "[M+H]+",
    "output_tbl": {
        "mz": [
            51.0042,
            55.0291,
            56.0495,
            57.0135,
            63.0229,
            75.004,
            77.0197,
            77.0386,
            81.0135,
            87.0229,
            91.0095,
            95.0478,
            101.0186,
            107.0283,
            125.0195,
            126.0274,
            127.0352,
            128.0387,
            137.0192,
            145.0258,
            151.0349,
            153.0378
        ],
        "ms2_inten": [
            0.10159720560993982,
            0.05862842598578649,
            0.14699691546001029,
            0.19579619659225977,
            0.1119756598008461,
            0.13296306603930366,
            0.15727154906263036,
            0.09071334141958123,
            0.1335358757420521,
            0.45490907184323853,
            0.12400688719871432,
            0.07430584976525383,
            0.7666901046140767,
            0.574261575919522,
            0.18974798901006817,
            0.061103934345034985,
            1.0,
            0.057908165534326685,
            0.06215941440085537,
            0.1717840194706613,
            0.052601688234415675,
            0.05327608318193075
        ],
        "mono_mass": [
            51.0042,
            55.0291,
            56.0495,
            57.0135,
            63.0229,
            75.004,
            77.0197,
            77.0386,
            81.0135,
            87.0229,
            91.0095,
            95.0478,
            101.0186,
            107.0283,
            125.0195,
            126.0274,
            127.0352,
            128.0387,
            137.0192,
            145.0258,
            151.0349,
            153.0378
        ],
        "abs_mass_diff": [
            0.0,
            0.0,
            0.0,
            0.0,
            0.0,
            0.0,
            0.0,
            0.0,
            0.0,
            0.0,
            0.0,
            0.0,
            0.0,
            0.0,
            0.0,
            0.0,
            0.0,
            0.0,
            0.0,
            0.0,
            0.0,
            0.0
        ],
        "mass_diff": [
            0.0,
            0.0,
            0.0,
            0.0,
            0.0,
            0.0,
            0.0,
            0.0,
            0.0,
            0.0,
            0.0,
            0.0,
            0.0,
            0.0,
            0.0,
            0.0,
            0.0,
            0.0,
            0.0,
            0.0,
            0.0,
            0.0
        ],
        "formula": [
            "C25H30ClN3",
            "C25H30ClN3",
            "C25H30ClN3",
            "C25H30ClN3",
            "C25H30ClN3",
            "C25H30ClN3",
            "C25H30ClN3",
            "C25H30ClN3",
            "C25H30ClN3",
            "C25H30ClN3",
            "C25H30ClN3",
            "C25H30ClN3",
            "C25H30ClN3",
            "C25H30ClN3",
            "C25H30ClN3",
            "C25H30ClN3",
            "C25H30ClN3",
            "C25H30ClN3",
            "C25H30ClN3",
            "C25H30ClN3",
            "C25H30ClN3",
            "C25H30ClN3"
        ],
        "ions": [
            "[M+H]+",
            "[M+H]+",
            "[M+H]+",
            "[M+H]+",
            "[M+H]+",
            "[M+H]+",
            "[M+H]+",
            "[M+H]+",
            "[M+H]+",
            "[M+H]+",
            "[M+H]+",
            "[M+H]+",
            "[M+H]+",
            "[M+H]+",
            "[M+H]+",
            "[M+H]+",
            "[M+H]+",
            "[M+H]+",
            "[M+H]+",
            "[M+H]+",
            "[M+H]+",
            "[M+H]+"
        ]
    }
}