{
    "cand_form": "C12H15N3O2S",
    "cand_ion": "[M+H]+",
    "output_tbl": {
        "mz": [
            0.0,
            57.0699,
            67.0542,
            69.0699,
            79.0542,
            81.0699,
            85.076,
            91.0542,
            110.06,
            123.0917,
            165.0692,
            169.0972,
            170.0998,
            180.0801,
            192.0801,
            205.0794
        ],
        "ms2_inten": [
            0.2201620215325783,
            0.24982679890999784,
            0.2593421546272182,
            0.31694903521381396,
            0.1336107065717954,
            0.1521779765925305,
            0.30100717872070176,
            0.1976993538415747,
            0.1063906439534476,
            0.1523969653924134,
            0.20978165062477824,
            1.0,
            0.13533602143185477,
            0.10137370674476072,
            0.14266677053387808,
            0.1339147633723219
        ],
        "mono_mass": [
            0.0,
            57.0699,
            67.0542,
            69.0699,
            79.0542,
            81.0699,
            85.076,
            91.0542,
            110.06,
            123.0917,
            165.0692,
            169.0972,
            170.0998,
            180.0801,
            192.0801,
            205.0794
        ],
        "abs_mass_diff": [
            0.0,
            0.0,
            0.0,
            0.0,
            0.0,
            0.0,
            0.0,
            0.0,
            0.0,
            0.0,
            0.0,
            0.0,
            0.0,
            0.0,
            0.0,
            0.0
        ],
        "mass_diff": [
            0.0,
            0.0,
            0.0,
            0.0,
            0.0,
            0.0,
            0.0,
            0.0,
            0.0,
            0.0,
            0.0,
            0.0,
            0.0,
            0.0,
            0.0,
            0.0
        ],
        "formula": [
            "C12H15N3O2S",
            "C12H15N3O2S",
            "C12H15N3O2S",
            "C12H15N3O2S",
            "C12H15N3O2S",
            "C12H15N3O2S",
            "C12H15N3O2S",
            "C12H15N3O2S",
            "C12H15N3O2S",
            "C12H15N3O2S",
            "C12H15N3O2S",
            "C12H15N3O2S",
            "C12H15N3O2S",
            "C12H15N3O2S",
            "C12H15N3O2S",
            "C12H15N3O2S"
        ],
        "ions": [
            "[M+H]+",
            "[M+H]+",
            "[M+H]+",
            "[M+H]+",
            "[M+H]+",
            "[M+H]+",
            "[M+H]+",
            "[M+H]+",
            "[M+H]+",
            "[M+H]+",
            "[M+H]+",
            "[M+H]+",
            "[M+H]+",
            "[M+H]+",
            "[M+H]+",
            "[M+H]+"
        ]
    }
}