{
    "cand_form": "C14H14N4O2S",
    "cand_ion": "[M+H]+",
    "output_tbl": {
        "mz": [
            81.0699,
            83.0491,
            93.0699,
            95.0855,
            97.0648,
            105.0699,
            107.0855,
            109.0648,
            119.0855,
            121.1012,
            123.0804,
            133.1012
        ],
        "ms2_inten": [
            0.09472952321690488,
            0.06142948321512702,
            0.0797099959998222,
            0.12254494612458967,
            1.0,
            0.06186187830570248,
            0.10555326776428159,
            0.9677942562526588,
            0.07178941032299849,
            0.09962685833656099,
            0.12785440876737378,
            0.07021407681611247
        ],
        "mono_mass": [
            81.0699,
            83.0491,
            93.0699,
            95.0855,
            97.0648,
            105.0699,
            107.0855,
            109.0648,
            119.0855,
            121.1012,
            123.0804,
            133.1012
        ],
        "abs_mass_diff": [
            0.0,
            0.0,
            0.0,
            0.0,
            0.0,
            0.0,
            0.0,
            0.0,
            0.0,
            0.0,
            0.0,
            0.0
        ],
        "mass_diff": [
            0.0,
            0.0,
            0.0,
            0.0,
            0.0,
            0.0,
            0.0,
            0.0,
            0.0,
            0.0,
            0.0,
            0.0
        ],
        "formula": [
            "C14H14N4O2S",
            "C14H14N4O2S",
            "C14H14N4O2S",
            "C14H14N4O2S",
            "C14H14N4O2S",
            "C14H14N4O2S",
            "C14H14N4O2S",
            "C14H14N4O2S",
            "C14H14N4O2S",
            "C14H14N4O2S",
            "C14H14N4O2S",
            "C14H14N4O2S"
        ],
        "ions": [
            "[M+H]+",
            "[M+H]+",
            "[M+H]+",
            "[M+H]+",
            "[M+H]+",
            "[M+H]+",
            "[M+H]+",
            "[M+H]+",
            "[M+H]+",
            "[M+H]+",
            "[M+H]+",
            "[M+H]+"
        ]
    }
}