{
    "cand_form": "C14H14N4O2S",
    "cand_ion": "[M+H]+",
    "output_tbl": {
        "mz": [
            55.0178,
            55.0542,
            67.0542,
            69.0699,
            79.0542,
            81.0699,
            83.0491,
            91.0542,
            93.0699,
            95.0491,
            95.0855,
            97.0648,
            105.0699,
            107.0855,
            109.0648,
            119.0855,
            121.0648,
            123.0804
        ],
        "ms2_inten": [
            0.08634069715773043,
            0.1285542111489365,
            0.2593170362139959,
            0.12372855934628296,
            0.5497882616079569,
            0.474114467381276,
            0.06841513761571567,
            0.3445015507110307,
            0.2137165396971627,
            0.11440268581975228,
            0.14692920340781238,
            1.0,
            0.22932062086301894,
            0.10152599367781825,
            0.7805802068609188,
            0.10886943424474428,
            0.052265538865867676,
            0.14226811095324995
        ],
        "mono_mass": [
            55.0178,
            55.0542,
            67.0542,
            69.0699,
            79.0542,
            81.0699,
            83.0491,
            91.0542,
            93.0699,
            95.0491,
            95.0855,
            97.0648,
            105.0699,
            107.0855,
            109.0648,
            119.0855,
            121.0648,
            123.0804
        ],
        "abs_mass_diff": [
            0.0,
            0.0,
            0.0,
            0.0,
            0.0,
            0.0,
            0.0,
            0.0,
            0.0,
            0.0,
            0.0,
            0.0,
            0.0,
            0.0,
            0.0,
            0.0,
            0.0,
            0.0
        ],
        "mass_diff": [
            0.0,
            0.0,
            0.0,
            0.0,
            0.0,
            0.0,
            0.0,
            0.0,
            0.0,
            0.0,
            0.0,
            0.0,
            0.0,
            0.0,
            0.0,
            0.0,
            0.0,
            0.0
        ],
        "formula": [
            "C14H14N4O2S",
            "C14H14N4O2S",
            "C14H14N4O2S",
            "C14H14N4O2S",
            "C14H14N4O2S",
            "C14H14N4O2S",
            "C14H14N4O2S",
            "C14H14N4O2S",
            "C14H14N4O2S",
            "C14H14N4O2S",
            "C14H14N4O2S",
            "C14H14N4O2S",
            "C14H14N4O2S",
            "C14H14N4O2S",
            "C14H14N4O2S",
            "C14H14N4O2S",
            "C14H14N4O2S",
            "C14H14N4O2S"
        ],
        "ions": [
            "[M+H]+",
            "[M+H]+",
            "[M+H]+",
            "[M+H]+",
            "[M+H]+",
            "[M+H]+",
            "[M+H]+",
            "[M+H]+",
            "[M+H]+",
            "[M+H]+",
            "[M+H]+",
            "[M+H]+",
            "[M+H]+",
            "[M+H]+",
            "[M+H]+",
            "[M+H]+",
            "[M+H]+",
            "[M+H]+"
        ]
    }
}