{
    "cand_form": "C8H13N3O4S",
    "cand_ion": "[M+H]+",
    "output_tbl": {
        "mz": [
            0.0,
            55.8153,
            57.9348,
            67.0542,
            80.9026,
            81.0699,
            91.0542,
            93.0699,
            95.0855,
            98.06,
            104.0495,
            116.9838,
            117.0369,
            117.07,
            117.9787,
            131.0604,
            131.9954,
            159.0526,
            160.7711,
            175.0138,
            187.0513,
            189.0328,
            205.0641,
            228.526
        ],
        "ms2_inten": [
            0.1682471889182771,
            0.15060934489908678,
            0.6949578048877842,
            0.29939377132777173,
            0.15909843705466842,
            0.20405158510905744,
            0.559315802631496,
            0.23370230859889538,
            0.15905887147770076,
            0.8562761159068326,
            0.3086086992448927,
            0.3269296622080113,
            0.1553964295743234,
            0.17180669029396872,
            1.0,
            0.33291982053334396,
            0.32067129829013685,
            0.4742249523637456,
            0.15112264698611844,
            0.6394693590866725,
            0.33631825849837077,
            0.30726452004154037,
            0.3067918339450242,
            0.15400007983142966
        ],
        "mono_mass": [
            0.0,
            55.8153,
            57.9348,
            67.0542,
            80.9026,
            81.0699,
            91.0542,
            93.0699,
            95.0855,
            98.06,
            104.0495,
            116.9838,
            117.0369,
            117.07,
            117.9787,
            131.0604,
            131.9954,
            159.0526,
            160.7711,
            175.0138,
            187.0513,
            189.0328,
            205.0641,
            228.526
        ],
        "abs_mass_diff": [
            0.0,
            0.0,
            0.0,
            0.0,
            0.0,
            0.0,
            0.0,
            0.0,
            0.0,
            0.0,
            0.0,
            0.0,
            0.0,
            0.0,
            0.0,
            0.0,
            0.0,
            0.0,
            0.0,
            0.0,
            0.0,
            0.0,
            0.0,
            0.0
        ],
        "mass_diff": [
            0.0,
            0.0,
            0.0,
            0.0,
            0.0,
            0.0,
            0.0,
            0.0,
            0.0,
            0.0,
            0.0,
            0.0,
            0.0,
            0.0,
            0.0,
            0.0,
            0.0,
            0.0,
            0.0,
            0.0,
            0.0,
            0.0,
            0.0,
            0.0
        ],
        "formula": [
            "C8H13N3O4S",
            "C8H13N3O4S",
            "C8H13N3O4S",
            "C8H13N3O4S",
            "C8H13N3O4S",
            "C8H13N3O4S",
            "C8H13N3O4S",
            "C8H13N3O4S",
            "C8H13N3O4S",
            "C8H13N3O4S",
            "C8H13N3O4S",
            "C8H13N3O4S",
            "C8H13N3O4S",
            "C8H13N3O4S",
            "C8H13N3O4S",
            "C8H13N3O4S",
            "C8H13N3O4S",
            "C8H13N3O4S",
            "C8H13N3O4S",
            "C8H13N3O4S",
            "C8H13N3O4S",
            "C8H13N3O4S",
            "C8H13N3O4S",
            "C8H13N3O4S"
        ],
        "ions": [
            "[M+H]+",
            "[M+H]+",
            "[M+H]+",
            "[M+H]+",
            "[M+H]+",
            "[M+H]+",
            "[M+H]+",
            "[M+H]+",
            "[M+H]+",
            "[M+H]+",
            "[M+H]+",
            "[M+H]+",
            "[M+H]+",
            "[M+H]+",
            "[M+H]+",
            "[M+H]+",
            "[M+H]+",
            "[M+H]+",
            "[M+H]+",
            "[M+H]+",
            "[M+H]+",
            "[M+H]+",
            "[M+H]+",
            "[M+H]+"
        ]
    }
}