{
    "cand_form": "C14H9Cl3N2OS",
    "cand_ion": "[M-H]-",
    "output_tbl": {
        "mz": [
            56.2694,
            59.0139,
            81.7849,
            100.98,
            148.9708,
            192.9617,
            227.7238
        ],
        "ms2_inten": [
            0.07417247422623818,
            1.0,
            0.0732728628912726,
            0.19370824458449076,
            0.5784271006027603,
            0.34070720704647517,
            0.12704848568856295
        ],
        "mono_mass": [
            56.2694,
            59.0139,
            81.7849,
            100.98,
            148.9708,
            192.9617,
            227.7238
        ],
        "abs_mass_diff": [
            0.0,
            0.0,
            0.0,
            0.0,
            0.0,
            0.0,
            0.0
        ],
        "mass_diff": [
            0.0,
            0.0,
            0.0,
            0.0,
            0.0,
            0.0,
            0.0
        ],
        "formula": [
            "C14H9Cl3N2OS",
            "C14H9Cl3N2OS",
            "C14H9Cl3N2OS",
            "C14H9Cl3N2OS",
            "C14H9Cl3N2OS",
            "C14H9Cl3N2OS",
            "C14H9Cl3N2OS"
        ],
        "ions": [
            "[M-H]-",
            "[M-H]-",
            "[M-H]-",
            "[M-H]-",
            "[M-H]-",
            "[M-H]-",
            "[M-H]-"
        ]
    }
}