{
    "cand_form": "C14H9Cl3N2OS",
    "cand_ion": "[M-H]-",
    "output_tbl": {
        "mz": [
            56.8947,
            59.014,
            76.9701,
            78.068,
            89.1022,
            98.5608,
            98.9845,
            187.2985,
            227.719,
            246.8078
        ],
        "ms2_inten": [
            0.43684644365217834,
            1.0,
            0.6097317252016485,
            0.4340711522415232,
            0.4419034615287365,
            0.5094500493059243,
            0.8799292017497282,
            0.43148903891375257,
            0.897083617790589,
            0.49078459632354804
        ],
        "mono_mass": [
            56.8947,
            59.014,
            76.9701,
            78.068,
            89.1022,
            98.5608,
            98.9845,
            187.2985,
            227.719,
            246.8078
        ],
        "abs_mass_diff": [
            0.0,
            0.0,
            0.0,
            0.0,
            0.0,
            0.0,
            0.0,
            0.0,
            0.0,
            0.0
        ],
        "mass_diff": [
            0.0,
            0.0,
            0.0,
            0.0,
            0.0,
            0.0,
            0.0,
            0.0,
            0.0,
            0.0
        ],
        "formula": [
            "C14H9Cl3N2OS",
            "C14H9Cl3N2OS",
            "C14H9Cl3N2OS",
            "C14H9Cl3N2OS",
            "C14H9Cl3N2OS",
            "C14H9Cl3N2OS",
            "C14H9Cl3N2OS",
            "C14H9Cl3N2OS",
            "C14H9Cl3N2OS",
            "C14H9Cl3N2OS"
        ],
        "ions": [
            "[M-H]-",
            "[M-H]-",
            "[M-H]-",
            "[M-H]-",
            "[M-H]-",
            "[M-H]-",
            "[M-H]-",
            "[M-H]-",
            "[M-H]-",
            "[M-H]-"
        ]
    }
}