{
    "cand_form": "C10H14FNO3S",
    "cand_ion": "[M+H]+",
    "output_tbl": {
        "mz": [
            0.0,
            57.9348,
            65.0386,
            77.0386
        ],
        "ms2_inten": [
            0.15835300133239352,
            1.0,
            0.11946011936365207,
            0.12149384954050757
        ],
        "mono_mass": [
            0.0,
            57.9348,
            65.0386,
            77.0386
        ],
        "abs_mass_diff": [
            0.0,
            0.0,
            0.0,
            0.0
        ],
        "mass_diff": [
            0.0,
            0.0,
            0.0,
            0.0
        ],
        "formula": [
            "C10H14FNO3S",
            "C10H14FNO3S",
            "C10H14FNO3S",
            "C10H14FNO3S"
        ],
        "ions": [
            "[M+H]+",
            "[M+H]+",
            "[M+H]+",
            "[M+H]+"
        ]
    }
}