{
    "cand_form": "C12H15Cl2NO5S",
    "cand_ion": "[M+H]+",
    "output_tbl": {
        "mz": [
            74.06,
            144.0114,
            145.9906,
            168.9231,
            185.927,
            186.9348,
            203.9376,
            204.9454,
            223.9664,
            241.977
        ],
        "ms2_inten": [
            0.17111328519941638,
            0.5947366511126008,
            0.2833747101450971,
            0.5143185181401199,
            0.17323876452711034,
            1.0,
            0.1374840235310492,
            0.07838034886719696,
            0.927321589113827,
            0.6948826582778385
        ],
        "mono_mass": [
            74.06,
            144.0114,
            145.9906,
            168.9231,
            185.927,
            186.9348,
            203.9376,
            204.9454,
            223.9664,
            241.977
        ],
        "abs_mass_diff": [
            0.0,
            0.0,
            0.0,
            0.0,
            0.0,
            0.0,
            0.0,
            0.0,
            0.0,
            0.0
        ],
        "mass_diff": [
            0.0,
            0.0,
            0.0,
            0.0,
            0.0,
            0.0,
            0.0,
            0.0,
            0.0,
            0.0
        ],
        "formula": [
            "C12H15Cl2NO5S",
            "C12H15Cl2NO5S",
            "C12H15Cl2NO5S",
            "C12H15Cl2NO5S",
            "C12H15Cl2NO5S",
            "C12H15Cl2NO5S",
            "C12H15Cl2NO5S",
            "C12H15Cl2NO5S",
            "C12H15Cl2NO5S",
            "C12H15Cl2NO5S"
        ],
        "ions": [
            "[M+H]+",
            "[M+H]+",
            "[M+H]+",
            "[M+H]+",
            "[M+H]+",
            "[M+H]+",
            "[M+H]+",
            "[M+H]+",
            "[M+H]+",
            "[M+H]+"
        ]
    }
}