{
    "cand_form": "C18H14F3N3O4S",
    "cand_ion": "[M-H]-",
    "output_tbl": {
        "mz": [
            0.0,
            299.2043,
            300.206,
            345.0129,
            346.0115,
            347.0108,
            377.0413,
            391.109,
            392.1121,
            393.1088,
            423.0766,
            423.4183,
            424.0791,
            425.0663
        ],
        "ms2_inten": [
            0.04699744651468914,
            0.08494694556622095,
            0.024629584846340258,
            0.3059743104799719,
            0.1357397234918135,
            0.03383699049233811,
            0.06424136055542928,
            1.0,
            0.29041190547490375,
            0.055648167946551134,
            0.7517040627579653,
            0.04831747885201419,
            0.28415616493543844,
            0.08836474337499556
        ],
        "mono_mass": [
            0.0,
            299.2043,
            300.206,
            345.0129,
            346.0115,
            347.0108,
            377.0413,
            391.109,
            392.1121,
            393.1088,
            423.0766,
            423.4183,
            424.0791,
            425.0663
        ],
        "abs_mass_diff": [
            0.0,
            0.0,
            0.0,
            0.0,
            0.0,
            0.0,
            0.0,
            0.0,
            0.0,
            0.0,
            0.0,
            0.0,
            0.0,
            0.0
        ],
        "mass_diff": [
            0.0,
            0.0,
            0.0,
            0.0,
            0.0,
            0.0,
            0.0,
            0.0,
            0.0,
            0.0,
            0.0,
            0.0,
            0.0,
            0.0
        ],
        "formula": [
            "C18H14F3N3O4S",
            "C18H14F3N3O4S",
            "C18H14F3N3O4S",
            "C18H14F3N3O4S",
            "C18H14F3N3O4S",
            "C18H14F3N3O4S",
            "C18H14F3N3O4S",
            "C18H14F3N3O4S",
            "C18H14F3N3O4S",
            "C18H14F3N3O4S",
            "C18H14F3N3O4S",
            "C18H14F3N3O4S",
            "C18H14F3N3O4S",
            "C18H14F3N3O4S"
        ],
        "ions": [
            "[M-H]-",
            "[M-H]-",
            "[M-H]-",
            "[M-H]-",
            "[M-H]-",
            "[M-H]-",
            "[M-H]-",
            "[M-H]-",
            "[M-H]-",
            "[M-H]-",
            "[M-H]-",
            "[M-H]-",
            "[M-H]-",
            "[M-H]-"
        ]
    }
}