{
    "cand_form": "C18H14F3N3O4S",
    "cand_ion": "[M-H]-",
    "output_tbl": {
        "mz": [
            0.0,
            61.9884,
            283.1178,
            297.0818,
            298.106,
            299.1127,
            299.2029,
            300.2056,
            345.0129,
            346.0117,
            347.0069,
            362.0706,
            363.0724,
            364.0699,
            377.0413,
            378.0417,
            391.1079,
            392.1105,
            393.1057,
            423.4196
        ],
        "ms2_inten": [
            0.06024012247824673,
            0.022957404281021117,
            0.033720812239135284,
            0.07181633233667212,
            0.2816373227005451,
            0.05878556391805998,
            0.14051929731658852,
            0.027088815430905473,
            0.3719021059699251,
            0.19206192658919258,
            0.04524091603581435,
            1.0,
            0.27062662041890945,
            0.03218512378684586,
            0.11195582678805222,
            0.03619242293601549,
            0.8429467064773339,
            0.30241794813856865,
            0.05515555905321043,
            0.05828525775188294
        ],
        "mono_mass": [
            0.0,
            61.9884,
            283.1178,
            297.0818,
            298.106,
            299.1127,
            299.2029,
            300.2056,
            345.0129,
            346.0117,
            347.0069,
            362.0706,
            363.0724,
            364.0699,
            377.0413,
            378.0417,
            391.1079,
            392.1105,
            393.1057,
            423.4196
        ],
        "abs_mass_diff": [
            0.0,
            0.0,
            0.0,
            0.0,
            0.0,
            0.0,
            0.0,
            0.0,
            0.0,
            0.0,
            0.0,
            0.0,
            0.0,
            0.0,
            0.0,
            0.0,
            0.0,
            0.0,
            0.0,
            0.0
        ],
        "mass_diff": [
            0.0,
            0.0,
            0.0,
            0.0,
            0.0,
            0.0,
            0.0,
            0.0,
            0.0,
            0.0,
            0.0,
            0.0,
            0.0,
            0.0,
            0.0,
            0.0,
            0.0,
            0.0,
            0.0,
            0.0
        ],
        "formula": [
            "C18H14F3N3O4S",
            "C18H14F3N3O4S",
            "C18H14F3N3O4S",
            "C18H14F3N3O4S",
            "C18H14F3N3O4S",
            "C18H14F3N3O4S",
            "C18H14F3N3O4S",
            "C18H14F3N3O4S",
            "C18H14F3N3O4S",
            "C18H14F3N3O4S",
            "C18H14F3N3O4S",
            "C18H14F3N3O4S",
            "C18H14F3N3O4S",
            "C18H14F3N3O4S",
            "C18H14F3N3O4S",
            "C18H14F3N3O4S",
            "C18H14F3N3O4S",
            "C18H14F3N3O4S",
            "C18H14F3N3O4S",
            "C18H14F3N3O4S"
        ],
        "ions": [
            "[M-H]-",
            "[M-H]-",
            "[M-H]-",
            "[M-H]-",
            "[M-H]-",
            "[M-H]-",
            "[M-H]-",
            "[M-H]-",
            "[M-H]-",
            "[M-H]-",
            "[M-H]-",
            "[M-H]-",
            "[M-H]-",
            "[M-H]-",
            "[M-H]-",
            "[M-H]-",
            "[M-H]-",
            "[M-H]-",
            "[M-H]-",
            "[M-H]-"
        ]
    }
}