{
    "cand_form": "C18H14F3N3O6S",
    "cand_ion": "[M-H]-",
    "output_tbl": {
        "mz": [
            57.9757,
            59.0139,
            65.0145,
            78.959,
            79.9574,
            81.9757,
            83.9725,
            91.0302,
            94.9808,
            96.9601,
            118.0298,
            122.9899,
            143.0251,
            160.9941,
            162.0031,
            163.006,
            227.7147,
            246.0707,
            252.0215,
            280.0301,
            281.0339,
            292.0297,
            295.0524,
            297.9996
        ],
        "ms2_inten": [
            1.0,
            0.420002407278941,
            0.12854782848556578,
            0.3124989072600845,
            0.6937696991204761,
            0.31271434861069225,
            0.0845126856808951,
            0.09447370539038305,
            0.5176093321505973,
            0.7790479168439735,
            0.11414013397822208,
            0.15092020621681954,
            0.5251857585609038,
            0.2303752942089336,
            0.6313515281814193,
            0.08866372466161908,
            0.20370145868677297,
            0.3053192628409041,
            0.09838069310271234,
            0.6064832963595902,
            0.12904806856323447,
            0.14521830739969513,
            0.14574730188968507,
            0.1402313675381758
        ],
        "mono_mass": [
            57.9757,
            59.0139,
            65.0145,
            78.959,
            79.9574,
            81.9757,
            83.9725,
            91.0302,
            94.9808,
            96.9601,
            118.0298,
            122.9899,
            143.0251,
            160.9941,
            162.0031,
            163.006,
            227.7147,
            246.0707,
            252.0215,
            280.0301,
            281.0339,
            292.0297,
            295.0524,
            297.9996
        ],
        "abs_mass_diff": [
            0.0,
            0.0,
            0.0,
            0.0,
            0.0,
            0.0,
            0.0,
            0.0,
            0.0,
            0.0,
            0.0,
            0.0,
            0.0,
            0.0,
            0.0,
            0.0,
            0.0,
            0.0,
            0.0,
            0.0,
            0.0,
            0.0,
            0.0,
            0.0
        ],
        "mass_diff": [
            0.0,
            0.0,
            0.0,
            0.0,
            0.0,
            0.0,
            0.0,
            0.0,
            0.0,
            0.0,
            0.0,
            0.0,
            0.0,
            0.0,
            0.0,
            0.0,
            0.0,
            0.0,
            0.0,
            0.0,
            0.0,
            0.0,
            0.0,
            0.0
        ],
        "formula": [
            "C18H14F3N3O6S",
            "C18H14F3N3O6S",
            "C18H14F3N3O6S",
            "C18H14F3N3O6S",
            "C18H14F3N3O6S",
            "C18H14F3N3O6S",
            "C18H14F3N3O6S",
            "C18H14F3N3O6S",
            "C18H14F3N3O6S",
            "C18H14F3N3O6S",
            "C18H14F3N3O6S",
            "C18H14F3N3O6S",
            "C18H14F3N3O6S",
            "C18H14F3N3O6S",
            "C18H14F3N3O6S",
            "C18H14F3N3O6S",
            "C18H14F3N3O6S",
            "C18H14F3N3O6S",
            "C18H14F3N3O6S",
            "C18H14F3N3O6S",
            "C18H14F3N3O6S",
            "C18H14F3N3O6S",
            "C18H14F3N3O6S",
            "C18H14F3N3O6S"
        ],
        "ions": [
            "[M-H]-",
            "[M-H]-",
            "[M-H]-",
            "[M-H]-",
            "[M-H]-",
            "[M-H]-",
            "[M-H]-",
            "[M-H]-",
            "[M-H]-",
            "[M-H]-",
            "[M-H]-",
            "[M-H]-",
            "[M-H]-",
            "[M-H]-",
            "[M-H]-",
            "[M-H]-",
            "[M-H]-",
            "[M-H]-",
            "[M-H]-",
            "[M-H]-",
            "[M-H]-",
            "[M-H]-",
            "[M-H]-",
            "[M-H]-"
        ]
    }
}