{
    "cand_form": "C14H11F3N2O2",
    "cand_ion": "[M+H]+",
    "output_tbl": {
        "mz": [
            92.0495,
            108.0444,
            126.01,
            192.9624,
            199.0981,
            200.1055,
            267.0001,
            283.0309,
            299.0625
        ],
        "ms2_inten": [
            0.04844262830315346,
            0.056934407065661385,
            0.04044175552568537,
            0.04083747962439291,
            1.0,
            0.4564193969025583,
            0.04454375948048178,
            0.1279648848102512,
            0.103685668605662
        ],
        "mono_mass": [
            92.0495,
            108.0444,
            126.01,
            192.9624,
            199.0981,
            200.1055,
            267.0001,
            283.0309,
            299.0625
        ],
        "abs_mass_diff": [
            0.0,
            0.0,
            0.0,
            0.0,
            0.0,
            0.0,
            0.0,
            0.0,
            0.0
        ],
        "mass_diff": [
            0.0,
            0.0,
            0.0,
            0.0,
            0.0,
            0.0,
            0.0,
            0.0,
            0.0
        ],
        "formula": [
            "C14H11F3N2O2",
            "C14H11F3N2O2",
            "C14H11F3N2O2",
            "C14H11F3N2O2",
            "C14H11F3N2O2",
            "C14H11F3N2O2",
            "C14H11F3N2O2",
            "C14H11F3N2O2",
            "C14H11F3N2O2"
        ],
        "ions": [
            "[M+H]+",
            "[M+H]+",
            "[M+H]+",
            "[M+H]+",
            "[M+H]+",
            "[M+H]+",
            "[M+H]+",
            "[M+H]+",
            "[M+H]+"
        ]
    }
}