{
    "cand_form": "C37H53NO8",
    "cand_ion": "[M+H]+",
    "output_tbl": {
        "mz": [
            73.0469,
            74.0964,
            76.0757,
            81.0699,
            152.1434,
            153.1467,
            227.7505
        ],
        "ms2_inten": [
            0.3295638286461168,
            0.5862703753878424,
            0.18562981451097083,
            0.1748973533349489,
            1.0,
            0.31958420899993245,
            0.3220210120256006
        ],
        "mono_mass": [
            73.0469,
            74.0964,
            76.0757,
            81.0699,
            152.1434,
            153.1467,
            227.7505
        ],
        "abs_mass_diff": [
            0.0,
            0.0,
            0.0,
            0.0,
            0.0,
            0.0,
            0.0
        ],
        "mass_diff": [
            0.0,
            0.0,
            0.0,
            0.0,
            0.0,
            0.0,
            0.0
        ],
        "formula": [
            "C37H53NO8",
            "C37H53NO8",
            "C37H53NO8",
            "C37H53NO8",
            "C37H53NO8",
            "C37H53NO8",
            "C37H53NO8"
        ],
        "ions": [
            "[M+H]+",
            "[M+H]+",
            "[M+H]+",
            "[M+H]+",
            "[M+H]+",
            "[M+H]+",
            "[M+H]+"
        ]
    }
}