{
    "cand_form": "C37H53NO8",
    "cand_ion": "[M+H]+",
    "output_tbl": {
        "mz": [
            0.0,
            73.0469,
            74.0964,
            74.925,
            75.3488,
            76.0757,
            79.0542,
            81.0699,
            91.0542,
            105.0699,
            152.1434,
            227.7351,
            297.4951,
            313.3767
        ],
        "ms2_inten": [
            0.22044922556854277,
            0.7742235177635632,
            1.0,
            0.2217746012426768,
            0.22443632187504173,
            0.25764654486627964,
            0.269036000236555,
            0.2655520602223235,
            0.3475593819809955,
            0.25267507454343935,
            0.5845841496706353,
            0.7649711650905872,
            0.25821551686312816,
            0.23402919928041496
        ],
        "mono_mass": [
            0.0,
            73.0469,
            74.0964,
            74.925,
            75.3488,
            76.0757,
            79.0542,
            81.0699,
            91.0542,
            105.0699,
            152.1434,
            227.7351,
            297.4951,
            313.3767
        ],
        "abs_mass_diff": [
            0.0,
            0.0,
            0.0,
            0.0,
            0.0,
            0.0,
            0.0,
            0.0,
            0.0,
            0.0,
            0.0,
            0.0,
            0.0,
            0.0
        ],
        "mass_diff": [
            0.0,
            0.0,
            0.0,
            0.0,
            0.0,
            0.0,
            0.0,
            0.0,
            0.0,
            0.0,
            0.0,
            0.0,
            0.0,
            0.0
        ],
        "formula": [
            "C37H53NO8",
            "C37H53NO8",
            "C37H53NO8",
            "C37H53NO8",
            "C37H53NO8",
            "C37H53NO8",
            "C37H53NO8",
            "C37H53NO8",
            "C37H53NO8",
            "C37H53NO8",
            "C37H53NO8",
            "C37H53NO8",
            "C37H53NO8",
            "C37H53NO8"
        ],
        "ions": [
            "[M+H]+",
            "[M+H]+",
            "[M+H]+",
            "[M+H]+",
            "[M+H]+",
            "[M+H]+",
            "[M+H]+",
            "[M+H]+",
            "[M+H]+",
            "[M+H]+",
            "[M+H]+",
            "[M+H]+",
            "[M+H]+",
            "[M+H]+"
        ]
    }
}