{
    "cand_form": "C37H53NO8",
    "cand_ion": "[M+H]+",
    "output_tbl": {
        "mz": [
            69.7605,
            73.0469,
            74.7022,
            78.4326,
            80.6325,
            91.0542,
            93.9538,
            227.7455,
            511.4964
        ],
        "ms2_inten": [
            0.30971545381923976,
            0.5175614912075683,
            0.29156547492386636,
            0.31369428640199254,
            0.3346579829558338,
            0.4851692032916241,
            0.31276777585142346,
            1.0,
            0.3181266068295269
        ],
        "mono_mass": [
            69.7605,
            73.0469,
            74.7022,
            78.4326,
            80.6325,
            91.0542,
            93.9538,
            227.7455,
            511.4964
        ],
        "abs_mass_diff": [
            0.0,
            0.0,
            0.0,
            0.0,
            0.0,
            0.0,
            0.0,
            0.0,
            0.0
        ],
        "mass_diff": [
            0.0,
            0.0,
            0.0,
            0.0,
            0.0,
            0.0,
            0.0,
            0.0,
            0.0
        ],
        "formula": [
            "C37H53NO8",
            "C37H53NO8",
            "C37H53NO8",
            "C37H53NO8",
            "C37H53NO8",
            "C37H53NO8",
            "C37H53NO8",
            "C37H53NO8",
            "C37H53NO8"
        ],
        "ions": [
            "[M+H]+",
            "[M+H]+",
            "[M+H]+",
            "[M+H]+",
            "[M+H]+",
            "[M+H]+",
            "[M+H]+",
            "[M+H]+",
            "[M+H]+"
        ]
    }
}