{
    "cand_form": "C18H24O2",
    "cand_ion": "[M+H]+",
    "output_tbl": {
        "mz": [
            0.0,
            53.0386,
            55.0178,
            55.0542,
            57.9349,
            65.0386,
            67.0542,
            77.0386,
            79.0542,
            91.0542,
            92.0577,
            95.0491,
            103.0542,
            105.0443,
            107.0491,
            115.0542,
            116.0573,
            117.0699,
            128.0621,
            129.0668,
            152.0621,
            153.0699,
            166.0752,
            227.7434
        ],
        "ms2_inten": [
            0.31965585659702805,
            0.17725765051500644,
            0.13581779062990162,
            0.1687393017746375,
            0.12324065814041936,
            0.7612591656760784,
            0.14111744492837847,
            0.4269102698360718,
            0.26841859154458975,
            1.0,
            0.12089597706665295,
            0.7614852124336627,
            0.12750452050897002,
            0.38605581309240317,
            0.12815674893620793,
            0.8593891998405058,
            0.11835337722549936,
            0.109698991296177,
            0.5133049655449167,
            0.13320444463158554,
            0.11079018684315815,
            0.09807088014867944,
            0.1502125027041227,
            0.12346500017132503
        ],
        "mono_mass": [
            0.0,
            53.0386,
            55.0178,
            55.0542,
            57.9349,
            65.0386,
            67.0542,
            77.0386,
            79.0542,
            91.0542,
            92.0577,
            95.0491,
            103.0542,
            105.0443,
            107.0491,
            115.0542,
            116.0573,
            117.0699,
            128.0621,
            129.0668,
            152.0621,
            153.0699,
            166.0752,
            227.7434
        ],
        "abs_mass_diff": [
            0.0,
            0.0,
            0.0,
            0.0,
            0.0,
            0.0,
            0.0,
            0.0,
            0.0,
            0.0,
            0.0,
            0.0,
            0.0,
            0.0,
            0.0,
            0.0,
            0.0,
            0.0,
            0.0,
            0.0,
            0.0,
            0.0,
            0.0,
            0.0
        ],
        "mass_diff": [
            0.0,
            0.0,
            0.0,
            0.0,
            0.0,
            0.0,
            0.0,
            0.0,
            0.0,
            0.0,
            0.0,
            0.0,
            0.0,
            0.0,
            0.0,
            0.0,
            0.0,
            0.0,
            0.0,
            0.0,
            0.0,
            0.0,
            0.0,
            0.0
        ],
        "formula": [
            "C18H24O2",
            "C18H24O2",
            "C18H24O2",
            "C18H24O2",
            "C18H24O2",
            "C18H24O2",
            "C18H24O2",
            "C18H24O2",
            "C18H24O2",
            "C18H24O2",
            "C18H24O2",
            "C18H24O2",
            "C18H24O2",
            "C18H24O2",
            "C18H24O2",
            "C18H24O2",
            "C18H24O2",
            "C18H24O2",
            "C18H24O2",
            "C18H24O2",
            "C18H24O2",
            "C18H24O2",
            "C18H24O2",
            "C18H24O2"
        ],
        "ions": [
            "[M+H]+",
            "[M+H]+",
            "[M+H]+",
            "[M+H]+",
            "[M+H]+",
            "[M+H]+",
            "[M+H]+",
            "[M+H]+",
            "[M+H]+",
            "[M+H]+",
            "[M+H]+",
            "[M+H]+",
            "[M+H]+",
            "[M+H]+",
            "[M+H]+",
            "[M+H]+",
            "[M+H]+",
            "[M+H]+",
            "[M+H]+",
            "[M+H]+",
            "[M+H]+",
            "[M+H]+",
            "[M+H]+",
            "[M+H]+"
        ]
    }
}