{
    "cand_form": "C21H29FO5",
    "cand_ion": "[M+H]+",
    "output_tbl": {
        "mz": [
            0.0,
            65.0386,
            69.5094,
            91.0542,
            95.0491,
            120.0701,
            227.7401,
            239.3335
        ],
        "ms2_inten": [
            0.3655401835082284,
            0.4357034209715561,
            0.23838335049296874,
            1.0,
            0.37502912901079993,
            0.28227993751108416,
            0.5966535381836692,
            0.27652071594720273
        ],
        "mono_mass": [
            0.0,
            65.0386,
            69.5094,
            91.0542,
            95.0491,
            120.0701,
            227.7401,
            239.3335
        ],
        "abs_mass_diff": [
            0.0,
            0.0,
            0.0,
            0.0,
            0.0,
            0.0,
            0.0,
            0.0
        ],
        "mass_diff": [
            0.0,
            0.0,
            0.0,
            0.0,
            0.0,
            0.0,
            0.0,
            0.0
        ],
        "formula": [
            "C21H29FO5",
            "C21H29FO5",
            "C21H29FO5",
            "C21H29FO5",
            "C21H29FO5",
            "C21H29FO5",
            "C21H29FO5",
            "C21H29FO5"
        ],
        "ions": [
            "[M+H]+",
            "[M+H]+",
            "[M+H]+",
            "[M+H]+",
            "[M+H]+",
            "[M+H]+",
            "[M+H]+",
            "[M+H]+"
        ]
    }
}