{
    "cand_form": "C23H30O3",
    "cand_ion": "[M+H]+",
    "output_tbl": {
        "mz": [
            67.0542,
            73.0468,
            81.0699,
            97.0107,
            121.0284,
            166.1602,
            212.1665,
            227.7499,
            300.0891,
            323.0186,
            329.1291,
            355.005,
            355.2268,
            356.2327,
            357.1606
        ],
        "ms2_inten": [
            0.11029466183749198,
            0.10822917562295788,
            0.3775412990774545,
            0.14398136654041244,
            0.1606532760545058,
            0.4362212502332232,
            0.3296793391641163,
            0.24239254781321468,
            0.11762854788549805,
            0.13093812899062124,
            0.31786837218622827,
            0.16257315959077934,
            0.7213373070778901,
            0.15565398219872015,
            1.0
        ],
        "mono_mass": [
            67.0542,
            73.0468,
            81.0699,
            97.0107,
            121.0284,
            166.1602,
            212.1665,
            227.7499,
            300.0891,
            323.0186,
            329.1291,
            355.005,
            355.2268,
            356.2327,
            357.1606
        ],
        "abs_mass_diff": [
            0.0,
            0.0,
            0.0,
            0.0,
            0.0,
            0.0,
            0.0,
            0.0,
            0.0,
            0.0,
            0.0,
            0.0,
            0.0,
            0.0,
            0.0
        ],
        "mass_diff": [
            0.0,
            0.0,
            0.0,
            0.0,
            0.0,
            0.0,
            0.0,
            0.0,
            0.0,
            0.0,
            0.0,
            0.0,
            0.0,
            0.0,
            0.0
        ],
        "formula": [
            "C23H30O3",
            "C23H30O3",
            "C23H30O3",
            "C23H30O3",
            "C23H30O3",
            "C23H30O3",
            "C23H30O3",
            "C23H30O3",
            "C23H30O3",
            "C23H30O3",
            "C23H30O3",
            "C23H30O3",
            "C23H30O3",
            "C23H30O3",
            "C23H30O3"
        ],
        "ions": [
            "[M+H]+",
            "[M+H]+",
            "[M+H]+",
            "[M+H]+",
            "[M+H]+",
            "[M+H]+",
            "[M+H]+",
            "[M+H]+",
            "[M+H]+",
            "[M+H]+",
            "[M+H]+",
            "[M+H]+",
            "[M+H]+",
            "[M+H]+",
            "[M+H]+"
        ]
    }
}