{
    "cand_form": "C23H30O3",
    "cand_ion": "[M+H]+",
    "output_tbl": {
        "mz": [
            0.0,
            55.0542,
            65.0386,
            79.0542
        ],
        "ms2_inten": [
            0.7774547985653603,
            0.7885527464821056,
            1.0,
            0.761377560891717
        ],
        "mono_mass": [
            0.0,
            55.0542,
            65.0386,
            79.0542
        ],
        "abs_mass_diff": [
            0.0,
            0.0,
            0.0,
            0.0
        ],
        "mass_diff": [
            0.0,
            0.0,
            0.0,
            0.0
        ],
        "formula": [
            "C23H30O3",
            "C23H30O3",
            "C23H30O3",
            "C23H30O3"
        ],
        "ions": [
            "[M+H]+",
            "[M+H]+",
            "[M+H]+",
            "[M+H]+"
        ]
    }
}