{
    "cand_form": "C20H18N4O5S2",
    "cand_ion": "[M+H]+",
    "output_tbl": {
        "mz": [
            112.0757,
            144.1019,
            154.0863,
            186.1125,
            237.0791,
            300.1495,
            315.1814,
            328.1547,
            430.2117,
            431.2135,
            441.3239,
            442.3275,
            458.0821,
            458.2179,
            458.2815,
            459.2208,
            459.3334
        ],
        "ms2_inten": [
            0.05652534267445962,
            0.05696008139586746,
            0.17374255292057567,
            0.086404833543395,
            0.1689442915732596,
            0.14860128779474008,
            0.18425382934740545,
            0.1027653856345889,
            0.1513914458734777,
            0.057240535360013015,
            0.15739748866615486,
            0.04977987709619035,
            0.05523116392361518,
            1.0,
            0.05977738366239905,
            0.2946598181647016,
            0.31337740855086704
        ],
        "mono_mass": [
            112.0757,
            144.1019,
            154.0863,
            186.1125,
            237.0791,
            300.1495,
            315.1814,
            328.1547,
            430.2117,
            431.2135,
            441.3239,
            442.3275,
            458.0821,
            458.2179,
            458.2815,
            459.2208,
            459.3334
        ],
        "abs_mass_diff": [
            0.0,
            0.0,
            0.0,
            0.0,
            0.0,
            0.0,
            0.0,
            0.0,
            0.0,
            0.0,
            0.0,
            0.0,
            0.0,
            0.0,
            0.0,
            0.0,
            0.0
        ],
        "mass_diff": [
            0.0,
            0.0,
            0.0,
            0.0,
            0.0,
            0.0,
            0.0,
            0.0,
            0.0,
            0.0,
            0.0,
            0.0,
            0.0,
            0.0,
            0.0,
            0.0,
            0.0
        ],
        "formula": [
            "C20H18N4O5S2",
            "C20H18N4O5S2",
            "C20H18N4O5S2",
            "C20H18N4O5S2",
            "C20H18N4O5S2",
            "C20H18N4O5S2",
            "C20H18N4O5S2",
            "C20H18N4O5S2",
            "C20H18N4O5S2",
            "C20H18N4O5S2",
            "C20H18N4O5S2",
            "C20H18N4O5S2",
            "C20H18N4O5S2",
            "C20H18N4O5S2",
            "C20H18N4O5S2",
            "C20H18N4O5S2",
            "C20H18N4O5S2"
        ],
        "ions": [
            "[M+H]+",
            "[M+H]+",
            "[M+H]+",
            "[M+H]+",
            "[M+H]+",
            "[M+H]+",
            "[M+H]+",
            "[M+H]+",
            "[M+H]+",
            "[M+H]+",
            "[M+H]+",
            "[M+H]+",
            "[M+H]+",
            "[M+H]+",
            "[M+H]+",
            "[M+H]+",
            "[M+H]+"
        ]
    }
}