{
    "cand_form": "C20H18N4O5S2",
    "cand_ion": "[M+H]+",
    "output_tbl": {
        "mz": [
            65.0386,
            77.0386,
            95.0491
        ],
        "ms2_inten": [
            0.7437472746352405,
            0.623121788931298,
            1.0
        ],
        "mono_mass": [
            65.0386,
            77.0386,
            95.0491
        ],
        "abs_mass_diff": [
            0.0,
            0.0,
            0.0
        ],
        "mass_diff": [
            0.0,
            0.0,
            0.0
        ],
        "formula": [
            "C20H18N4O5S2",
            "C20H18N4O5S2",
            "C20H18N4O5S2"
        ],
        "ions": [
            "[M+H]+",
            "[M+H]+",
            "[M+H]+"
        ]
    }
}