{
    "cand_form": "C22H23ClN2O8",
    "cand_ion": "[M-H]-",
    "output_tbl": {
        "mz": [
            115.0068,
            116.9271,
            117.9271,
            118.9249,
            130.9437,
            394.9389,
            476.1652,
            477.163,
            478.1631
        ],
        "ms2_inten": [
            0.059362096588944674,
            1.0,
            0.17493651589098688,
            0.045054362066891195,
            0.0261975546462674,
            0.02317722495157541,
            0.7752521821971827,
            0.49696337107801564,
            0.08011462155335228
        ],
        "mono_mass": [
            115.0068,
            116.9271,
            117.9271,
            118.9249,
            130.9437,
            394.9389,
            476.1652,
            477.163,
            478.1631
        ],
        "abs_mass_diff": [
            0.0,
            0.0,
            0.0,
            0.0,
            0.0,
            0.0,
            0.0,
            0.0,
            0.0
        ],
        "mass_diff": [
            0.0,
            0.0,
            0.0,
            0.0,
            0.0,
            0.0,
            0.0,
            0.0,
            0.0
        ],
        "formula": [
            "C22H23ClN2O8",
            "C22H23ClN2O8",
            "C22H23ClN2O8",
            "C22H23ClN2O8",
            "C22H23ClN2O8",
            "C22H23ClN2O8",
            "C22H23ClN2O8",
            "C22H23ClN2O8",
            "C22H23ClN2O8"
        ],
        "ions": [
            "[M-H]-",
            "[M-H]-",
            "[M-H]-",
            "[M-H]-",
            "[M-H]-",
            "[M-H]-",
            "[M-H]-",
            "[M-H]-",
            "[M-H]-"
        ]
    }
}