{
    "cand_form": "C22H23ClN2O8",
    "cand_ion": "[M-H]-",
    "output_tbl": {
        "mz": [
            57.9758,
            59.0139,
            99.9259,
            100.926,
            101.9237,
            116.9288,
            117.9288,
            118.0298,
            118.9271,
            227.7273
        ],
        "ms2_inten": [
            0.05232369031573329,
            0.06137195479178778,
            1.0,
            0.2540747488201673,
            0.07013949353558246,
            0.5647550717878047,
            0.13055246334259862,
            0.040051555081161455,
            0.044932959495999944,
            0.04076764155158116
        ],
        "mono_mass": [
            57.9758,
            59.0139,
            99.9259,
            100.926,
            101.9237,
            116.9288,
            117.9288,
            118.0298,
            118.9271,
            227.7273
        ],
        "abs_mass_diff": [
            0.0,
            0.0,
            0.0,
            0.0,
            0.0,
            0.0,
            0.0,
            0.0,
            0.0,
            0.0
        ],
        "mass_diff": [
            0.0,
            0.0,
            0.0,
            0.0,
            0.0,
            0.0,
            0.0,
            0.0,
            0.0,
            0.0
        ],
        "formula": [
            "C22H23ClN2O8",
            "C22H23ClN2O8",
            "C22H23ClN2O8",
            "C22H23ClN2O8",
            "C22H23ClN2O8",
            "C22H23ClN2O8",
            "C22H23ClN2O8",
            "C22H23ClN2O8",
            "C22H23ClN2O8",
            "C22H23ClN2O8"
        ],
        "ions": [
            "[M-H]-",
            "[M-H]-",
            "[M-H]-",
            "[M-H]-",
            "[M-H]-",
            "[M-H]-",
            "[M-H]-",
            "[M-H]-",
            "[M-H]-",
            "[M-H]-"
        ]
    }
}