{
    "cand_form": "C13H11N3O4S2",
    "cand_ion": "[M-H]-",
    "output_tbl": {
        "mz": [
            0.0,
            95.1153,
            97.9944,
            100.9333,
            102.9316,
            105.6644,
            156.0125,
            191.7419,
            227.7198,
            243.8818,
            254.0063,
            261.8914
        ],
        "ms2_inten": [
            0.2137458740552796,
            0.13248723185265573,
            0.4673435678512437,
            0.18162631784605623,
            0.29748777060359854,
            0.1089944407402713,
            1.0,
            0.14401375202406605,
            0.27023697291470256,
            0.19133508483639847,
            0.5375346906857087,
            0.15603877306785285
        ],
        "mono_mass": [
            0.0,
            95.1153,
            97.9944,
            100.9333,
            102.9316,
            105.6644,
            156.0125,
            191.7419,
            227.7198,
            243.8818,
            254.0063,
            261.8914
        ],
        "abs_mass_diff": [
            0.0,
            0.0,
            0.0,
            0.0,
            0.0,
            0.0,
            0.0,
            0.0,
            0.0,
            0.0,
            0.0,
            0.0
        ],
        "mass_diff": [
            0.0,
            0.0,
            0.0,
            0.0,
            0.0,
            0.0,
            0.0,
            0.0,
            0.0,
            0.0,
            0.0,
            0.0
        ],
        "formula": [
            "C13H11N3O4S2",
            "C13H11N3O4S2",
            "C13H11N3O4S2",
            "C13H11N3O4S2",
            "C13H11N3O4S2",
            "C13H11N3O4S2",
            "C13H11N3O4S2",
            "C13H11N3O4S2",
            "C13H11N3O4S2",
            "C13H11N3O4S2",
            "C13H11N3O4S2",
            "C13H11N3O4S2"
        ],
        "ions": [
            "[M-H]-",
            "[M-H]-",
            "[M-H]-",
            "[M-H]-",
            "[M-H]-",
            "[M-H]-",
            "[M-H]-",
            "[M-H]-",
            "[M-H]-",
            "[M-H]-",
            "[M-H]-",
            "[M-H]-"
        ]
    }
}