{
    "cand_form": "C13H11N3O4S2",
    "cand_ion": "[M-H]-",
    "output_tbl": {
        "mz": [
            0.0,
            97.9944,
            100.9333,
            102.9316,
            115.805,
            124.3024,
            131.6155,
            156.0125,
            227.7143
        ],
        "ms2_inten": [
            0.3247941548862119,
            0.5259696900789915,
            0.12962275070899507,
            0.1747635911518497,
            0.11255786729942364,
            0.11270283898365364,
            0.10548632016025468,
            1.0,
            0.12857949653276055
        ],
        "mono_mass": [
            0.0,
            97.9944,
            100.9333,
            102.9316,
            115.805,
            124.3024,
            131.6155,
            156.0125,
            227.7143
        ],
        "abs_mass_diff": [
            0.0,
            0.0,
            0.0,
            0.0,
            0.0,
            0.0,
            0.0,
            0.0,
            0.0
        ],
        "mass_diff": [
            0.0,
            0.0,
            0.0,
            0.0,
            0.0,
            0.0,
            0.0,
            0.0,
            0.0
        ],
        "formula": [
            "C13H11N3O4S2",
            "C13H11N3O4S2",
            "C13H11N3O4S2",
            "C13H11N3O4S2",
            "C13H11N3O4S2",
            "C13H11N3O4S2",
            "C13H11N3O4S2",
            "C13H11N3O4S2",
            "C13H11N3O4S2"
        ],
        "ions": [
            "[M-H]-",
            "[M-H]-",
            "[M-H]-",
            "[M-H]-",
            "[M-H]-",
            "[M-H]-",
            "[M-H]-",
            "[M-H]-",
            "[M-H]-"
        ]
    }
}