{
    "cand_form": "C13H11N3O4S2",
    "cand_ion": "[M-H]-",
    "output_tbl": {
        "mz": [
            0.0,
            63.9624,
            81.5022,
            120.7906,
            135.3689,
            196.411,
            227.7295
        ],
        "ms2_inten": [
            1.0,
            0.8345844339332884,
            0.4118812141847955,
            0.37215694189709797,
            0.45504550121541343,
            0.39047063262924186,
            0.5566014058427597
        ],
        "mono_mass": [
            0.0,
            63.9624,
            81.5022,
            120.7906,
            135.3689,
            196.411,
            227.7295
        ],
        "abs_mass_diff": [
            0.0,
            0.0,
            0.0,
            0.0,
            0.0,
            0.0,
            0.0
        ],
        "mass_diff": [
            0.0,
            0.0,
            0.0,
            0.0,
            0.0,
            0.0,
            0.0
        ],
        "formula": [
            "C13H11N3O4S2",
            "C13H11N3O4S2",
            "C13H11N3O4S2",
            "C13H11N3O4S2",
            "C13H11N3O4S2",
            "C13H11N3O4S2",
            "C13H11N3O4S2"
        ],
        "ions": [
            "[M-H]-",
            "[M-H]-",
            "[M-H]-",
            "[M-H]-",
            "[M-H]-",
            "[M-H]-",
            "[M-H]-"
        ]
    }
}