{
    "cand_form": "C23H32N6O5S",
    "cand_ion": "[M+H]+",
    "output_tbl": {
        "mz": [
            56.0495,
            58.0651,
            68.0131,
            68.0495,
            69.0447,
            70.0651,
            71.0683,
            71.073,
            72.0808,
            80.0495,
            82.0651,
            83.0604,
            84.0682,
            90.0338,
            94.0525,
            95.0604,
            99.0917,
            110.06,
            123.0917,
            155.0597,
            169.0972,
            225.0778
        ],
        "ms2_inten": [
            0.8416491153244908,
            0.2495933750928973,
            0.2099903258637164,
            0.07633710841256301,
            0.1281065509553324,
            1.0,
            0.08769562439822662,
            0.1627961914838313,
            0.17360252204824436,
            0.07882145772850914,
            0.08842289612705061,
            0.11512970847626404,
            0.1278368466525841,
            0.07116437428382104,
            0.15395725258190524,
            0.12445946564354515,
            0.682787295305527,
            0.29332748186900287,
            0.08176837170649201,
            0.09342286866971015,
            0.3652841651687162,
            0.08479534213676684
        ],
        "mono_mass": [
            56.0495,
            58.0651,
            68.0131,
            68.0495,
            69.0447,
            70.0651,
            71.0683,
            71.073,
            72.0808,
            80.0495,
            82.0651,
            83.0604,
            84.0682,
            90.0338,
            94.0525,
            95.0604,
            99.0917,
            110.06,
            123.0917,
            155.0597,
            169.0972,
            225.0778
        ],
        "abs_mass_diff": [
            0.0,
            0.0,
            0.0,
            0.0,
            0.0,
            0.0,
            0.0,
            0.0,
            0.0,
            0.0,
            0.0,
            0.0,
            0.0,
            0.0,
            0.0,
            0.0,
            0.0,
            0.0,
            0.0,
            0.0,
            0.0,
            0.0
        ],
        "mass_diff": [
            0.0,
            0.0,
            0.0,
            0.0,
            0.0,
            0.0,
            0.0,
            0.0,
            0.0,
            0.0,
            0.0,
            0.0,
            0.0,
            0.0,
            0.0,
            0.0,
            0.0,
            0.0,
            0.0,
            0.0,
            0.0,
            0.0
        ],
        "formula": [
            "C23H32N6O5S",
            "C23H32N6O5S",
            "C23H32N6O5S",
            "C23H32N6O5S",
            "C23H32N6O5S",
            "C23H32N6O5S",
            "C23H32N6O5S",
            "C23H32N6O5S",
            "C23H32N6O5S",
            "C23H32N6O5S",
            "C23H32N6O5S",
            "C23H32N6O5S",
            "C23H32N6O5S",
            "C23H32N6O5S",
            "C23H32N6O5S",
            "C23H32N6O5S",
            "C23H32N6O5S",
            "C23H32N6O5S",
            "C23H32N6O5S",
            "C23H32N6O5S",
            "C23H32N6O5S",
            "C23H32N6O5S"
        ],
        "ions": [
            "[M+H]+",
            "[M+H]+",
            "[M+H]+",
            "[M+H]+",
            "[M+H]+",
            "[M+H]+",
            "[M+H]+",
            "[M+H]+",
            "[M+H]+",
            "[M+H]+",
            "[M+H]+",
            "[M+H]+",
            "[M+H]+",
            "[M+H]+",
            "[M+H]+",
            "[M+H]+",
            "[M+H]+",
            "[M+H]+",
            "[M+H]+",
            "[M+H]+",
            "[M+H]+",
            "[M+H]+"
        ]
    }
}