{
    "cand_form": "C23H32N6O5S",
    "cand_ion": "[M+H]+",
    "output_tbl": {
        "mz": [
            56.0495,
            58.0651,
            68.0131,
            70.0651,
            72.0808,
            80.0495,
            83.0604,
            84.0682,
            94.0525,
            99.0917,
            110.06,
            129.0447
        ],
        "ms2_inten": [
            0.8432877198095646,
            0.24386733706032565,
            0.32294858556998696,
            1.0,
            0.1632021981604621,
            0.0927500299965527,
            0.18019027893068532,
            0.11301554217335458,
            0.13472637783445232,
            0.347297868255888,
            0.25471448058385093,
            0.11396293572927055
        ],
        "mono_mass": [
            56.0495,
            58.0651,
            68.0131,
            70.0651,
            72.0808,
            80.0495,
            83.0604,
            84.0682,
            94.0525,
            99.0917,
            110.06,
            129.0447
        ],
        "abs_mass_diff": [
            0.0,
            0.0,
            0.0,
            0.0,
            0.0,
            0.0,
            0.0,
            0.0,
            0.0,
            0.0,
            0.0,
            0.0
        ],
        "mass_diff": [
            0.0,
            0.0,
            0.0,
            0.0,
            0.0,
            0.0,
            0.0,
            0.0,
            0.0,
            0.0,
            0.0,
            0.0
        ],
        "formula": [
            "C23H32N6O5S",
            "C23H32N6O5S",
            "C23H32N6O5S",
            "C23H32N6O5S",
            "C23H32N6O5S",
            "C23H32N6O5S",
            "C23H32N6O5S",
            "C23H32N6O5S",
            "C23H32N6O5S",
            "C23H32N6O5S",
            "C23H32N6O5S",
            "C23H32N6O5S"
        ],
        "ions": [
            "[M+H]+",
            "[M+H]+",
            "[M+H]+",
            "[M+H]+",
            "[M+H]+",
            "[M+H]+",
            "[M+H]+",
            "[M+H]+",
            "[M+H]+",
            "[M+H]+",
            "[M+H]+",
            "[M+H]+"
        ]
    }
}