{
    "cand_form": "C22H19ClN2O5",
    "cand_ion": "[M+H]+",
    "output_tbl": {
        "mz": [
            135.0441,
            136.0479,
            262.0863,
            263.0941,
            273.0425,
            302.0812,
            305.0687,
            310.0477,
            334.1074,
            335.1152,
            395.0793,
            396.0871,
            427.1055,
            428.1091
        ],
        "ms2_inten": [
            1.0,
            0.038253558434400606,
            0.13775696299469736,
            0.04291834043241912,
            0.03273579753285967,
            0.07235757385911927,
            0.02593600693681582,
            0.02765930385462966,
            0.5859028881831357,
            0.0585262744876105,
            0.4101763185456189,
            0.04528081483254442,
            0.8867328891545927,
            0.11074758573108087
        ],
        "mono_mass": [
            135.0441,
            136.0479,
            262.0863,
            263.0941,
            273.0425,
            302.0812,
            305.0687,
            310.0477,
            334.1074,
            335.1152,
            395.0793,
            396.0871,
            427.1055,
            428.1091
        ],
        "abs_mass_diff": [
            0.0,
            0.0,
            0.0,
            0.0,
            0.0,
            0.0,
            0.0,
            0.0,
            0.0,
            0.0,
            0.0,
            0.0,
            0.0,
            0.0
        ],
        "mass_diff": [
            0.0,
            0.0,
            0.0,
            0.0,
            0.0,
            0.0,
            0.0,
            0.0,
            0.0,
            0.0,
            0.0,
            0.0,
            0.0,
            0.0
        ],
        "formula": [
            "C22H19ClN2O5",
            "C22H19ClN2O5",
            "C22H19ClN2O5",
            "C22H19ClN2O5",
            "C22H19ClN2O5",
            "C22H19ClN2O5",
            "C22H19ClN2O5",
            "C22H19ClN2O5",
            "C22H19ClN2O5",
            "C22H19ClN2O5",
            "C22H19ClN2O5",
            "C22H19ClN2O5",
            "C22H19ClN2O5",
            "C22H19ClN2O5"
        ],
        "ions": [
            "[M+H]+",
            "[M+H]+",
            "[M+H]+",
            "[M+H]+",
            "[M+H]+",
            "[M+H]+",
            "[M+H]+",
            "[M+H]+",
            "[M+H]+",
            "[M+H]+",
            "[M+H]+",
            "[M+H]+",
            "[M+H]+",
            "[M+H]+"
        ]
    }
}