{
    "cand_form": "C9H13NO",
    "cand_ion": "[M+H]+",
    "output_tbl": {
        "mz": [
            0.0,
            56.0495,
            91.0542,
            115.0542,
            117.0699,
            118.0735,
            119.073,
            120.0681,
            134.0964
        ],
        "ms2_inten": [
            0.040219608339575004,
            0.1557593915162512,
            0.11762690634681182,
            0.3967905084411999,
            1.0,
            0.08034547909655777,
            0.04734096751166576,
            0.10532389170789687,
            0.44436548760632816
        ],
        "mono_mass": [
            0.0,
            56.0495,
            91.0542,
            115.0542,
            117.0699,
            118.0735,
            119.073,
            120.0681,
            134.0964
        ],
        "abs_mass_diff": [
            0.0,
            0.0,
            0.0,
            0.0,
            0.0,
            0.0,
            0.0,
            0.0,
            0.0
        ],
        "mass_diff": [
            0.0,
            0.0,
            0.0,
            0.0,
            0.0,
            0.0,
            0.0,
            0.0,
            0.0
        ],
        "formula": [
            "C9H13NO",
            "C9H13NO",
            "C9H13NO",
            "C9H13NO",
            "C9H13NO",
            "C9H13NO",
            "C9H13NO",
            "C9H13NO",
            "C9H13NO"
        ],
        "ions": [
            "[M+H]+",
            "[M+H]+",
            "[M+H]+",
            "[M+H]+",
            "[M+H]+",
            "[M+H]+",
            "[M+H]+",
            "[M+H]+",
            "[M+H]+"
        ]
    }
}