{
    "cand_form": "C11H17NO",
    "cand_ion": "[M+H]+",
    "output_tbl": {
        "mz": [
            0.0,
            46.0651,
            51.0229,
            56.0495,
            58.0651,
            65.0386,
            77.0386,
            78.0464,
            89.0386,
            91.0542,
            95.0491,
            115.0542
        ],
        "ms2_inten": [
            1.0,
            0.43730952636108106,
            0.16989046465961613,
            0.10809035895263296,
            0.07746320684217152,
            0.4464427498314057,
            0.12019519688801387,
            0.07813436683011236,
            0.07382050388043858,
            0.3292974503427041,
            0.07779136890257264,
            0.10579405954779059
        ],
        "mono_mass": [
            0.0,
            46.0651,
            51.0229,
            56.0495,
            58.0651,
            65.0386,
            77.0386,
            78.0464,
            89.0386,
            91.0542,
            95.0491,
            115.0542
        ],
        "abs_mass_diff": [
            0.0,
            0.0,
            0.0,
            0.0,
            0.0,
            0.0,
            0.0,
            0.0,
            0.0,
            0.0,
            0.0,
            0.0
        ],
        "mass_diff": [
            0.0,
            0.0,
            0.0,
            0.0,
            0.0,
            0.0,
            0.0,
            0.0,
            0.0,
            0.0,
            0.0,
            0.0
        ],
        "formula": [
            "C11H17NO",
            "C11H17NO",
            "C11H17NO",
            "C11H17NO",
            "C11H17NO",
            "C11H17NO",
            "C11H17NO",
            "C11H17NO",
            "C11H17NO",
            "C11H17NO",
            "C11H17NO",
            "C11H17NO"
        ],
        "ions": [
            "[M+H]+",
            "[M+H]+",
            "[M+H]+",
            "[M+H]+",
            "[M+H]+",
            "[M+H]+",
            "[M+H]+",
            "[M+H]+",
            "[M+H]+",
            "[M+H]+",
            "[M+H]+",
            "[M+H]+"
        ]
    }
}