{
    "cand_form": "C7H6ClN3O4S2",
    "cand_ion": "[M-H]-",
    "output_tbl": {
        "mz": [
            114.0223,
            151.0071,
            178.9921,
            213.9609,
            214.9687
        ],
        "ms2_inten": [
            0.04615020438832257,
            0.049195725725166284,
            0.3046717357755682,
            1.0,
            0.14973901120699978
        ],
        "mono_mass": [
            114.0223,
            151.0071,
            178.9921,
            213.9609,
            214.9687
        ],
        "abs_mass_diff": [
            0.0,
            0.0,
            0.0,
            0.0,
            0.0
        ],
        "mass_diff": [
            0.0,
            0.0,
            0.0,
            0.0,
            0.0
        ],
        "formula": [
            "C7H6ClN3O4S2",
            "C7H6ClN3O4S2",
            "C7H6ClN3O4S2",
            "C7H6ClN3O4S2",
            "C7H6ClN3O4S2"
        ],
        "ions": [
            "[M-H]-",
            "[M-H]-",
            "[M-H]-",
            "[M-H]-",
            "[M-H]-"
        ]
    }
}