{
    "cand_form": "C22H28N6O3",
    "cand_ion": "[M+H]+",
    "output_tbl": {
        "mz": [
            311.1139,
            339.1452,
            340.1444,
            425.2296,
            426.2322
        ],
        "ms2_inten": [
            0.07352270763806891,
            1.0,
            0.09970238226757545,
            0.3198139755219786,
            0.04414358645635212
        ],
        "mono_mass": [
            311.1139,
            339.1452,
            340.1444,
            425.2296,
            426.2322
        ],
        "abs_mass_diff": [
            0.0,
            0.0,
            0.0,
            0.0,
            0.0
        ],
        "mass_diff": [
            0.0,
            0.0,
            0.0,
            0.0,
            0.0
        ],
        "formula": [
            "C22H28N6O3",
            "C22H28N6O3",
            "C22H28N6O3",
            "C22H28N6O3",
            "C22H28N6O3"
        ],
        "ions": [
            "[M+H]+",
            "[M+H]+",
            "[M+H]+",
            "[M+H]+",
            "[M+H]+"
        ]
    }
}