{
    "cand_form": "C22H28N6O3",
    "cand_ion": "[M+H]+",
    "output_tbl": {
        "mz": [
            311.1139,
            312.1145,
            339.1452,
            340.1444,
            425.2296
        ],
        "ms2_inten": [
            0.8570326406782487,
            0.0799323589176104,
            1.0,
            0.10145245624797504,
            0.016946611669780967
        ],
        "mono_mass": [
            311.1139,
            312.1145,
            339.1452,
            340.1444,
            425.2296
        ],
        "abs_mass_diff": [
            0.0,
            0.0,
            0.0,
            0.0,
            0.0
        ],
        "mass_diff": [
            0.0,
            0.0,
            0.0,
            0.0,
            0.0
        ],
        "formula": [
            "C22H28N6O3",
            "C22H28N6O3",
            "C22H28N6O3",
            "C22H28N6O3",
            "C22H28N6O3"
        ],
        "ions": [
            "[M+H]+",
            "[M+H]+",
            "[M+H]+",
            "[M+H]+",
            "[M+H]+"
        ]
    }
}