{
    "cand_form": "C21H28N6O4S",
    "cand_ion": "[M+H]+",
    "output_tbl": {
        "mz": [
            0.0,
            51.0229,
            52.0182,
            53.0386,
            54.0338,
            55.0542,
            56.0495,
            63.0229,
            65.0386,
            66.0338,
            67.0417,
            68.0131,
            68.0495,
            69.0447,
            77.0386,
            78.0338,
            80.0495,
            89.0386,
            93.0447,
            94.0525,
            227.7478
        ],
        "ms2_inten": [
            0.05576602892341277,
            0.12862204077799053,
            0.08366470400485668,
            0.08583252516543997,
            0.35298067909647135,
            0.0487972506068142,
            0.10841582869418696,
            0.1410913839313206,
            0.04515365907177664,
            0.09488131276803163,
            0.07572036097652546,
            1.0,
            0.06658550578757493,
            0.08653546952524031,
            0.040028578225979126,
            0.04365559142794991,
            0.12833671041290076,
            0.050294333449302765,
            0.38869042371204154,
            0.05750704629787797,
            0.036911368069436845
        ],
        "mono_mass": [
            0.0,
            51.0229,
            52.0182,
            53.0386,
            54.0338,
            55.0542,
            56.0495,
            63.0229,
            65.0386,
            66.0338,
            67.0417,
            68.0131,
            68.0495,
            69.0447,
            77.0386,
            78.0338,
            80.0495,
            89.0386,
            93.0447,
            94.0525,
            227.7478
        ],
        "abs_mass_diff": [
            0.0,
            0.0,
            0.0,
            0.0,
            0.0,
            0.0,
            0.0,
            0.0,
            0.0,
            0.0,
            0.0,
            0.0,
            0.0,
            0.0,
            0.0,
            0.0,
            0.0,
            0.0,
            0.0,
            0.0,
            0.0
        ],
        "mass_diff": [
            0.0,
            0.0,
            0.0,
            0.0,
            0.0,
            0.0,
            0.0,
            0.0,
            0.0,
            0.0,
            0.0,
            0.0,
            0.0,
            0.0,
            0.0,
            0.0,
            0.0,
            0.0,
            0.0,
            0.0,
            0.0
        ],
        "formula": [
            "C21H28N6O4S",
            "C21H28N6O4S",
            "C21H28N6O4S",
            "C21H28N6O4S",
            "C21H28N6O4S",
            "C21H28N6O4S",
            "C21H28N6O4S",
            "C21H28N6O4S",
            "C21H28N6O4S",
            "C21H28N6O4S",
            "C21H28N6O4S",
            "C21H28N6O4S",
            "C21H28N6O4S",
            "C21H28N6O4S",
            "C21H28N6O4S",
            "C21H28N6O4S",
            "C21H28N6O4S",
            "C21H28N6O4S",
            "C21H28N6O4S",
            "C21H28N6O4S",
            "C21H28N6O4S"
        ],
        "ions": [
            "[M+H]+",
            "[M+H]+",
            "[M+H]+",
            "[M+H]+",
            "[M+H]+",
            "[M+H]+",
            "[M+H]+",
            "[M+H]+",
            "[M+H]+",
            "[M+H]+",
            "[M+H]+",
            "[M+H]+",
            "[M+H]+",
            "[M+H]+",
            "[M+H]+",
            "[M+H]+",
            "[M+H]+",
            "[M+H]+",
            "[M+H]+",
            "[M+H]+",
            "[M+H]+"
        ]
    }
}