{
    "cand_form": "C20H24ClN",
    "cand_ion": "[M+H]+",
    "output_tbl": {
        "mz": [
            51.0229,
            63.0229,
            65.0386,
            72.984,
            89.0386,
            91.0542,
            98.9996,
            115.0542
        ],
        "ms2_inten": [
            0.058230421128722135,
            0.15932940010511934,
            1.0,
            0.03285154254577082,
            0.1087534379375302,
            0.4185340336366041,
            0.04823356864310879,
            0.10739728382826359
        ],
        "mono_mass": [
            51.0229,
            63.0229,
            65.0386,
            72.984,
            89.0386,
            91.0542,
            98.9996,
            115.0542
        ],
        "abs_mass_diff": [
            0.0,
            0.0,
            0.0,
            0.0,
            0.0,
            0.0,
            0.0,
            0.0
        ],
        "mass_diff": [
            0.0,
            0.0,
            0.0,
            0.0,
            0.0,
            0.0,
            0.0,
            0.0
        ],
        "formula": [
            "C20H24ClN",
            "C20H24ClN",
            "C20H24ClN",
            "C20H24ClN",
            "C20H24ClN",
            "C20H24ClN",
            "C20H24ClN",
            "C20H24ClN"
        ],
        "ions": [
            "[M+H]+",
            "[M+H]+",
            "[M+H]+",
            "[M+H]+",
            "[M+H]+",
            "[M+H]+",
            "[M+H]+",
            "[M+H]+"
        ]
    }
}