{
    "cand_form": "C17H25Cl2N",
    "cand_ion": "[M+H]+",
    "output_tbl": {
        "mz": [
            0.0,
            67.0542,
            69.0699,
            81.0699,
            83.0855,
            97.1012,
            109.1012,
            137.0153,
            150.0231,
            158.9763,
            159.9797,
            172.9919,
            184.9919,
            187.0076,
            199.0076,
            213.0232
        ],
        "ms2_inten": [
            0.09551274735076203,
            0.037017070795554025,
            0.0662148572956655,
            0.026472028450762047,
            0.029692336123269512,
            0.06759859680164373,
            0.04582983874960152,
            0.047007985568309936,
            0.02149901312748276,
            1.0,
            0.034227494949812975,
            0.47698943052836584,
            0.07525926548873044,
            0.06655820942535406,
            0.04548945127664765,
            0.04765952822204763
        ],
        "mono_mass": [
            0.0,
            67.0542,
            69.0699,
            81.0699,
            83.0855,
            97.1012,
            109.1012,
            137.0153,
            150.0231,
            158.9763,
            159.9797,
            172.9919,
            184.9919,
            187.0076,
            199.0076,
            213.0232
        ],
        "abs_mass_diff": [
            0.0,
            0.0,
            0.0,
            0.0,
            0.0,
            0.0,
            0.0,
            0.0,
            0.0,
            0.0,
            0.0,
            0.0,
            0.0,
            0.0,
            0.0,
            0.0
        ],
        "mass_diff": [
            0.0,
            0.0,
            0.0,
            0.0,
            0.0,
            0.0,
            0.0,
            0.0,
            0.0,
            0.0,
            0.0,
            0.0,
            0.0,
            0.0,
            0.0,
            0.0
        ],
        "formula": [
            "C17H25Cl2N",
            "C17H25Cl2N",
            "C17H25Cl2N",
            "C17H25Cl2N",
            "C17H25Cl2N",
            "C17H25Cl2N",
            "C17H25Cl2N",
            "C17H25Cl2N",
            "C17H25Cl2N",
            "C17H25Cl2N",
            "C17H25Cl2N",
            "C17H25Cl2N",
            "C17H25Cl2N",
            "C17H25Cl2N",
            "C17H25Cl2N",
            "C17H25Cl2N"
        ],
        "ions": [
            "[M+H]+",
            "[M+H]+",
            "[M+H]+",
            "[M+H]+",
            "[M+H]+",
            "[M+H]+",
            "[M+H]+",
            "[M+H]+",
            "[M+H]+",
            "[M+H]+",
            "[M+H]+",
            "[M+H]+",
            "[M+H]+",
            "[M+H]+",
            "[M+H]+",
            "[M+H]+"
        ]
    }
}