{
    "cand_form": "C17H25Cl2N",
    "cand_ion": "[M+H]+",
    "output_tbl": {
        "mz": [
            55.0542,
            67.0542,
            69.0699,
            102.0464,
            137.0153,
            150.0231,
            158.9763,
            159.9797,
            172.9919,
            184.9919
        ],
        "ms2_inten": [
            0.11091642950294814,
            0.03992287537153332,
            0.05200479798536446,
            0.048334076300686854,
            0.13559268389894175,
            0.06061294359842647,
            1.0,
            0.04565943851030404,
            0.13656492606270892,
            0.02663637939025938
        ],
        "mono_mass": [
            55.0542,
            67.0542,
            69.0699,
            102.0464,
            137.0153,
            150.0231,
            158.9763,
            159.9797,
            172.9919,
            184.9919
        ],
        "abs_mass_diff": [
            0.0,
            0.0,
            0.0,
            0.0,
            0.0,
            0.0,
            0.0,
            0.0,
            0.0,
            0.0
        ],
        "mass_diff": [
            0.0,
            0.0,
            0.0,
            0.0,
            0.0,
            0.0,
            0.0,
            0.0,
            0.0,
            0.0
        ],
        "formula": [
            "C17H25Cl2N",
            "C17H25Cl2N",
            "C17H25Cl2N",
            "C17H25Cl2N",
            "C17H25Cl2N",
            "C17H25Cl2N",
            "C17H25Cl2N",
            "C17H25Cl2N",
            "C17H25Cl2N",
            "C17H25Cl2N"
        ],
        "ions": [
            "[M+H]+",
            "[M+H]+",
            "[M+H]+",
            "[M+H]+",
            "[M+H]+",
            "[M+H]+",
            "[M+H]+",
            "[M+H]+",
            "[M+H]+",
            "[M+H]+"
        ]
    }
}