{
    "cand_form": "C25H30N6O5",
    "cand_ion": "[M+H]+",
    "output_tbl": {
        "mz": [
            0.0,
            58.0651,
            68.0495,
            69.0447,
            72.0808,
            82.0651,
            97.076,
            99.0553,
            99.0917,
            127.0866,
            165.0182,
            166.0975,
            227.7516,
            255.1254,
            285.1319,
            311.1139
        ],
        "ms2_inten": [
            0.5585355448780388,
            0.09787616379823877,
            0.18625476787339532,
            0.11832676066478581,
            0.04070738153921543,
            0.20110074494597155,
            0.10517737266559249,
            0.08660159159514728,
            0.27183199600435953,
            1.0,
            0.09808732100462586,
            0.27353389614983703,
            0.07931570371674641,
            0.09916792489586931,
            0.05488982663068893,
            0.07611249236399462
        ],
        "mono_mass": [
            0.0,
            58.0651,
            68.0495,
            69.0447,
            72.0808,
            82.0651,
            97.076,
            99.0553,
            99.0917,
            127.0866,
            165.0182,
            166.0975,
            227.7516,
            255.1254,
            285.1319,
            311.1139
        ],
        "abs_mass_diff": [
            0.0,
            0.0,
            0.0,
            0.0,
            0.0,
            0.0,
            0.0,
            0.0,
            0.0,
            0.0,
            0.0,
            0.0,
            0.0,
            0.0,
            0.0,
            0.0
        ],
        "mass_diff": [
            0.0,
            0.0,
            0.0,
            0.0,
            0.0,
            0.0,
            0.0,
            0.0,
            0.0,
            0.0,
            0.0,
            0.0,
            0.0,
            0.0,
            0.0,
            0.0
        ],
        "formula": [
            "C25H30N6O5",
            "C25H30N6O5",
            "C25H30N6O5",
            "C25H30N6O5",
            "C25H30N6O5",
            "C25H30N6O5",
            "C25H30N6O5",
            "C25H30N6O5",
            "C25H30N6O5",
            "C25H30N6O5",
            "C25H30N6O5",
            "C25H30N6O5",
            "C25H30N6O5",
            "C25H30N6O5",
            "C25H30N6O5",
            "C25H30N6O5"
        ],
        "ions": [
            "[M+H]+",
            "[M+H]+",
            "[M+H]+",
            "[M+H]+",
            "[M+H]+",
            "[M+H]+",
            "[M+H]+",
            "[M+H]+",
            "[M+H]+",
            "[M+H]+",
            "[M+H]+",
            "[M+H]+",
            "[M+H]+",
            "[M+H]+",
            "[M+H]+",
            "[M+H]+"
        ]
    }
}