{
    "cand_form": "C25H30N6O5",
    "cand_ion": "[M+H]+",
    "output_tbl": {
        "mz": [
            0.0,
            58.0651,
            68.0495,
            69.0447,
            70.0287,
            70.0651,
            82.0651,
            88.2919,
            97.076,
            99.0553,
            99.0917,
            127.0866,
            166.0975,
            227.7296,
            227.7544
        ],
        "ms2_inten": [
            1.0,
            0.09581874050181746,
            0.20094563388678133,
            0.3060415942876538,
            0.09893898824309212,
            0.15436077856589864,
            0.21502861707795728,
            0.08998713148385368,
            0.14025859062474785,
            0.10527797208509572,
            0.19178663522777967,
            0.3316178868240078,
            0.16230089308755696,
            0.11835548125569725,
            0.09445224518864333
        ],
        "mono_mass": [
            0.0,
            58.0651,
            68.0495,
            69.0447,
            70.0287,
            70.0651,
            82.0651,
            88.2919,
            97.076,
            99.0553,
            99.0917,
            127.0866,
            166.0975,
            227.7296,
            227.7544
        ],
        "abs_mass_diff": [
            0.0,
            0.0,
            0.0,
            0.0,
            0.0,
            0.0,
            0.0,
            0.0,
            0.0,
            0.0,
            0.0,
            0.0,
            0.0,
            0.0,
            0.0
        ],
        "mass_diff": [
            0.0,
            0.0,
            0.0,
            0.0,
            0.0,
            0.0,
            0.0,
            0.0,
            0.0,
            0.0,
            0.0,
            0.0,
            0.0,
            0.0,
            0.0
        ],
        "formula": [
            "C25H30N6O5",
            "C25H30N6O5",
            "C25H30N6O5",
            "C25H30N6O5",
            "C25H30N6O5",
            "C25H30N6O5",
            "C25H30N6O5",
            "C25H30N6O5",
            "C25H30N6O5",
            "C25H30N6O5",
            "C25H30N6O5",
            "C25H30N6O5",
            "C25H30N6O5",
            "C25H30N6O5",
            "C25H30N6O5"
        ],
        "ions": [
            "[M+H]+",
            "[M+H]+",
            "[M+H]+",
            "[M+H]+",
            "[M+H]+",
            "[M+H]+",
            "[M+H]+",
            "[M+H]+",
            "[M+H]+",
            "[M+H]+",
            "[M+H]+",
            "[M+H]+",
            "[M+H]+",
            "[M+H]+",
            "[M+H]+"
        ]
    }
}