{
    "cand_form": "C21H26N6O5S",
    "cand_ion": "[M+H]+",
    "output_tbl": {
        "mz": [
            55.0542,
            56.0495,
            68.0131,
            68.0495,
            80.0495,
            82.0651,
            94.0525,
            95.0604,
            108.0682,
            110.06,
            123.0917,
            140.058,
            151.0866,
            169.0972,
            170.0998,
            183.1128
        ],
        "ms2_inten": [
            0.05767341596708958,
            0.03248336456887379,
            0.07025351003693285,
            0.02444277111323281,
            0.03968230372272023,
            0.08437516767587003,
            0.07976922937476806,
            0.08322312073516114,
            0.036297331073197686,
            0.2450092714211775,
            0.15500923370961314,
            0.03994532947899092,
            0.09596007754556202,
            1.0,
            0.04774923738285184,
            0.09392255314965331
        ],
        "mono_mass": [
            55.0542,
            56.0495,
            68.0131,
            68.0495,
            80.0495,
            82.0651,
            94.0525,
            95.0604,
            108.0682,
            110.06,
            123.0917,
            140.058,
            151.0866,
            169.0972,
            170.0998,
            183.1128
        ],
        "abs_mass_diff": [
            0.0,
            0.0,
            0.0,
            0.0,
            0.0,
            0.0,
            0.0,
            0.0,
            0.0,
            0.0,
            0.0,
            0.0,
            0.0,
            0.0,
            0.0,
            0.0
        ],
        "mass_diff": [
            0.0,
            0.0,
            0.0,
            0.0,
            0.0,
            0.0,
            0.0,
            0.0,
            0.0,
            0.0,
            0.0,
            0.0,
            0.0,
            0.0,
            0.0,
            0.0
        ],
        "formula": [
            "C21H26N6O5S",
            "C21H26N6O5S",
            "C21H26N6O5S",
            "C21H26N6O5S",
            "C21H26N6O5S",
            "C21H26N6O5S",
            "C21H26N6O5S",
            "C21H26N6O5S",
            "C21H26N6O5S",
            "C21H26N6O5S",
            "C21H26N6O5S",
            "C21H26N6O5S",
            "C21H26N6O5S",
            "C21H26N6O5S",
            "C21H26N6O5S",
            "C21H26N6O5S"
        ],
        "ions": [
            "[M+H]+",
            "[M+H]+",
            "[M+H]+",
            "[M+H]+",
            "[M+H]+",
            "[M+H]+",
            "[M+H]+",
            "[M+H]+",
            "[M+H]+",
            "[M+H]+",
            "[M+H]+",
            "[M+H]+",
            "[M+H]+",
            "[M+H]+",
            "[M+H]+",
            "[M+H]+"
        ]
    }
}