{
    "cand_form": "C22H19NO4",
    "cand_ion": "[M+H]+",
    "output_tbl": {
        "mz": [
            0.0,
            185.0808,
            226.0863,
            227.0855,
            320.1281,
            362.1387,
            363.1421
        ],
        "ms2_inten": [
            1.0,
            0.06880025751473891,
            0.34623274369820456,
            0.02932230926787839,
            0.02397944387160009,
            0.8318076011125132,
            0.12012733991120406
        ],
        "mono_mass": [
            0.0,
            185.0808,
            226.0863,
            227.0855,
            320.1281,
            362.1387,
            363.1421
        ],
        "abs_mass_diff": [
            0.0,
            0.0,
            0.0,
            0.0,
            0.0,
            0.0,
            0.0
        ],
        "mass_diff": [
            0.0,
            0.0,
            0.0,
            0.0,
            0.0,
            0.0,
            0.0
        ],
        "formula": [
            "C22H19NO4",
            "C22H19NO4",
            "C22H19NO4",
            "C22H19NO4",
            "C22H19NO4",
            "C22H19NO4",
            "C22H19NO4"
        ],
        "ions": [
            "[M+H]+",
            "[M+H]+",
            "[M+H]+",
            "[M+H]+",
            "[M+H]+",
            "[M+H]+",
            "[M+H]+"
        ]
    }
}