{
    "cand_form": "C22H19NO4",
    "cand_ion": "[M+H]+",
    "output_tbl": {
        "mz": [
            156.0808,
            167.073,
            183.0679,
            184.0757,
            185.0808,
            226.0863,
            362.1387,
            363.1418
        ],
        "ms2_inten": [
            0.031710943722034875,
            0.1866976078712178,
            0.184343816807617,
            1.0,
            0.08368847274891662,
            0.03344001364937874,
            0.40126710426301737,
            0.05746086953200103
        ],
        "mono_mass": [
            156.0808,
            167.073,
            183.0679,
            184.0757,
            185.0808,
            226.0863,
            362.1387,
            363.1418
        ],
        "abs_mass_diff": [
            0.0,
            0.0,
            0.0,
            0.0,
            0.0,
            0.0,
            0.0,
            0.0
        ],
        "mass_diff": [
            0.0,
            0.0,
            0.0,
            0.0,
            0.0,
            0.0,
            0.0,
            0.0
        ],
        "formula": [
            "C22H19NO4",
            "C22H19NO4",
            "C22H19NO4",
            "C22H19NO4",
            "C22H19NO4",
            "C22H19NO4",
            "C22H19NO4",
            "C22H19NO4"
        ],
        "ions": [
            "[M+H]+",
            "[M+H]+",
            "[M+H]+",
            "[M+H]+",
            "[M+H]+",
            "[M+H]+",
            "[M+H]+",
            "[M+H]+"
        ]
    }
}