{
    "cand_form": "C22H19NO4",
    "cand_ion": "[M+H]+",
    "output_tbl": {
        "mz": [
            51.0229,
            63.0229,
            75.0229,
            77.0386,
            78.0338,
            78.0464,
            89.0386,
            90.0464,
            94.0413,
            95.0491,
            96.0444,
            102.0464,
            105.045,
            113.0386,
            115.0542,
            126.0464,
            127.0542,
            128.0495,
            128.0621,
            129.042,
            139.0542,
            140.0495,
            145.0648,
            153.0573,
            154.0651,
            155.0577,
            164.0495,
            166.0651,
            167.073,
            182.06
        ],
        "ms2_inten": [
            0.14098550110747862,
            0.09698540467069756,
            0.07956298801815895,
            0.226429100433588,
            0.10465678329797318,
            0.0739648017760841,
            0.23094112345761209,
            0.06428211782378221,
            0.05962020059708438,
            0.23382288012393326,
            0.0776050060556121,
            0.16301718728228795,
            0.0746535815367836,
            0.14110175719140403,
            0.15537683530176477,
            0.17039440798798555,
            0.24754708242702206,
            0.24155472478452727,
            0.12102916835116441,
            0.08323939898950726,
            0.7913600537574996,
            0.3945139483277313,
            0.2064261043727388,
            0.23957513248903675,
            1.0,
            0.18093262518077607,
            0.06550372366949846,
            0.3008664982054522,
            0.07521208262778903,
            0.07269390506674044
        ],
        "mono_mass": [
            51.0229,
            63.0229,
            75.0229,
            77.0386,
            78.0338,
            78.0464,
            89.0386,
            90.0464,
            94.0413,
            95.0491,
            96.0444,
            102.0464,
            105.045,
            113.0386,
            115.0542,
            126.0464,
            127.0542,
            128.0495,
            128.0621,
            129.042,
            139.0542,
            140.0495,
            145.0648,
            153.0573,
            154.0651,
            155.0577,
            164.0495,
            166.0651,
            167.073,
            182.06
        ],
        "abs_mass_diff": [
            0.0,
            0.0,
            0.0,
            0.0,
            0.0,
            0.0,
            0.0,
            0.0,
            0.0,
            0.0,
            0.0,
            0.0,
            0.0,
            0.0,
            0.0,
            0.0,
            0.0,
            0.0,
            0.0,
            0.0,
            0.0,
            0.0,
            0.0,
            0.0,
            0.0,
            0.0,
            0.0,
            0.0,
            0.0,
            0.0
        ],
        "mass_diff": [
            0.0,
            0.0,
            0.0,
            0.0,
            0.0,
            0.0,
            0.0,
            0.0,
            0.0,
            0.0,
            0.0,
            0.0,
            0.0,
            0.0,
            0.0,
            0.0,
            0.0,
            0.0,
            0.0,
            0.0,
            0.0,
            0.0,
            0.0,
            0.0,
            0.0,
            0.0,
            0.0,
            0.0,
            0.0,
            0.0
        ],
        "formula": [
            "C22H19NO4",
            "C22H19NO4",
            "C22H19NO4",
            "C22H19NO4",
            "C22H19NO4",
            "C22H19NO4",
            "C22H19NO4",
            "C22H19NO4",
            "C22H19NO4",
            "C22H19NO4",
            "C22H19NO4",
            "C22H19NO4",
            "C22H19NO4",
            "C22H19NO4",
            "C22H19NO4",
            "C22H19NO4",
            "C22H19NO4",
            "C22H19NO4",
            "C22H19NO4",
            "C22H19NO4",
            "C22H19NO4",
            "C22H19NO4",
            "C22H19NO4",
            "C22H19NO4",
            "C22H19NO4",
            "C22H19NO4",
            "C22H19NO4",
            "C22H19NO4",
            "C22H19NO4",
            "C22H19NO4"
        ],
        "ions": [
            "[M+H]+",
            "[M+H]+",
            "[M+H]+",
            "[M+H]+",
            "[M+H]+",
            "[M+H]+",
            "[M+H]+",
            "[M+H]+",
            "[M+H]+",
            "[M+H]+",
            "[M+H]+",
            "[M+H]+",
            "[M+H]+",
            "[M+H]+",
            "[M+H]+",
            "[M+H]+",
            "[M+H]+",
            "[M+H]+",
            "[M+H]+",
            "[M+H]+",
            "[M+H]+",
            "[M+H]+",
            "[M+H]+",
            "[M+H]+",
            "[M+H]+",
            "[M+H]+",
            "[M+H]+",
            "[M+H]+",
            "[M+H]+",
            "[M+H]+"
        ]
    }
}