{
    "cand_form": "C24H34N6O3S2",
    "cand_ion": "[M+H]+",
    "output_tbl": {
        "mz": [
            0.0,
            58.0651,
            70.0651,
            71.073,
            72.0808,
            84.0808,
            99.0917,
            113.1073,
            228.0464,
            242.0621,
            271.1012,
            299.0961,
            315.091
        ],
        "ms2_inten": [
            0.05026547486961644,
            0.23816035928131973,
            0.0687818546565137,
            0.058821228237143704,
            1.0,
            0.09466817984452967,
            0.1936393847052562,
            0.07516255063665206,
            0.037521186409529346,
            0.040753849022650133,
            0.09154137576830981,
            0.1289315384622924,
            0.09923445296733477
        ],
        "mono_mass": [
            0.0,
            58.0651,
            70.0651,
            71.073,
            72.0808,
            84.0808,
            99.0917,
            113.1073,
            228.0464,
            242.0621,
            271.1012,
            299.0961,
            315.091
        ],
        "abs_mass_diff": [
            0.0,
            0.0,
            0.0,
            0.0,
            0.0,
            0.0,
            0.0,
            0.0,
            0.0,
            0.0,
            0.0,
            0.0,
            0.0
        ],
        "mass_diff": [
            0.0,
            0.0,
            0.0,
            0.0,
            0.0,
            0.0,
            0.0,
            0.0,
            0.0,
            0.0,
            0.0,
            0.0,
            0.0
        ],
        "formula": [
            "C24H34N6O3S2",
            "C24H34N6O3S2",
            "C24H34N6O3S2",
            "C24H34N6O3S2",
            "C24H34N6O3S2",
            "C24H34N6O3S2",
            "C24H34N6O3S2",
            "C24H34N6O3S2",
            "C24H34N6O3S2",
            "C24H34N6O3S2",
            "C24H34N6O3S2",
            "C24H34N6O3S2",
            "C24H34N6O3S2"
        ],
        "ions": [
            "[M+H]+",
            "[M+H]+",
            "[M+H]+",
            "[M+H]+",
            "[M+H]+",
            "[M+H]+",
            "[M+H]+",
            "[M+H]+",
            "[M+H]+",
            "[M+H]+",
            "[M+H]+",
            "[M+H]+",
            "[M+H]+"
        ]
    }
}