{
    "cand_form": "C24H34N6O3S2",
    "cand_ion": "[M+H]+",
    "output_tbl": {
        "mz": [
            56.0495,
            58.0651,
            70.0651,
            72.0808
        ],
        "ms2_inten": [
            0.1892622002883895,
            0.1457364771908611,
            0.14121888743505076,
            1.0
        ],
        "mono_mass": [
            56.0495,
            58.0651,
            70.0651,
            72.0808
        ],
        "abs_mass_diff": [
            0.0,
            0.0,
            0.0,
            0.0
        ],
        "mass_diff": [
            0.0,
            0.0,
            0.0,
            0.0
        ],
        "formula": [
            "C24H34N6O3S2",
            "C24H34N6O3S2",
            "C24H34N6O3S2",
            "C24H34N6O3S2"
        ],
        "ions": [
            "[M+H]+",
            "[M+H]+",
            "[M+H]+",
            "[M+H]+"
        ]
    }
}