{
    "cand_form": "C23H32N6O3S2",
    "cand_ion": "[M+H]+",
    "output_tbl": {
        "mz": [
            56.0495,
            58.0651,
            70.0651,
            99.0917,
            228.0458,
            242.0621,
            270.057,
            271.1005,
            299.0961,
            315.0917
        ],
        "ms2_inten": [
            0.055737300458917734,
            1.0,
            0.10247454017177374,
            0.10879878555138936,
            0.050842242581960614,
            0.0528252687491955,
            0.04393767770308159,
            0.12019374588017985,
            0.16011118892414417,
            0.10184085935799336
        ],
        "mono_mass": [
            56.0495,
            58.0651,
            70.0651,
            99.0917,
            228.0458,
            242.0621,
            270.057,
            271.1005,
            299.0961,
            315.0917
        ],
        "abs_mass_diff": [
            0.0,
            0.0,
            0.0,
            0.0,
            0.0,
            0.0,
            0.0,
            0.0,
            0.0,
            0.0
        ],
        "mass_diff": [
            0.0,
            0.0,
            0.0,
            0.0,
            0.0,
            0.0,
            0.0,
            0.0,
            0.0,
            0.0
        ],
        "formula": [
            "C23H32N6O3S2",
            "C23H32N6O3S2",
            "C23H32N6O3S2",
            "C23H32N6O3S2",
            "C23H32N6O3S2",
            "C23H32N6O3S2",
            "C23H32N6O3S2",
            "C23H32N6O3S2",
            "C23H32N6O3S2",
            "C23H32N6O3S2"
        ],
        "ions": [
            "[M+H]+",
            "[M+H]+",
            "[M+H]+",
            "[M+H]+",
            "[M+H]+",
            "[M+H]+",
            "[M+H]+",
            "[M+H]+",
            "[M+H]+",
            "[M+H]+"
        ]
    }
}