{
    "cand_form": "C23H32N6O3S2",
    "cand_ion": "[M+H]+",
    "output_tbl": {
        "mz": [
            0.0,
            56.9793,
            58.0651,
            63.0229,
            64.0182,
            65.0386,
            68.9793,
            75.0229,
            76.0182,
            77.0386,
            88.0182,
            89.0386,
            114.0338,
            129.0447,
            227.7459
        ],
        "ms2_inten": [
            0.09757145044651579,
            0.06151201922895598,
            1.0,
            0.16747182073894046,
            0.07647691725710544,
            0.07347275118446055,
            0.16139018819363826,
            0.09154244068645533,
            0.0463569776625187,
            0.05734639445760721,
            0.05913968487805393,
            0.09726746216552803,
            0.07633835932319989,
            0.055935295754950744,
            0.07230587085853683
        ],
        "mono_mass": [
            0.0,
            56.9793,
            58.0651,
            63.0229,
            64.0182,
            65.0386,
            68.9793,
            75.0229,
            76.0182,
            77.0386,
            88.0182,
            89.0386,
            114.0338,
            129.0447,
            227.7459
        ],
        "abs_mass_diff": [
            0.0,
            0.0,
            0.0,
            0.0,
            0.0,
            0.0,
            0.0,
            0.0,
            0.0,
            0.0,
            0.0,
            0.0,
            0.0,
            0.0,
            0.0
        ],
        "mass_diff": [
            0.0,
            0.0,
            0.0,
            0.0,
            0.0,
            0.0,
            0.0,
            0.0,
            0.0,
            0.0,
            0.0,
            0.0,
            0.0,
            0.0,
            0.0
        ],
        "formula": [
            "C23H32N6O3S2",
            "C23H32N6O3S2",
            "C23H32N6O3S2",
            "C23H32N6O3S2",
            "C23H32N6O3S2",
            "C23H32N6O3S2",
            "C23H32N6O3S2",
            "C23H32N6O3S2",
            "C23H32N6O3S2",
            "C23H32N6O3S2",
            "C23H32N6O3S2",
            "C23H32N6O3S2",
            "C23H32N6O3S2",
            "C23H32N6O3S2",
            "C23H32N6O3S2"
        ],
        "ions": [
            "[M+H]+",
            "[M+H]+",
            "[M+H]+",
            "[M+H]+",
            "[M+H]+",
            "[M+H]+",
            "[M+H]+",
            "[M+H]+",
            "[M+H]+",
            "[M+H]+",
            "[M+H]+",
            "[M+H]+",
            "[M+H]+",
            "[M+H]+",
            "[M+H]+"
        ]
    }
}