{
    "cand_form": "C19H21ClN4O3",
    "cand_ion": "[M+H]+",
    "output_tbl": {
        "mz": [
            76.9789,
            166.098,
            256.0955,
            284.1268,
            285.1346,
            286.1357,
            297.1346,
            311.1139,
            312.115,
            313.1659,
            332.0671,
            361.1062,
            362.114,
            389.1375,
            390.1416
        ],
        "ms2_inten": [
            0.04361414966205118,
            0.02975278447559886,
            0.04581029785849055,
            0.06786613924807049,
            0.6233670249187148,
            0.05873333056935839,
            0.07415288222300864,
            0.23234854739367386,
            0.029573906116373356,
            0.051693157639009786,
            0.08030154543569376,
            1.0,
            0.14214916009358874,
            0.1682375668897801,
            0.02834064755490809
        ],
        "mono_mass": [
            76.9789,
            166.098,
            256.0955,
            284.1268,
            285.1346,
            286.1357,
            297.1346,
            311.1139,
            312.115,
            313.1659,
            332.0671,
            361.1062,
            362.114,
            389.1375,
            390.1416
        ],
        "abs_mass_diff": [
            0.0,
            0.0,
            0.0,
            0.0,
            0.0,
            0.0,
            0.0,
            0.0,
            0.0,
            0.0,
            0.0,
            0.0,
            0.0,
            0.0,
            0.0
        ],
        "mass_diff": [
            0.0,
            0.0,
            0.0,
            0.0,
            0.0,
            0.0,
            0.0,
            0.0,
            0.0,
            0.0,
            0.0,
            0.0,
            0.0,
            0.0,
            0.0
        ],
        "formula": [
            "C19H21ClN4O3",
            "C19H21ClN4O3",
            "C19H21ClN4O3",
            "C19H21ClN4O3",
            "C19H21ClN4O3",
            "C19H21ClN4O3",
            "C19H21ClN4O3",
            "C19H21ClN4O3",
            "C19H21ClN4O3",
            "C19H21ClN4O3",
            "C19H21ClN4O3",
            "C19H21ClN4O3",
            "C19H21ClN4O3",
            "C19H21ClN4O3",
            "C19H21ClN4O3"
        ],
        "ions": [
            "[M+H]+",
            "[M+H]+",
            "[M+H]+",
            "[M+H]+",
            "[M+H]+",
            "[M+H]+",
            "[M+H]+",
            "[M+H]+",
            "[M+H]+",
            "[M+H]+",
            "[M+H]+",
            "[M+H]+",
            "[M+H]+",
            "[M+H]+",
            "[M+H]+"
        ]
    }
}