{
    "cand_form": "C19H21ClN4O3",
    "cand_ion": "[M+H]+",
    "output_tbl": {
        "mz": [
            69.0447,
            76.9789,
            97.076,
            154.0611,
            165.0187,
            166.0975,
            198.1237,
            241.072,
            255.0877,
            255.124,
            256.0955,
            268.1081,
            269.1046,
            283.0826,
            283.1203,
            284.1268,
            285.1346,
            286.1357,
            297.1359,
            298.106,
            311.1139,
            332.0671,
            361.1062
        ],
        "ms2_inten": [
            0.11368979222352758,
            0.2122220323174152,
            0.07327502574346961,
            0.13945202204344873,
            0.12083665213042273,
            0.4273446465509606,
            0.08674935990335113,
            0.08124754268281746,
            0.19381616805149593,
            0.15269640308858767,
            0.511004312427937,
            0.09235529433474789,
            0.15025902488353574,
            0.07002352398714463,
            0.16252272873936416,
            0.7027796167315572,
            1.0,
            0.09182329036519639,
            0.1024504263705335,
            0.06547969450897818,
            0.5736334727787964,
            0.19146544889541456,
            0.18240896192629136
        ],
        "mono_mass": [
            69.0447,
            76.9789,
            97.076,
            154.0611,
            165.0187,
            166.0975,
            198.1237,
            241.072,
            255.0877,
            255.124,
            256.0955,
            268.1081,
            269.1046,
            283.0826,
            283.1203,
            284.1268,
            285.1346,
            286.1357,
            297.1359,
            298.106,
            311.1139,
            332.0671,
            361.1062
        ],
        "abs_mass_diff": [
            0.0,
            0.0,
            0.0,
            0.0,
            0.0,
            0.0,
            0.0,
            0.0,
            0.0,
            0.0,
            0.0,
            0.0,
            0.0,
            0.0,
            0.0,
            0.0,
            0.0,
            0.0,
            0.0,
            0.0,
            0.0,
            0.0,
            0.0
        ],
        "mass_diff": [
            0.0,
            0.0,
            0.0,
            0.0,
            0.0,
            0.0,
            0.0,
            0.0,
            0.0,
            0.0,
            0.0,
            0.0,
            0.0,
            0.0,
            0.0,
            0.0,
            0.0,
            0.0,
            0.0,
            0.0,
            0.0,
            0.0,
            0.0
        ],
        "formula": [
            "C19H21ClN4O3",
            "C19H21ClN4O3",
            "C19H21ClN4O3",
            "C19H21ClN4O3",
            "C19H21ClN4O3",
            "C19H21ClN4O3",
            "C19H21ClN4O3",
            "C19H21ClN4O3",
            "C19H21ClN4O3",
            "C19H21ClN4O3",
            "C19H21ClN4O3",
            "C19H21ClN4O3",
            "C19H21ClN4O3",
            "C19H21ClN4O3",
            "C19H21ClN4O3",
            "C19H21ClN4O3",
            "C19H21ClN4O3",
            "C19H21ClN4O3",
            "C19H21ClN4O3",
            "C19H21ClN4O3",
            "C19H21ClN4O3",
            "C19H21ClN4O3",
            "C19H21ClN4O3"
        ],
        "ions": [
            "[M+H]+",
            "[M+H]+",
            "[M+H]+",
            "[M+H]+",
            "[M+H]+",
            "[M+H]+",
            "[M+H]+",
            "[M+H]+",
            "[M+H]+",
            "[M+H]+",
            "[M+H]+",
            "[M+H]+",
            "[M+H]+",
            "[M+H]+",
            "[M+H]+",
            "[M+H]+",
            "[M+H]+",
            "[M+H]+",
            "[M+H]+",
            "[M+H]+",
            "[M+H]+",
            "[M+H]+",
            "[M+H]+"
        ]
    }
}