{
    "cand_form": "C11H15ClN4O2",
    "cand_ion": "[M+H]+",
    "output_tbl": {
        "mz": [
            64.1231,
            64.8761,
            65.2471,
            67.0542,
            81.0699,
            87.2085,
            91.0542,
            99.0804,
            227.7392
        ],
        "ms2_inten": [
            0.327804269504368,
            0.2967636161604456,
            0.28965277470064726,
            0.5183851825088707,
            0.3513611899803329,
            0.26837342313630985,
            1.0,
            0.2694927790635449,
            0.6056145039078611
        ],
        "mono_mass": [
            64.1231,
            64.8761,
            65.2471,
            67.0542,
            81.0699,
            87.2085,
            91.0542,
            99.0804,
            227.7392
        ],
        "abs_mass_diff": [
            0.0,
            0.0,
            0.0,
            0.0,
            0.0,
            0.0,
            0.0,
            0.0,
            0.0
        ],
        "mass_diff": [
            0.0,
            0.0,
            0.0,
            0.0,
            0.0,
            0.0,
            0.0,
            0.0,
            0.0
        ],
        "formula": [
            "C11H15ClN4O2",
            "C11H15ClN4O2",
            "C11H15ClN4O2",
            "C11H15ClN4O2",
            "C11H15ClN4O2",
            "C11H15ClN4O2",
            "C11H15ClN4O2",
            "C11H15ClN4O2",
            "C11H15ClN4O2"
        ],
        "ions": [
            "[M+H]+",
            "[M+H]+",
            "[M+H]+",
            "[M+H]+",
            "[M+H]+",
            "[M+H]+",
            "[M+H]+",
            "[M+H]+",
            "[M+H]+"
        ]
    }
}