{
    "cand_form": "C20H21ClO4",
    "cand_ion": "[M+H]+",
    "output_tbl": {
        "mz": [
            233.0364,
            234.0442,
            361.1201,
            362.1238
        ],
        "ms2_inten": [
            1.0,
            0.06920177233562455,
            0.7423031803522689,
            0.08084988335007816
        ],
        "mono_mass": [
            233.0364,
            234.0442,
            361.1201,
            362.1238
        ],
        "abs_mass_diff": [
            0.0,
            0.0,
            0.0,
            0.0
        ],
        "mass_diff": [
            0.0,
            0.0,
            0.0,
            0.0
        ],
        "formula": [
            "C20H21ClO4",
            "C20H21ClO4",
            "C20H21ClO4",
            "C20H21ClO4"
        ],
        "ions": [
            "[M+H]+",
            "[M+H]+",
            "[M+H]+",
            "[M+H]+"
        ]
    }
}