{
    "cand_form": "C25H38O5",
    "cand_ion": "[M+H]+",
    "output_tbl": {
        "mz": [
            125.0597,
            143.0703,
            145.1012,
            159.1168,
            173.1325,
            199.1481,
            200.1516,
            201.1638,
            223.1481,
            225.1638,
            227.746,
            239.1794,
            243.1743,
            244.1822,
            249.1638,
            267.1743,
            285.1849,
            286.1927,
            303.1955
        ],
        "ms2_inten": [
            0.06145012563850162,
            0.1263033586073376,
            0.04631518680829359,
            0.07590486917183834,
            0.3587227289175739,
            1.0,
            0.06964946934737945,
            0.18912271265895952,
            0.05971036245973249,
            0.4672534044276053,
            0.057196722272779665,
            0.1163306366215024,
            0.6862256735791735,
            0.0584445939340266,
            0.13723270478096472,
            0.4107571381865415,
            0.9168626726401147,
            0.09867881650029904,
            0.30201246367916396
        ],
        "mono_mass": [
            125.0597,
            143.0703,
            145.1012,
            159.1168,
            173.1325,
            199.1481,
            200.1516,
            201.1638,
            223.1481,
            225.1638,
            227.746,
            239.1794,
            243.1743,
            244.1822,
            249.1638,
            267.1743,
            285.1849,
            286.1927,
            303.1955
        ],
        "abs_mass_diff": [
            0.0,
            0.0,
            0.0,
            0.0,
            0.0,
            0.0,
            0.0,
            0.0,
            0.0,
            0.0,
            0.0,
            0.0,
            0.0,
            0.0,
            0.0,
            0.0,
            0.0,
            0.0,
            0.0
        ],
        "mass_diff": [
            0.0,
            0.0,
            0.0,
            0.0,
            0.0,
            0.0,
            0.0,
            0.0,
            0.0,
            0.0,
            0.0,
            0.0,
            0.0,
            0.0,
            0.0,
            0.0,
            0.0,
            0.0,
            0.0
        ],
        "formula": [
            "C25H38O5",
            "C25H38O5",
            "C25H38O5",
            "C25H38O5",
            "C25H38O5",
            "C25H38O5",
            "C25H38O5",
            "C25H38O5",
            "C25H38O5",
            "C25H38O5",
            "C25H38O5",
            "C25H38O5",
            "C25H38O5",
            "C25H38O5",
            "C25H38O5",
            "C25H38O5",
            "C25H38O5",
            "C25H38O5",
            "C25H38O5"
        ],
        "ions": [
            "[M+H]+",
            "[M+H]+",
            "[M+H]+",
            "[M+H]+",
            "[M+H]+",
            "[M+H]+",
            "[M+H]+",
            "[M+H]+",
            "[M+H]+",
            "[M+H]+",
            "[M+H]+",
            "[M+H]+",
            "[M+H]+",
            "[M+H]+",
            "[M+H]+",
            "[M+H]+",
            "[M+H]+",
            "[M+H]+",
            "[M+H]+"
        ]
    }
}