{
    "cand_form": "C25H38O5",
    "cand_ion": "[M+H]+",
    "output_tbl": {
        "mz": [
            0.0,
            51.0229,
            53.0386,
            63.0229,
            65.0386,
            76.0308,
            77.0386,
            78.0464,
            79.0542,
            89.0386,
            91.0542,
            94.0413,
            95.0491,
            102.0464,
            103.0542,
            105.0448,
            115.0542,
            126.0464,
            127.0542,
            128.0621,
            141.0699,
            145.0648,
            152.0621,
            153.0699,
            155.0602,
            165.0699,
            227.7335
        ],
        "ms2_inten": [
            0.11196389879156046,
            0.2683455856278342,
            0.09445681976848254,
            0.1358712522428767,
            0.4557084499098507,
            0.05283987778101031,
            0.34952954469904324,
            0.1746070296665224,
            0.1214648070390264,
            0.20531014781395812,
            0.3825711532885313,
            0.1002655874805143,
            0.25354153790781275,
            0.202719917710126,
            0.053816804676859294,
            0.10369669986534297,
            1.0,
            0.06116235508447305,
            0.1257879202363325,
            0.6714007467651675,
            0.1581389230235546,
            0.09989064266288025,
            0.19553093999873594,
            0.08039105830972855,
            0.09102719049266333,
            0.09587810040464656,
            0.097925553138387
        ],
        "mono_mass": [
            0.0,
            51.0229,
            53.0386,
            63.0229,
            65.0386,
            76.0308,
            77.0386,
            78.0464,
            79.0542,
            89.0386,
            91.0542,
            94.0413,
            95.0491,
            102.0464,
            103.0542,
            105.0448,
            115.0542,
            126.0464,
            127.0542,
            128.0621,
            141.0699,
            145.0648,
            152.0621,
            153.0699,
            155.0602,
            165.0699,
            227.7335
        ],
        "abs_mass_diff": [
            0.0,
            0.0,
            0.0,
            0.0,
            0.0,
            0.0,
            0.0,
            0.0,
            0.0,
            0.0,
            0.0,
            0.0,
            0.0,
            0.0,
            0.0,
            0.0,
            0.0,
            0.0,
            0.0,
            0.0,
            0.0,
            0.0,
            0.0,
            0.0,
            0.0,
            0.0,
            0.0
        ],
        "mass_diff": [
            0.0,
            0.0,
            0.0,
            0.0,
            0.0,
            0.0,
            0.0,
            0.0,
            0.0,
            0.0,
            0.0,
            0.0,
            0.0,
            0.0,
            0.0,
            0.0,
            0.0,
            0.0,
            0.0,
            0.0,
            0.0,
            0.0,
            0.0,
            0.0,
            0.0,
            0.0,
            0.0
        ],
        "formula": [
            "C25H38O5",
            "C25H38O5",
            "C25H38O5",
            "C25H38O5",
            "C25H38O5",
            "C25H38O5",
            "C25H38O5",
            "C25H38O5",
            "C25H38O5",
            "C25H38O5",
            "C25H38O5",
            "C25H38O5",
            "C25H38O5",
            "C25H38O5",
            "C25H38O5",
            "C25H38O5",
            "C25H38O5",
            "C25H38O5",
            "C25H38O5",
            "C25H38O5",
            "C25H38O5",
            "C25H38O5",
            "C25H38O5",
            "C25H38O5",
            "C25H38O5",
            "C25H38O5",
            "C25H38O5"
        ],
        "ions": [
            "[M+H]+",
            "[M+H]+",
            "[M+H]+",
            "[M+H]+",
            "[M+H]+",
            "[M+H]+",
            "[M+H]+",
            "[M+H]+",
            "[M+H]+",
            "[M+H]+",
            "[M+H]+",
            "[M+H]+",
            "[M+H]+",
            "[M+H]+",
            "[M+H]+",
            "[M+H]+",
            "[M+H]+",
            "[M+H]+",
            "[M+H]+",
            "[M+H]+",
            "[M+H]+",
            "[M+H]+",
            "[M+H]+",
            "[M+H]+",
            "[M+H]+",
            "[M+H]+",
            "[M+H]+"
        ]
    }
}