{
    "cand_form": "C22H21Cl3N4O",
    "cand_ion": "[M+H]+",
    "output_tbl": {
        "mz": [
            84.0808,
            164.0262,
            300.0216,
            362.9853,
            380.9999,
            381.9952,
            395.0075
        ],
        "ms2_inten": [
            0.13695335350205948,
            0.04430973506383778,
            0.04828399841622384,
            0.217598882320386,
            1.0,
            0.09316151338420554,
            0.20572116688613673
        ],
        "mono_mass": [
            84.0808,
            164.0262,
            300.0216,
            362.9853,
            380.9999,
            381.9952,
            395.0075
        ],
        "abs_mass_diff": [
            0.0,
            0.0,
            0.0,
            0.0,
            0.0,
            0.0,
            0.0
        ],
        "mass_diff": [
            0.0,
            0.0,
            0.0,
            0.0,
            0.0,
            0.0,
            0.0
        ],
        "formula": [
            "C22H21Cl3N4O",
            "C22H21Cl3N4O",
            "C22H21Cl3N4O",
            "C22H21Cl3N4O",
            "C22H21Cl3N4O",
            "C22H21Cl3N4O",
            "C22H21Cl3N4O"
        ],
        "ions": [
            "[M+H]+",
            "[M+H]+",
            "[M+H]+",
            "[M+H]+",
            "[M+H]+",
            "[M+H]+",
            "[M+H]+"
        ]
    }
}