{
    "cand_form": "C29H53NO5",
    "cand_ion": "[M+H]+",
    "output_tbl": {
        "mz": [
            69.0699,
            81.0699,
            83.0855,
            95.0855,
            97.1012,
            109.1012,
            111.1168,
            114.0913,
            123.1168,
            132.1019,
            137.1325,
            142.0863,
            151.1481,
            160.0968,
            193.1951,
            291.3046,
            301.289,
            319.2995,
            320.3074,
            337.3101,
            338.3179
        ],
        "ms2_inten": [
            0.06575850008544143,
            0.04410807817589079,
            0.0543321363894247,
            0.05066595616980699,
            0.07543391603853657,
            0.059111695400119124,
            0.05382333592216664,
            0.2748067942780444,
            0.05294167929190788,
            0.05666695618210567,
            0.04107624423461323,
            0.203695003811444,
            0.05739927650932075,
            0.5506485107639014,
            0.14727680937791687,
            0.11011767465782751,
            0.16145493042882889,
            1.0,
            0.14996282896764676,
            0.2966132079082173,
            0.05435642818615369
        ],
        "mono_mass": [
            69.0699,
            81.0699,
            83.0855,
            95.0855,
            97.1012,
            109.1012,
            111.1168,
            114.0913,
            123.1168,
            132.1019,
            137.1325,
            142.0863,
            151.1481,
            160.0968,
            193.1951,
            291.3046,
            301.289,
            319.2995,
            320.3074,
            337.3101,
            338.3179
        ],
        "abs_mass_diff": [
            0.0,
            0.0,
            0.0,
            0.0,
            0.0,
            0.0,
            0.0,
            0.0,
            0.0,
            0.0,
            0.0,
            0.0,
            0.0,
            0.0,
            0.0,
            0.0,
            0.0,
            0.0,
            0.0,
            0.0,
            0.0
        ],
        "mass_diff": [
            0.0,
            0.0,
            0.0,
            0.0,
            0.0,
            0.0,
            0.0,
            0.0,
            0.0,
            0.0,
            0.0,
            0.0,
            0.0,
            0.0,
            0.0,
            0.0,
            0.0,
            0.0,
            0.0,
            0.0,
            0.0
        ],
        "formula": [
            "C29H53NO5",
            "C29H53NO5",
            "C29H53NO5",
            "C29H53NO5",
            "C29H53NO5",
            "C29H53NO5",
            "C29H53NO5",
            "C29H53NO5",
            "C29H53NO5",
            "C29H53NO5",
            "C29H53NO5",
            "C29H53NO5",
            "C29H53NO5",
            "C29H53NO5",
            "C29H53NO5",
            "C29H53NO5",
            "C29H53NO5",
            "C29H53NO5",
            "C29H53NO5",
            "C29H53NO5",
            "C29H53NO5"
        ],
        "ions": [
            "[M+H]+",
            "[M+H]+",
            "[M+H]+",
            "[M+H]+",
            "[M+H]+",
            "[M+H]+",
            "[M+H]+",
            "[M+H]+",
            "[M+H]+",
            "[M+H]+",
            "[M+H]+",
            "[M+H]+",
            "[M+H]+",
            "[M+H]+",
            "[M+H]+",
            "[M+H]+",
            "[M+H]+",
            "[M+H]+",
            "[M+H]+",
            "[M+H]+",
            "[M+H]+"
        ]
    }
}