{
    "cand_form": "C10H15NO",
    "cand_ion": "[M+H]+",
    "output_tbl": {
        "mz": [
            0.0,
            43.0178,
            56.0495,
            57.0335,
            70.0651,
            91.0542,
            92.0575,
            104.0621,
            105.0699,
            115.0542,
            116.0621,
            117.0699,
            118.0651,
            132.0808,
            133.0886,
            134.092,
            148.1121
        ],
        "ms2_inten": [
            0.08958974609930996,
            0.1776005022374664,
            0.5155801960470316,
            0.05732219230386205,
            0.104987810611385,
            0.9404398462288109,
            0.03856229764881803,
            0.14808375727550263,
            0.04030053131377103,
            1.0,
            0.14263469783778546,
            0.3951766847262191,
            0.06145846134746109,
            0.4102768951533589,
            0.5732621005126151,
            0.0365531497521088,
            0.06935068060831362
        ],
        "mono_mass": [
            0.0,
            43.0178,
            56.0495,
            57.0335,
            70.0651,
            91.0542,
            92.0575,
            104.0621,
            105.0699,
            115.0542,
            116.0621,
            117.0699,
            118.0651,
            132.0808,
            133.0886,
            134.092,
            148.1121
        ],
        "abs_mass_diff": [
            0.0,
            0.0,
            0.0,
            0.0,
            0.0,
            0.0,
            0.0,
            0.0,
            0.0,
            0.0,
            0.0,
            0.0,
            0.0,
            0.0,
            0.0,
            0.0,
            0.0
        ],
        "mass_diff": [
            0.0,
            0.0,
            0.0,
            0.0,
            0.0,
            0.0,
            0.0,
            0.0,
            0.0,
            0.0,
            0.0,
            0.0,
            0.0,
            0.0,
            0.0,
            0.0,
            0.0
        ],
        "formula": [
            "C10H15NO",
            "C10H15NO",
            "C10H15NO",
            "C10H15NO",
            "C10H15NO",
            "C10H15NO",
            "C10H15NO",
            "C10H15NO",
            "C10H15NO",
            "C10H15NO",
            "C10H15NO",
            "C10H15NO",
            "C10H15NO",
            "C10H15NO",
            "C10H15NO",
            "C10H15NO",
            "C10H15NO"
        ],
        "ions": [
            "[M+H]+",
            "[M+H]+",
            "[M+H]+",
            "[M+H]+",
            "[M+H]+",
            "[M+H]+",
            "[M+H]+",
            "[M+H]+",
            "[M+H]+",
            "[M+H]+",
            "[M+H]+",
            "[M+H]+",
            "[M+H]+",
            "[M+H]+",
            "[M+H]+",
            "[M+H]+",
            "[M+H]+"
        ]
    }
}