{
    "cand_form": "C7H8ClN3O4S2",
    "cand_ion": "[M-H]-",
    "output_tbl": {
        "mz": [
            61.9706,
            63.9624,
            77.9655,
            78.9733,
            79.9812,
            90.0349,
            94.0298,
            104.038,
            115.0302,
            121.0407,
            123.996,
            126.0116,
            227.7226
        ],
        "ms2_inten": [
            0.038593373631143256,
            0.04230906128456221,
            1.0,
            0.06852550960985493,
            0.03788377659177894,
            0.06324105056946616,
            0.10361770908602906,
            0.07053087541947779,
            0.028161668666242978,
            0.08182897456595357,
            0.1325988349529431,
            0.056418302430240846,
            0.021242826007844894
        ],
        "mono_mass": [
            61.9706,
            63.9624,
            77.9655,
            78.9733,
            79.9812,
            90.0349,
            94.0298,
            104.038,
            115.0302,
            121.0407,
            123.996,
            126.0116,
            227.7226
        ],
        "abs_mass_diff": [
            0.0,
            0.0,
            0.0,
            0.0,
            0.0,
            0.0,
            0.0,
            0.0,
            0.0,
            0.0,
            0.0,
            0.0,
            0.0
        ],
        "mass_diff": [
            0.0,
            0.0,
            0.0,
            0.0,
            0.0,
            0.0,
            0.0,
            0.0,
            0.0,
            0.0,
            0.0,
            0.0,
            0.0
        ],
        "formula": [
            "C7H8ClN3O4S2",
            "C7H8ClN3O4S2",
            "C7H8ClN3O4S2",
            "C7H8ClN3O4S2",
            "C7H8ClN3O4S2",
            "C7H8ClN3O4S2",
            "C7H8ClN3O4S2",
            "C7H8ClN3O4S2",
            "C7H8ClN3O4S2",
            "C7H8ClN3O4S2",
            "C7H8ClN3O4S2",
            "C7H8ClN3O4S2",
            "C7H8ClN3O4S2"
        ],
        "ions": [
            "[M-H]-",
            "[M-H]-",
            "[M-H]-",
            "[M-H]-",
            "[M-H]-",
            "[M-H]-",
            "[M-H]-",
            "[M-H]-",
            "[M-H]-",
            "[M-H]-",
            "[M-H]-",
            "[M-H]-",
            "[M-H]-"
        ]
    }
}