{
    "cand_form": "C7H8ClN3O4S2",
    "cand_ion": "[M-H]-",
    "output_tbl": {
        "mz": [
            61.9706,
            63.9624,
            77.9655,
            78.9733,
            79.9812,
            90.0349,
            94.0298,
            104.038,
            115.0302,
            121.0412,
            123.996,
            178.9921
        ],
        "ms2_inten": [
            0.10767785607859957,
            0.11255996548818675,
            1.0,
            0.061638926807978785,
            0.05116213008831743,
            0.0574895180690449,
            0.11262771923717052,
            0.05823402076492273,
            0.06860173612529773,
            0.024044898192451866,
            0.14970540645066685,
            0.11716294562082241
        ],
        "mono_mass": [
            61.9706,
            63.9624,
            77.9655,
            78.9733,
            79.9812,
            90.0349,
            94.0298,
            104.038,
            115.0302,
            121.0412,
            123.996,
            178.9921
        ],
        "abs_mass_diff": [
            0.0,
            0.0,
            0.0,
            0.0,
            0.0,
            0.0,
            0.0,
            0.0,
            0.0,
            0.0,
            0.0,
            0.0
        ],
        "mass_diff": [
            0.0,
            0.0,
            0.0,
            0.0,
            0.0,
            0.0,
            0.0,
            0.0,
            0.0,
            0.0,
            0.0,
            0.0
        ],
        "formula": [
            "C7H8ClN3O4S2",
            "C7H8ClN3O4S2",
            "C7H8ClN3O4S2",
            "C7H8ClN3O4S2",
            "C7H8ClN3O4S2",
            "C7H8ClN3O4S2",
            "C7H8ClN3O4S2",
            "C7H8ClN3O4S2",
            "C7H8ClN3O4S2",
            "C7H8ClN3O4S2",
            "C7H8ClN3O4S2",
            "C7H8ClN3O4S2"
        ],
        "ions": [
            "[M-H]-",
            "[M-H]-",
            "[M-H]-",
            "[M-H]-",
            "[M-H]-",
            "[M-H]-",
            "[M-H]-",
            "[M-H]-",
            "[M-H]-",
            "[M-H]-",
            "[M-H]-",
            "[M-H]-"
        ]
    }
}