{
    "cand_form": "C7H8ClN3O4S2",
    "cand_ion": "[M-H]-",
    "output_tbl": {
        "mz": [
            0.0,
            63.9624,
            77.9655,
            79.9812,
            94.0298,
            123.996,
            178.9921,
            227.7186,
            295.0063
        ],
        "ms2_inten": [
            0.20290405405670925,
            0.2479120034109642,
            1.0,
            0.06527278007336718,
            0.08488117780436863,
            0.09508124657380826,
            0.04653436055227754,
            0.0668039068901084,
            0.040636269002469805
        ],
        "mono_mass": [
            0.0,
            63.9624,
            77.9655,
            79.9812,
            94.0298,
            123.996,
            178.9921,
            227.7186,
            295.0063
        ],
        "abs_mass_diff": [
            0.0,
            0.0,
            0.0,
            0.0,
            0.0,
            0.0,
            0.0,
            0.0,
            0.0
        ],
        "mass_diff": [
            0.0,
            0.0,
            0.0,
            0.0,
            0.0,
            0.0,
            0.0,
            0.0,
            0.0
        ],
        "formula": [
            "C7H8ClN3O4S2",
            "C7H8ClN3O4S2",
            "C7H8ClN3O4S2",
            "C7H8ClN3O4S2",
            "C7H8ClN3O4S2",
            "C7H8ClN3O4S2",
            "C7H8ClN3O4S2",
            "C7H8ClN3O4S2",
            "C7H8ClN3O4S2"
        ],
        "ions": [
            "[M-H]-",
            "[M-H]-",
            "[M-H]-",
            "[M-H]-",
            "[M-H]-",
            "[M-H]-",
            "[M-H]-",
            "[M-H]-",
            "[M-H]-"
        ]
    }
}