{
    "cand_form": "C7H8ClN3O4S2",
    "cand_ion": "[M-H]-",
    "output_tbl": {
        "mz": [
            0.0,
            61.9706,
            63.9624,
            77.9655,
            88.0193
        ],
        "ms2_inten": [
            0.05089146460270212,
            0.5032953853229559,
            0.8817366491374675,
            1.0,
            0.03623748086499663
        ],
        "mono_mass": [
            0.0,
            61.9706,
            63.9624,
            77.9655,
            88.0193
        ],
        "abs_mass_diff": [
            0.0,
            0.0,
            0.0,
            0.0,
            0.0
        ],
        "mass_diff": [
            0.0,
            0.0,
            0.0,
            0.0,
            0.0
        ],
        "formula": [
            "C7H8ClN3O4S2",
            "C7H8ClN3O4S2",
            "C7H8ClN3O4S2",
            "C7H8ClN3O4S2",
            "C7H8ClN3O4S2"
        ],
        "ions": [
            "[M-H]-",
            "[M-H]-",
            "[M-H]-",
            "[M-H]-",
            "[M-H]-"
        ]
    }
}