{
    "cand_form": "C27H35N9O5S2",
    "cand_ion": "[M+H]+",
    "output_tbl": {
        "mz": [
            0.0,
            69.0083,
            70.0651,
            74.0059,
            74.0111,
            227.7232,
            227.7541
        ],
        "ms2_inten": [
            0.3023414810669398,
            0.2471074413342025,
            0.12261256902522139,
            1.0,
            0.07863142537167898,
            0.09586952699785874,
            0.15251748224988376
        ],
        "mono_mass": [
            0.0,
            69.0083,
            70.0651,
            74.0059,
            74.0111,
            227.7232,
            227.7541
        ],
        "abs_mass_diff": [
            0.0,
            0.0,
            0.0,
            0.0,
            0.0,
            0.0,
            0.0
        ],
        "mass_diff": [
            0.0,
            0.0,
            0.0,
            0.0,
            0.0,
            0.0,
            0.0
        ],
        "formula": [
            "C27H35N9O5S2",
            "C27H35N9O5S2",
            "C27H35N9O5S2",
            "C27H35N9O5S2",
            "C27H35N9O5S2",
            "C27H35N9O5S2",
            "C27H35N9O5S2"
        ],
        "ions": [
            "[M+H]+",
            "[M+H]+",
            "[M+H]+",
            "[M+H]+",
            "[M+H]+",
            "[M+H]+",
            "[M+H]+"
        ]
    }
}