{
    "cand_form": "C23H32N6O5S",
    "cand_ion": "[M+H]+",
    "output_tbl": {
        "mz": [
            0.0,
            58.0651,
            70.0651,
            84.0682,
            88.0757,
            97.076,
            99.0917,
            129.1022,
            283.119
        ],
        "ms2_inten": [
            0.05706357562887932,
            0.10530822332874312,
            0.12031727632033523,
            0.07427920094454389,
            0.06646050500290838,
            0.056334527073578944,
            1.0,
            0.03569116950250509,
            0.1519234110235412
        ],
        "mono_mass": [
            0.0,
            58.0651,
            70.0651,
            84.0682,
            88.0757,
            97.076,
            99.0917,
            129.1022,
            283.119
        ],
        "abs_mass_diff": [
            0.0,
            0.0,
            0.0,
            0.0,
            0.0,
            0.0,
            0.0,
            0.0,
            0.0
        ],
        "mass_diff": [
            0.0,
            0.0,
            0.0,
            0.0,
            0.0,
            0.0,
            0.0,
            0.0,
            0.0
        ],
        "formula": [
            "C23H32N6O5S",
            "C23H32N6O5S",
            "C23H32N6O5S",
            "C23H32N6O5S",
            "C23H32N6O5S",
            "C23H32N6O5S",
            "C23H32N6O5S",
            "C23H32N6O5S",
            "C23H32N6O5S"
        ],
        "ions": [
            "[M+H]+",
            "[M+H]+",
            "[M+H]+",
            "[M+H]+",
            "[M+H]+",
            "[M+H]+",
            "[M+H]+",
            "[M+H]+",
            "[M+H]+"
        ]
    }
}