{
    "cand_form": "C18H28ClN",
    "cand_ion": "[M+H]+",
    "output_tbl": {
        "mz": [
            55.0542,
            60.0808,
            67.0542,
            69.0699,
            103.0542,
            125.0153,
            126.0184,
            139.0309,
            151.0309,
            153.0466,
            165.0466
        ],
        "ms2_inten": [
            0.05739700472877172,
            0.10547578160893568,
            0.029234568766428663,
            0.03634361734090087,
            0.056053055372361056,
            1.0,
            0.046001329944980456,
            0.2640206163243479,
            0.055801616510994495,
            0.04337152659113248,
            0.026052839275425357
        ],
        "mono_mass": [
            55.0542,
            60.0808,
            67.0542,
            69.0699,
            103.0542,
            125.0153,
            126.0184,
            139.0309,
            151.0309,
            153.0466,
            165.0466
        ],
        "abs_mass_diff": [
            0.0,
            0.0,
            0.0,
            0.0,
            0.0,
            0.0,
            0.0,
            0.0,
            0.0,
            0.0,
            0.0
        ],
        "mass_diff": [
            0.0,
            0.0,
            0.0,
            0.0,
            0.0,
            0.0,
            0.0,
            0.0,
            0.0,
            0.0,
            0.0
        ],
        "formula": [
            "C18H28ClN",
            "C18H28ClN",
            "C18H28ClN",
            "C18H28ClN",
            "C18H28ClN",
            "C18H28ClN",
            "C18H28ClN",
            "C18H28ClN",
            "C18H28ClN",
            "C18H28ClN",
            "C18H28ClN"
        ],
        "ions": [
            "[M+H]+",
            "[M+H]+",
            "[M+H]+",
            "[M+H]+",
            "[M+H]+",
            "[M+H]+",
            "[M+H]+",
            "[M+H]+",
            "[M+H]+",
            "[M+H]+",
            "[M+H]+"
        ]
    }
}