{
    "cand_form": "C12H11ClN2O5S",
    "cand_ion": "[M-H]-",
    "output_tbl": {
        "mz": [
            77.9655,
            78.9733,
            94.0298,
            121.0407,
            126.0116,
            204.9844
        ],
        "ms2_inten": [
            1.0,
            0.07801071651694191,
            0.04164540184640912,
            0.18163112161657194,
            0.5222538063728874,
            0.18491439433799617
        ],
        "mono_mass": [
            77.9655,
            78.9733,
            94.0298,
            121.0407,
            126.0116,
            204.9844
        ],
        "abs_mass_diff": [
            0.0,
            0.0,
            0.0,
            0.0,
            0.0,
            0.0
        ],
        "mass_diff": [
            0.0,
            0.0,
            0.0,
            0.0,
            0.0,
            0.0
        ],
        "formula": [
            "C12H11ClN2O5S",
            "C12H11ClN2O5S",
            "C12H11ClN2O5S",
            "C12H11ClN2O5S",
            "C12H11ClN2O5S",
            "C12H11ClN2O5S"
        ],
        "ions": [
            "[M-H]-",
            "[M-H]-",
            "[M-H]-",
            "[M-H]-",
            "[M-H]-",
            "[M-H]-"
        ]
    }
}