{
    "cand_form": "C12H11ClN2O5S",
    "cand_ion": "[M-H]-",
    "output_tbl": {
        "mz": [
            61.9706,
            63.9624,
            66.0349,
            77.9655,
            81.7826,
            94.0298,
            115.0302,
            186.4747,
            227.7285
        ],
        "ms2_inten": [
            0.5303595201271253,
            0.76806416762385,
            0.1426986464421541,
            1.0,
            0.08327282824070166,
            0.21080037933778673,
            0.11352793915086079,
            0.08242070572914456,
            0.11038242202914954
        ],
        "mono_mass": [
            61.9706,
            63.9624,
            66.0349,
            77.9655,
            81.7826,
            94.0298,
            115.0302,
            186.4747,
            227.7285
        ],
        "abs_mass_diff": [
            0.0,
            0.0,
            0.0,
            0.0,
            0.0,
            0.0,
            0.0,
            0.0,
            0.0
        ],
        "mass_diff": [
            0.0,
            0.0,
            0.0,
            0.0,
            0.0,
            0.0,
            0.0,
            0.0,
            0.0
        ],
        "formula": [
            "C12H11ClN2O5S",
            "C12H11ClN2O5S",
            "C12H11ClN2O5S",
            "C12H11ClN2O5S",
            "C12H11ClN2O5S",
            "C12H11ClN2O5S",
            "C12H11ClN2O5S",
            "C12H11ClN2O5S",
            "C12H11ClN2O5S"
        ],
        "ions": [
            "[M-H]-",
            "[M-H]-",
            "[M-H]-",
            "[M-H]-",
            "[M-H]-",
            "[M-H]-",
            "[M-H]-",
            "[M-H]-",
            "[M-H]-"
        ]
    }
}