{
    "cand_form": "C22H19N3O4",
    "cand_ion": "[M+H]+",
    "output_tbl": {
        "mz": [
            51.0229,
            77.0386,
            89.0386,
            95.0491,
            103.0542,
            115.0542,
            130.0651,
            176.0621,
            191.073,
            202.0651,
            203.073,
            204.0808,
            205.0846
        ],
        "ms2_inten": [
            0.1614373802754574,
            0.24082596484341848,
            0.06949836932141948,
            0.17049106385106874,
            0.06989217971411597,
            0.5329626103284393,
            0.07958528517173652,
            0.18374164201452456,
            0.07936951009929559,
            0.07991526836483553,
            0.49244527716989367,
            1.0,
            0.09384894513584947
        ],
        "mono_mass": [
            51.0229,
            77.0386,
            89.0386,
            95.0491,
            103.0542,
            115.0542,
            130.0651,
            176.0621,
            191.073,
            202.0651,
            203.073,
            204.0808,
            205.0846
        ],
        "abs_mass_diff": [
            0.0,
            0.0,
            0.0,
            0.0,
            0.0,
            0.0,
            0.0,
            0.0,
            0.0,
            0.0,
            0.0,
            0.0,
            0.0
        ],
        "mass_diff": [
            0.0,
            0.0,
            0.0,
            0.0,
            0.0,
            0.0,
            0.0,
            0.0,
            0.0,
            0.0,
            0.0,
            0.0,
            0.0
        ],
        "formula": [
            "C22H19N3O4",
            "C22H19N3O4",
            "C22H19N3O4",
            "C22H19N3O4",
            "C22H19N3O4",
            "C22H19N3O4",
            "C22H19N3O4",
            "C22H19N3O4",
            "C22H19N3O4",
            "C22H19N3O4",
            "C22H19N3O4",
            "C22H19N3O4",
            "C22H19N3O4"
        ],
        "ions": [
            "[M+H]+",
            "[M+H]+",
            "[M+H]+",
            "[M+H]+",
            "[M+H]+",
            "[M+H]+",
            "[M+H]+",
            "[M+H]+",
            "[M+H]+",
            "[M+H]+",
            "[M+H]+",
            "[M+H]+",
            "[M+H]+"
        ]
    }
}