{
    "cand_form": "C22H19N3O4",
    "cand_ion": "[M+H]+",
    "output_tbl": {
        "mz": [
            0.0,
            51.0229,
            63.0229,
            77.0386,
            89.0386,
            95.0491,
            103.0542,
            105.0447,
            115.0542,
            117.0573,
            130.0651,
            139.0542,
            140.0495,
            141.0573,
            150.0464,
            151.0542,
            152.0621,
            163.0542,
            169.0648,
            176.0621,
            177.0699,
            179.0604,
            187.0542,
            190.0651,
            191.073,
            201.0573,
            202.0651,
            203.073,
            204.0808,
            227.7471
        ],
        "ms2_inten": [
            0.14602833378719488,
            0.49900865318137805,
            0.14665918921190943,
            0.3382547114752385,
            0.17963984996322235,
            0.24729946446298146,
            0.1355949409242945,
            0.11077127089483187,
            0.9685220432785427,
            0.09085454769089059,
            0.091158348312983,
            0.12269155886610059,
            0.11122509116482358,
            0.09656039712547372,
            0.09145144798756738,
            0.08469276256274857,
            0.18481972254589493,
            0.10789435159876207,
            0.2311065729600069,
            0.5008625845977878,
            0.10557017184251222,
            0.07902344288147149,
            0.09759465350530613,
            0.12807028126408612,
            0.12689158789074384,
            0.10131837169574,
            0.28674083001161527,
            1.0,
            0.7294789892854983,
            0.14441784118723805
        ],
        "mono_mass": [
            0.0,
            51.0229,
            63.0229,
            77.0386,
            89.0386,
            95.0491,
            103.0542,
            105.0447,
            115.0542,
            117.0573,
            130.0651,
            139.0542,
            140.0495,
            141.0573,
            150.0464,
            151.0542,
            152.0621,
            163.0542,
            169.0648,
            176.0621,
            177.0699,
            179.0604,
            187.0542,
            190.0651,
            191.073,
            201.0573,
            202.0651,
            203.073,
            204.0808,
            227.7471
        ],
        "abs_mass_diff": [
            0.0,
            0.0,
            0.0,
            0.0,
            0.0,
            0.0,
            0.0,
            0.0,
            0.0,
            0.0,
            0.0,
            0.0,
            0.0,
            0.0,
            0.0,
            0.0,
            0.0,
            0.0,
            0.0,
            0.0,
            0.0,
            0.0,
            0.0,
            0.0,
            0.0,
            0.0,
            0.0,
            0.0,
            0.0,
            0.0
        ],
        "mass_diff": [
            0.0,
            0.0,
            0.0,
            0.0,
            0.0,
            0.0,
            0.0,
            0.0,
            0.0,
            0.0,
            0.0,
            0.0,
            0.0,
            0.0,
            0.0,
            0.0,
            0.0,
            0.0,
            0.0,
            0.0,
            0.0,
            0.0,
            0.0,
            0.0,
            0.0,
            0.0,
            0.0,
            0.0,
            0.0,
            0.0
        ],
        "formula": [
            "C22H19N3O4",
            "C22H19N3O4",
            "C22H19N3O4",
            "C22H19N3O4",
            "C22H19N3O4",
            "C22H19N3O4",
            "C22H19N3O4",
            "C22H19N3O4",
            "C22H19N3O4",
            "C22H19N3O4",
            "C22H19N3O4",
            "C22H19N3O4",
            "C22H19N3O4",
            "C22H19N3O4",
            "C22H19N3O4",
            "C22H19N3O4",
            "C22H19N3O4",
            "C22H19N3O4",
            "C22H19N3O4",
            "C22H19N3O4",
            "C22H19N3O4",
            "C22H19N3O4",
            "C22H19N3O4",
            "C22H19N3O4",
            "C22H19N3O4",
            "C22H19N3O4",
            "C22H19N3O4",
            "C22H19N3O4",
            "C22H19N3O4",
            "C22H19N3O4"
        ],
        "ions": [
            "[M+H]+",
            "[M+H]+",
            "[M+H]+",
            "[M+H]+",
            "[M+H]+",
            "[M+H]+",
            "[M+H]+",
            "[M+H]+",
            "[M+H]+",
            "[M+H]+",
            "[M+H]+",
            "[M+H]+",
            "[M+H]+",
            "[M+H]+",
            "[M+H]+",
            "[M+H]+",
            "[M+H]+",
            "[M+H]+",
            "[M+H]+",
            "[M+H]+",
            "[M+H]+",
            "[M+H]+",
            "[M+H]+",
            "[M+H]+",
            "[M+H]+",
            "[M+H]+",
            "[M+H]+",
            "[M+H]+",
            "[M+H]+",
            "[M+H]+"
        ]
    }
}