{
    "cand_form": "C23H21N3O4",
    "cand_ion": "[M+H]+",
    "output_tbl": {
        "mz": [
            0.0,
            51.0229,
            63.0229,
            65.0386,
            75.0229,
            77.0386,
            89.0386,
            95.0491,
            102.0464,
            105.0447,
            113.0386,
            115.0542,
            126.0464,
            139.0542,
            140.0495,
            150.0464,
            151.0542,
            152.0621,
            163.0542,
            169.0648,
            174.0464,
            176.0621,
            177.0573,
            190.0651,
            193.0648,
            201.0573,
            202.0651,
            203.073
        ],
        "ms2_inten": [
            0.4266060103343893,
            1.0,
            0.4386956221829916,
            0.2520344867866857,
            0.2716679019359562,
            0.40908330355214734,
            0.5402669609775762,
            0.3348574728477041,
            0.10022266459752417,
            0.10124956194792874,
            0.1492157698052397,
            0.5026264766817646,
            0.1323775244537911,
            0.16937909433535844,
            0.16808005182792932,
            0.5716778335426392,
            0.12032952469227166,
            0.11575751655758838,
            0.2233571284720501,
            0.2142331833932943,
            0.1126516814440276,
            0.48689251285386026,
            0.1890387340286475,
            0.0881289375725104,
            0.11955726913399316,
            0.2482967197482366,
            0.23677505770501964,
            0.24679089517218955
        ],
        "mono_mass": [
            0.0,
            51.0229,
            63.0229,
            65.0386,
            75.0229,
            77.0386,
            89.0386,
            95.0491,
            102.0464,
            105.0447,
            113.0386,
            115.0542,
            126.0464,
            139.0542,
            140.0495,
            150.0464,
            151.0542,
            152.0621,
            163.0542,
            169.0648,
            174.0464,
            176.0621,
            177.0573,
            190.0651,
            193.0648,
            201.0573,
            202.0651,
            203.073
        ],
        "abs_mass_diff": [
            0.0,
            0.0,
            0.0,
            0.0,
            0.0,
            0.0,
            0.0,
            0.0,
            0.0,
            0.0,
            0.0,
            0.0,
            0.0,
            0.0,
            0.0,
            0.0,
            0.0,
            0.0,
            0.0,
            0.0,
            0.0,
            0.0,
            0.0,
            0.0,
            0.0,
            0.0,
            0.0,
            0.0
        ],
        "mass_diff": [
            0.0,
            0.0,
            0.0,
            0.0,
            0.0,
            0.0,
            0.0,
            0.0,
            0.0,
            0.0,
            0.0,
            0.0,
            0.0,
            0.0,
            0.0,
            0.0,
            0.0,
            0.0,
            0.0,
            0.0,
            0.0,
            0.0,
            0.0,
            0.0,
            0.0,
            0.0,
            0.0,
            0.0
        ],
        "formula": [
            "C23H21N3O4",
            "C23H21N3O4",
            "C23H21N3O4",
            "C23H21N3O4",
            "C23H21N3O4",
            "C23H21N3O4",
            "C23H21N3O4",
            "C23H21N3O4",
            "C23H21N3O4",
            "C23H21N3O4",
            "C23H21N3O4",
            "C23H21N3O4",
            "C23H21N3O4",
            "C23H21N3O4",
            "C23H21N3O4",
            "C23H21N3O4",
            "C23H21N3O4",
            "C23H21N3O4",
            "C23H21N3O4",
            "C23H21N3O4",
            "C23H21N3O4",
            "C23H21N3O4",
            "C23H21N3O4",
            "C23H21N3O4",
            "C23H21N3O4",
            "C23H21N3O4",
            "C23H21N3O4",
            "C23H21N3O4"
        ],
        "ions": [
            "[M+H]+",
            "[M+H]+",
            "[M+H]+",
            "[M+H]+",
            "[M+H]+",
            "[M+H]+",
            "[M+H]+",
            "[M+H]+",
            "[M+H]+",
            "[M+H]+",
            "[M+H]+",
            "[M+H]+",
            "[M+H]+",
            "[M+H]+",
            "[M+H]+",
            "[M+H]+",
            "[M+H]+",
            "[M+H]+",
            "[M+H]+",
            "[M+H]+",
            "[M+H]+",
            "[M+H]+",
            "[M+H]+",
            "[M+H]+",
            "[M+H]+",
            "[M+H]+",
            "[M+H]+",
            "[M+H]+"
        ]
    }
}