{
    "cand_form": "C17H20N2O5S",
    "cand_ion": "[M+H]+",
    "output_tbl": {
        "mz": [
            0.0,
            108.0444,
            152.0342,
            156.0808,
            169.0648,
            170.0964,
            183.0679,
            184.0757,
            185.0808,
            196.0757,
            198.0913,
            212.1434,
            238.1226,
            239.1278,
            240.0682,
            240.1383,
            241.1434,
            242.0812,
            266.1176,
            283.1203,
            284.1281,
            292.0274
        ],
        "ms2_inten": [
            0.07350599041649773,
            0.062447879856086276,
            0.05337070555199724,
            0.15896768422351087,
            0.06960786538725448,
            0.03912617227648252,
            0.17362815023944203,
            1.0,
            0.10450055973536568,
            0.2158571221330143,
            0.08767752051057089,
            0.2726723885303334,
            0.11409643091328708,
            0.05282531197089309,
            0.0809193358150264,
            0.7825162536493895,
            0.10262466830600493,
            0.17756777549602706,
            0.12297580752222542,
            0.0480755507860921,
            0.14764212386690106,
            0.048122689783366014
        ],
        "mono_mass": [
            0.0,
            108.0444,
            152.0342,
            156.0808,
            169.0648,
            170.0964,
            183.0679,
            184.0757,
            185.0808,
            196.0757,
            198.0913,
            212.1434,
            238.1226,
            239.1278,
            240.0682,
            240.1383,
            241.1434,
            242.0812,
            266.1176,
            283.1203,
            284.1281,
            292.0274
        ],
        "abs_mass_diff": [
            0.0,
            0.0,
            0.0,
            0.0,
            0.0,
            0.0,
            0.0,
            0.0,
            0.0,
            0.0,
            0.0,
            0.0,
            0.0,
            0.0,
            0.0,
            0.0,
            0.0,
            0.0,
            0.0,
            0.0,
            0.0,
            0.0
        ],
        "mass_diff": [
            0.0,
            0.0,
            0.0,
            0.0,
            0.0,
            0.0,
            0.0,
            0.0,
            0.0,
            0.0,
            0.0,
            0.0,
            0.0,
            0.0,
            0.0,
            0.0,
            0.0,
            0.0,
            0.0,
            0.0,
            0.0,
            0.0
        ],
        "formula": [
            "C17H20N2O5S",
            "C17H20N2O5S",
            "C17H20N2O5S",
            "C17H20N2O5S",
            "C17H20N2O5S",
            "C17H20N2O5S",
            "C17H20N2O5S",
            "C17H20N2O5S",
            "C17H20N2O5S",
            "C17H20N2O5S",
            "C17H20N2O5S",
            "C17H20N2O5S",
            "C17H20N2O5S",
            "C17H20N2O5S",
            "C17H20N2O5S",
            "C17H20N2O5S",
            "C17H20N2O5S",
            "C17H20N2O5S",
            "C17H20N2O5S",
            "C17H20N2O5S",
            "C17H20N2O5S",
            "C17H20N2O5S"
        ],
        "ions": [
            "[M+H]+",
            "[M+H]+",
            "[M+H]+",
            "[M+H]+",
            "[M+H]+",
            "[M+H]+",
            "[M+H]+",
            "[M+H]+",
            "[M+H]+",
            "[M+H]+",
            "[M+H]+",
            "[M+H]+",
            "[M+H]+",
            "[M+H]+",
            "[M+H]+",
            "[M+H]+",
            "[M+H]+",
            "[M+H]+",
            "[M+H]+",
            "[M+H]+",
            "[M+H]+",
            "[M+H]+"
        ]
    }
}