{
    "cand_form": "C10H15N5",
    "cand_ion": "[M+H]+",
    "output_tbl": {
        "mz": [
            59.9304,
            60.0556,
            70.9567,
            72.043,
            72.9359,
            90.9472,
            105.0699,
            116.0288,
            132.9582,
            134.0391,
            144.01,
            145.99,
            146.9916,
            149.961,
            150.9687,
            150.994,
            152.0497,
            187.9999,
            191.9719,
            206.0072,
            206.1167,
            206.14,
            207.0916
        ],
        "ms2_inten": [
            0.05715526394460093,
            1.0,
            0.13782267598820055,
            0.06826005254126516,
            0.24325992538254895,
            0.07964007707465894,
            0.34215741991167953,
            0.15053815359669684,
            0.45694663768355365,
            0.5556311503178646,
            0.14118020338660556,
            0.12272900801228863,
            0.05380271543677444,
            0.05718094642334053,
            0.09116459689290006,
            0.09678078546547936,
            0.4236522232752318,
            0.20173167963482597,
            0.18392229549350228,
            0.06280261535749188,
            0.05516295550669955,
            0.7276271760886023,
            0.17110143733765326
        ],
        "mono_mass": [
            59.9304,
            60.0556,
            70.9567,
            72.043,
            72.9359,
            90.9472,
            105.0699,
            116.0288,
            132.9582,
            134.0391,
            144.01,
            145.99,
            146.9916,
            149.961,
            150.9687,
            150.994,
            152.0497,
            187.9999,
            191.9719,
            206.0072,
            206.1167,
            206.14,
            207.0916
        ],
        "abs_mass_diff": [
            0.0,
            0.0,
            0.0,
            0.0,
            0.0,
            0.0,
            0.0,
            0.0,
            0.0,
            0.0,
            0.0,
            0.0,
            0.0,
            0.0,
            0.0,
            0.0,
            0.0,
            0.0,
            0.0,
            0.0,
            0.0,
            0.0,
            0.0
        ],
        "mass_diff": [
            0.0,
            0.0,
            0.0,
            0.0,
            0.0,
            0.0,
            0.0,
            0.0,
            0.0,
            0.0,
            0.0,
            0.0,
            0.0,
            0.0,
            0.0,
            0.0,
            0.0,
            0.0,
            0.0,
            0.0,
            0.0,
            0.0,
            0.0
        ],
        "formula": [
            "C10H15N5",
            "C10H15N5",
            "C10H15N5",
            "C10H15N5",
            "C10H15N5",
            "C10H15N5",
            "C10H15N5",
            "C10H15N5",
            "C10H15N5",
            "C10H15N5",
            "C10H15N5",
            "C10H15N5",
            "C10H15N5",
            "C10H15N5",
            "C10H15N5",
            "C10H15N5",
            "C10H15N5",
            "C10H15N5",
            "C10H15N5",
            "C10H15N5",
            "C10H15N5",
            "C10H15N5",
            "C10H15N5"
        ],
        "ions": [
            "[M+H]+",
            "[M+H]+",
            "[M+H]+",
            "[M+H]+",
            "[M+H]+",
            "[M+H]+",
            "[M+H]+",
            "[M+H]+",
            "[M+H]+",
            "[M+H]+",
            "[M+H]+",
            "[M+H]+",
            "[M+H]+",
            "[M+H]+",
            "[M+H]+",
            "[M+H]+",
            "[M+H]+",
            "[M+H]+",
            "[M+H]+",
            "[M+H]+",
            "[M+H]+",
            "[M+H]+",
            "[M+H]+"
        ]
    }
}