{
    "cand_form": "C23H32N6O3S2",
    "cand_ion": "[M+H]+",
    "output_tbl": {
        "mz": [
            56.0495,
            58.0651,
            63.0229,
            68.9793,
            75.0229,
            76.0182,
            88.0182,
            129.0447,
            227.7312
        ],
        "ms2_inten": [
            0.06130800645705787,
            1.0,
            0.11710734717627555,
            0.07873879827744908,
            0.1049479447519632,
            0.05846600827416349,
            0.08967968810742619,
            0.05353405646571075,
            0.06304785530747835
        ],
        "mono_mass": [
            56.0495,
            58.0651,
            63.0229,
            68.9793,
            75.0229,
            76.0182,
            88.0182,
            129.0447,
            227.7312
        ],
        "abs_mass_diff": [
            0.0,
            0.0,
            0.0,
            0.0,
            0.0,
            0.0,
            0.0,
            0.0,
            0.0
        ],
        "mass_diff": [
            0.0,
            0.0,
            0.0,
            0.0,
            0.0,
            0.0,
            0.0,
            0.0,
            0.0
        ],
        "formula": [
            "C23H32N6O3S2",
            "C23H32N6O3S2",
            "C23H32N6O3S2",
            "C23H32N6O3S2",
            "C23H32N6O3S2",
            "C23H32N6O3S2",
            "C23H32N6O3S2",
            "C23H32N6O3S2",
            "C23H32N6O3S2"
        ],
        "ions": [
            "[M+H]+",
            "[M+H]+",
            "[M+H]+",
            "[M+H]+",
            "[M+H]+",
            "[M+H]+",
            "[M+H]+",
            "[M+H]+",
            "[M+H]+"
        ]
    }
}