{
    "cand_form": "C10H15NO",
    "cand_ion": "[M+H]+",
    "output_tbl": {
        "mz": [
            148.1121,
            149.1155,
            166.1226
        ],
        "ms2_inten": [
            1.0,
            0.06118369611606461,
            0.13446254813393113
        ],
        "mono_mass": [
            148.1121,
            149.1155,
            166.1226
        ],
        "abs_mass_diff": [
            0.0,
            0.0,
            0.0
        ],
        "mass_diff": [
            0.0,
            0.0,
            0.0
        ],
        "formula": [
            "C10H15NO",
            "C10H15NO",
            "C10H15NO"
        ],
        "ions": [
            "[M+H]+",
            "[M+H]+",
            "[M+H]+"
        ]
    }
}