{
    "cand_form": "C25H34N6O4",
    "cand_ion": "[M+H]+",
    "output_tbl": {
        "mz": [
            0.0,
            58.0651,
            68.0495,
            70.0651,
            74.06,
            82.0651,
            83.0604,
            84.0682,
            86.06,
            88.0757,
            97.076,
            98.0838,
            99.0917,
            100.0757,
            111.0917,
            112.0995,
            127.0866,
            128.0944,
            143.1179,
            166.0975,
            285.1346,
            296.0904,
            297.1346,
            298.1384,
            311.1139,
            311.1516,
            313.1295,
            325.1295
        ],
        "ms2_inten": [
            0.24459153518698049,
            0.12882504262571157,
            0.0956279610150162,
            1.0,
            0.06633712582529346,
            0.11025393350227687,
            0.07762211641295563,
            0.06715168220334199,
            0.1108170203619435,
            0.3058454287654594,
            0.9218759829722986,
            0.3496538727697115,
            0.24551425884493597,
            0.5247975984424073,
            0.08559547352850559,
            0.1260145887203576,
            0.11045049771668138,
            0.12402351027775672,
            0.1556347803223262,
            0.5060586581409866,
            0.1202865520517606,
            0.09344179029601682,
            0.5618970498329653,
            0.06047880731887904,
            0.14134343176901945,
            0.08825939902989204,
            0.13109384350839046,
            0.0775868959610021
        ],
        "mono_mass": [
            0.0,
            58.0651,
            68.0495,
            70.0651,
            74.06,
            82.0651,
            83.0604,
            84.0682,
            86.06,
            88.0757,
            97.076,
            98.0838,
            99.0917,
            100.0757,
            111.0917,
            112.0995,
            127.0866,
            128.0944,
            143.1179,
            166.0975,
            285.1346,
            296.0904,
            297.1346,
            298.1384,
            311.1139,
            311.1516,
            313.1295,
            325.1295
        ],
        "abs_mass_diff": [
            0.0,
            0.0,
            0.0,
            0.0,
            0.0,
            0.0,
            0.0,
            0.0,
            0.0,
            0.0,
            0.0,
            0.0,
            0.0,
            0.0,
            0.0,
            0.0,
            0.0,
            0.0,
            0.0,
            0.0,
            0.0,
            0.0,
            0.0,
            0.0,
            0.0,
            0.0,
            0.0,
            0.0
        ],
        "mass_diff": [
            0.0,
            0.0,
            0.0,
            0.0,
            0.0,
            0.0,
            0.0,
            0.0,
            0.0,
            0.0,
            0.0,
            0.0,
            0.0,
            0.0,
            0.0,
            0.0,
            0.0,
            0.0,
            0.0,
            0.0,
            0.0,
            0.0,
            0.0,
            0.0,
            0.0,
            0.0,
            0.0,
            0.0
        ],
        "formula": [
            "C25H34N6O4",
            "C25H34N6O4",
            "C25H34N6O4",
            "C25H34N6O4",
            "C25H34N6O4",
            "C25H34N6O4",
            "C25H34N6O4",
            "C25H34N6O4",
            "C25H34N6O4",
            "C25H34N6O4",
            "C25H34N6O4",
            "C25H34N6O4",
            "C25H34N6O4",
            "C25H34N6O4",
            "C25H34N6O4",
            "C25H34N6O4",
            "C25H34N6O4",
            "C25H34N6O4",
            "C25H34N6O4",
            "C25H34N6O4",
            "C25H34N6O4",
            "C25H34N6O4",
            "C25H34N6O4",
            "C25H34N6O4",
            "C25H34N6O4",
            "C25H34N6O4",
            "C25H34N6O4",
            "C25H34N6O4"
        ],
        "ions": [
            "[M+H]+",
            "[M+H]+",
            "[M+H]+",
            "[M+H]+",
            "[M+H]+",
            "[M+H]+",
            "[M+H]+",
            "[M+H]+",
            "[M+H]+",
            "[M+H]+",
            "[M+H]+",
            "[M+H]+",
            "[M+H]+",
            "[M+H]+",
            "[M+H]+",
            "[M+H]+",
            "[M+H]+",
            "[M+H]+",
            "[M+H]+",
            "[M+H]+",
            "[M+H]+",
            "[M+H]+",
            "[M+H]+",
            "[M+H]+",
            "[M+H]+",
            "[M+H]+",
            "[M+H]+",
            "[M+H]+"
        ]
    }
}