{
    "cand_form": "C25H34N6O4",
    "cand_ion": "[M+H]+",
    "output_tbl": {
        "mz": [
            0.0,
            56.0495,
            58.0651,
            63.0229,
            65.0386,
            67.0291,
            67.0417,
            68.0369,
            68.0495,
            69.0447,
            70.0651,
            77.0386,
            80.0495,
            81.0447,
            82.0525,
            82.0651,
            83.0604,
            89.0386,
            91.0542,
            92.0495,
            95.0491,
            95.0604,
            97.076,
            98.0838,
            104.0495,
            114.0338,
            115.0542,
            116.0495,
            155.0604,
            227.752
        ],
        "ms2_inten": [
            0.18484797884529502,
            1.0,
            0.18221597101019762,
            0.1406843118827741,
            0.2109143246199571,
            0.18795999736857238,
            0.12674908663424092,
            0.15402627641464076,
            0.5312452650804265,
            0.6106854382904482,
            0.8616249877694466,
            0.25428029476340835,
            0.18169619443203558,
            0.20325580413649103,
            0.10478306788045978,
            0.15060816802956192,
            0.41159175765509337,
            0.20855218752649649,
            0.0905680554410169,
            0.11161936733604876,
            0.20244670253038452,
            0.12223704709145654,
            0.5745731926723591,
            0.09510909871211638,
            0.09791713077491553,
            0.09951422018970794,
            0.11760473070914436,
            0.12204030653665325,
            0.09689868561352553,
            0.16290041780078077
        ],
        "mono_mass": [
            0.0,
            56.0495,
            58.0651,
            63.0229,
            65.0386,
            67.0291,
            67.0417,
            68.0369,
            68.0495,
            69.0447,
            70.0651,
            77.0386,
            80.0495,
            81.0447,
            82.0525,
            82.0651,
            83.0604,
            89.0386,
            91.0542,
            92.0495,
            95.0491,
            95.0604,
            97.076,
            98.0838,
            104.0495,
            114.0338,
            115.0542,
            116.0495,
            155.0604,
            227.752
        ],
        "abs_mass_diff": [
            0.0,
            0.0,
            0.0,
            0.0,
            0.0,
            0.0,
            0.0,
            0.0,
            0.0,
            0.0,
            0.0,
            0.0,
            0.0,
            0.0,
            0.0,
            0.0,
            0.0,
            0.0,
            0.0,
            0.0,
            0.0,
            0.0,
            0.0,
            0.0,
            0.0,
            0.0,
            0.0,
            0.0,
            0.0,
            0.0
        ],
        "mass_diff": [
            0.0,
            0.0,
            0.0,
            0.0,
            0.0,
            0.0,
            0.0,
            0.0,
            0.0,
            0.0,
            0.0,
            0.0,
            0.0,
            0.0,
            0.0,
            0.0,
            0.0,
            0.0,
            0.0,
            0.0,
            0.0,
            0.0,
            0.0,
            0.0,
            0.0,
            0.0,
            0.0,
            0.0,
            0.0,
            0.0
        ],
        "formula": [
            "C25H34N6O4",
            "C25H34N6O4",
            "C25H34N6O4",
            "C25H34N6O4",
            "C25H34N6O4",
            "C25H34N6O4",
            "C25H34N6O4",
            "C25H34N6O4",
            "C25H34N6O4",
            "C25H34N6O4",
            "C25H34N6O4",
            "C25H34N6O4",
            "C25H34N6O4",
            "C25H34N6O4",
            "C25H34N6O4",
            "C25H34N6O4",
            "C25H34N6O4",
            "C25H34N6O4",
            "C25H34N6O4",
            "C25H34N6O4",
            "C25H34N6O4",
            "C25H34N6O4",
            "C25H34N6O4",
            "C25H34N6O4",
            "C25H34N6O4",
            "C25H34N6O4",
            "C25H34N6O4",
            "C25H34N6O4",
            "C25H34N6O4",
            "C25H34N6O4"
        ],
        "ions": [
            "[M+H]+",
            "[M+H]+",
            "[M+H]+",
            "[M+H]+",
            "[M+H]+",
            "[M+H]+",
            "[M+H]+",
            "[M+H]+",
            "[M+H]+",
            "[M+H]+",
            "[M+H]+",
            "[M+H]+",
            "[M+H]+",
            "[M+H]+",
            "[M+H]+",
            "[M+H]+",
            "[M+H]+",
            "[M+H]+",
            "[M+H]+",
            "[M+H]+",
            "[M+H]+",
            "[M+H]+",
            "[M+H]+",
            "[M+H]+",
            "[M+H]+",
            "[M+H]+",
            "[M+H]+",
            "[M+H]+",
            "[M+H]+",
            "[M+H]+"
        ]
    }
}