{
    "cand_form": "C23H32N6O5S",
    "cand_ion": "[M+H]+",
    "output_tbl": {
        "mz": [
            56.0495,
            58.0651,
            63.0229,
            65.0386,
            70.0651,
            75.0229,
            77.0386,
            83.0604,
            84.0682,
            227.7474
        ],
        "ms2_inten": [
            1.0,
            0.3838910701812824,
            0.21381816092313016,
            0.08484206759127454,
            0.630533748106541,
            0.1468517790213764,
            0.07854714555607391,
            0.27503550401448934,
            0.1235055588211348,
            0.12679437979069194
        ],
        "mono_mass": [
            56.0495,
            58.0651,
            63.0229,
            65.0386,
            70.0651,
            75.0229,
            77.0386,
            83.0604,
            84.0682,
            227.7474
        ],
        "abs_mass_diff": [
            0.0,
            0.0,
            0.0,
            0.0,
            0.0,
            0.0,
            0.0,
            0.0,
            0.0,
            0.0
        ],
        "mass_diff": [
            0.0,
            0.0,
            0.0,
            0.0,
            0.0,
            0.0,
            0.0,
            0.0,
            0.0,
            0.0
        ],
        "formula": [
            "C23H32N6O5S",
            "C23H32N6O5S",
            "C23H32N6O5S",
            "C23H32N6O5S",
            "C23H32N6O5S",
            "C23H32N6O5S",
            "C23H32N6O5S",
            "C23H32N6O5S",
            "C23H32N6O5S",
            "C23H32N6O5S"
        ],
        "ions": [
            "[M+H]+",
            "[M+H]+",
            "[M+H]+",
            "[M+H]+",
            "[M+H]+",
            "[M+H]+",
            "[M+H]+",
            "[M+H]+",
            "[M+H]+",
            "[M+H]+"
        ]
    }
}