{
    "cand_form": "C23H32N6O5S",
    "cand_ion": "[M+H]+",
    "output_tbl": {
        "mz": [
            56.0495,
            58.0651,
            62.0151,
            63.0229,
            65.0386,
            70.0651,
            75.0229,
            83.0604,
            88.0182,
            227.7443
        ],
        "ms2_inten": [
            1.0,
            0.43508049139227783,
            0.16192143159381234,
            0.4855400589065721,
            0.13902791209354406,
            0.43994246667051795,
            0.20026281345624183,
            0.37265623514199264,
            0.09007582567104731,
            0.0958855606754032
        ],
        "mono_mass": [
            56.0495,
            58.0651,
            62.0151,
            63.0229,
            65.0386,
            70.0651,
            75.0229,
            83.0604,
            88.0182,
            227.7443
        ],
        "abs_mass_diff": [
            0.0,
            0.0,
            0.0,
            0.0,
            0.0,
            0.0,
            0.0,
            0.0,
            0.0,
            0.0
        ],
        "mass_diff": [
            0.0,
            0.0,
            0.0,
            0.0,
            0.0,
            0.0,
            0.0,
            0.0,
            0.0,
            0.0
        ],
        "formula": [
            "C23H32N6O5S",
            "C23H32N6O5S",
            "C23H32N6O5S",
            "C23H32N6O5S",
            "C23H32N6O5S",
            "C23H32N6O5S",
            "C23H32N6O5S",
            "C23H32N6O5S",
            "C23H32N6O5S",
            "C23H32N6O5S"
        ],
        "ions": [
            "[M+H]+",
            "[M+H]+",
            "[M+H]+",
            "[M+H]+",
            "[M+H]+",
            "[M+H]+",
            "[M+H]+",
            "[M+H]+",
            "[M+H]+",
            "[M+H]+"
        ]
    }
}