{
    "cand_form": "C21H18N4O4",
    "cand_ion": "[M+H]+",
    "output_tbl": {
        "mz": [
            77.0386,
            79.0542,
            80.0621,
            90.0464,
            91.0542,
            95.0491,
            105.0335,
            106.0413,
            107.0491,
            108.057,
            130.0651,
            135.0441,
            136.0505,
            151.0754,
            152.0792,
            169.076,
            170.0798,
            191.073,
            192.0808,
            193.0886,
            204.0808,
            205.0886,
            206.0937,
            216.0808,
            232.0757,
            233.0822,
            234.09,
            262.0863,
            263.0901
        ],
        "ms2_inten": [
            0.0647434456648519,
            0.10443108213132256,
            0.06913162882657344,
            0.06697102834780547,
            0.12746287039887758,
            0.04793751337609097,
            0.06730586492787936,
            0.043297723364030746,
            0.5803835403180162,
            0.17437070169810107,
            0.11077831715930465,
            0.6199051202765963,
            0.07056958014953711,
            0.8822920986292768,
            0.14222438010794733,
            0.625665790503208,
            0.05162854984765922,
            0.06304853584145069,
            0.07773084695486336,
            0.07796119932307372,
            1.0,
            0.5200969268468918,
            0.15596521022865883,
            0.07064383004667522,
            0.24058163390392517,
            0.10527407463747507,
            0.06316997314869843,
            0.37996157395476343,
            0.06533163036393891
        ],
        "mono_mass": [
            77.0386,
            79.0542,
            80.0621,
            90.0464,
            91.0542,
            95.0491,
            105.0335,
            106.0413,
            107.0491,
            108.057,
            130.0651,
            135.0441,
            136.0505,
            151.0754,
            152.0792,
            169.076,
            170.0798,
            191.073,
            192.0808,
            193.0886,
            204.0808,
            205.0886,
            206.0937,
            216.0808,
            232.0757,
            233.0822,
            234.09,
            262.0863,
            263.0901
        ],
        "abs_mass_diff": [
            0.0,
            0.0,
            0.0,
            0.0,
            0.0,
            0.0,
            0.0,
            0.0,
            0.0,
            0.0,
            0.0,
            0.0,
            0.0,
            0.0,
            0.0,
            0.0,
            0.0,
            0.0,
            0.0,
            0.0,
            0.0,
            0.0,
            0.0,
            0.0,
            0.0,
            0.0,
            0.0,
            0.0,
            0.0
        ],
        "mass_diff": [
            0.0,
            0.0,
            0.0,
            0.0,
            0.0,
            0.0,
            0.0,
            0.0,
            0.0,
            0.0,
            0.0,
            0.0,
            0.0,
            0.0,
            0.0,
            0.0,
            0.0,
            0.0,
            0.0,
            0.0,
            0.0,
            0.0,
            0.0,
            0.0,
            0.0,
            0.0,
            0.0,
            0.0,
            0.0
        ],
        "formula": [
            "C21H18N4O4",
            "C21H18N4O4",
            "C21H18N4O4",
            "C21H18N4O4",
            "C21H18N4O4",
            "C21H18N4O4",
            "C21H18N4O4",
            "C21H18N4O4",
            "C21H18N4O4",
            "C21H18N4O4",
            "C21H18N4O4",
            "C21H18N4O4",
            "C21H18N4O4",
            "C21H18N4O4",
            "C21H18N4O4",
            "C21H18N4O4",
            "C21H18N4O4",
            "C21H18N4O4",
            "C21H18N4O4",
            "C21H18N4O4",
            "C21H18N4O4",
            "C21H18N4O4",
            "C21H18N4O4",
            "C21H18N4O4",
            "C21H18N4O4",
            "C21H18N4O4",
            "C21H18N4O4",
            "C21H18N4O4",
            "C21H18N4O4"
        ],
        "ions": [
            "[M+H]+",
            "[M+H]+",
            "[M+H]+",
            "[M+H]+",
            "[M+H]+",
            "[M+H]+",
            "[M+H]+",
            "[M+H]+",
            "[M+H]+",
            "[M+H]+",
            "[M+H]+",
            "[M+H]+",
            "[M+H]+",
            "[M+H]+",
            "[M+H]+",
            "[M+H]+",
            "[M+H]+",
            "[M+H]+",
            "[M+H]+",
            "[M+H]+",
            "[M+H]+",
            "[M+H]+",
            "[M+H]+",
            "[M+H]+",
            "[M+H]+",
            "[M+H]+",
            "[M+H]+",
            "[M+H]+",
            "[M+H]+"
        ]
    }
}