{
    "cand_form": "C24H32N6O3",
    "cand_ion": "[M+H]+",
    "output_tbl": {
        "mz": [
            56.0495,
            58.0651,
            69.0447,
            70.0651,
            97.076,
            98.0838,
            113.1073,
            151.039,
            166.0975,
            198.1224,
            285.1346,
            297.1346,
            311.1139
        ],
        "ms2_inten": [
            0.1557316674913913,
            0.32304683119593297,
            0.07491808436135364,
            1.0,
            0.28597685399816436,
            0.26555275467272615,
            0.09225730237754932,
            0.043372783950922526,
            0.3195244007412677,
            0.055391329392382935,
            0.048080595777462626,
            0.123992409213998,
            0.051112342885994616
        ],
        "mono_mass": [
            56.0495,
            58.0651,
            69.0447,
            70.0651,
            97.076,
            98.0838,
            113.1073,
            151.039,
            166.0975,
            198.1224,
            285.1346,
            297.1346,
            311.1139
        ],
        "abs_mass_diff": [
            0.0,
            0.0,
            0.0,
            0.0,
            0.0,
            0.0,
            0.0,
            0.0,
            0.0,
            0.0,
            0.0,
            0.0,
            0.0
        ],
        "mass_diff": [
            0.0,
            0.0,
            0.0,
            0.0,
            0.0,
            0.0,
            0.0,
            0.0,
            0.0,
            0.0,
            0.0,
            0.0,
            0.0
        ],
        "formula": [
            "C24H32N6O3",
            "C24H32N6O3",
            "C24H32N6O3",
            "C24H32N6O3",
            "C24H32N6O3",
            "C24H32N6O3",
            "C24H32N6O3",
            "C24H32N6O3",
            "C24H32N6O3",
            "C24H32N6O3",
            "C24H32N6O3",
            "C24H32N6O3",
            "C24H32N6O3"
        ],
        "ions": [
            "[M+H]+",
            "[M+H]+",
            "[M+H]+",
            "[M+H]+",
            "[M+H]+",
            "[M+H]+",
            "[M+H]+",
            "[M+H]+",
            "[M+H]+",
            "[M+H]+",
            "[M+H]+",
            "[M+H]+",
            "[M+H]+"
        ]
    }
}