{
    "cand_form": "C25H43NO18",
    "cand_ion": "[M+H]+",
    "output_tbl": {
        "mz": [
            70.3388,
            71.0128,
            77.0386,
            81.0335,
            82.0135,
            90.1941,
            227.7281,
            227.7574,
            637.5235
        ],
        "ms2_inten": [
            0.5349024787770524,
            0.6748286047720672,
            0.562027604122649,
            0.6548145241816903,
            0.5123644954377284,
            0.4291051948538138,
            0.9175219538480335,
            1.0,
            0.541895964233174
        ],
        "mono_mass": [
            70.3388,
            71.0128,
            77.0386,
            81.0335,
            82.0135,
            90.1941,
            227.7281,
            227.7574,
            637.5235
        ],
        "abs_mass_diff": [
            0.0,
            0.0,
            0.0,
            0.0,
            0.0,
            0.0,
            0.0,
            0.0,
            0.0
        ],
        "mass_diff": [
            0.0,
            0.0,
            0.0,
            0.0,
            0.0,
            0.0,
            0.0,
            0.0,
            0.0
        ],
        "formula": [
            "C25H43NO18",
            "C25H43NO18",
            "C25H43NO18",
            "C25H43NO18",
            "C25H43NO18",
            "C25H43NO18",
            "C25H43NO18",
            "C25H43NO18",
            "C25H43NO18"
        ],
        "ions": [
            "[M+H]+",
            "[M+H]+",
            "[M+H]+",
            "[M+H]+",
            "[M+H]+",
            "[M+H]+",
            "[M+H]+",
            "[M+H]+",
            "[M+H]+"
        ]
    }
}