{
    "cand_form": "C11H12N2S",
    "cand_ion": "[M+H]+",
    "output_tbl": {
        "mz": [
            61.0106,
            88.0215,
            91.0542,
            103.0542,
            105.0699,
            117.0573,
            117.0699,
            118.0651,
            123.0263,
            128.0621,
            129.0699,
            130.0651,
            131.073,
            144.0808,
            146.0964,
            150.0372,
            178.0685,
            205.0794
        ],
        "ms2_inten": [
            0.09831034848570568,
            0.08931046533443862,
            0.5168229549302261,
            0.08517744559790057,
            0.1690902912426079,
            0.09057329069374849,
            0.21865435196277955,
            0.1967458536021935,
            0.5315700790017176,
            0.08912280573114445,
            0.19436565769321765,
            0.06003640541007616,
            0.07492013486644432,
            0.06429110860521293,
            0.09606196090740542,
            0.087430836750615,
            1.0,
            0.34261198827637895
        ],
        "mono_mass": [
            61.0106,
            88.0215,
            91.0542,
            103.0542,
            105.0699,
            117.0573,
            117.0699,
            118.0651,
            123.0263,
            128.0621,
            129.0699,
            130.0651,
            131.073,
            144.0808,
            146.0964,
            150.0372,
            178.0685,
            205.0794
        ],
        "abs_mass_diff": [
            0.0,
            0.0,
            0.0,
            0.0,
            0.0,
            0.0,
            0.0,
            0.0,
            0.0,
            0.0,
            0.0,
            0.0,
            0.0,
            0.0,
            0.0,
            0.0,
            0.0,
            0.0
        ],
        "mass_diff": [
            0.0,
            0.0,
            0.0,
            0.0,
            0.0,
            0.0,
            0.0,
            0.0,
            0.0,
            0.0,
            0.0,
            0.0,
            0.0,
            0.0,
            0.0,
            0.0,
            0.0,
            0.0
        ],
        "formula": [
            "C11H12N2S",
            "C11H12N2S",
            "C11H12N2S",
            "C11H12N2S",
            "C11H12N2S",
            "C11H12N2S",
            "C11H12N2S",
            "C11H12N2S",
            "C11H12N2S",
            "C11H12N2S",
            "C11H12N2S",
            "C11H12N2S",
            "C11H12N2S",
            "C11H12N2S",
            "C11H12N2S",
            "C11H12N2S",
            "C11H12N2S",
            "C11H12N2S"
        ],
        "ions": [
            "[M+H]+",
            "[M+H]+",
            "[M+H]+",
            "[M+H]+",
            "[M+H]+",
            "[M+H]+",
            "[M+H]+",
            "[M+H]+",
            "[M+H]+",
            "[M+H]+",
            "[M+H]+",
            "[M+H]+",
            "[M+H]+",
            "[M+H]+",
            "[M+H]+",
            "[M+H]+",
            "[M+H]+",
            "[M+H]+"
        ]
    }
}