{
    "cand_form": "C21H23NO",
    "cand_ion": "[M+H]+",
    "output_tbl": {
        "mz": [
            91.0542,
            115.0542,
            117.0699,
            127.0542,
            128.0621,
            129.0699,
            145.0648,
            155.0607,
            155.0855,
            157.0648,
            158.068,
            183.0804,
            233.0961,
            261.1274,
            306.1852
        ],
        "ms2_inten": [
            0.027940150633128456,
            0.04200499101977455,
            0.407588877155931,
            0.07782757064594446,
            0.09358167492486394,
            0.4053292899755413,
            0.11183358153051923,
            0.15495883536855026,
            0.05232738562622406,
            1.0,
            0.05765587234541828,
            0.25410140885748067,
            0.032176375689311275,
            0.23681246220633762,
            0.17026166301139903
        ],
        "mono_mass": [
            91.0542,
            115.0542,
            117.0699,
            127.0542,
            128.0621,
            129.0699,
            145.0648,
            155.0607,
            155.0855,
            157.0648,
            158.068,
            183.0804,
            233.0961,
            261.1274,
            306.1852
        ],
        "abs_mass_diff": [
            0.0,
            0.0,
            0.0,
            0.0,
            0.0,
            0.0,
            0.0,
            0.0,
            0.0,
            0.0,
            0.0,
            0.0,
            0.0,
            0.0,
            0.0
        ],
        "mass_diff": [
            0.0,
            0.0,
            0.0,
            0.0,
            0.0,
            0.0,
            0.0,
            0.0,
            0.0,
            0.0,
            0.0,
            0.0,
            0.0,
            0.0,
            0.0
        ],
        "formula": [
            "C21H23NO",
            "C21H23NO",
            "C21H23NO",
            "C21H23NO",
            "C21H23NO",
            "C21H23NO",
            "C21H23NO",
            "C21H23NO",
            "C21H23NO",
            "C21H23NO",
            "C21H23NO",
            "C21H23NO",
            "C21H23NO",
            "C21H23NO",
            "C21H23NO"
        ],
        "ions": [
            "[M+H]+",
            "[M+H]+",
            "[M+H]+",
            "[M+H]+",
            "[M+H]+",
            "[M+H]+",
            "[M+H]+",
            "[M+H]+",
            "[M+H]+",
            "[M+H]+",
            "[M+H]+",
            "[M+H]+",
            "[M+H]+",
            "[M+H]+",
            "[M+H]+"
        ]
    }
}