{
    "cand_form": "C21H23NO",
    "cand_ion": "[M+H]+",
    "output_tbl": {
        "mz": [
            91.0542,
            115.0542,
            117.0699,
            128.0621,
            129.0699,
            130.0732,
            145.0648,
            155.0604,
            155.0855,
            157.0648,
            158.0687,
            183.0804
        ],
        "ms2_inten": [
            0.0313453642737765,
            0.06519695617703032,
            0.2898460984074536,
            0.052193806174354866,
            0.6557264096755848,
            0.04156728604117757,
            0.12697281992818693,
            0.19141311601479466,
            0.08322940330800024,
            1.0,
            0.06610881845835623,
            0.06681055265108526
        ],
        "mono_mass": [
            91.0542,
            115.0542,
            117.0699,
            128.0621,
            129.0699,
            130.0732,
            145.0648,
            155.0604,
            155.0855,
            157.0648,
            158.0687,
            183.0804
        ],
        "abs_mass_diff": [
            0.0,
            0.0,
            0.0,
            0.0,
            0.0,
            0.0,
            0.0,
            0.0,
            0.0,
            0.0,
            0.0,
            0.0
        ],
        "mass_diff": [
            0.0,
            0.0,
            0.0,
            0.0,
            0.0,
            0.0,
            0.0,
            0.0,
            0.0,
            0.0,
            0.0,
            0.0
        ],
        "formula": [
            "C21H23NO",
            "C21H23NO",
            "C21H23NO",
            "C21H23NO",
            "C21H23NO",
            "C21H23NO",
            "C21H23NO",
            "C21H23NO",
            "C21H23NO",
            "C21H23NO",
            "C21H23NO",
            "C21H23NO"
        ],
        "ions": [
            "[M+H]+",
            "[M+H]+",
            "[M+H]+",
            "[M+H]+",
            "[M+H]+",
            "[M+H]+",
            "[M+H]+",
            "[M+H]+",
            "[M+H]+",
            "[M+H]+",
            "[M+H]+",
            "[M+H]+"
        ]
    }
}