{
    "cand_form": "C21H23NO",
    "cand_ion": "[M+H]+",
    "output_tbl": {
        "mz": [
            65.0386,
            77.0386,
            91.0542,
            95.0491,
            105.0446,
            115.0542,
            126.0464,
            127.0542,
            128.0621,
            129.0461,
            129.0699,
            145.0648,
            155.0604,
            156.0631
        ],
        "ms2_inten": [
            0.05269963280032544,
            0.30179853234772597,
            0.22600095400131592,
            0.25073946566225797,
            0.09047574907137435,
            0.19113442379440487,
            0.204442843565919,
            0.6317952641568618,
            1.0,
            0.06276707274775925,
            0.07510406886235123,
            0.5084359625514359,
            0.6818344321809389,
            0.043879758685640514
        ],
        "mono_mass": [
            65.0386,
            77.0386,
            91.0542,
            95.0491,
            105.0446,
            115.0542,
            126.0464,
            127.0542,
            128.0621,
            129.0461,
            129.0699,
            145.0648,
            155.0604,
            156.0631
        ],
        "abs_mass_diff": [
            0.0,
            0.0,
            0.0,
            0.0,
            0.0,
            0.0,
            0.0,
            0.0,
            0.0,
            0.0,
            0.0,
            0.0,
            0.0,
            0.0
        ],
        "mass_diff": [
            0.0,
            0.0,
            0.0,
            0.0,
            0.0,
            0.0,
            0.0,
            0.0,
            0.0,
            0.0,
            0.0,
            0.0,
            0.0,
            0.0
        ],
        "formula": [
            "C21H23NO",
            "C21H23NO",
            "C21H23NO",
            "C21H23NO",
            "C21H23NO",
            "C21H23NO",
            "C21H23NO",
            "C21H23NO",
            "C21H23NO",
            "C21H23NO",
            "C21H23NO",
            "C21H23NO",
            "C21H23NO",
            "C21H23NO"
        ],
        "ions": [
            "[M+H]+",
            "[M+H]+",
            "[M+H]+",
            "[M+H]+",
            "[M+H]+",
            "[M+H]+",
            "[M+H]+",
            "[M+H]+",
            "[M+H]+",
            "[M+H]+",
            "[M+H]+",
            "[M+H]+",
            "[M+H]+",
            "[M+H]+"
        ]
    }
}