{
    "cand_form": "C24H30O6",
    "cand_ion": "[M+H]+",
    "output_tbl": {
        "mz": [
            0.0,
            79.0542,
            83.0491,
            91.0542,
            93.0699,
            105.0699,
            107.0491,
            107.0855,
            111.0441,
            117.0699,
            119.0855,
            121.0648,
            129.0699,
            131.0855,
            133.1012,
            135.0804,
            143.0855,
            145.0648,
            147.0804,
            157.1012,
            159.0804,
            161.0961,
            163.0754,
            169.1012,
            171.0804,
            195.1168,
            221.1325
        ],
        "ms2_inten": [
            0.1817738148682826,
            0.07308999192035946,
            0.11741621244372893,
            0.1788534953992356,
            0.14716050850918153,
            0.2520824920173332,
            0.08747037790887356,
            0.0917894389145197,
            0.1174264270097542,
            0.17000714297956815,
            0.2063029435209973,
            1.0,
            0.07686435074360057,
            0.10411039308789308,
            0.14657626961162096,
            0.13144060562122875,
            0.21046931826416723,
            0.11564057837837677,
            0.11436559937431649,
            0.14117079163337737,
            0.11232908643531492,
            0.19917439725189984,
            0.8454361306971313,
            0.08951040595758475,
            0.09847584361881297,
            0.13453439680687312,
            0.07516217615661092
        ],
        "mono_mass": [
            0.0,
            79.0542,
            83.0491,
            91.0542,
            93.0699,
            105.0699,
            107.0491,
            107.0855,
            111.0441,
            117.0699,
            119.0855,
            121.0648,
            129.0699,
            131.0855,
            133.1012,
            135.0804,
            143.0855,
            145.0648,
            147.0804,
            157.1012,
            159.0804,
            161.0961,
            163.0754,
            169.1012,
            171.0804,
            195.1168,
            221.1325
        ],
        "abs_mass_diff": [
            0.0,
            0.0,
            0.0,
            0.0,
            0.0,
            0.0,
            0.0,
            0.0,
            0.0,
            0.0,
            0.0,
            0.0,
            0.0,
            0.0,
            0.0,
            0.0,
            0.0,
            0.0,
            0.0,
            0.0,
            0.0,
            0.0,
            0.0,
            0.0,
            0.0,
            0.0,
            0.0
        ],
        "mass_diff": [
            0.0,
            0.0,
            0.0,
            0.0,
            0.0,
            0.0,
            0.0,
            0.0,
            0.0,
            0.0,
            0.0,
            0.0,
            0.0,
            0.0,
            0.0,
            0.0,
            0.0,
            0.0,
            0.0,
            0.0,
            0.0,
            0.0,
            0.0,
            0.0,
            0.0,
            0.0,
            0.0
        ],
        "formula": [
            "C24H30O6",
            "C24H30O6",
            "C24H30O6",
            "C24H30O6",
            "C24H30O6",
            "C24H30O6",
            "C24H30O6",
            "C24H30O6",
            "C24H30O6",
            "C24H30O6",
            "C24H30O6",
            "C24H30O6",
            "C24H30O6",
            "C24H30O6",
            "C24H30O6",
            "C24H30O6",
            "C24H30O6",
            "C24H30O6",
            "C24H30O6",
            "C24H30O6",
            "C24H30O6",
            "C24H30O6",
            "C24H30O6",
            "C24H30O6",
            "C24H30O6",
            "C24H30O6",
            "C24H30O6"
        ],
        "ions": [
            "[M+H]+",
            "[M+H]+",
            "[M+H]+",
            "[M+H]+",
            "[M+H]+",
            "[M+H]+",
            "[M+H]+",
            "[M+H]+",
            "[M+H]+",
            "[M+H]+",
            "[M+H]+",
            "[M+H]+",
            "[M+H]+",
            "[M+H]+",
            "[M+H]+",
            "[M+H]+",
            "[M+H]+",
            "[M+H]+",
            "[M+H]+",
            "[M+H]+",
            "[M+H]+",
            "[M+H]+",
            "[M+H]+",
            "[M+H]+",
            "[M+H]+",
            "[M+H]+",
            "[M+H]+"
        ]
    }
}