{
    "cand_form": "C28H31N3O6",
    "cand_ion": "[M+H]+",
    "output_tbl": {
        "mz": [
            84.0808,
            91.0542,
            174.1277,
            175.1315,
            192.1383,
            193.1421,
            315.0975,
            316.0995,
            506.2286,
            507.2314
        ],
        "ms2_inten": [
            0.021418305160139112,
            0.07397889562862695,
            1.0,
            0.07044316769255897,
            0.24853993417205233,
            0.01593836112669313,
            0.7249471079959678,
            0.0701275318315548,
            0.12669500202376363,
            0.02451904753888382
        ],
        "mono_mass": [
            84.0808,
            91.0542,
            174.1277,
            175.1315,
            192.1383,
            193.1421,
            315.0975,
            316.0995,
            506.2286,
            507.2314
        ],
        "abs_mass_diff": [
            0.0,
            0.0,
            0.0,
            0.0,
            0.0,
            0.0,
            0.0,
            0.0,
            0.0,
            0.0
        ],
        "mass_diff": [
            0.0,
            0.0,
            0.0,
            0.0,
            0.0,
            0.0,
            0.0,
            0.0,
            0.0,
            0.0
        ],
        "formula": [
            "C28H31N3O6",
            "C28H31N3O6",
            "C28H31N3O6",
            "C28H31N3O6",
            "C28H31N3O6",
            "C28H31N3O6",
            "C28H31N3O6",
            "C28H31N3O6",
            "C28H31N3O6",
            "C28H31N3O6"
        ],
        "ions": [
            "[M+H]+",
            "[M+H]+",
            "[M+H]+",
            "[M+H]+",
            "[M+H]+",
            "[M+H]+",
            "[M+H]+",
            "[M+H]+",
            "[M+H]+",
            "[M+H]+"
        ]
    }
}