{
    "cand_form": "C21H28O2",
    "cand_ion": "[M+H]+",
    "output_tbl": {
        "mz": [
            55.0542,
            67.0542,
            79.0542,
            81.0699,
            83.0491,
            91.0542,
            93.0699,
            95.0855,
            105.0699,
            107.0491,
            107.0855,
            109.0648,
            117.0699,
            119.0855,
            123.1168,
            128.0621,
            129.0699,
            131.0855,
            133.1012,
            135.0804,
            143.0855,
            145.1012,
            157.1012,
            171.1168
        ],
        "ms2_inten": [
            0.10162414979215835,
            0.2768786232991773,
            0.4400883177761143,
            0.46556217466513594,
            0.45694820656301294,
            0.6447268209254878,
            0.3589293613369307,
            0.202082157602185,
            0.4484242350345511,
            0.19422694810163818,
            0.1679005153257211,
            1.0,
            0.33500902896396123,
            0.26817151087799307,
            0.09099369256947563,
            0.11300350268082984,
            0.2536762807977038,
            0.27319664399686966,
            0.16214077079239606,
            0.2187064575454171,
            0.22109076252504176,
            0.20229827384154828,
            0.15673439867027655,
            0.10094159557405288
        ],
        "mono_mass": [
            55.0542,
            67.0542,
            79.0542,
            81.0699,
            83.0491,
            91.0542,
            93.0699,
            95.0855,
            105.0699,
            107.0491,
            107.0855,
            109.0648,
            117.0699,
            119.0855,
            123.1168,
            128.0621,
            129.0699,
            131.0855,
            133.1012,
            135.0804,
            143.0855,
            145.1012,
            157.1012,
            171.1168
        ],
        "abs_mass_diff": [
            0.0,
            0.0,
            0.0,
            0.0,
            0.0,
            0.0,
            0.0,
            0.0,
            0.0,
            0.0,
            0.0,
            0.0,
            0.0,
            0.0,
            0.0,
            0.0,
            0.0,
            0.0,
            0.0,
            0.0,
            0.0,
            0.0,
            0.0,
            0.0
        ],
        "mass_diff": [
            0.0,
            0.0,
            0.0,
            0.0,
            0.0,
            0.0,
            0.0,
            0.0,
            0.0,
            0.0,
            0.0,
            0.0,
            0.0,
            0.0,
            0.0,
            0.0,
            0.0,
            0.0,
            0.0,
            0.0,
            0.0,
            0.0,
            0.0,
            0.0
        ],
        "formula": [
            "C21H28O2",
            "C21H28O2",
            "C21H28O2",
            "C21H28O2",
            "C21H28O2",
            "C21H28O2",
            "C21H28O2",
            "C21H28O2",
            "C21H28O2",
            "C21H28O2",
            "C21H28O2",
            "C21H28O2",
            "C21H28O2",
            "C21H28O2",
            "C21H28O2",
            "C21H28O2",
            "C21H28O2",
            "C21H28O2",
            "C21H28O2",
            "C21H28O2",
            "C21H28O2",
            "C21H28O2",
            "C21H28O2",
            "C21H28O2"
        ],
        "ions": [
            "[M+H]+",
            "[M+H]+",
            "[M+H]+",
            "[M+H]+",
            "[M+H]+",
            "[M+H]+",
            "[M+H]+",
            "[M+H]+",
            "[M+H]+",
            "[M+H]+",
            "[M+H]+",
            "[M+H]+",
            "[M+H]+",
            "[M+H]+",
            "[M+H]+",
            "[M+H]+",
            "[M+H]+",
            "[M+H]+",
            "[M+H]+",
            "[M+H]+",
            "[M+H]+",
            "[M+H]+",
            "[M+H]+",
            "[M+H]+"
        ]
    }
}