{
    "cand_form": "C23H20N4O5",
    "cand_ion": "[M+H]+",
    "output_tbl": {
        "mz": [
            0.0,
            77.0386,
            95.0491,
            115.0542,
            151.0542,
            169.0634,
            176.0621,
            177.0699,
            191.073,
            202.0651,
            203.073,
            204.0808,
            205.0846
        ],
        "ms2_inten": [
            0.07594573902226731,
            0.11781070193190021,
            0.05827099594997116,
            0.0845021073259746,
            0.04655186267741219,
            0.05917774122557337,
            0.2282262208680937,
            0.04898630197561547,
            0.11781127991521789,
            0.07689929854334385,
            0.5183417478371738,
            1.0,
            0.08098029215074021
        ],
        "mono_mass": [
            0.0,
            77.0386,
            95.0491,
            115.0542,
            151.0542,
            169.0634,
            176.0621,
            177.0699,
            191.073,
            202.0651,
            203.073,
            204.0808,
            205.0846
        ],
        "abs_mass_diff": [
            0.0,
            0.0,
            0.0,
            0.0,
            0.0,
            0.0,
            0.0,
            0.0,
            0.0,
            0.0,
            0.0,
            0.0,
            0.0
        ],
        "mass_diff": [
            0.0,
            0.0,
            0.0,
            0.0,
            0.0,
            0.0,
            0.0,
            0.0,
            0.0,
            0.0,
            0.0,
            0.0,
            0.0
        ],
        "formula": [
            "C23H20N4O5",
            "C23H20N4O5",
            "C23H20N4O5",
            "C23H20N4O5",
            "C23H20N4O5",
            "C23H20N4O5",
            "C23H20N4O5",
            "C23H20N4O5",
            "C23H20N4O5",
            "C23H20N4O5",
            "C23H20N4O5",
            "C23H20N4O5",
            "C23H20N4O5"
        ],
        "ions": [
            "[M+H]+",
            "[M+H]+",
            "[M+H]+",
            "[M+H]+",
            "[M+H]+",
            "[M+H]+",
            "[M+H]+",
            "[M+H]+",
            "[M+H]+",
            "[M+H]+",
            "[M+H]+",
            "[M+H]+",
            "[M+H]+"
        ]
    }
}