{
    "cand_form": "C23H26ClN7O3",
    "cand_ion": "[M+H]+",
    "output_tbl": {
        "mz": [
            155.0258,
            156.0296,
            221.1033,
            233.1033,
            343.0633,
            357.1113,
            371.1013,
            375.1218,
            376.1278
        ],
        "ms2_inten": [
            1.0,
            0.03834505828170624,
            0.05280049363708372,
            0.113978065772973,
            0.1291691941754315,
            0.1366653929322221,
            0.028280316458023022,
            0.43842269156056235,
            0.055359439597693016
        ],
        "mono_mass": [
            155.0258,
            156.0296,
            221.1033,
            233.1033,
            343.0633,
            357.1113,
            371.1013,
            375.1218,
            376.1278
        ],
        "abs_mass_diff": [
            0.0,
            0.0,
            0.0,
            0.0,
            0.0,
            0.0,
            0.0,
            0.0,
            0.0
        ],
        "mass_diff": [
            0.0,
            0.0,
            0.0,
            0.0,
            0.0,
            0.0,
            0.0,
            0.0,
            0.0
        ],
        "formula": [
            "C23H26ClN7O3",
            "C23H26ClN7O3",
            "C23H26ClN7O3",
            "C23H26ClN7O3",
            "C23H26ClN7O3",
            "C23H26ClN7O3",
            "C23H26ClN7O3",
            "C23H26ClN7O3",
            "C23H26ClN7O3"
        ],
        "ions": [
            "[M+H]+",
            "[M+H]+",
            "[M+H]+",
            "[M+H]+",
            "[M+H]+",
            "[M+H]+",
            "[M+H]+",
            "[M+H]+",
            "[M+H]+"
        ]
    }
}