{
    "cand_form": "C23H26ClN7O3",
    "cand_ion": "[M+H]+",
    "output_tbl": {
        "mz": [
            84.0808,
            105.0335,
            155.0258,
            156.0296,
            221.1038,
            233.1038,
            343.0633,
            357.1113,
            375.1218
        ],
        "ms2_inten": [
            0.020064001590773303,
            0.04001979027498395,
            1.0,
            0.04169418376470605,
            0.02643577132738995,
            0.044097018424856846,
            0.0675631775578354,
            0.04286594758459847,
            0.04206140135656443
        ],
        "mono_mass": [
            84.0808,
            105.0335,
            155.0258,
            156.0296,
            221.1038,
            233.1038,
            343.0633,
            357.1113,
            375.1218
        ],
        "abs_mass_diff": [
            0.0,
            0.0,
            0.0,
            0.0,
            0.0,
            0.0,
            0.0,
            0.0,
            0.0
        ],
        "mass_diff": [
            0.0,
            0.0,
            0.0,
            0.0,
            0.0,
            0.0,
            0.0,
            0.0,
            0.0
        ],
        "formula": [
            "C23H26ClN7O3",
            "C23H26ClN7O3",
            "C23H26ClN7O3",
            "C23H26ClN7O3",
            "C23H26ClN7O3",
            "C23H26ClN7O3",
            "C23H26ClN7O3",
            "C23H26ClN7O3",
            "C23H26ClN7O3"
        ],
        "ions": [
            "[M+H]+",
            "[M+H]+",
            "[M+H]+",
            "[M+H]+",
            "[M+H]+",
            "[M+H]+",
            "[M+H]+",
            "[M+H]+",
            "[M+H]+"
        ]
    }
}