{
    "cand_form": "C24H26N6O3",
    "cand_ion": "[M+H]+",
    "output_tbl": {
        "mz": [
            80.0495,
            140.0495,
            152.0621,
            153.0699,
            163.0542,
            164.0621,
            165.0699,
            169.0634,
            177.0699,
            178.0777,
            179.073,
            180.0808,
            190.0651,
            191.073,
            192.0682,
            195.1128,
            205.076,
            206.0838,
            207.0917,
            227.7409
        ],
        "ms2_inten": [
            0.07880550716393502,
            0.11524247018457635,
            0.5175315603288093,
            0.3876335752966339,
            0.14007882538879107,
            0.07325832853055596,
            0.14882247262416895,
            0.09068729381583157,
            0.06752483273704045,
            0.6919495666273089,
            0.12589508254851584,
            0.4653266761848982,
            1.0,
            0.46149694852108764,
            0.33185762930542484,
            0.09112719674437186,
            0.4818916970582677,
            0.22027209936416217,
            0.12352283896069145,
            0.060106178999200996
        ],
        "mono_mass": [
            80.0495,
            140.0495,
            152.0621,
            153.0699,
            163.0542,
            164.0621,
            165.0699,
            169.0634,
            177.0699,
            178.0777,
            179.073,
            180.0808,
            190.0651,
            191.073,
            192.0682,
            195.1128,
            205.076,
            206.0838,
            207.0917,
            227.7409
        ],
        "abs_mass_diff": [
            0.0,
            0.0,
            0.0,
            0.0,
            0.0,
            0.0,
            0.0,
            0.0,
            0.0,
            0.0,
            0.0,
            0.0,
            0.0,
            0.0,
            0.0,
            0.0,
            0.0,
            0.0,
            0.0,
            0.0
        ],
        "mass_diff": [
            0.0,
            0.0,
            0.0,
            0.0,
            0.0,
            0.0,
            0.0,
            0.0,
            0.0,
            0.0,
            0.0,
            0.0,
            0.0,
            0.0,
            0.0,
            0.0,
            0.0,
            0.0,
            0.0,
            0.0
        ],
        "formula": [
            "C24H26N6O3",
            "C24H26N6O3",
            "C24H26N6O3",
            "C24H26N6O3",
            "C24H26N6O3",
            "C24H26N6O3",
            "C24H26N6O3",
            "C24H26N6O3",
            "C24H26N6O3",
            "C24H26N6O3",
            "C24H26N6O3",
            "C24H26N6O3",
            "C24H26N6O3",
            "C24H26N6O3",
            "C24H26N6O3",
            "C24H26N6O3",
            "C24H26N6O3",
            "C24H26N6O3",
            "C24H26N6O3",
            "C24H26N6O3"
        ],
        "ions": [
            "[M+H]+",
            "[M+H]+",
            "[M+H]+",
            "[M+H]+",
            "[M+H]+",
            "[M+H]+",
            "[M+H]+",
            "[M+H]+",
            "[M+H]+",
            "[M+H]+",
            "[M+H]+",
            "[M+H]+",
            "[M+H]+",
            "[M+H]+",
            "[M+H]+",
            "[M+H]+",
            "[M+H]+",
            "[M+H]+",
            "[M+H]+",
            "[M+H]+"
        ]
    }
}