{
    "cand_form": "C24H26N6O3",
    "cand_ion": "[M+H]+",
    "output_tbl": {
        "mz": [
            115.0542,
            139.0542,
            140.0495,
            150.0464,
            151.0542,
            152.0621,
            163.0542,
            164.0468,
            165.0699,
            169.0648,
            176.0621,
            178.0624,
            179.0577,
            190.0651,
            205.076
        ],
        "ms2_inten": [
            0.1181873279919754,
            0.12257538848120637,
            0.18899379489415932,
            0.13880047366557086,
            0.16711335211391012,
            1.0,
            0.421515858232295,
            0.2023409425291502,
            0.12086451378325457,
            0.31232075735884424,
            0.24735026562490706,
            0.13056679550342498,
            0.09730144435520045,
            0.5939603674250497,
            0.16378344576218587
        ],
        "mono_mass": [
            115.0542,
            139.0542,
            140.0495,
            150.0464,
            151.0542,
            152.0621,
            163.0542,
            164.0468,
            165.0699,
            169.0648,
            176.0621,
            178.0624,
            179.0577,
            190.0651,
            205.076
        ],
        "abs_mass_diff": [
            0.0,
            0.0,
            0.0,
            0.0,
            0.0,
            0.0,
            0.0,
            0.0,
            0.0,
            0.0,
            0.0,
            0.0,
            0.0,
            0.0,
            0.0
        ],
        "mass_diff": [
            0.0,
            0.0,
            0.0,
            0.0,
            0.0,
            0.0,
            0.0,
            0.0,
            0.0,
            0.0,
            0.0,
            0.0,
            0.0,
            0.0,
            0.0
        ],
        "formula": [
            "C24H26N6O3",
            "C24H26N6O3",
            "C24H26N6O3",
            "C24H26N6O3",
            "C24H26N6O3",
            "C24H26N6O3",
            "C24H26N6O3",
            "C24H26N6O3",
            "C24H26N6O3",
            "C24H26N6O3",
            "C24H26N6O3",
            "C24H26N6O3",
            "C24H26N6O3",
            "C24H26N6O3",
            "C24H26N6O3"
        ],
        "ions": [
            "[M+H]+",
            "[M+H]+",
            "[M+H]+",
            "[M+H]+",
            "[M+H]+",
            "[M+H]+",
            "[M+H]+",
            "[M+H]+",
            "[M+H]+",
            "[M+H]+",
            "[M+H]+",
            "[M+H]+",
            "[M+H]+",
            "[M+H]+",
            "[M+H]+"
        ]
    }
}