{
    "cand_form": "C24H23N3O5",
    "cand_ion": "[M+H]+",
    "output_tbl": {
        "mz": [
            130.0651,
            135.0441,
            136.0479,
            153.0659,
            169.076,
            197.0709,
            232.0757,
            233.0835,
            250.0863,
            262.0863,
            263.0941,
            264.1019,
            274.0863,
            284.1394,
            285.1445,
            294.1237,
            302.0812,
            303.085,
            312.1343,
            313.1335
        ],
        "ms2_inten": [
            0.08651931116536955,
            1.0,
            0.04108869276365968,
            0.06008648001553461,
            0.25158877784369166,
            0.14097936458895668,
            0.03178998511266264,
            0.08281584410402051,
            0.1849972207189563,
            0.31949306981433867,
            0.15947397852246348,
            0.18997431917623844,
            0.04669350635831439,
            0.43866597179079786,
            0.04176760205766891,
            0.0749632574374962,
            0.27233400885766545,
            0.03531708427060388,
            0.6591182105300386,
            0.07409238823987097
        ],
        "mono_mass": [
            130.0651,
            135.0441,
            136.0479,
            153.0659,
            169.076,
            197.0709,
            232.0757,
            233.0835,
            250.0863,
            262.0863,
            263.0941,
            264.1019,
            274.0863,
            284.1394,
            285.1445,
            294.1237,
            302.0812,
            303.085,
            312.1343,
            313.1335
        ],
        "abs_mass_diff": [
            0.0,
            0.0,
            0.0,
            0.0,
            0.0,
            0.0,
            0.0,
            0.0,
            0.0,
            0.0,
            0.0,
            0.0,
            0.0,
            0.0,
            0.0,
            0.0,
            0.0,
            0.0,
            0.0,
            0.0
        ],
        "mass_diff": [
            0.0,
            0.0,
            0.0,
            0.0,
            0.0,
            0.0,
            0.0,
            0.0,
            0.0,
            0.0,
            0.0,
            0.0,
            0.0,
            0.0,
            0.0,
            0.0,
            0.0,
            0.0,
            0.0,
            0.0
        ],
        "formula": [
            "C24H23N3O5",
            "C24H23N3O5",
            "C24H23N3O5",
            "C24H23N3O5",
            "C24H23N3O5",
            "C24H23N3O5",
            "C24H23N3O5",
            "C24H23N3O5",
            "C24H23N3O5",
            "C24H23N3O5",
            "C24H23N3O5",
            "C24H23N3O5",
            "C24H23N3O5",
            "C24H23N3O5",
            "C24H23N3O5",
            "C24H23N3O5",
            "C24H23N3O5",
            "C24H23N3O5",
            "C24H23N3O5",
            "C24H23N3O5"
        ],
        "ions": [
            "[M+H]+",
            "[M+H]+",
            "[M+H]+",
            "[M+H]+",
            "[M+H]+",
            "[M+H]+",
            "[M+H]+",
            "[M+H]+",
            "[M+H]+",
            "[M+H]+",
            "[M+H]+",
            "[M+H]+",
            "[M+H]+",
            "[M+H]+",
            "[M+H]+",
            "[M+H]+",
            "[M+H]+",
            "[M+H]+",
            "[M+H]+",
            "[M+H]+"
        ]
    }
}