{
    "cand_form": "C24H23N3O5",
    "cand_ion": "[M+H]+",
    "output_tbl": {
        "mz": [
            70.0651,
            77.0386,
            79.0542,
            125.0709,
            130.0651,
            135.0441,
            169.076,
            170.0771,
            191.073,
            192.0808,
            197.0709,
            204.0808,
            205.0886,
            206.0964,
            216.0808,
            232.0757,
            233.0808,
            262.0863,
            274.0863
        ],
        "ms2_inten": [
            0.12471997096101135,
            0.07144814744772505,
            0.12217327923670838,
            0.06687347407413859,
            0.2034996968366082,
            0.958001813174212,
            1.0,
            0.07479497901702899,
            0.08706755566946646,
            0.07425276548466121,
            0.0724154657290582,
            0.9231761777441575,
            0.39870366545691616,
            0.1635407223914988,
            0.14311085038782934,
            0.26095475835887,
            0.0826183425879039,
            0.32927020256374206,
            0.11405207214874
        ],
        "mono_mass": [
            70.0651,
            77.0386,
            79.0542,
            125.0709,
            130.0651,
            135.0441,
            169.076,
            170.0771,
            191.073,
            192.0808,
            197.0709,
            204.0808,
            205.0886,
            206.0964,
            216.0808,
            232.0757,
            233.0808,
            262.0863,
            274.0863
        ],
        "abs_mass_diff": [
            0.0,
            0.0,
            0.0,
            0.0,
            0.0,
            0.0,
            0.0,
            0.0,
            0.0,
            0.0,
            0.0,
            0.0,
            0.0,
            0.0,
            0.0,
            0.0,
            0.0,
            0.0,
            0.0
        ],
        "mass_diff": [
            0.0,
            0.0,
            0.0,
            0.0,
            0.0,
            0.0,
            0.0,
            0.0,
            0.0,
            0.0,
            0.0,
            0.0,
            0.0,
            0.0,
            0.0,
            0.0,
            0.0,
            0.0,
            0.0
        ],
        "formula": [
            "C24H23N3O5",
            "C24H23N3O5",
            "C24H23N3O5",
            "C24H23N3O5",
            "C24H23N3O5",
            "C24H23N3O5",
            "C24H23N3O5",
            "C24H23N3O5",
            "C24H23N3O5",
            "C24H23N3O5",
            "C24H23N3O5",
            "C24H23N3O5",
            "C24H23N3O5",
            "C24H23N3O5",
            "C24H23N3O5",
            "C24H23N3O5",
            "C24H23N3O5",
            "C24H23N3O5",
            "C24H23N3O5"
        ],
        "ions": [
            "[M+H]+",
            "[M+H]+",
            "[M+H]+",
            "[M+H]+",
            "[M+H]+",
            "[M+H]+",
            "[M+H]+",
            "[M+H]+",
            "[M+H]+",
            "[M+H]+",
            "[M+H]+",
            "[M+H]+",
            "[M+H]+",
            "[M+H]+",
            "[M+H]+",
            "[M+H]+",
            "[M+H]+",
            "[M+H]+",
            "[M+H]+"
        ]
    }
}