{
    "cand_form": "C24H23N3O5",
    "cand_ion": "[M+H]+",
    "output_tbl": {
        "mz": [
            70.0651,
            77.0386,
            79.0542,
            95.0491,
            105.0335,
            105.0447,
            115.0542,
            130.0651,
            135.0441,
            142.0651,
            168.0682,
            169.076,
            189.0699,
            191.073,
            192.0808,
            203.073,
            204.0808,
            205.0859,
            206.0964,
            215.073,
            216.0808,
            217.0886,
            232.0757,
            262.0863
        ],
        "ms2_inten": [
            0.05397383157793234,
            0.12038621093212473,
            0.09549813322406865,
            0.10229374496339795,
            0.06847342469302647,
            0.03824876311531542,
            0.08889816036438364,
            0.13898189673579095,
            0.272117689755425,
            0.05258638921996067,
            0.04594770550765212,
            0.3944607745511773,
            0.06457210992648228,
            0.11197947271878105,
            0.04891582428375288,
            0.0421459364925422,
            1.0,
            0.17726996421493782,
            0.06289687838017456,
            0.04726071130193351,
            0.06527749506616332,
            0.05213156985766136,
            0.06895505244367615,
            0.038045067137841296
        ],
        "mono_mass": [
            70.0651,
            77.0386,
            79.0542,
            95.0491,
            105.0335,
            105.0447,
            115.0542,
            130.0651,
            135.0441,
            142.0651,
            168.0682,
            169.076,
            189.0699,
            191.073,
            192.0808,
            203.073,
            204.0808,
            205.0859,
            206.0964,
            215.073,
            216.0808,
            217.0886,
            232.0757,
            262.0863
        ],
        "abs_mass_diff": [
            0.0,
            0.0,
            0.0,
            0.0,
            0.0,
            0.0,
            0.0,
            0.0,
            0.0,
            0.0,
            0.0,
            0.0,
            0.0,
            0.0,
            0.0,
            0.0,
            0.0,
            0.0,
            0.0,
            0.0,
            0.0,
            0.0,
            0.0,
            0.0
        ],
        "mass_diff": [
            0.0,
            0.0,
            0.0,
            0.0,
            0.0,
            0.0,
            0.0,
            0.0,
            0.0,
            0.0,
            0.0,
            0.0,
            0.0,
            0.0,
            0.0,
            0.0,
            0.0,
            0.0,
            0.0,
            0.0,
            0.0,
            0.0,
            0.0,
            0.0
        ],
        "formula": [
            "C24H23N3O5",
            "C24H23N3O5",
            "C24H23N3O5",
            "C24H23N3O5",
            "C24H23N3O5",
            "C24H23N3O5",
            "C24H23N3O5",
            "C24H23N3O5",
            "C24H23N3O5",
            "C24H23N3O5",
            "C24H23N3O5",
            "C24H23N3O5",
            "C24H23N3O5",
            "C24H23N3O5",
            "C24H23N3O5",
            "C24H23N3O5",
            "C24H23N3O5",
            "C24H23N3O5",
            "C24H23N3O5",
            "C24H23N3O5",
            "C24H23N3O5",
            "C24H23N3O5",
            "C24H23N3O5",
            "C24H23N3O5"
        ],
        "ions": [
            "[M+H]+",
            "[M+H]+",
            "[M+H]+",
            "[M+H]+",
            "[M+H]+",
            "[M+H]+",
            "[M+H]+",
            "[M+H]+",
            "[M+H]+",
            "[M+H]+",
            "[M+H]+",
            "[M+H]+",
            "[M+H]+",
            "[M+H]+",
            "[M+H]+",
            "[M+H]+",
            "[M+H]+",
            "[M+H]+",
            "[M+H]+",
            "[M+H]+",
            "[M+H]+",
            "[M+H]+",
            "[M+H]+",
            "[M+H]+"
        ]
    }
}