{
    "cand_form": "C17H18N2O6",
    "cand_ion": "[M+H]+",
    "output_tbl": {
        "mz": [
            195.0917,
            211.0866,
            212.0944,
            214.0499,
            239.0815,
            241.0972,
            246.0761,
            253.0972,
            254.105,
            255.0764,
            271.1077,
            272.1129,
            315.0975,
            316.1054
        ],
        "ms2_inten": [
            0.1424114386974507,
            0.14148009015450264,
            0.06350106484440593,
            0.04310603400211429,
            0.30775502856504666,
            0.20500627549465086,
            0.1839262739029031,
            0.1615967466766819,
            0.41344965872550093,
            0.04836919013877397,
            0.49507908851526383,
            0.054490134939836725,
            1.0,
            0.11355478342717529
        ],
        "mono_mass": [
            195.0917,
            211.0866,
            212.0944,
            214.0499,
            239.0815,
            241.0972,
            246.0761,
            253.0972,
            254.105,
            255.0764,
            271.1077,
            272.1129,
            315.0975,
            316.1054
        ],
        "abs_mass_diff": [
            0.0,
            0.0,
            0.0,
            0.0,
            0.0,
            0.0,
            0.0,
            0.0,
            0.0,
            0.0,
            0.0,
            0.0,
            0.0,
            0.0
        ],
        "mass_diff": [
            0.0,
            0.0,
            0.0,
            0.0,
            0.0,
            0.0,
            0.0,
            0.0,
            0.0,
            0.0,
            0.0,
            0.0,
            0.0,
            0.0
        ],
        "formula": [
            "C17H18N2O6",
            "C17H18N2O6",
            "C17H18N2O6",
            "C17H18N2O6",
            "C17H18N2O6",
            "C17H18N2O6",
            "C17H18N2O6",
            "C17H18N2O6",
            "C17H18N2O6",
            "C17H18N2O6",
            "C17H18N2O6",
            "C17H18N2O6",
            "C17H18N2O6",
            "C17H18N2O6"
        ],
        "ions": [
            "[M+H]+",
            "[M+H]+",
            "[M+H]+",
            "[M+H]+",
            "[M+H]+",
            "[M+H]+",
            "[M+H]+",
            "[M+H]+",
            "[M+H]+",
            "[M+H]+",
            "[M+H]+",
            "[M+H]+",
            "[M+H]+",
            "[M+H]+"
        ]
    }
}