{
    "cand_form": "C17H18N2O6",
    "cand_ion": "[M+H]+",
    "output_tbl": {
        "mz": [
            122.0237,
            154.0651,
            168.0808,
            182.0838,
            183.0917,
            195.0917,
            196.0968,
            197.1073,
            209.0709,
            211.0866,
            212.0944,
            214.0499,
            222.0788,
            226.0863,
            239.0815,
            240.0866,
            241.0972,
            246.0761,
            253.0972,
            254.105,
            255.0764,
            255.1101,
            256.0842,
            271.1077,
            315.0975
        ],
        "ms2_inten": [
            0.04899741507206696,
            0.06852304830918167,
            0.054012682526873405,
            0.05072450585648208,
            0.05863120381188199,
            0.30304942880176194,
            0.06091896001844745,
            0.059519857796122844,
            0.08981737864601554,
            0.30919551658846506,
            0.1582866311298442,
            0.08896671898970657,
            0.05753629014085588,
            0.06041089299402782,
            0.4190792307037823,
            0.04660233600445585,
            0.1982982835658162,
            0.09167323988749637,
            0.3255848145563546,
            1.0,
            0.05302074358941712,
            0.10385651017651801,
            0.04949554142624644,
            0.15940081984888363,
            0.08217060989182327
        ],
        "mono_mass": [
            122.0237,
            154.0651,
            168.0808,
            182.0838,
            183.0917,
            195.0917,
            196.0968,
            197.1073,
            209.0709,
            211.0866,
            212.0944,
            214.0499,
            222.0788,
            226.0863,
            239.0815,
            240.0866,
            241.0972,
            246.0761,
            253.0972,
            254.105,
            255.0764,
            255.1101,
            256.0842,
            271.1077,
            315.0975
        ],
        "abs_mass_diff": [
            0.0,
            0.0,
            0.0,
            0.0,
            0.0,
            0.0,
            0.0,
            0.0,
            0.0,
            0.0,
            0.0,
            0.0,
            0.0,
            0.0,
            0.0,
            0.0,
            0.0,
            0.0,
            0.0,
            0.0,
            0.0,
            0.0,
            0.0,
            0.0,
            0.0
        ],
        "mass_diff": [
            0.0,
            0.0,
            0.0,
            0.0,
            0.0,
            0.0,
            0.0,
            0.0,
            0.0,
            0.0,
            0.0,
            0.0,
            0.0,
            0.0,
            0.0,
            0.0,
            0.0,
            0.0,
            0.0,
            0.0,
            0.0,
            0.0,
            0.0,
            0.0,
            0.0
        ],
        "formula": [
            "C17H18N2O6",
            "C17H18N2O6",
            "C17H18N2O6",
            "C17H18N2O6",
            "C17H18N2O6",
            "C17H18N2O6",
            "C17H18N2O6",
            "C17H18N2O6",
            "C17H18N2O6",
            "C17H18N2O6",
            "C17H18N2O6",
            "C17H18N2O6",
            "C17H18N2O6",
            "C17H18N2O6",
            "C17H18N2O6",
            "C17H18N2O6",
            "C17H18N2O6",
            "C17H18N2O6",
            "C17H18N2O6",
            "C17H18N2O6",
            "C17H18N2O6",
            "C17H18N2O6",
            "C17H18N2O6",
            "C17H18N2O6",
            "C17H18N2O6"
        ],
        "ions": [
            "[M+H]+",
            "[M+H]+",
            "[M+H]+",
            "[M+H]+",
            "[M+H]+",
            "[M+H]+",
            "[M+H]+",
            "[M+H]+",
            "[M+H]+",
            "[M+H]+",
            "[M+H]+",
            "[M+H]+",
            "[M+H]+",
            "[M+H]+",
            "[M+H]+",
            "[M+H]+",
            "[M+H]+",
            "[M+H]+",
            "[M+H]+",
            "[M+H]+",
            "[M+H]+",
            "[M+H]+",
            "[M+H]+",
            "[M+H]+",
            "[M+H]+"
        ]
    }
}