{
    "cand_form": "C20H27N3O6",
    "cand_ion": "[M+H]+",
    "output_tbl": {
        "mz": [
            55.0178,
            56.0495,
            65.0386,
            91.0542,
            92.058,
            99.0553,
            115.0542
        ],
        "ms2_inten": [
            0.05415590454934577,
            0.055914017852995324,
            0.4705289813415037,
            1.0,
            0.04873275047705139,
            0.1353771213163881,
            0.1328007628771535
        ],
        "mono_mass": [
            55.0178,
            56.0495,
            65.0386,
            91.0542,
            92.058,
            99.0553,
            115.0542
        ],
        "abs_mass_diff": [
            0.0,
            0.0,
            0.0,
            0.0,
            0.0,
            0.0,
            0.0
        ],
        "mass_diff": [
            0.0,
            0.0,
            0.0,
            0.0,
            0.0,
            0.0,
            0.0
        ],
        "formula": [
            "C20H27N3O6",
            "C20H27N3O6",
            "C20H27N3O6",
            "C20H27N3O6",
            "C20H27N3O6",
            "C20H27N3O6",
            "C20H27N3O6"
        ],
        "ions": [
            "[M+H]+",
            "[M+H]+",
            "[M+H]+",
            "[M+H]+",
            "[M+H]+",
            "[M+H]+",
            "[M+H]+"
        ]
    }
}