{
    "cand_form": "C16H14O3",
    "cand_ion": "[M+H]+",
    "output_tbl": {
        "mz": [
            77.0386,
            95.0491,
            103.0542,
            105.0335,
            106.0366,
            131.0491,
            177.0546,
            194.0726,
            209.0961,
            210.1039,
            255.1016,
            256.105
        ],
        "ms2_inten": [
            0.3040707214382772,
            0.09890512882316181,
            0.08840697984817575,
            1.0,
            0.04019062045787047,
            0.04812843167558765,
            0.10752931892531448,
            0.0912360989302948,
            0.7121250296564557,
            0.059287815447351004,
            0.7125743932366194,
            0.04869824178183549
        ],
        "mono_mass": [
            77.0386,
            95.0491,
            103.0542,
            105.0335,
            106.0366,
            131.0491,
            177.0546,
            194.0726,
            209.0961,
            210.1039,
            255.1016,
            256.105
        ],
        "abs_mass_diff": [
            0.0,
            0.0,
            0.0,
            0.0,
            0.0,
            0.0,
            0.0,
            0.0,
            0.0,
            0.0,
            0.0,
            0.0
        ],
        "mass_diff": [
            0.0,
            0.0,
            0.0,
            0.0,
            0.0,
            0.0,
            0.0,
            0.0,
            0.0,
            0.0,
            0.0,
            0.0
        ],
        "formula": [
            "C16H14O3",
            "C16H14O3",
            "C16H14O3",
            "C16H14O3",
            "C16H14O3",
            "C16H14O3",
            "C16H14O3",
            "C16H14O3",
            "C16H14O3",
            "C16H14O3",
            "C16H14O3",
            "C16H14O3"
        ],
        "ions": [
            "[M+H]+",
            "[M+H]+",
            "[M+H]+",
            "[M+H]+",
            "[M+H]+",
            "[M+H]+",
            "[M+H]+",
            "[M+H]+",
            "[M+H]+",
            "[M+H]+",
            "[M+H]+",
            "[M+H]+"
        ]
    }
}