{
    "cand_form": "C24H32O4S",
    "cand_ion": "[M-H]-",
    "output_tbl": {
        "mz": [
            59.0139,
            74.991,
            330.0509,
            332.9718,
            370.1244,
            371.1289,
            379.1373,
            382.1546,
            383.1578,
            397.1479,
            414.0875,
            414.187,
            415.0361,
            415.0898,
            415.1612,
            415.2389,
            416.151
        ],
        "ms2_inten": [
            0.021284667831410902,
            1.0,
            0.06752227814752715,
            0.02270706163311927,
            0.12207021607365735,
            0.09880723254464428,
            0.10269144380212887,
            0.10416826951380079,
            0.03013012574939268,
            0.030844748979343282,
            0.1490956204350005,
            0.03818573693953432,
            0.07333161913050357,
            0.1289573711708047,
            0.4701849407852461,
            0.08293600894334191,
            0.11475220009263547
        ],
        "mono_mass": [
            59.0139,
            74.991,
            330.0509,
            332.9718,
            370.1244,
            371.1289,
            379.1373,
            382.1546,
            383.1578,
            397.1479,
            414.0875,
            414.187,
            415.0361,
            415.0898,
            415.1612,
            415.2389,
            416.151
        ],
        "abs_mass_diff": [
            0.0,
            0.0,
            0.0,
            0.0,
            0.0,
            0.0,
            0.0,
            0.0,
            0.0,
            0.0,
            0.0,
            0.0,
            0.0,
            0.0,
            0.0,
            0.0,
            0.0
        ],
        "mass_diff": [
            0.0,
            0.0,
            0.0,
            0.0,
            0.0,
            0.0,
            0.0,
            0.0,
            0.0,
            0.0,
            0.0,
            0.0,
            0.0,
            0.0,
            0.0,
            0.0,
            0.0
        ],
        "formula": [
            "C24H32O4S",
            "C24H32O4S",
            "C24H32O4S",
            "C24H32O4S",
            "C24H32O4S",
            "C24H32O4S",
            "C24H32O4S",
            "C24H32O4S",
            "C24H32O4S",
            "C24H32O4S",
            "C24H32O4S",
            "C24H32O4S",
            "C24H32O4S",
            "C24H32O4S",
            "C24H32O4S",
            "C24H32O4S",
            "C24H32O4S"
        ],
        "ions": [
            "[M-H]-",
            "[M-H]-",
            "[M-H]-",
            "[M-H]-",
            "[M-H]-",
            "[M-H]-",
            "[M-H]-",
            "[M-H]-",
            "[M-H]-",
            "[M-H]-",
            "[M-H]-",
            "[M-H]-",
            "[M-H]-",
            "[M-H]-",
            "[M-H]-",
            "[M-H]-",
            "[M-H]-"
        ]
    }
}