{
    "cand_form": "C20H30O2",
    "cand_ion": "[M+H]+",
    "output_tbl": {
        "mz": [
            67.0542,
            79.0542,
            81.0699,
            83.0491,
            91.0542,
            93.0699,
            95.0855,
            97.0648,
            105.0699,
            107.0855,
            109.0648,
            119.0855,
            121.1012,
            123.0804,
            133.1012
        ],
        "ms2_inten": [
            0.053503229086277776,
            0.09850171488030611,
            0.13954649116129988,
            0.063062698145425,
            0.08240573210721938,
            0.12891379009515136,
            0.14296356301766674,
            1.0,
            0.06226399942570027,
            0.11328395670226941,
            0.9496329290162557,
            0.0818914549543897,
            0.07765756789520144,
            0.11696174712533636,
            0.06793225001191285
        ],
        "mono_mass": [
            67.0542,
            79.0542,
            81.0699,
            83.0491,
            91.0542,
            93.0699,
            95.0855,
            97.0648,
            105.0699,
            107.0855,
            109.0648,
            119.0855,
            121.1012,
            123.0804,
            133.1012
        ],
        "abs_mass_diff": [
            0.0,
            0.0,
            0.0,
            0.0,
            0.0,
            0.0,
            0.0,
            0.0,
            0.0,
            0.0,
            0.0,
            0.0,
            0.0,
            0.0,
            0.0
        ],
        "mass_diff": [
            0.0,
            0.0,
            0.0,
            0.0,
            0.0,
            0.0,
            0.0,
            0.0,
            0.0,
            0.0,
            0.0,
            0.0,
            0.0,
            0.0,
            0.0
        ],
        "formula": [
            "C20H30O2",
            "C20H30O2",
            "C20H30O2",
            "C20H30O2",
            "C20H30O2",
            "C20H30O2",
            "C20H30O2",
            "C20H30O2",
            "C20H30O2",
            "C20H30O2",
            "C20H30O2",
            "C20H30O2",
            "C20H30O2",
            "C20H30O2",
            "C20H30O2"
        ],
        "ions": [
            "[M+H]+",
            "[M+H]+",
            "[M+H]+",
            "[M+H]+",
            "[M+H]+",
            "[M+H]+",
            "[M+H]+",
            "[M+H]+",
            "[M+H]+",
            "[M+H]+",
            "[M+H]+",
            "[M+H]+",
            "[M+H]+",
            "[M+H]+",
            "[M+H]+"
        ]
    }
}