{
    "cand_form": "C18H20N2O6",
    "cand_ion": "[M-H]-",
    "output_tbl": {
        "mz": [
            92.0268,
            122.0248,
            149.0482,
            224.0717
        ],
        "ms2_inten": [
            1.0,
            0.3015558282967883,
            0.04502445593947474,
            0.07114618006281702
        ],
        "mono_mass": [
            92.0268,
            122.0248,
            149.0482,
            224.0717
        ],
        "abs_mass_diff": [
            0.0,
            0.0,
            0.0,
            0.0
        ],
        "mass_diff": [
            0.0,
            0.0,
            0.0,
            0.0
        ],
        "formula": [
            "C18H20N2O6",
            "C18H20N2O6",
            "C18H20N2O6",
            "C18H20N2O6"
        ],
        "ions": [
            "[M-H]-",
            "[M-H]-",
            "[M-H]-",
            "[M-H]-"
        ]
    }
}