{
    "cand_form": "C20H30O2",
    "cand_ion": "[M+H]+",
    "output_tbl": {
        "mz": [
            55.0542,
            67.0542,
            69.0699,
            79.0542,
            81.0699,
            83.0491,
            91.0542,
            93.0699,
            95.0855,
            97.0648,
            105.0699,
            107.0855,
            109.0648,
            110.068,
            119.0855,
            121.1012,
            123.0804,
            131.0855,
            133.1012
        ],
        "ms2_inten": [
            0.059323902096600656,
            0.09674769383162204,
            0.07266369526018532,
            0.19025652638131696,
            0.21490031705306042,
            0.07743254165301496,
            0.1594209374301983,
            0.16682562928193018,
            0.12981366535308875,
            1.0,
            0.10814750178746765,
            0.11136765309743185,
            0.9175646010280447,
            0.04512505347653083,
            0.09964568732100072,
            0.05843736686981175,
            0.12272879057137978,
            0.038656325166550806,
            0.048021235289104174
        ],
        "mono_mass": [
            55.0542,
            67.0542,
            69.0699,
            79.0542,
            81.0699,
            83.0491,
            91.0542,
            93.0699,
            95.0855,
            97.0648,
            105.0699,
            107.0855,
            109.0648,
            110.068,
            119.0855,
            121.1012,
            123.0804,
            131.0855,
            133.1012
        ],
        "abs_mass_diff": [
            0.0,
            0.0,
            0.0,
            0.0,
            0.0,
            0.0,
            0.0,
            0.0,
            0.0,
            0.0,
            0.0,
            0.0,
            0.0,
            0.0,
            0.0,
            0.0,
            0.0,
            0.0,
            0.0
        ],
        "mass_diff": [
            0.0,
            0.0,
            0.0,
            0.0,
            0.0,
            0.0,
            0.0,
            0.0,
            0.0,
            0.0,
            0.0,
            0.0,
            0.0,
            0.0,
            0.0,
            0.0,
            0.0,
            0.0,
            0.0
        ],
        "formula": [
            "C20H30O2",
            "C20H30O2",
            "C20H30O2",
            "C20H30O2",
            "C20H30O2",
            "C20H30O2",
            "C20H30O2",
            "C20H30O2",
            "C20H30O2",
            "C20H30O2",
            "C20H30O2",
            "C20H30O2",
            "C20H30O2",
            "C20H30O2",
            "C20H30O2",
            "C20H30O2",
            "C20H30O2",
            "C20H30O2",
            "C20H30O2"
        ],
        "ions": [
            "[M+H]+",
            "[M+H]+",
            "[M+H]+",
            "[M+H]+",
            "[M+H]+",
            "[M+H]+",
            "[M+H]+",
            "[M+H]+",
            "[M+H]+",
            "[M+H]+",
            "[M+H]+",
            "[M+H]+",
            "[M+H]+",
            "[M+H]+",
            "[M+H]+",
            "[M+H]+",
            "[M+H]+",
            "[M+H]+",
            "[M+H]+"
        ]
    }
}