{
    "cand_form": "C18H20N2O6",
    "cand_ion": "[M-H]-",
    "output_tbl": {
        "mz": [
            92.0268,
            104.0506,
            105.0584,
            227.7249
        ],
        "ms2_inten": [
            1.0,
            0.13038746170652088,
            0.17135864216528532,
            0.06836839656244467
        ],
        "mono_mass": [
            92.0268,
            104.0506,
            105.0584,
            227.7249
        ],
        "abs_mass_diff": [
            0.0,
            0.0,
            0.0,
            0.0
        ],
        "mass_diff": [
            0.0,
            0.0,
            0.0,
            0.0
        ],
        "formula": [
            "C18H20N2O6",
            "C18H20N2O6",
            "C18H20N2O6",
            "C18H20N2O6"
        ],
        "ions": [
            "[M-H]-",
            "[M-H]-",
            "[M-H]-",
            "[M-H]-"
        ]
    }
}