{
    "cand_form": "C15H15NO3",
    "cand_ion": "[M+H]+",
    "output_tbl": {
        "mz": [
            119.0491,
            120.0525,
            166.0499,
            258.1125
        ],
        "ms2_inten": [
            1.0,
            0.05191615804738363,
            0.02445632914370214,
            0.01664222109458534
        ],
        "mono_mass": [
            119.0491,
            120.0525,
            166.0499,
            258.1125
        ],
        "abs_mass_diff": [
            0.0,
            0.0,
            0.0,
            0.0
        ],
        "mass_diff": [
            0.0,
            0.0,
            0.0,
            0.0
        ],
        "formula": [
            "C15H15NO3",
            "C15H15NO3",
            "C15H15NO3",
            "C15H15NO3"
        ],
        "ions": [
            "[M+H]+",
            "[M+H]+",
            "[M+H]+",
            "[M+H]+"
        ]
    }
}