{
    "cand_form": "C28H38N6O5",
    "cand_ion": "[M+H]+",
    "output_tbl": {
        "mz": [
            70.0651,
            83.0604,
            84.0682,
            99.0917,
            166.0975,
            297.1346,
            325.1295,
            339.1816,
            341.1608,
            353.1568,
            439.2452,
            440.2445,
            539.2976
        ],
        "ms2_inten": [
            0.08167738437767909,
            0.035738928060933844,
            0.026015194377682536,
            0.18217147813446918,
            0.03031554571513281,
            0.04658696611979357,
            0.03451948700990354,
            0.02179682278297506,
            0.02839796223360583,
            0.028415758886137808,
            1.0,
            0.13772869388991474,
            0.023004947006687336
        ],
        "mono_mass": [
            70.0651,
            83.0604,
            84.0682,
            99.0917,
            166.0975,
            297.1346,
            325.1295,
            339.1816,
            341.1608,
            353.1568,
            439.2452,
            440.2445,
            539.2976
        ],
        "abs_mass_diff": [
            0.0,
            0.0,
            0.0,
            0.0,
            0.0,
            0.0,
            0.0,
            0.0,
            0.0,
            0.0,
            0.0,
            0.0,
            0.0
        ],
        "mass_diff": [
            0.0,
            0.0,
            0.0,
            0.0,
            0.0,
            0.0,
            0.0,
            0.0,
            0.0,
            0.0,
            0.0,
            0.0,
            0.0
        ],
        "formula": [
            "C28H38N6O5",
            "C28H38N6O5",
            "C28H38N6O5",
            "C28H38N6O5",
            "C28H38N6O5",
            "C28H38N6O5",
            "C28H38N6O5",
            "C28H38N6O5",
            "C28H38N6O5",
            "C28H38N6O5",
            "C28H38N6O5",
            "C28H38N6O5",
            "C28H38N6O5"
        ],
        "ions": [
            "[M+H]+",
            "[M+H]+",
            "[M+H]+",
            "[M+H]+",
            "[M+H]+",
            "[M+H]+",
            "[M+H]+",
            "[M+H]+",
            "[M+H]+",
            "[M+H]+",
            "[M+H]+",
            "[M+H]+",
            "[M+H]+"
        ]
    }
}