{
    "cand_form": "C22H23ClN6O",
    "cand_ion": "[M+H]+",
    "output_tbl": {
        "mz": [
            171.0684,
            180.0808,
            190.0651,
            192.0808,
            206.0838,
            207.0917,
            208.096,
            235.0978,
            258.1026
        ],
        "ms2_inten": [
            0.12720264097662629,
            0.07316191311199892,
            0.02936941454527415,
            0.06570430029814192,
            0.06404623377497749,
            1.0,
            0.09797543507266923,
            0.061066332590131715,
            0.043417604170650034
        ],
        "mono_mass": [
            171.0684,
            180.0808,
            190.0651,
            192.0808,
            206.0838,
            207.0917,
            208.096,
            235.0978,
            258.1026
        ],
        "abs_mass_diff": [
            0.0,
            0.0,
            0.0,
            0.0,
            0.0,
            0.0,
            0.0,
            0.0,
            0.0
        ],
        "mass_diff": [
            0.0,
            0.0,
            0.0,
            0.0,
            0.0,
            0.0,
            0.0,
            0.0,
            0.0
        ],
        "formula": [
            "C22H23ClN6O",
            "C22H23ClN6O",
            "C22H23ClN6O",
            "C22H23ClN6O",
            "C22H23ClN6O",
            "C22H23ClN6O",
            "C22H23ClN6O",
            "C22H23ClN6O",
            "C22H23ClN6O"
        ],
        "ions": [
            "[M+H]+",
            "[M+H]+",
            "[M+H]+",
            "[M+H]+",
            "[M+H]+",
            "[M+H]+",
            "[M+H]+",
            "[M+H]+",
            "[M+H]+"
        ]
    }
}