{
    "cand_form": "C15H22O3",
    "cand_ion": "[M-H]-",
    "output_tbl": {
        "mz": [
            54.5831,
            55.0539,
            136.9329,
            187.8014,
            226.3213,
            227.7171,
            266.9081
        ],
        "ms2_inten": [
            0.6652233251838542,
            0.6156945502287045,
            0.6259922096029198,
            0.7304612380756008,
            0.6596337082654795,
            1.0,
            0.7899145637223342
        ],
        "mono_mass": [
            54.5831,
            55.0539,
            136.9329,
            187.8014,
            226.3213,
            227.7171,
            266.9081
        ],
        "abs_mass_diff": [
            0.0,
            0.0,
            0.0,
            0.0,
            0.0,
            0.0,
            0.0
        ],
        "mass_diff": [
            0.0,
            0.0,
            0.0,
            0.0,
            0.0,
            0.0,
            0.0
        ],
        "formula": [
            "C15H22O3",
            "C15H22O3",
            "C15H22O3",
            "C15H22O3",
            "C15H22O3",
            "C15H22O3",
            "C15H22O3"
        ],
        "ions": [
            "[M-H]-",
            "[M-H]-",
            "[M-H]-",
            "[M-H]-",
            "[M-H]-",
            "[M-H]-",
            "[M-H]-"
        ]
    }
}