{
    "cand_form": "C17H20N4O5S",
    "cand_ion": "[M-H]-",
    "output_tbl": {
        "mz": [
            283.1207,
            298.1071,
            299.1098,
            362.069
        ],
        "ms2_inten": [
            0.026757331543415083,
            1.0,
            0.08901025904702466,
            0.18377042275996844
        ],
        "mono_mass": [
            283.1207,
            298.1071,
            299.1098,
            362.069
        ],
        "abs_mass_diff": [
            0.0,
            0.0,
            0.0,
            0.0
        ],
        "mass_diff": [
            0.0,
            0.0,
            0.0,
            0.0
        ],
        "formula": [
            "C17H20N4O5S",
            "C17H20N4O5S",
            "C17H20N4O5S",
            "C17H20N4O5S"
        ],
        "ions": [
            "[M-H]-",
            "[M-H]-",
            "[M-H]-",
            "[M-H]-"
        ]
    }
}