{
    "cand_form": "C20H21ClO4",
    "cand_ion": "[M+H]+",
    "output_tbl": {
        "mz": [
            121.0284,
            138.9945,
            233.0364,
            234.0442,
            361.1201
        ],
        "ms2_inten": [
            0.04485190104283843,
            0.12306098098574332,
            1.0,
            0.09841584439579885,
            0.031235289902202236
        ],
        "mono_mass": [
            121.0284,
            138.9945,
            233.0364,
            234.0442,
            361.1201
        ],
        "abs_mass_diff": [
            0.0,
            0.0,
            0.0,
            0.0,
            0.0
        ],
        "mass_diff": [
            0.0,
            0.0,
            0.0,
            0.0,
            0.0
        ],
        "formula": [
            "C20H21ClO4",
            "C20H21ClO4",
            "C20H21ClO4",
            "C20H21ClO4",
            "C20H21ClO4"
        ],
        "ions": [
            "[M+H]+",
            "[M+H]+",
            "[M+H]+",
            "[M+H]+",
            "[M+H]+"
        ]
    }
}