{
    "cand_form": "C19H11Cl2I2NO3",
    "cand_ion": "[M-H]-",
    "output_tbl": {
        "mz": [
            126.905,
            216.9161,
            344.8284,
            623.8133,
            624.8211
        ],
        "ms2_inten": [
            1.0,
            0.015144105401598024,
            0.03573165326309479,
            0.9673262362441976,
            0.08303078886294778
        ],
        "mono_mass": [
            126.905,
            216.9161,
            344.8284,
            623.8133,
            624.8211
        ],
        "abs_mass_diff": [
            0.0,
            0.0,
            0.0,
            0.0,
            0.0
        ],
        "mass_diff": [
            0.0,
            0.0,
            0.0,
            0.0,
            0.0
        ],
        "formula": [
            "C19H11Cl2I2NO3",
            "C19H11Cl2I2NO3",
            "C19H11Cl2I2NO3",
            "C19H11Cl2I2NO3",
            "C19H11Cl2I2NO3"
        ],
        "ions": [
            "[M-H]-",
            "[M-H]-",
            "[M-H]-",
            "[M-H]-",
            "[M-H]-"
        ]
    }
}