{
    "cand_form": "C19H11Cl2I2NO3",
    "cand_ion": "[M-H]-",
    "output_tbl": {
        "mz": [
            126.905,
            140.9987,
            216.9161
        ],
        "ms2_inten": [
            1.0,
            0.022826191891735695,
            0.017887739783206236
        ],
        "mono_mass": [
            126.905,
            140.9987,
            216.9161
        ],
        "abs_mass_diff": [
            0.0,
            0.0,
            0.0
        ],
        "mass_diff": [
            0.0,
            0.0,
            0.0
        ],
        "formula": [
            "C19H11Cl2I2NO3",
            "C19H11Cl2I2NO3",
            "C19H11Cl2I2NO3"
        ],
        "ions": [
            "[M-H]-",
            "[M-H]-",
            "[M-H]-"
        ]
    }
}