{
    "cand_form": "C13H15N3O2",
    "cand_ion": "[M+H]+",
    "output_tbl": {
        "mz": [
            56.0495,
            83.0604,
            85.076,
            94.0651,
            104.0495,
            146.06,
            159.0917,
            172.0631,
            173.0709,
            187.0866,
            204.1131,
            228.1131
        ],
        "ms2_inten": [
            0.42832131389865613,
            1.0,
            0.04230468971860729,
            0.0741430344075219,
            0.6359402856487434,
            0.02807834585803421,
            0.11755451527268516,
            0.0321982431304081,
            0.03417188851909796,
            0.050404272892431407,
            0.0695564896833493,
            0.1042218863615744
        ],
        "mono_mass": [
            56.0495,
            83.0604,
            85.076,
            94.0651,
            104.0495,
            146.06,
            159.0917,
            172.0631,
            173.0709,
            187.0866,
            204.1131,
            228.1131
        ],
        "abs_mass_diff": [
            0.0,
            0.0,
            0.0,
            0.0,
            0.0,
            0.0,
            0.0,
            0.0,
            0.0,
            0.0,
            0.0,
            0.0
        ],
        "mass_diff": [
            0.0,
            0.0,
            0.0,
            0.0,
            0.0,
            0.0,
            0.0,
            0.0,
            0.0,
            0.0,
            0.0,
            0.0
        ],
        "formula": [
            "C13H15N3O2",
            "C13H15N3O2",
            "C13H15N3O2",
            "C13H15N3O2",
            "C13H15N3O2",
            "C13H15N3O2",
            "C13H15N3O2",
            "C13H15N3O2",
            "C13H15N3O2",
            "C13H15N3O2",
            "C13H15N3O2",
            "C13H15N3O2"
        ],
        "ions": [
            "[M+H]+",
            "[M+H]+",
            "[M+H]+",
            "[M+H]+",
            "[M+H]+",
            "[M+H]+",
            "[M+H]+",
            "[M+H]+",
            "[M+H]+",
            "[M+H]+",
            "[M+H]+",
            "[M+H]+"
        ]
    }
}