{
    "cand_form": "C13H15N3O2",
    "cand_ion": "[M+H]+",
    "output_tbl": {
        "mz": [
            51.0229,
            54.0338,
            56.0495,
            65.0386,
            77.0386,
            81.0447,
            83.0604,
            94.0413,
            95.0491,
            105.0447
        ],
        "ms2_inten": [
            0.12160850496170103,
            0.028566321467613676,
            1.0,
            0.03294613964564763,
            0.23707558575903254,
            0.051407647719640244,
            0.40411927618351196,
            0.024544287020291697,
            0.24496573443687028,
            0.08773045673466882
        ],
        "mono_mass": [
            51.0229,
            54.0338,
            56.0495,
            65.0386,
            77.0386,
            81.0447,
            83.0604,
            94.0413,
            95.0491,
            105.0447
        ],
        "abs_mass_diff": [
            0.0,
            0.0,
            0.0,
            0.0,
            0.0,
            0.0,
            0.0,
            0.0,
            0.0,
            0.0
        ],
        "mass_diff": [
            0.0,
            0.0,
            0.0,
            0.0,
            0.0,
            0.0,
            0.0,
            0.0,
            0.0,
            0.0
        ],
        "formula": [
            "C13H15N3O2",
            "C13H15N3O2",
            "C13H15N3O2",
            "C13H15N3O2",
            "C13H15N3O2",
            "C13H15N3O2",
            "C13H15N3O2",
            "C13H15N3O2",
            "C13H15N3O2",
            "C13H15N3O2"
        ],
        "ions": [
            "[M+H]+",
            "[M+H]+",
            "[M+H]+",
            "[M+H]+",
            "[M+H]+",
            "[M+H]+",
            "[M+H]+",
            "[M+H]+",
            "[M+H]+",
            "[M+H]+"
        ]
    }
}