{
    "cand_form": "C24H34N4O5S",
    "cand_ion": "[M+H]+",
    "output_tbl": {
        "mz": [
            55.0542,
            81.0699,
            103.0542,
            108.0808,
            109.0648,
            126.0913,
            152.0706,
            170.0812,
            181.0972,
            352.1326,
            353.137
        ],
        "ms2_inten": [
            0.1224267039125589,
            0.12680770411845957,
            0.08295518788780586,
            0.0542121478147966,
            0.08720299563111783,
            0.9326719512959497,
            0.07491563502023509,
            0.05380902337642257,
            0.07953747507285448,
            1.0,
            0.08734147228665066
        ],
        "mono_mass": [
            55.0542,
            81.0699,
            103.0542,
            108.0808,
            109.0648,
            126.0913,
            152.0706,
            170.0812,
            181.0972,
            352.1326,
            353.137
        ],
        "abs_mass_diff": [
            0.0,
            0.0,
            0.0,
            0.0,
            0.0,
            0.0,
            0.0,
            0.0,
            0.0,
            0.0,
            0.0
        ],
        "mass_diff": [
            0.0,
            0.0,
            0.0,
            0.0,
            0.0,
            0.0,
            0.0,
            0.0,
            0.0,
            0.0,
            0.0
        ],
        "formula": [
            "C24H34N4O5S",
            "C24H34N4O5S",
            "C24H34N4O5S",
            "C24H34N4O5S",
            "C24H34N4O5S",
            "C24H34N4O5S",
            "C24H34N4O5S",
            "C24H34N4O5S",
            "C24H34N4O5S",
            "C24H34N4O5S",
            "C24H34N4O5S"
        ],
        "ions": [
            "[M+H]+",
            "[M+H]+",
            "[M+H]+",
            "[M+H]+",
            "[M+H]+",
            "[M+H]+",
            "[M+H]+",
            "[M+H]+",
            "[M+H]+",
            "[M+H]+",
            "[M+H]+"
        ]
    }
}