{
    "cand_form": "C21H28N6O4S",
    "cand_ion": "[M+H]+",
    "output_tbl": {
        "mz": [
            56.0495,
            57.0573,
            58.0651,
            63.0229,
            65.0386,
            85.076,
            90.0338,
            103.0417,
            105.0447,
            128.0495,
            129.0447,
            155.0604
        ],
        "ms2_inten": [
            0.4442221358694106,
            0.08943323961450565,
            0.19439812607268053,
            0.1370257476488468,
            0.09304809817737096,
            1.0,
            0.13282710512788096,
            0.10682149419172164,
            0.0898818722416213,
            0.11078664853257622,
            0.2561764632897512,
            0.10298906451453498
        ],
        "mono_mass": [
            56.0495,
            57.0573,
            58.0651,
            63.0229,
            65.0386,
            85.076,
            90.0338,
            103.0417,
            105.0447,
            128.0495,
            129.0447,
            155.0604
        ],
        "abs_mass_diff": [
            0.0,
            0.0,
            0.0,
            0.0,
            0.0,
            0.0,
            0.0,
            0.0,
            0.0,
            0.0,
            0.0,
            0.0
        ],
        "mass_diff": [
            0.0,
            0.0,
            0.0,
            0.0,
            0.0,
            0.0,
            0.0,
            0.0,
            0.0,
            0.0,
            0.0,
            0.0
        ],
        "formula": [
            "C21H28N6O4S",
            "C21H28N6O4S",
            "C21H28N6O4S",
            "C21H28N6O4S",
            "C21H28N6O4S",
            "C21H28N6O4S",
            "C21H28N6O4S",
            "C21H28N6O4S",
            "C21H28N6O4S",
            "C21H28N6O4S",
            "C21H28N6O4S",
            "C21H28N6O4S"
        ],
        "ions": [
            "[M+H]+",
            "[M+H]+",
            "[M+H]+",
            "[M+H]+",
            "[M+H]+",
            "[M+H]+",
            "[M+H]+",
            "[M+H]+",
            "[M+H]+",
            "[M+H]+",
            "[M+H]+",
            "[M+H]+"
        ]
    }
}