{
    "cand_form": "C26H29N3O6",
    "cand_ion": "[M+H]+",
    "output_tbl": {
        "mz": [
            91.0542,
            92.058,
            105.0699,
            148.1121,
            166.1226,
            210.0913,
            211.0992,
            226.0863,
            254.0812,
            255.0764,
            267.089,
            268.0968,
            269.1046,
            270.1039,
            283.0713,
            298.0948,
            313.1309,
            315.0975,
            316.0995,
            359.1238
        ],
        "ms2_inten": [
            1.0,
            0.03279955965158001,
            0.07699984371848168,
            0.3566070426334665,
            0.09973291938485662,
            0.057442471061030786,
            0.032420948741856956,
            0.12571838465491086,
            0.08353594919401977,
            0.038771521358876584,
            0.09070853968749404,
            0.119752880946627,
            0.3664349441963036,
            0.027864012470913968,
            0.14211642051230047,
            0.14443747268640247,
            0.02874384710114246,
            0.694427927331728,
            0.05039494899559493,
            0.26830370459632286
        ],
        "mono_mass": [
            91.0542,
            92.058,
            105.0699,
            148.1121,
            166.1226,
            210.0913,
            211.0992,
            226.0863,
            254.0812,
            255.0764,
            267.089,
            268.0968,
            269.1046,
            270.1039,
            283.0713,
            298.0948,
            313.1309,
            315.0975,
            316.0995,
            359.1238
        ],
        "abs_mass_diff": [
            0.0,
            0.0,
            0.0,
            0.0,
            0.0,
            0.0,
            0.0,
            0.0,
            0.0,
            0.0,
            0.0,
            0.0,
            0.0,
            0.0,
            0.0,
            0.0,
            0.0,
            0.0,
            0.0,
            0.0
        ],
        "mass_diff": [
            0.0,
            0.0,
            0.0,
            0.0,
            0.0,
            0.0,
            0.0,
            0.0,
            0.0,
            0.0,
            0.0,
            0.0,
            0.0,
            0.0,
            0.0,
            0.0,
            0.0,
            0.0,
            0.0,
            0.0
        ],
        "formula": [
            "C26H29N3O6",
            "C26H29N3O6",
            "C26H29N3O6",
            "C26H29N3O6",
            "C26H29N3O6",
            "C26H29N3O6",
            "C26H29N3O6",
            "C26H29N3O6",
            "C26H29N3O6",
            "C26H29N3O6",
            "C26H29N3O6",
            "C26H29N3O6",
            "C26H29N3O6",
            "C26H29N3O6",
            "C26H29N3O6",
            "C26H29N3O6",
            "C26H29N3O6",
            "C26H29N3O6",
            "C26H29N3O6",
            "C26H29N3O6"
        ],
        "ions": [
            "[M+H]+",
            "[M+H]+",
            "[M+H]+",
            "[M+H]+",
            "[M+H]+",
            "[M+H]+",
            "[M+H]+",
            "[M+H]+",
            "[M+H]+",
            "[M+H]+",
            "[M+H]+",
            "[M+H]+",
            "[M+H]+",
            "[M+H]+",
            "[M+H]+",
            "[M+H]+",
            "[M+H]+",
            "[M+H]+",
            "[M+H]+",
            "[M+H]+"
        ]
    }
}