{
    "cand_form": "C26H29N3O6",
    "cand_ion": "[M+H]+",
    "output_tbl": {
        "mz": [
            0.0,
            91.0542,
            148.1121,
            166.1226,
            209.0835,
            210.0913,
            226.0863,
            254.0812,
            267.089,
            268.0968,
            269.1046,
            283.0713,
            298.0948,
            315.0975,
            316.0995,
            359.1238,
            480.2129,
            481.2161
        ],
        "ms2_inten": [
            0.0848897247624436,
            1.0,
            0.2861186245387715,
            0.36729517470642964,
            0.04912501660119226,
            0.08360357330684239,
            0.11342785502446456,
            0.05449651956700377,
            0.06372915738103552,
            0.06594283663349976,
            0.17567460561570217,
            0.046358276286912664,
            0.06548050193836326,
            0.7318959743609516,
            0.06282680986414686,
            0.21965481526168493,
            0.9371310837567746,
            0.17263193043305192
        ],
        "mono_mass": [
            0.0,
            91.0542,
            148.1121,
            166.1226,
            209.0835,
            210.0913,
            226.0863,
            254.0812,
            267.089,
            268.0968,
            269.1046,
            283.0713,
            298.0948,
            315.0975,
            316.0995,
            359.1238,
            480.2129,
            481.2161
        ],
        "abs_mass_diff": [
            0.0,
            0.0,
            0.0,
            0.0,
            0.0,
            0.0,
            0.0,
            0.0,
            0.0,
            0.0,
            0.0,
            0.0,
            0.0,
            0.0,
            0.0,
            0.0,
            0.0,
            0.0
        ],
        "mass_diff": [
            0.0,
            0.0,
            0.0,
            0.0,
            0.0,
            0.0,
            0.0,
            0.0,
            0.0,
            0.0,
            0.0,
            0.0,
            0.0,
            0.0,
            0.0,
            0.0,
            0.0,
            0.0
        ],
        "formula": [
            "C26H29N3O6",
            "C26H29N3O6",
            "C26H29N3O6",
            "C26H29N3O6",
            "C26H29N3O6",
            "C26H29N3O6",
            "C26H29N3O6",
            "C26H29N3O6",
            "C26H29N3O6",
            "C26H29N3O6",
            "C26H29N3O6",
            "C26H29N3O6",
            "C26H29N3O6",
            "C26H29N3O6",
            "C26H29N3O6",
            "C26H29N3O6",
            "C26H29N3O6",
            "C26H29N3O6"
        ],
        "ions": [
            "[M+H]+",
            "[M+H]+",
            "[M+H]+",
            "[M+H]+",
            "[M+H]+",
            "[M+H]+",
            "[M+H]+",
            "[M+H]+",
            "[M+H]+",
            "[M+H]+",
            "[M+H]+",
            "[M+H]+",
            "[M+H]+",
            "[M+H]+",
            "[M+H]+",
            "[M+H]+",
            "[M+H]+",
            "[M+H]+"
        ]
    }
}