{
    "cand_form": "C24H34N4O5S",
    "cand_ion": "[M+H]+",
    "output_tbl": {
        "mz": [
            55.0542,
            81.0699,
            83.0855,
            97.0522,
            98.06,
            103.0542,
            108.0808,
            109.0648,
            118.0651,
            121.0648,
            126.0913,
            131.0604,
            152.0706,
            170.0812
        ],
        "ms2_inten": [
            0.09222498633734472,
            0.19811806990016972,
            0.048188189182685366,
            0.04052659210399789,
            0.0711560665538358,
            0.14241589872204938,
            0.09286098553233645,
            0.15369918086261866,
            0.05934672035674241,
            0.057061489762855855,
            1.0,
            0.07955324233507895,
            0.06373936170721715,
            0.18465431448872965
        ],
        "mono_mass": [
            55.0542,
            81.0699,
            83.0855,
            97.0522,
            98.06,
            103.0542,
            108.0808,
            109.0648,
            118.0651,
            121.0648,
            126.0913,
            131.0604,
            152.0706,
            170.0812
        ],
        "abs_mass_diff": [
            0.0,
            0.0,
            0.0,
            0.0,
            0.0,
            0.0,
            0.0,
            0.0,
            0.0,
            0.0,
            0.0,
            0.0,
            0.0,
            0.0
        ],
        "mass_diff": [
            0.0,
            0.0,
            0.0,
            0.0,
            0.0,
            0.0,
            0.0,
            0.0,
            0.0,
            0.0,
            0.0,
            0.0,
            0.0,
            0.0
        ],
        "formula": [
            "C24H34N4O5S",
            "C24H34N4O5S",
            "C24H34N4O5S",
            "C24H34N4O5S",
            "C24H34N4O5S",
            "C24H34N4O5S",
            "C24H34N4O5S",
            "C24H34N4O5S",
            "C24H34N4O5S",
            "C24H34N4O5S",
            "C24H34N4O5S",
            "C24H34N4O5S",
            "C24H34N4O5S",
            "C24H34N4O5S"
        ],
        "ions": [
            "[M+H]+",
            "[M+H]+",
            "[M+H]+",
            "[M+H]+",
            "[M+H]+",
            "[M+H]+",
            "[M+H]+",
            "[M+H]+",
            "[M+H]+",
            "[M+H]+",
            "[M+H]+",
            "[M+H]+",
            "[M+H]+",
            "[M+H]+"
        ]
    }
}