{
    "cand_form": "C26H29N3O6",
    "cand_ion": "[M+H]+",
    "output_tbl": {
        "mz": [
            65.0386,
            67.0178,
            91.0542,
            115.0542,
            139.0542,
            152.0621,
            153.0699,
            167.073,
            180.0808
        ],
        "ms2_inten": [
            0.19097319385481826,
            0.18932379198869598,
            1.0,
            0.03836522876936426,
            0.05263062966199989,
            0.07032905076865147,
            0.04814446028791529,
            0.049575925662392814,
            0.09726363510999896
        ],
        "mono_mass": [
            65.0386,
            67.0178,
            91.0542,
            115.0542,
            139.0542,
            152.0621,
            153.0699,
            167.073,
            180.0808
        ],
        "abs_mass_diff": [
            0.0,
            0.0,
            0.0,
            0.0,
            0.0,
            0.0,
            0.0,
            0.0,
            0.0
        ],
        "mass_diff": [
            0.0,
            0.0,
            0.0,
            0.0,
            0.0,
            0.0,
            0.0,
            0.0,
            0.0
        ],
        "formula": [
            "C26H29N3O6",
            "C26H29N3O6",
            "C26H29N3O6",
            "C26H29N3O6",
            "C26H29N3O6",
            "C26H29N3O6",
            "C26H29N3O6",
            "C26H29N3O6",
            "C26H29N3O6"
        ],
        "ions": [
            "[M+H]+",
            "[M+H]+",
            "[M+H]+",
            "[M+H]+",
            "[M+H]+",
            "[M+H]+",
            "[M+H]+",
            "[M+H]+",
            "[M+H]+"
        ]
    }
}