{
    "cand_form": "C16H16ClN3O3S",
    "cand_ion": "[M+H]+",
    "output_tbl": {
        "mz": [
            51.0229,
            63.0229,
            65.0386,
            77.0386,
            89.0386,
            90.0464,
            91.0542,
            95.0491,
            103.0542,
            117.0573,
            118.0651,
            130.0651
        ],
        "ms2_inten": [
            0.06364450860494116,
            0.11336914847109827,
            1.0,
            0.04745415765565209,
            0.37438190196654836,
            0.28118185013167973,
            0.4347149914205225,
            0.04810463685086029,
            0.03025768484702411,
            0.20843287258454807,
            0.053976297144897115,
            0.03187693151696155
        ],
        "mono_mass": [
            51.0229,
            63.0229,
            65.0386,
            77.0386,
            89.0386,
            90.0464,
            91.0542,
            95.0491,
            103.0542,
            117.0573,
            118.0651,
            130.0651
        ],
        "abs_mass_diff": [
            0.0,
            0.0,
            0.0,
            0.0,
            0.0,
            0.0,
            0.0,
            0.0,
            0.0,
            0.0,
            0.0,
            0.0
        ],
        "mass_diff": [
            0.0,
            0.0,
            0.0,
            0.0,
            0.0,
            0.0,
            0.0,
            0.0,
            0.0,
            0.0,
            0.0,
            0.0
        ],
        "formula": [
            "C16H16ClN3O3S",
            "C16H16ClN3O3S",
            "C16H16ClN3O3S",
            "C16H16ClN3O3S",
            "C16H16ClN3O3S",
            "C16H16ClN3O3S",
            "C16H16ClN3O3S",
            "C16H16ClN3O3S",
            "C16H16ClN3O3S",
            "C16H16ClN3O3S",
            "C16H16ClN3O3S",
            "C16H16ClN3O3S"
        ],
        "ions": [
            "[M+H]+",
            "[M+H]+",
            "[M+H]+",
            "[M+H]+",
            "[M+H]+",
            "[M+H]+",
            "[M+H]+",
            "[M+H]+",
            "[M+H]+",
            "[M+H]+",
            "[M+H]+",
            "[M+H]+"
        ]
    }
}