{
    "cand_form": "C24H34N4O5S",
    "cand_ion": "[M+H]+",
    "output_tbl": {
        "mz": [
            0.0,
            55.0542,
            56.0495,
            65.0386,
            69.0335,
            70.0651,
            77.0386,
            79.0542,
            81.0573,
            81.0699,
            83.0855,
            91.0542,
            93.0573,
            94.0413,
            95.0491,
            96.0444,
            96.0808,
            97.0522,
            98.06,
            98.0964,
            103.0542,
            105.0447,
            108.0808,
            109.0648,
            126.0913,
            227.7472
        ],
        "ms2_inten": [
            0.06030081618844227,
            0.5550129864180041,
            0.09111858167875443,
            0.05969517247090832,
            0.08444938644901642,
            0.12152470150621304,
            0.17668587757878193,
            0.5849147424918416,
            0.0948095851042085,
            1.0,
            0.11106650561393863,
            0.27356849850929316,
            0.14522435314599058,
            0.09949831810909296,
            0.19316091969213203,
            0.26794804023146485,
            0.08956831701661275,
            0.5247266156372684,
            0.18189153521662824,
            0.1636131959275157,
            0.29978344222894154,
            0.08438786835965859,
            0.2584543431374622,
            0.3506911919663939,
            0.433904991224917,
            0.09111437474890577
        ],
        "mono_mass": [
            0.0,
            55.0542,
            56.0495,
            65.0386,
            69.0335,
            70.0651,
            77.0386,
            79.0542,
            81.0573,
            81.0699,
            83.0855,
            91.0542,
            93.0573,
            94.0413,
            95.0491,
            96.0444,
            96.0808,
            97.0522,
            98.06,
            98.0964,
            103.0542,
            105.0447,
            108.0808,
            109.0648,
            126.0913,
            227.7472
        ],
        "abs_mass_diff": [
            0.0,
            0.0,
            0.0,
            0.0,
            0.0,
            0.0,
            0.0,
            0.0,
            0.0,
            0.0,
            0.0,
            0.0,
            0.0,
            0.0,
            0.0,
            0.0,
            0.0,
            0.0,
            0.0,
            0.0,
            0.0,
            0.0,
            0.0,
            0.0,
            0.0,
            0.0
        ],
        "mass_diff": [
            0.0,
            0.0,
            0.0,
            0.0,
            0.0,
            0.0,
            0.0,
            0.0,
            0.0,
            0.0,
            0.0,
            0.0,
            0.0,
            0.0,
            0.0,
            0.0,
            0.0,
            0.0,
            0.0,
            0.0,
            0.0,
            0.0,
            0.0,
            0.0,
            0.0,
            0.0
        ],
        "formula": [
            "C24H34N4O5S",
            "C24H34N4O5S",
            "C24H34N4O5S",
            "C24H34N4O5S",
            "C24H34N4O5S",
            "C24H34N4O5S",
            "C24H34N4O5S",
            "C24H34N4O5S",
            "C24H34N4O5S",
            "C24H34N4O5S",
            "C24H34N4O5S",
            "C24H34N4O5S",
            "C24H34N4O5S",
            "C24H34N4O5S",
            "C24H34N4O5S",
            "C24H34N4O5S",
            "C24H34N4O5S",
            "C24H34N4O5S",
            "C24H34N4O5S",
            "C24H34N4O5S",
            "C24H34N4O5S",
            "C24H34N4O5S",
            "C24H34N4O5S",
            "C24H34N4O5S",
            "C24H34N4O5S",
            "C24H34N4O5S"
        ],
        "ions": [
            "[M+H]+",
            "[M+H]+",
            "[M+H]+",
            "[M+H]+",
            "[M+H]+",
            "[M+H]+",
            "[M+H]+",
            "[M+H]+",
            "[M+H]+",
            "[M+H]+",
            "[M+H]+",
            "[M+H]+",
            "[M+H]+",
            "[M+H]+",
            "[M+H]+",
            "[M+H]+",
            "[M+H]+",
            "[M+H]+",
            "[M+H]+",
            "[M+H]+",
            "[M+H]+",
            "[M+H]+",
            "[M+H]+",
            "[M+H]+",
            "[M+H]+",
            "[M+H]+"
        ]
    }
}