{
    "cand_form": "C21H17N3O4",
    "cand_ion": "[M+H]+",
    "output_tbl": {
        "mz": [
            79.0542,
            130.0651,
            135.0441,
            142.0651,
            169.076,
            170.06,
            170.0812,
            193.0886,
            197.0709,
            204.0808,
            205.0886,
            206.0937,
            232.0757,
            233.0835,
            234.0913,
            262.0863,
            263.0901,
            274.0863
        ],
        "ms2_inten": [
            0.053186544469637685,
            0.061849390136681726,
            0.702047962517552,
            0.05259161272191852,
            0.564260577563779,
            0.050178376014012115,
            0.046591001843724965,
            0.06898418935912684,
            0.062156206115798876,
            0.6831015314014619,
            0.7425624812675297,
            0.1532331771169409,
            0.35618090783139844,
            0.1953871721298926,
            0.06452712636076116,
            1.0,
            0.13288771775613936,
            0.11228166911341123
        ],
        "mono_mass": [
            79.0542,
            130.0651,
            135.0441,
            142.0651,
            169.076,
            170.06,
            170.0812,
            193.0886,
            197.0709,
            204.0808,
            205.0886,
            206.0937,
            232.0757,
            233.0835,
            234.0913,
            262.0863,
            263.0901,
            274.0863
        ],
        "abs_mass_diff": [
            0.0,
            0.0,
            0.0,
            0.0,
            0.0,
            0.0,
            0.0,
            0.0,
            0.0,
            0.0,
            0.0,
            0.0,
            0.0,
            0.0,
            0.0,
            0.0,
            0.0,
            0.0
        ],
        "mass_diff": [
            0.0,
            0.0,
            0.0,
            0.0,
            0.0,
            0.0,
            0.0,
            0.0,
            0.0,
            0.0,
            0.0,
            0.0,
            0.0,
            0.0,
            0.0,
            0.0,
            0.0,
            0.0
        ],
        "formula": [
            "C21H17N3O4",
            "C21H17N3O4",
            "C21H17N3O4",
            "C21H17N3O4",
            "C21H17N3O4",
            "C21H17N3O4",
            "C21H17N3O4",
            "C21H17N3O4",
            "C21H17N3O4",
            "C21H17N3O4",
            "C21H17N3O4",
            "C21H17N3O4",
            "C21H17N3O4",
            "C21H17N3O4",
            "C21H17N3O4",
            "C21H17N3O4",
            "C21H17N3O4",
            "C21H17N3O4"
        ],
        "ions": [
            "[M+H]+",
            "[M+H]+",
            "[M+H]+",
            "[M+H]+",
            "[M+H]+",
            "[M+H]+",
            "[M+H]+",
            "[M+H]+",
            "[M+H]+",
            "[M+H]+",
            "[M+H]+",
            "[M+H]+",
            "[M+H]+",
            "[M+H]+",
            "[M+H]+",
            "[M+H]+",
            "[M+H]+",
            "[M+H]+"
        ]
    }
}