{
    "cand_form": "C24H34N4O5S",
    "cand_ion": "[M+H]+",
    "output_tbl": {
        "mz": [
            0.0,
            55.0542,
            56.0495,
            65.0386,
            68.0495,
            69.0335,
            77.0386,
            79.0542,
            80.0495,
            81.0699,
            91.0542,
            93.0573,
            95.0491,
            96.0444,
            97.0522,
            105.0447
        ],
        "ms2_inten": [
            0.23698905987427737,
            0.4310025272480857,
            0.08487484966522817,
            0.09447138410512194,
            0.10529968834454782,
            0.0928795523775443,
            0.33370655748193195,
            0.44728143275812043,
            0.13878782874817577,
            0.26491767514306624,
            0.17848379006212564,
            0.15407973891298787,
            0.300674410541933,
            1.0,
            0.26500542545400757,
            0.0986642495059276
        ],
        "mono_mass": [
            0.0,
            55.0542,
            56.0495,
            65.0386,
            68.0495,
            69.0335,
            77.0386,
            79.0542,
            80.0495,
            81.0699,
            91.0542,
            93.0573,
            95.0491,
            96.0444,
            97.0522,
            105.0447
        ],
        "abs_mass_diff": [
            0.0,
            0.0,
            0.0,
            0.0,
            0.0,
            0.0,
            0.0,
            0.0,
            0.0,
            0.0,
            0.0,
            0.0,
            0.0,
            0.0,
            0.0,
            0.0
        ],
        "mass_diff": [
            0.0,
            0.0,
            0.0,
            0.0,
            0.0,
            0.0,
            0.0,
            0.0,
            0.0,
            0.0,
            0.0,
            0.0,
            0.0,
            0.0,
            0.0,
            0.0
        ],
        "formula": [
            "C24H34N4O5S",
            "C24H34N4O5S",
            "C24H34N4O5S",
            "C24H34N4O5S",
            "C24H34N4O5S",
            "C24H34N4O5S",
            "C24H34N4O5S",
            "C24H34N4O5S",
            "C24H34N4O5S",
            "C24H34N4O5S",
            "C24H34N4O5S",
            "C24H34N4O5S",
            "C24H34N4O5S",
            "C24H34N4O5S",
            "C24H34N4O5S",
            "C24H34N4O5S"
        ],
        "ions": [
            "[M+H]+",
            "[M+H]+",
            "[M+H]+",
            "[M+H]+",
            "[M+H]+",
            "[M+H]+",
            "[M+H]+",
            "[M+H]+",
            "[M+H]+",
            "[M+H]+",
            "[M+H]+",
            "[M+H]+",
            "[M+H]+",
            "[M+H]+",
            "[M+H]+",
            "[M+H]+"
        ]
    }
}