{
    "cand_form": "C17H15NO3",
    "cand_ion": "[M+H]+",
    "output_tbl": {
        "mz": [
            181.0886,
            209.0835,
            218.0964,
            236.107,
            237.1148
        ],
        "ms2_inten": [
            0.04127895111990097,
            0.05394751430024175,
            0.21703130082996974,
            1.0,
            0.08968202924901468
        ],
        "mono_mass": [
            181.0886,
            209.0835,
            218.0964,
            236.107,
            237.1148
        ],
        "abs_mass_diff": [
            0.0,
            0.0,
            0.0,
            0.0,
            0.0
        ],
        "mass_diff": [
            0.0,
            0.0,
            0.0,
            0.0,
            0.0
        ],
        "formula": [
            "C17H15NO3",
            "C17H15NO3",
            "C17H15NO3",
            "C17H15NO3",
            "C17H15NO3"
        ],
        "ions": [
            "[M+H]+",
            "[M+H]+",
            "[M+H]+",
            "[M+H]+",
            "[M+H]+"
        ]
    }
}