{
    "cand_form": "C20H17FO3S",
    "cand_ion": "[M+H]+",
    "output_tbl": {
        "mz": [
            173.0761,
            233.0761,
            234.0839,
            247.0918,
            248.0996,
            249.1074,
            280.0717,
            295.0951
        ],
        "ms2_inten": [
            0.09013161821378182,
            1.0,
            0.2655545676508079,
            0.2178519345456731,
            0.8393455166656275,
            0.09842960534930303,
            0.05461076007241774,
            0.08317586607063851
        ],
        "mono_mass": [
            173.0761,
            233.0761,
            234.0839,
            247.0918,
            248.0996,
            249.1074,
            280.0717,
            295.0951
        ],
        "abs_mass_diff": [
            0.0,
            0.0,
            0.0,
            0.0,
            0.0,
            0.0,
            0.0,
            0.0
        ],
        "mass_diff": [
            0.0,
            0.0,
            0.0,
            0.0,
            0.0,
            0.0,
            0.0,
            0.0
        ],
        "formula": [
            "C20H17FO3S",
            "C20H17FO3S",
            "C20H17FO3S",
            "C20H17FO3S",
            "C20H17FO3S",
            "C20H17FO3S",
            "C20H17FO3S",
            "C20H17FO3S"
        ],
        "ions": [
            "[M+H]+",
            "[M+H]+",
            "[M+H]+",
            "[M+H]+",
            "[M+H]+",
            "[M+H]+",
            "[M+H]+",
            "[M+H]+"
        ]
    }
}