{
    "cand_form": "C20H17FO3S",
    "cand_ion": "[M+H]+",
    "output_tbl": {
        "mz": [
            173.0761,
            233.0761,
            234.0839,
            246.0839,
            247.0918,
            248.0996,
            249.1074,
            265.0482
        ],
        "ms2_inten": [
            0.02729984561584245,
            1.0,
            0.18491792717212255,
            0.04539170384274093,
            0.1348686813943221,
            0.21762088533049062,
            0.02806060648675803,
            0.020833270848561698
        ],
        "mono_mass": [
            173.0761,
            233.0761,
            234.0839,
            246.0839,
            247.0918,
            248.0996,
            249.1074,
            265.0482
        ],
        "abs_mass_diff": [
            0.0,
            0.0,
            0.0,
            0.0,
            0.0,
            0.0,
            0.0,
            0.0
        ],
        "mass_diff": [
            0.0,
            0.0,
            0.0,
            0.0,
            0.0,
            0.0,
            0.0,
            0.0
        ],
        "formula": [
            "C20H17FO3S",
            "C20H17FO3S",
            "C20H17FO3S",
            "C20H17FO3S",
            "C20H17FO3S",
            "C20H17FO3S",
            "C20H17FO3S",
            "C20H17FO3S"
        ],
        "ions": [
            "[M+H]+",
            "[M+H]+",
            "[M+H]+",
            "[M+H]+",
            "[M+H]+",
            "[M+H]+",
            "[M+H]+",
            "[M+H]+"
        ]
    }
}