{
    "cand_form": "C20H17FO3S",
    "cand_ion": "[M+H]+",
    "output_tbl": {
        "mz": [
            57.9348,
            163.0554,
            181.0448,
            183.0605,
            187.0542,
            205.0448,
            206.0526,
            207.0605,
            211.0542,
            212.0621,
            213.0699,
            218.0526,
            220.0683,
            224.0632,
            226.0777,
            229.0448,
            230.0526,
            231.0605,
            232.0683,
            233.0761,
            244.0683,
            245.0761,
            246.0839
        ],
        "ms2_inten": [
            0.048355560529841225,
            0.09649504635905246,
            0.08235953157709479,
            0.09342198683466514,
            0.17860123166935066,
            0.15544371906250515,
            0.13742925566986236,
            0.24309049388286658,
            0.18952714855427732,
            0.10683945065905638,
            0.24215392499144184,
            0.07051330613806099,
            0.13816950918487667,
            0.07914985868116894,
            0.09809905926145848,
            0.04825268800726566,
            0.05934261882150631,
            1.0,
            0.147010373140415,
            0.09598841728606258,
            0.4551664178602368,
            0.0817649028392923,
            0.08993484398895756
        ],
        "mono_mass": [
            57.9348,
            163.0554,
            181.0448,
            183.0605,
            187.0542,
            205.0448,
            206.0526,
            207.0605,
            211.0542,
            212.0621,
            213.0699,
            218.0526,
            220.0683,
            224.0632,
            226.0777,
            229.0448,
            230.0526,
            231.0605,
            232.0683,
            233.0761,
            244.0683,
            245.0761,
            246.0839
        ],
        "abs_mass_diff": [
            0.0,
            0.0,
            0.0,
            0.0,
            0.0,
            0.0,
            0.0,
            0.0,
            0.0,
            0.0,
            0.0,
            0.0,
            0.0,
            0.0,
            0.0,
            0.0,
            0.0,
            0.0,
            0.0,
            0.0,
            0.0,
            0.0,
            0.0
        ],
        "mass_diff": [
            0.0,
            0.0,
            0.0,
            0.0,
            0.0,
            0.0,
            0.0,
            0.0,
            0.0,
            0.0,
            0.0,
            0.0,
            0.0,
            0.0,
            0.0,
            0.0,
            0.0,
            0.0,
            0.0,
            0.0,
            0.0,
            0.0,
            0.0
        ],
        "formula": [
            "C20H17FO3S",
            "C20H17FO3S",
            "C20H17FO3S",
            "C20H17FO3S",
            "C20H17FO3S",
            "C20H17FO3S",
            "C20H17FO3S",
            "C20H17FO3S",
            "C20H17FO3S",
            "C20H17FO3S",
            "C20H17FO3S",
            "C20H17FO3S",
            "C20H17FO3S",
            "C20H17FO3S",
            "C20H17FO3S",
            "C20H17FO3S",
            "C20H17FO3S",
            "C20H17FO3S",
            "C20H17FO3S",
            "C20H17FO3S",
            "C20H17FO3S",
            "C20H17FO3S",
            "C20H17FO3S"
        ],
        "ions": [
            "[M+H]+",
            "[M+H]+",
            "[M+H]+",
            "[M+H]+",
            "[M+H]+",
            "[M+H]+",
            "[M+H]+",
            "[M+H]+",
            "[M+H]+",
            "[M+H]+",
            "[M+H]+",
            "[M+H]+",
            "[M+H]+",
            "[M+H]+",
            "[M+H]+",
            "[M+H]+",
            "[M+H]+",
            "[M+H]+",
            "[M+H]+",
            "[M+H]+",
            "[M+H]+",
            "[M+H]+",
            "[M+H]+"
        ]
    }
}