{
    "cand_form": "C24H34N6O4S2",
    "cand_ion": "[M+H]+",
    "output_tbl": {
        "mz": [
            0.0,
            70.0651,
            84.0682,
            88.0757,
            97.076,
            99.0917,
            100.0757,
            150.9855,
            227.0379,
            228.0464,
            241.0549,
            242.0614,
            269.0498,
            270.057,
            271.1025,
            299.0975,
            315.0944
        ],
        "ms2_inten": [
            0.12406263501978344,
            0.30692252289763317,
            0.15446569382899555,
            0.09259340427042341,
            0.036212900892752246,
            1.0,
            0.037927834520901496,
            0.031596494967744505,
            0.057113003641731115,
            0.07032875559261749,
            0.04474714681312171,
            0.06741201135036813,
            0.036517744828538985,
            0.040706081831604,
            0.03649428678555998,
            0.04365437753033532,
            0.03765410253964439
        ],
        "mono_mass": [
            0.0,
            70.0651,
            84.0682,
            88.0757,
            97.076,
            99.0917,
            100.0757,
            150.9855,
            227.0379,
            228.0464,
            241.0549,
            242.0614,
            269.0498,
            270.057,
            271.1025,
            299.0975,
            315.0944
        ],
        "abs_mass_diff": [
            0.0,
            0.0,
            0.0,
            0.0,
            0.0,
            0.0,
            0.0,
            0.0,
            0.0,
            0.0,
            0.0,
            0.0,
            0.0,
            0.0,
            0.0,
            0.0,
            0.0
        ],
        "mass_diff": [
            0.0,
            0.0,
            0.0,
            0.0,
            0.0,
            0.0,
            0.0,
            0.0,
            0.0,
            0.0,
            0.0,
            0.0,
            0.0,
            0.0,
            0.0,
            0.0,
            0.0
        ],
        "formula": [
            "C24H34N6O4S2",
            "C24H34N6O4S2",
            "C24H34N6O4S2",
            "C24H34N6O4S2",
            "C24H34N6O4S2",
            "C24H34N6O4S2",
            "C24H34N6O4S2",
            "C24H34N6O4S2",
            "C24H34N6O4S2",
            "C24H34N6O4S2",
            "C24H34N6O4S2",
            "C24H34N6O4S2",
            "C24H34N6O4S2",
            "C24H34N6O4S2",
            "C24H34N6O4S2",
            "C24H34N6O4S2",
            "C24H34N6O4S2"
        ],
        "ions": [
            "[M+H]+",
            "[M+H]+",
            "[M+H]+",
            "[M+H]+",
            "[M+H]+",
            "[M+H]+",
            "[M+H]+",
            "[M+H]+",
            "[M+H]+",
            "[M+H]+",
            "[M+H]+",
            "[M+H]+",
            "[M+H]+",
            "[M+H]+",
            "[M+H]+",
            "[M+H]+",
            "[M+H]+"
        ]
    }
}