{
    "cand_form": "C33H35FN2O5",
    "cand_ion": "[M+H]+",
    "output_tbl": {
        "mz": [
            238.1027,
            249.0948,
            250.1027,
            251.1067,
            262.1027,
            276.0819,
            276.1183,
            277.1223,
            292.1496,
            302.134,
            306.1289,
            318.1653,
            320.1445,
            362.1539,
            380.1618,
            466.2024
        ],
        "ms2_inten": [
            0.08289999403750016,
            0.08191659379533298,
            1.0,
            0.10523194684985436,
            0.05525429303285852,
            0.043525857165414385,
            0.35812010690814966,
            0.05376467803885993,
            0.18472317511558609,
            0.04916217560933912,
            0.04028801034282659,
            0.040269847473450054,
            0.045091145285410486,
            0.08913435978911219,
            0.05091492548260302,
            0.047166345863509145
        ],
        "mono_mass": [
            238.1027,
            249.0948,
            250.1027,
            251.1067,
            262.1027,
            276.0819,
            276.1183,
            277.1223,
            292.1496,
            302.134,
            306.1289,
            318.1653,
            320.1445,
            362.1539,
            380.1618,
            466.2024
        ],
        "abs_mass_diff": [
            0.0,
            0.0,
            0.0,
            0.0,
            0.0,
            0.0,
            0.0,
            0.0,
            0.0,
            0.0,
            0.0,
            0.0,
            0.0,
            0.0,
            0.0,
            0.0
        ],
        "mass_diff": [
            0.0,
            0.0,
            0.0,
            0.0,
            0.0,
            0.0,
            0.0,
            0.0,
            0.0,
            0.0,
            0.0,
            0.0,
            0.0,
            0.0,
            0.0,
            0.0
        ],
        "formula": [
            "C33H35FN2O5",
            "C33H35FN2O5",
            "C33H35FN2O5",
            "C33H35FN2O5",
            "C33H35FN2O5",
            "C33H35FN2O5",
            "C33H35FN2O5",
            "C33H35FN2O5",
            "C33H35FN2O5",
            "C33H35FN2O5",
            "C33H35FN2O5",
            "C33H35FN2O5",
            "C33H35FN2O5",
            "C33H35FN2O5",
            "C33H35FN2O5",
            "C33H35FN2O5"
        ],
        "ions": [
            "[M+H]+",
            "[M+H]+",
            "[M+H]+",
            "[M+H]+",
            "[M+H]+",
            "[M+H]+",
            "[M+H]+",
            "[M+H]+",
            "[M+H]+",
            "[M+H]+",
            "[M+H]+",
            "[M+H]+",
            "[M+H]+",
            "[M+H]+",
            "[M+H]+",
            "[M+H]+"
        ]
    }
}