{
    "cand_form": "C33H30N4O2",
    "cand_ion": "[M+H]+",
    "output_tbl": {
        "mz": [
            152.0621,
            155.0855,
            165.0699,
            193.0634,
            211.0754,
            227.7461,
            260.107,
            261.1135,
            262.1213,
            274.1213,
            275.1291,
            276.1369,
            277.1448,
            288.1369,
            289.1448,
            290.1526,
            303.1604,
            305.1774
        ],
        "ms2_inten": [
            0.05507937820435629,
            0.05214230180828823,
            0.14453743874105557,
            0.09958936012973069,
            0.09628802134641593,
            0.04903515587595291,
            0.05300655918254996,
            0.5719838906789684,
            0.09298620002978839,
            0.04958853111069196,
            0.3358521125469277,
            1.0,
            0.11295977516521137,
            0.046744945543971066,
            0.3576783810385425,
            0.04489539870708952,
            0.16320283255632959,
            0.03711421059533781
        ],
        "mono_mass": [
            152.0621,
            155.0855,
            165.0699,
            193.0634,
            211.0754,
            227.7461,
            260.107,
            261.1135,
            262.1213,
            274.1213,
            275.1291,
            276.1369,
            277.1448,
            288.1369,
            289.1448,
            290.1526,
            303.1604,
            305.1774
        ],
        "abs_mass_diff": [
            0.0,
            0.0,
            0.0,
            0.0,
            0.0,
            0.0,
            0.0,
            0.0,
            0.0,
            0.0,
            0.0,
            0.0,
            0.0,
            0.0,
            0.0,
            0.0,
            0.0,
            0.0
        ],
        "mass_diff": [
            0.0,
            0.0,
            0.0,
            0.0,
            0.0,
            0.0,
            0.0,
            0.0,
            0.0,
            0.0,
            0.0,
            0.0,
            0.0,
            0.0,
            0.0,
            0.0,
            0.0,
            0.0
        ],
        "formula": [
            "C33H30N4O2",
            "C33H30N4O2",
            "C33H30N4O2",
            "C33H30N4O2",
            "C33H30N4O2",
            "C33H30N4O2",
            "C33H30N4O2",
            "C33H30N4O2",
            "C33H30N4O2",
            "C33H30N4O2",
            "C33H30N4O2",
            "C33H30N4O2",
            "C33H30N4O2",
            "C33H30N4O2",
            "C33H30N4O2",
            "C33H30N4O2",
            "C33H30N4O2",
            "C33H30N4O2"
        ],
        "ions": [
            "[M+H]+",
            "[M+H]+",
            "[M+H]+",
            "[M+H]+",
            "[M+H]+",
            "[M+H]+",
            "[M+H]+",
            "[M+H]+",
            "[M+H]+",
            "[M+H]+",
            "[M+H]+",
            "[M+H]+",
            "[M+H]+",
            "[M+H]+",
            "[M+H]+",
            "[M+H]+",
            "[M+H]+",
            "[M+H]+"
        ]
    }
}