{
    "cand_form": "C12H15ClO3",
    "cand_ion": "[M+H]+",
    "output_tbl": {
        "mz": [
            63.0229,
            65.0386,
            72.984,
            75.0229,
            78.0464,
            88.0308,
            89.0386,
            95.0491,
            113.0386,
            115.0542,
            128.0621,
            132.057,
            198.2065
        ],
        "ms2_inten": [
            0.34425684798912,
            0.33401963702973453,
            0.2986262945212833,
            0.13331596730794884,
            0.11641988202490296,
            0.34440447953981246,
            0.7158704730391439,
            0.2049193028862578,
            0.267845319551135,
            1.0,
            0.15923730205984649,
            0.14876928970922684,
            0.1251868779546645
        ],
        "mono_mass": [
            63.0229,
            65.0386,
            72.984,
            75.0229,
            78.0464,
            88.0308,
            89.0386,
            95.0491,
            113.0386,
            115.0542,
            128.0621,
            132.057,
            198.2065
        ],
        "abs_mass_diff": [
            0.0,
            0.0,
            0.0,
            0.0,
            0.0,
            0.0,
            0.0,
            0.0,
            0.0,
            0.0,
            0.0,
            0.0,
            0.0
        ],
        "mass_diff": [
            0.0,
            0.0,
            0.0,
            0.0,
            0.0,
            0.0,
            0.0,
            0.0,
            0.0,
            0.0,
            0.0,
            0.0,
            0.0
        ],
        "formula": [
            "C12H15ClO3",
            "C12H15ClO3",
            "C12H15ClO3",
            "C12H15ClO3",
            "C12H15ClO3",
            "C12H15ClO3",
            "C12H15ClO3",
            "C12H15ClO3",
            "C12H15ClO3",
            "C12H15ClO3",
            "C12H15ClO3",
            "C12H15ClO3",
            "C12H15ClO3"
        ],
        "ions": [
            "[M+H]+",
            "[M+H]+",
            "[M+H]+",
            "[M+H]+",
            "[M+H]+",
            "[M+H]+",
            "[M+H]+",
            "[M+H]+",
            "[M+H]+",
            "[M+H]+",
            "[M+H]+",
            "[M+H]+",
            "[M+H]+"
        ]
    }
}