{
    "cand_form": "C19H16ClNO4",
    "cand_ion": "[M+H]+",
    "output_tbl": {
        "mz": [
            0.0,
            51.0229,
            53.0022,
            60.984,
            74.0151,
            75.0229,
            76.0261,
            76.0308,
            84.984,
            110.9996,
            129.0102,
            139.0053
        ],
        "ms2_inten": [
            0.09568746300076428,
            0.0742212667134716,
            0.024163726107541417,
            0.011695437428323656,
            0.467973248262498,
            1.0,
            0.030277320882416806,
            0.0337114232654772,
            0.13411213255682297,
            0.04010187793740562,
            0.03095055956054747,
            0.054656785560066944
        ],
        "mono_mass": [
            0.0,
            51.0229,
            53.0022,
            60.984,
            74.0151,
            75.0229,
            76.0261,
            76.0308,
            84.984,
            110.9996,
            129.0102,
            139.0053
        ],
        "abs_mass_diff": [
            0.0,
            0.0,
            0.0,
            0.0,
            0.0,
            0.0,
            0.0,
            0.0,
            0.0,
            0.0,
            0.0,
            0.0
        ],
        "mass_diff": [
            0.0,
            0.0,
            0.0,
            0.0,
            0.0,
            0.0,
            0.0,
            0.0,
            0.0,
            0.0,
            0.0,
            0.0
        ],
        "formula": [
            "C19H16ClNO4",
            "C19H16ClNO4",
            "C19H16ClNO4",
            "C19H16ClNO4",
            "C19H16ClNO4",
            "C19H16ClNO4",
            "C19H16ClNO4",
            "C19H16ClNO4",
            "C19H16ClNO4",
            "C19H16ClNO4",
            "C19H16ClNO4",
            "C19H16ClNO4"
        ],
        "ions": [
            "[M+H]+",
            "[M+H]+",
            "[M+H]+",
            "[M+H]+",
            "[M+H]+",
            "[M+H]+",
            "[M+H]+",
            "[M+H]+",
            "[M+H]+",
            "[M+H]+",
            "[M+H]+",
            "[M+H]+"
        ]
    }
}