{
    "cand_form": "C26H33NO6",
    "cand_ion": "[M-H]-",
    "output_tbl": {
        "mz": [
            73.0659,
            101.0397,
            113.0244,
            117.071,
            147.0452,
            148.0486,
            187.0976,
            250.1085,
            261.0795,
            262.0874,
            266.1187,
            268.0979,
            278.1187,
            280.1343,
            288.0666,
            290.1187,
            306.1136,
            307.1187,
            308.1292,
            334.1085,
            335.1078,
            352.119,
            380.1503,
            381.1496,
            408.1816,
            409.1895
        ],
        "ms2_inten": [
            0.06842935719752086,
            0.21294455719294653,
            0.31401413704641434,
            0.07706746669082055,
            1.0,
            0.04287483101261439,
            0.22126532192364987,
            0.17320869147786364,
            0.059224730123750166,
            0.14372806802665747,
            0.09491250537192429,
            0.045338208686279746,
            0.3021205634597908,
            0.037390952373464625,
            0.05838921087585465,
            0.059687946915836454,
            0.3037170662217429,
            0.05259474891882511,
            0.2773550990428846,
            0.4647898708541967,
            0.053623130482627845,
            0.31993114840208076,
            0.7730663314230704,
            0.08683311174213307,
            0.7636188270953169,
            0.09720272027618611
        ],
        "mono_mass": [
            73.0659,
            101.0397,
            113.0244,
            117.071,
            147.0452,
            148.0486,
            187.0976,
            250.1085,
            261.0795,
            262.0874,
            266.1187,
            268.0979,
            278.1187,
            280.1343,
            288.0666,
            290.1187,
            306.1136,
            307.1187,
            308.1292,
            334.1085,
            335.1078,
            352.119,
            380.1503,
            381.1496,
            408.1816,
            409.1895
        ],
        "abs_mass_diff": [
            0.0,
            0.0,
            0.0,
            0.0,
            0.0,
            0.0,
            0.0,
            0.0,
            0.0,
            0.0,
            0.0,
            0.0,
            0.0,
            0.0,
            0.0,
            0.0,
            0.0,
            0.0,
            0.0,
            0.0,
            0.0,
            0.0,
            0.0,
            0.0,
            0.0,
            0.0
        ],
        "mass_diff": [
            0.0,
            0.0,
            0.0,
            0.0,
            0.0,
            0.0,
            0.0,
            0.0,
            0.0,
            0.0,
            0.0,
            0.0,
            0.0,
            0.0,
            0.0,
            0.0,
            0.0,
            0.0,
            0.0,
            0.0,
            0.0,
            0.0,
            0.0,
            0.0,
            0.0,
            0.0
        ],
        "formula": [
            "C26H33NO6",
            "C26H33NO6",
            "C26H33NO6",
            "C26H33NO6",
            "C26H33NO6",
            "C26H33NO6",
            "C26H33NO6",
            "C26H33NO6",
            "C26H33NO6",
            "C26H33NO6",
            "C26H33NO6",
            "C26H33NO6",
            "C26H33NO6",
            "C26H33NO6",
            "C26H33NO6",
            "C26H33NO6",
            "C26H33NO6",
            "C26H33NO6",
            "C26H33NO6",
            "C26H33NO6",
            "C26H33NO6",
            "C26H33NO6",
            "C26H33NO6",
            "C26H33NO6",
            "C26H33NO6",
            "C26H33NO6"
        ],
        "ions": [
            "[M-H]-",
            "[M-H]-",
            "[M-H]-",
            "[M-H]-",
            "[M-H]-",
            "[M-H]-",
            "[M-H]-",
            "[M-H]-",
            "[M-H]-",
            "[M-H]-",
            "[M-H]-",
            "[M-H]-",
            "[M-H]-",
            "[M-H]-",
            "[M-H]-",
            "[M-H]-",
            "[M-H]-",
            "[M-H]-",
            "[M-H]-",
            "[M-H]-",
            "[M-H]-",
            "[M-H]-",
            "[M-H]-",
            "[M-H]-",
            "[M-H]-",
            "[M-H]-"
        ]
    }
}