{
    "cand_form": "C26H33NO6",
    "cand_ion": "[M-H]-",
    "output_tbl": {
        "mz": [
            57.0346,
            68.9982,
            73.0659,
            101.0397,
            102.0431,
            103.0553,
            113.0244,
            117.071,
            119.0502,
            147.0452,
            149.0482,
            178.0874,
            193.0897,
            205.0897,
            206.0975,
            217.087,
            232.0768,
            233.0846,
            234.0924,
            235.1003,
            236.1081,
            244.0768,
            246.0561,
            247.0639,
            260.0717,
            261.0795,
            262.0874,
            306.1136
        ],
        "ms2_inten": [
            0.19774632130058298,
            0.07442534427169449,
            0.1407256545517731,
            1.0,
            0.035303303539522,
            0.10117839752537963,
            0.19333540022842366,
            0.0615811417126981,
            0.04982852093991081,
            0.3287575369206561,
            0.04889587396323651,
            0.029568178193806135,
            0.03792328895039728,
            0.2431935534074732,
            0.08887577550815352,
            0.0356399526621619,
            0.11790642987710168,
            0.10731428747888679,
            0.23645255507870844,
            0.05025085274785918,
            0.029852292025851143,
            0.03811799907143355,
            0.16976302120861742,
            0.055430982962249874,
            0.05854807635876587,
            0.13649879750337918,
            0.1597091078172574,
            0.03578469011476184
        ],
        "mono_mass": [
            57.0346,
            68.9982,
            73.0659,
            101.0397,
            102.0431,
            103.0553,
            113.0244,
            117.071,
            119.0502,
            147.0452,
            149.0482,
            178.0874,
            193.0897,
            205.0897,
            206.0975,
            217.087,
            232.0768,
            233.0846,
            234.0924,
            235.1003,
            236.1081,
            244.0768,
            246.0561,
            247.0639,
            260.0717,
            261.0795,
            262.0874,
            306.1136
        ],
        "abs_mass_diff": [
            0.0,
            0.0,
            0.0,
            0.0,
            0.0,
            0.0,
            0.0,
            0.0,
            0.0,
            0.0,
            0.0,
            0.0,
            0.0,
            0.0,
            0.0,
            0.0,
            0.0,
            0.0,
            0.0,
            0.0,
            0.0,
            0.0,
            0.0,
            0.0,
            0.0,
            0.0,
            0.0,
            0.0
        ],
        "mass_diff": [
            0.0,
            0.0,
            0.0,
            0.0,
            0.0,
            0.0,
            0.0,
            0.0,
            0.0,
            0.0,
            0.0,
            0.0,
            0.0,
            0.0,
            0.0,
            0.0,
            0.0,
            0.0,
            0.0,
            0.0,
            0.0,
            0.0,
            0.0,
            0.0,
            0.0,
            0.0,
            0.0,
            0.0
        ],
        "formula": [
            "C26H33NO6",
            "C26H33NO6",
            "C26H33NO6",
            "C26H33NO6",
            "C26H33NO6",
            "C26H33NO6",
            "C26H33NO6",
            "C26H33NO6",
            "C26H33NO6",
            "C26H33NO6",
            "C26H33NO6",
            "C26H33NO6",
            "C26H33NO6",
            "C26H33NO6",
            "C26H33NO6",
            "C26H33NO6",
            "C26H33NO6",
            "C26H33NO6",
            "C26H33NO6",
            "C26H33NO6",
            "C26H33NO6",
            "C26H33NO6",
            "C26H33NO6",
            "C26H33NO6",
            "C26H33NO6",
            "C26H33NO6",
            "C26H33NO6",
            "C26H33NO6"
        ],
        "ions": [
            "[M-H]-",
            "[M-H]-",
            "[M-H]-",
            "[M-H]-",
            "[M-H]-",
            "[M-H]-",
            "[M-H]-",
            "[M-H]-",
            "[M-H]-",
            "[M-H]-",
            "[M-H]-",
            "[M-H]-",
            "[M-H]-",
            "[M-H]-",
            "[M-H]-",
            "[M-H]-",
            "[M-H]-",
            "[M-H]-",
            "[M-H]-",
            "[M-H]-",
            "[M-H]-",
            "[M-H]-",
            "[M-H]-",
            "[M-H]-",
            "[M-H]-",
            "[M-H]-",
            "[M-H]-",
            "[M-H]-"
        ]
    }
}