{
    "cand_form": "C26H33NO6",
    "cand_ion": "[M-H]-",
    "output_tbl": {
        "mz": [
            57.0346,
            101.0397,
            102.0428,
            227.7133
        ],
        "ms2_inten": [
            0.4240808672848725,
            1.0,
            0.035343691928966164,
            0.04087351237672167
        ],
        "mono_mass": [
            57.0346,
            101.0397,
            102.0428,
            227.7133
        ],
        "abs_mass_diff": [
            0.0,
            0.0,
            0.0,
            0.0
        ],
        "mass_diff": [
            0.0,
            0.0,
            0.0,
            0.0
        ],
        "formula": [
            "C26H33NO6",
            "C26H33NO6",
            "C26H33NO6",
            "C26H33NO6"
        ],
        "ions": [
            "[M-H]-",
            "[M-H]-",
            "[M-H]-",
            "[M-H]-"
        ]
    }
}