{
    "cand_form": "C10H15N5",
    "cand_ion": "[M+H]+",
    "output_tbl": {
        "mz": [
            0.0,
            55.9343,
            55.9375,
            56.9422,
            59.9303,
            60.0556,
            60.9866,
            68.0243,
            70.9568,
            72.043,
            72.9361,
            73.9368,
            77.0386,
            78.9971,
            79.0542,
            90.9467,
            95.0478,
            97.0073,
            103.0542,
            105.0447,
            105.0699,
            134.0389
        ],
        "ms2_inten": [
            0.09395338152633506,
            0.4506783153028335,
            0.03303158867009808,
            0.042006542188019705,
            0.21502851140097104,
            0.14078018104679793,
            0.1153367168936332,
            0.034788024972302184,
            0.11514533276860899,
            0.10699693469537189,
            1.0,
            0.05516954891446101,
            0.18585360717678504,
            0.25509881479673513,
            0.1834496043340201,
            0.2743896550156376,
            0.3199745395462584,
            0.32486557885442313,
            0.09010861372136597,
            0.16097280947971182,
            0.05696221371945164,
            0.03849328671964546
        ],
        "mono_mass": [
            0.0,
            55.9343,
            55.9375,
            56.9422,
            59.9303,
            60.0556,
            60.9866,
            68.0243,
            70.9568,
            72.043,
            72.9361,
            73.9368,
            77.0386,
            78.9971,
            79.0542,
            90.9467,
            95.0478,
            97.0073,
            103.0542,
            105.0447,
            105.0699,
            134.0389
        ],
        "abs_mass_diff": [
            0.0,
            0.0,
            0.0,
            0.0,
            0.0,
            0.0,
            0.0,
            0.0,
            0.0,
            0.0,
            0.0,
            0.0,
            0.0,
            0.0,
            0.0,
            0.0,
            0.0,
            0.0,
            0.0,
            0.0,
            0.0,
            0.0
        ],
        "mass_diff": [
            0.0,
            0.0,
            0.0,
            0.0,
            0.0,
            0.0,
            0.0,
            0.0,
            0.0,
            0.0,
            0.0,
            0.0,
            0.0,
            0.0,
            0.0,
            0.0,
            0.0,
            0.0,
            0.0,
            0.0,
            0.0,
            0.0
        ],
        "formula": [
            "C10H15N5",
            "C10H15N5",
            "C10H15N5",
            "C10H15N5",
            "C10H15N5",
            "C10H15N5",
            "C10H15N5",
            "C10H15N5",
            "C10H15N5",
            "C10H15N5",
            "C10H15N5",
            "C10H15N5",
            "C10H15N5",
            "C10H15N5",
            "C10H15N5",
            "C10H15N5",
            "C10H15N5",
            "C10H15N5",
            "C10H15N5",
            "C10H15N5",
            "C10H15N5",
            "C10H15N5"
        ],
        "ions": [
            "[M+H]+",
            "[M+H]+",
            "[M+H]+",
            "[M+H]+",
            "[M+H]+",
            "[M+H]+",
            "[M+H]+",
            "[M+H]+",
            "[M+H]+",
            "[M+H]+",
            "[M+H]+",
            "[M+H]+",
            "[M+H]+",
            "[M+H]+",
            "[M+H]+",
            "[M+H]+",
            "[M+H]+",
            "[M+H]+",
            "[M+H]+",
            "[M+H]+",
            "[M+H]+",
            "[M+H]+"
        ]
    }
}