{
    "cand_form": "C21H28N6O4S",
    "cand_ion": "[M+H]+",
    "output_tbl": {
        "mz": [
            0.0,
            57.0573,
            58.0651,
            68.0369,
            85.076,
            90.0338,
            103.0417,
            104.0495,
            128.0495,
            129.0447,
            154.0611,
            155.0604,
            170.0713,
            184.0512,
            197.0829,
            225.0771,
            227.7449
        ],
        "ms2_inten": [
            0.45102213554740145,
            0.13118578387802843,
            0.16126673754757265,
            0.07915927728185405,
            1.0,
            0.06176629903411037,
            0.07303193871397849,
            0.07582070545834965,
            0.06849649613267876,
            0.11611001321632883,
            0.07492463339260763,
            0.17494091741480888,
            0.09598969276470821,
            0.08767220560622671,
            0.06957523340106889,
            0.1682497001029973,
            0.06750850658603647
        ],
        "mono_mass": [
            0.0,
            57.0573,
            58.0651,
            68.0369,
            85.076,
            90.0338,
            103.0417,
            104.0495,
            128.0495,
            129.0447,
            154.0611,
            155.0604,
            170.0713,
            184.0512,
            197.0829,
            225.0771,
            227.7449
        ],
        "abs_mass_diff": [
            0.0,
            0.0,
            0.0,
            0.0,
            0.0,
            0.0,
            0.0,
            0.0,
            0.0,
            0.0,
            0.0,
            0.0,
            0.0,
            0.0,
            0.0,
            0.0,
            0.0
        ],
        "mass_diff": [
            0.0,
            0.0,
            0.0,
            0.0,
            0.0,
            0.0,
            0.0,
            0.0,
            0.0,
            0.0,
            0.0,
            0.0,
            0.0,
            0.0,
            0.0,
            0.0,
            0.0
        ],
        "formula": [
            "C21H28N6O4S",
            "C21H28N6O4S",
            "C21H28N6O4S",
            "C21H28N6O4S",
            "C21H28N6O4S",
            "C21H28N6O4S",
            "C21H28N6O4S",
            "C21H28N6O4S",
            "C21H28N6O4S",
            "C21H28N6O4S",
            "C21H28N6O4S",
            "C21H28N6O4S",
            "C21H28N6O4S",
            "C21H28N6O4S",
            "C21H28N6O4S",
            "C21H28N6O4S",
            "C21H28N6O4S"
        ],
        "ions": [
            "[M+H]+",
            "[M+H]+",
            "[M+H]+",
            "[M+H]+",
            "[M+H]+",
            "[M+H]+",
            "[M+H]+",
            "[M+H]+",
            "[M+H]+",
            "[M+H]+",
            "[M+H]+",
            "[M+H]+",
            "[M+H]+",
            "[M+H]+",
            "[M+H]+",
            "[M+H]+",
            "[M+H]+"
        ]
    }
}