{
    "cand_form": "C20H26N6O4S",
    "cand_ion": "[M+H]+",
    "output_tbl": {
        "mz": [
            51.0229,
            56.0495,
            58.0651,
            63.0229,
            65.0386,
            67.0291,
            75.0229,
            78.0338,
            90.0338,
            95.0491,
            129.0447
        ],
        "ms2_inten": [
            0.06709558564768492,
            0.0742526679931698,
            1.0,
            0.16515338588820325,
            0.07031229852874818,
            0.06336646362962838,
            0.05923993120937424,
            0.07261263921610714,
            0.0874841948002413,
            0.05301656342141865,
            0.09593100988075548
        ],
        "mono_mass": [
            51.0229,
            56.0495,
            58.0651,
            63.0229,
            65.0386,
            67.0291,
            75.0229,
            78.0338,
            90.0338,
            95.0491,
            129.0447
        ],
        "abs_mass_diff": [
            0.0,
            0.0,
            0.0,
            0.0,
            0.0,
            0.0,
            0.0,
            0.0,
            0.0,
            0.0,
            0.0
        ],
        "mass_diff": [
            0.0,
            0.0,
            0.0,
            0.0,
            0.0,
            0.0,
            0.0,
            0.0,
            0.0,
            0.0,
            0.0
        ],
        "formula": [
            "C20H26N6O4S",
            "C20H26N6O4S",
            "C20H26N6O4S",
            "C20H26N6O4S",
            "C20H26N6O4S",
            "C20H26N6O4S",
            "C20H26N6O4S",
            "C20H26N6O4S",
            "C20H26N6O4S",
            "C20H26N6O4S",
            "C20H26N6O4S"
        ],
        "ions": [
            "[M+H]+",
            "[M+H]+",
            "[M+H]+",
            "[M+H]+",
            "[M+H]+",
            "[M+H]+",
            "[M+H]+",
            "[M+H]+",
            "[M+H]+",
            "[M+H]+",
            "[M+H]+"
        ]
    }
}