{
    "cand_form": "C23H36O7",
    "cand_ion": "[M-H]-",
    "output_tbl": {
        "mz": [
            0.0,
            85.0295,
            87.8051,
            101.0608,
            128.3534,
            146.9515,
            195.3778,
            227.7104,
            227.7339
        ],
        "ms2_inten": [
            1.0,
            0.03335893414839632,
            0.011094001841728875,
            0.5861509825819471,
            0.011231706734066106,
            0.011847515821234741,
            0.012528280726503263,
            0.017201543133682086,
            0.01723953133878015
        ],
        "mono_mass": [
            0.0,
            85.0295,
            87.8051,
            101.0608,
            128.3534,
            146.9515,
            195.3778,
            227.7104,
            227.7339
        ],
        "abs_mass_diff": [
            0.0,
            0.0,
            0.0,
            0.0,
            0.0,
            0.0,
            0.0,
            0.0,
            0.0
        ],
        "mass_diff": [
            0.0,
            0.0,
            0.0,
            0.0,
            0.0,
            0.0,
            0.0,
            0.0,
            0.0
        ],
        "formula": [
            "C23H36O7",
            "C23H36O7",
            "C23H36O7",
            "C23H36O7",
            "C23H36O7",
            "C23H36O7",
            "C23H36O7",
            "C23H36O7",
            "C23H36O7"
        ],
        "ions": [
            "[M-H]-",
            "[M-H]-",
            "[M-H]-",
            "[M-H]-",
            "[M-H]-",
            "[M-H]-",
            "[M-H]-",
            "[M-H]-",
            "[M-H]-"
        ]
    }
}