{
    "cand_form": "C23H36O7",
    "cand_ion": "[M-H]-",
    "output_tbl": {
        "mz": [
            0.0,
            64.4287,
            67.0534,
            95.5003,
            227.7165,
            267.4707,
            344.6577,
            366.0887
        ],
        "ms2_inten": [
            1.0,
            0.07606190392128533,
            0.07699156721233841,
            0.0664871507157679,
            0.19146152207069653,
            0.07786194923906001,
            0.06896625282524277,
            0.0831088682064557
        ],
        "mono_mass": [
            0.0,
            64.4287,
            67.0534,
            95.5003,
            227.7165,
            267.4707,
            344.6577,
            366.0887
        ],
        "abs_mass_diff": [
            0.0,
            0.0,
            0.0,
            0.0,
            0.0,
            0.0,
            0.0,
            0.0
        ],
        "mass_diff": [
            0.0,
            0.0,
            0.0,
            0.0,
            0.0,
            0.0,
            0.0,
            0.0
        ],
        "formula": [
            "C23H36O7",
            "C23H36O7",
            "C23H36O7",
            "C23H36O7",
            "C23H36O7",
            "C23H36O7",
            "C23H36O7",
            "C23H36O7"
        ],
        "ions": [
            "[M-H]-",
            "[M-H]-",
            "[M-H]-",
            "[M-H]-",
            "[M-H]-",
            "[M-H]-",
            "[M-H]-",
            "[M-H]-"
        ]
    }
}