{
    "cand_form": "C23H36O7",
    "cand_ion": "[M-H]-",
    "output_tbl": {
        "mz": [
            50.4545,
            59.0139,
            78.3282,
            118.8443,
            142.2833,
            227.7171,
            314.5841
        ],
        "ms2_inten": [
            0.16713746487276204,
            1.0,
            0.16811455622890917,
            0.19800100720095468,
            0.20060481031548005,
            0.38327767891192527,
            0.18892682783423217
        ],
        "mono_mass": [
            50.4545,
            59.0139,
            78.3282,
            118.8443,
            142.2833,
            227.7171,
            314.5841
        ],
        "abs_mass_diff": [
            0.0,
            0.0,
            0.0,
            0.0,
            0.0,
            0.0,
            0.0
        ],
        "mass_diff": [
            0.0,
            0.0,
            0.0,
            0.0,
            0.0,
            0.0,
            0.0
        ],
        "formula": [
            "C23H36O7",
            "C23H36O7",
            "C23H36O7",
            "C23H36O7",
            "C23H36O7",
            "C23H36O7",
            "C23H36O7"
        ],
        "ions": [
            "[M-H]-",
            "[M-H]-",
            "[M-H]-",
            "[M-H]-",
            "[M-H]-",
            "[M-H]-",
            "[M-H]-"
        ]
    }
}