{
    "cand_form": "C28H34N6O4S",
    "cand_ion": "[M+H]+",
    "output_tbl": {
        "mz": [
            65.0386,
            91.0542,
            92.058,
            134.0964
        ],
        "ms2_inten": [
            0.12764182171324998,
            1.0,
            0.03718396454350471,
            0.024576286382427065
        ],
        "mono_mass": [
            65.0386,
            91.0542,
            92.058,
            134.0964
        ],
        "abs_mass_diff": [
            0.0,
            0.0,
            0.0,
            0.0
        ],
        "mass_diff": [
            0.0,
            0.0,
            0.0,
            0.0
        ],
        "formula": [
            "C28H34N6O4S",
            "C28H34N6O4S",
            "C28H34N6O4S",
            "C28H34N6O4S"
        ],
        "ions": [
            "[M+H]+",
            "[M+H]+",
            "[M+H]+",
            "[M+H]+"
        ]
    }
}