{
    "cand_form": "C13H14Cl2O3",
    "cand_ion": "[M-H]-",
    "output_tbl": {
        "mz": [
            53.6922,
            55.0015,
            80.5504,
            99.4879,
            227.713,
            300.5969
        ],
        "ms2_inten": [
            0.8104447088324045,
            0.8092362159112322,
            0.8349483212537329,
            0.7433007563402585,
            1.0,
            0.9187365812513145
        ],
        "mono_mass": [
            53.6922,
            55.0015,
            80.5504,
            99.4879,
            227.713,
            300.5969
        ],
        "abs_mass_diff": [
            0.0,
            0.0,
            0.0,
            0.0,
            0.0,
            0.0
        ],
        "mass_diff": [
            0.0,
            0.0,
            0.0,
            0.0,
            0.0,
            0.0
        ],
        "formula": [
            "C13H14Cl2O3",
            "C13H14Cl2O3",
            "C13H14Cl2O3",
            "C13H14Cl2O3",
            "C13H14Cl2O3",
            "C13H14Cl2O3"
        ],
        "ions": [
            "[M-H]-",
            "[M-H]-",
            "[M-H]-",
            "[M-H]-",
            "[M-H]-",
            "[M-H]-"
        ]
    }
}