{
    "cand_form": "C15H15NO2",
    "cand_ion": "[M-H]-",
    "output_tbl": {
        "mz": [
            61.7213,
            67.6507,
            127.2994,
            196.1132,
            197.1168,
            227.7087,
            240.103,
            241.1108
        ],
        "ms2_inten": [
            0.0026955911372415382,
            0.0028114469616135913,
            0.002618653708308733,
            1.0,
            0.10884029588881687,
            0.0026035003143345375,
            0.635114162625391,
            0.08159060586087205
        ],
        "mono_mass": [
            61.7213,
            67.6507,
            127.2994,
            196.1132,
            197.1168,
            227.7087,
            240.103,
            241.1108
        ],
        "abs_mass_diff": [
            0.0,
            0.0,
            0.0,
            0.0,
            0.0,
            0.0,
            0.0,
            0.0
        ],
        "mass_diff": [
            0.0,
            0.0,
            0.0,
            0.0,
            0.0,
            0.0,
            0.0,
            0.0
        ],
        "formula": [
            "C15H15NO2",
            "C15H15NO2",
            "C15H15NO2",
            "C15H15NO2",
            "C15H15NO2",
            "C15H15NO2",
            "C15H15NO2",
            "C15H15NO2"
        ],
        "ions": [
            "[M-H]-",
            "[M-H]-",
            "[M-H]-",
            "[M-H]-",
            "[M-H]-",
            "[M-H]-",
            "[M-H]-",
            "[M-H]-"
        ]
    }
}