{
    "cand_form": "C15H15NO2",
    "cand_ion": "[M-H]-",
    "output_tbl": {
        "mz": [
            92.0432,
            92.0506,
            179.074,
            180.0819
        ],
        "ms2_inten": [
            0.061980364774147666,
            1.0,
            0.09005027916312351,
            0.04623099513795657
        ],
        "mono_mass": [
            92.0432,
            92.0506,
            179.074,
            180.0819
        ],
        "abs_mass_diff": [
            0.0,
            0.0,
            0.0,
            0.0
        ],
        "mass_diff": [
            0.0,
            0.0,
            0.0,
            0.0
        ],
        "formula": [
            "C15H15NO2",
            "C15H15NO2",
            "C15H15NO2",
            "C15H15NO2"
        ],
        "ions": [
            "[M-H]-",
            "[M-H]-",
            "[M-H]-",
            "[M-H]-"
        ]
    }
}