{
    "cand_form": "C27H38N2O4",
    "cand_ion": "[M+H]+",
    "output_tbl": {
        "mz": [
            58.0651,
            79.0542,
            103.0542,
            105.0699,
            120.057,
            121.0648,
            133.0648,
            134.0726,
            135.0441,
            135.0804,
            150.0675,
            151.0754,
            165.091,
            166.0948,
            177.091,
            218.1176,
            260.1645
        ],
        "ms2_inten": [
            0.10525932364159507,
            0.03978741738914698,
            0.0402849101695467,
            0.1852296083362209,
            0.037994682164409925,
            0.03571667623234901,
            0.1514757774179436,
            0.09868589078948914,
            0.0463633416295374,
            0.07064199776042626,
            0.6638356111846685,
            0.09064321967043214,
            1.0,
            0.05809808667028483,
            0.05948807916787631,
            0.028957893605530884,
            0.036216517696215034
        ],
        "mono_mass": [
            58.0651,
            79.0542,
            103.0542,
            105.0699,
            120.057,
            121.0648,
            133.0648,
            134.0726,
            135.0441,
            135.0804,
            150.0675,
            151.0754,
            165.091,
            166.0948,
            177.091,
            218.1176,
            260.1645
        ],
        "abs_mass_diff": [
            0.0,
            0.0,
            0.0,
            0.0,
            0.0,
            0.0,
            0.0,
            0.0,
            0.0,
            0.0,
            0.0,
            0.0,
            0.0,
            0.0,
            0.0,
            0.0,
            0.0
        ],
        "mass_diff": [
            0.0,
            0.0,
            0.0,
            0.0,
            0.0,
            0.0,
            0.0,
            0.0,
            0.0,
            0.0,
            0.0,
            0.0,
            0.0,
            0.0,
            0.0,
            0.0,
            0.0
        ],
        "formula": [
            "C27H38N2O4",
            "C27H38N2O4",
            "C27H38N2O4",
            "C27H38N2O4",
            "C27H38N2O4",
            "C27H38N2O4",
            "C27H38N2O4",
            "C27H38N2O4",
            "C27H38N2O4",
            "C27H38N2O4",
            "C27H38N2O4",
            "C27H38N2O4",
            "C27H38N2O4",
            "C27H38N2O4",
            "C27H38N2O4",
            "C27H38N2O4",
            "C27H38N2O4"
        ],
        "ions": [
            "[M+H]+",
            "[M+H]+",
            "[M+H]+",
            "[M+H]+",
            "[M+H]+",
            "[M+H]+",
            "[M+H]+",
            "[M+H]+",
            "[M+H]+",
            "[M+H]+",
            "[M+H]+",
            "[M+H]+",
            "[M+H]+",
            "[M+H]+",
            "[M+H]+",
            "[M+H]+",
            "[M+H]+"
        ]
    }
}