{
    "cand_form": "C38H46N10O8S2",
    "cand_ion": "[M+H]+",
    "output_tbl": {
        "mz": [
            93.0447,
            94.0525,
            95.0604,
            108.0682,
            110.06,
            123.0917,
            140.058,
            151.0866,
            169.0972,
            183.1128
        ],
        "ms2_inten": [
            0.2096252642020169,
            0.4362499285291566,
            0.2813276475089378,
            0.13081631004023048,
            1.0,
            0.20751757062263734,
            0.10407397765320418,
            0.08683573845660242,
            0.8517266043195473,
            0.06330558781303189
        ],
        "mono_mass": [
            93.0447,
            94.0525,
            95.0604,
            108.0682,
            110.06,
            123.0917,
            140.058,
            151.0866,
            169.0972,
            183.1128
        ],
        "abs_mass_diff": [
            0.0,
            0.0,
            0.0,
            0.0,
            0.0,
            0.0,
            0.0,
            0.0,
            0.0,
            0.0
        ],
        "mass_diff": [
            0.0,
            0.0,
            0.0,
            0.0,
            0.0,
            0.0,
            0.0,
            0.0,
            0.0,
            0.0
        ],
        "formula": [
            "C38H46N10O8S2",
            "C38H46N10O8S2",
            "C38H46N10O8S2",
            "C38H46N10O8S2",
            "C38H46N10O8S2",
            "C38H46N10O8S2",
            "C38H46N10O8S2",
            "C38H46N10O8S2",
            "C38H46N10O8S2",
            "C38H46N10O8S2"
        ],
        "ions": [
            "[M+H]+",
            "[M+H]+",
            "[M+H]+",
            "[M+H]+",
            "[M+H]+",
            "[M+H]+",
            "[M+H]+",
            "[M+H]+",
            "[M+H]+",
            "[M+H]+"
        ]
    }
}