{
    "cand_form": "C27H33N3O6S",
    "cand_ion": "[M+H]+",
    "output_tbl": {
        "mz": [
            83.0855,
            91.0542,
            95.0491,
            100.1121,
            103.0542,
            105.0699,
            117.0699,
            119.0855,
            120.057,
            121.0648,
            129.0699,
            131.0604,
            133.0648,
            134.0726,
            147.0804,
            161.0597,
            167.0161,
            174.0913,
            175.0754,
            184.0757,
            202.0863
        ],
        "ms2_inten": [
            0.10397068776435597,
            0.08104020287054173,
            0.05007762162298087,
            0.077131871146071,
            0.6118997019344236,
            0.5607211625235766,
            0.38213993779285227,
            0.2148966655268144,
            0.07161740155704811,
            0.4208201377649598,
            0.07875649149172251,
            1.0,
            0.06607099790674155,
            0.09967081596051247,
            0.4457704119167997,
            0.05376300800560099,
            0.2337466621271099,
            0.18736100295749475,
            0.1767975999575161,
            0.07695072397162248,
            0.3667133443612799
        ],
        "mono_mass": [
            83.0855,
            91.0542,
            95.0491,
            100.1121,
            103.0542,
            105.0699,
            117.0699,
            119.0855,
            120.057,
            121.0648,
            129.0699,
            131.0604,
            133.0648,
            134.0726,
            147.0804,
            161.0597,
            167.0161,
            174.0913,
            175.0754,
            184.0757,
            202.0863
        ],
        "abs_mass_diff": [
            0.0,
            0.0,
            0.0,
            0.0,
            0.0,
            0.0,
            0.0,
            0.0,
            0.0,
            0.0,
            0.0,
            0.0,
            0.0,
            0.0,
            0.0,
            0.0,
            0.0,
            0.0,
            0.0,
            0.0,
            0.0
        ],
        "mass_diff": [
            0.0,
            0.0,
            0.0,
            0.0,
            0.0,
            0.0,
            0.0,
            0.0,
            0.0,
            0.0,
            0.0,
            0.0,
            0.0,
            0.0,
            0.0,
            0.0,
            0.0,
            0.0,
            0.0,
            0.0,
            0.0
        ],
        "formula": [
            "C27H33N3O6S",
            "C27H33N3O6S",
            "C27H33N3O6S",
            "C27H33N3O6S",
            "C27H33N3O6S",
            "C27H33N3O6S",
            "C27H33N3O6S",
            "C27H33N3O6S",
            "C27H33N3O6S",
            "C27H33N3O6S",
            "C27H33N3O6S",
            "C27H33N3O6S",
            "C27H33N3O6S",
            "C27H33N3O6S",
            "C27H33N3O6S",
            "C27H33N3O6S",
            "C27H33N3O6S",
            "C27H33N3O6S",
            "C27H33N3O6S",
            "C27H33N3O6S",
            "C27H33N3O6S"
        ],
        "ions": [
            "[M+H]+",
            "[M+H]+",
            "[M+H]+",
            "[M+H]+",
            "[M+H]+",
            "[M+H]+",
            "[M+H]+",
            "[M+H]+",
            "[M+H]+",
            "[M+H]+",
            "[M+H]+",
            "[M+H]+",
            "[M+H]+",
            "[M+H]+",
            "[M+H]+",
            "[M+H]+",
            "[M+H]+",
            "[M+H]+",
            "[M+H]+",
            "[M+H]+",
            "[M+H]+"
        ]
    }
}