{
    "cand_form": "C27H33N3O6S",
    "cand_ion": "[M+H]+",
    "output_tbl": {
        "mz": [
            0.0,
            65.0386,
            75.0229,
            77.0386,
            78.0464,
            79.0542,
            89.0386,
            90.0464,
            91.0542,
            94.0413,
            95.0491,
            102.0464,
            103.0542,
            105.0447,
            109.0648,
            115.0542,
            117.0573,
            118.0287,
            128.0621,
            130.0651,
            131.0491,
            152.0621,
            165.0699,
            189.0692,
            227.7389
        ],
        "ms2_inten": [
            0.19260040452965577,
            0.5803572597824869,
            0.07897816347124118,
            1.0,
            0.3332100477632022,
            0.06771448637739656,
            0.32228626527637627,
            0.10557127570355421,
            0.5430182325372799,
            0.2261014696714878,
            0.9135651978921404,
            0.11781350913779573,
            0.2826291736741787,
            0.3185302388160108,
            0.04893314855925552,
            0.2921703545240498,
            0.09464938759950668,
            0.051281053032851215,
            0.07138467361811862,
            0.05599762843368091,
            0.05961446798968495,
            0.0568610830810629,
            0.05491088776768696,
            0.09211880793810966,
            0.12702006951451955
        ],
        "mono_mass": [
            0.0,
            65.0386,
            75.0229,
            77.0386,
            78.0464,
            79.0542,
            89.0386,
            90.0464,
            91.0542,
            94.0413,
            95.0491,
            102.0464,
            103.0542,
            105.0447,
            109.0648,
            115.0542,
            117.0573,
            118.0287,
            128.0621,
            130.0651,
            131.0491,
            152.0621,
            165.0699,
            189.0692,
            227.7389
        ],
        "abs_mass_diff": [
            0.0,
            0.0,
            0.0,
            0.0,
            0.0,
            0.0,
            0.0,
            0.0,
            0.0,
            0.0,
            0.0,
            0.0,
            0.0,
            0.0,
            0.0,
            0.0,
            0.0,
            0.0,
            0.0,
            0.0,
            0.0,
            0.0,
            0.0,
            0.0,
            0.0
        ],
        "mass_diff": [
            0.0,
            0.0,
            0.0,
            0.0,
            0.0,
            0.0,
            0.0,
            0.0,
            0.0,
            0.0,
            0.0,
            0.0,
            0.0,
            0.0,
            0.0,
            0.0,
            0.0,
            0.0,
            0.0,
            0.0,
            0.0,
            0.0,
            0.0,
            0.0,
            0.0
        ],
        "formula": [
            "C27H33N3O6S",
            "C27H33N3O6S",
            "C27H33N3O6S",
            "C27H33N3O6S",
            "C27H33N3O6S",
            "C27H33N3O6S",
            "C27H33N3O6S",
            "C27H33N3O6S",
            "C27H33N3O6S",
            "C27H33N3O6S",
            "C27H33N3O6S",
            "C27H33N3O6S",
            "C27H33N3O6S",
            "C27H33N3O6S",
            "C27H33N3O6S",
            "C27H33N3O6S",
            "C27H33N3O6S",
            "C27H33N3O6S",
            "C27H33N3O6S",
            "C27H33N3O6S",
            "C27H33N3O6S",
            "C27H33N3O6S",
            "C27H33N3O6S",
            "C27H33N3O6S",
            "C27H33N3O6S"
        ],
        "ions": [
            "[M+H]+",
            "[M+H]+",
            "[M+H]+",
            "[M+H]+",
            "[M+H]+",
            "[M+H]+",
            "[M+H]+",
            "[M+H]+",
            "[M+H]+",
            "[M+H]+",
            "[M+H]+",
            "[M+H]+",
            "[M+H]+",
            "[M+H]+",
            "[M+H]+",
            "[M+H]+",
            "[M+H]+",
            "[M+H]+",
            "[M+H]+",
            "[M+H]+",
            "[M+H]+",
            "[M+H]+",
            "[M+H]+",
            "[M+H]+",
            "[M+H]+"
        ]
    }
}