{
    "cand_form": "C47H62N12O11S2",
    "cand_ion": "[M+H]+",
    "output_tbl": {
        "mz": [
            227.7234,
            227.7555,
            899.6273
        ],
        "ms2_inten": [
            0.712102390571738,
            1.0,
            0.27744477704519466
        ],
        "mono_mass": [
            227.7234,
            227.7555,
            899.6273
        ],
        "abs_mass_diff": [
            0.0,
            0.0,
            0.0
        ],
        "mass_diff": [
            0.0,
            0.0,
            0.0
        ],
        "formula": [
            "C47H62N12O11S2",
            "C47H62N12O11S2",
            "C47H62N12O11S2"
        ],
        "ions": [
            "[M+H]+",
            "[M+H]+",
            "[M+H]+"
        ]
    }
}