{
    "cand_form": "C18H25N3O2",
    "cand_ion": "[M+H]+",
    "output_tbl": {
        "mz": [
            79.0542,
            91.0542,
            93.0699,
            95.0491,
            105.0699,
            107.0491,
            107.0855,
            119.0855,
            121.0648,
            121.1012,
            135.1168,
            145.1012,
            162.1277,
            163.1117,
            180.1383,
            181.1461,
            203.0604
        ],
        "ms2_inten": [
            0.0844194916703687,
            0.1076078253224983,
            0.19879675320698575,
            0.20963079147813243,
            0.2619702931634925,
            0.13708061972026975,
            0.11114176063522536,
            0.272928245280957,
            0.10234935156259582,
            0.07816946136778052,
            0.23488057250073804,
            0.18672590013656662,
            0.17618618517907728,
            0.34040657370774735,
            1.0,
            0.056117309993499766,
            0.04588387181302513
        ],
        "mono_mass": [
            79.0542,
            91.0542,
            93.0699,
            95.0491,
            105.0699,
            107.0491,
            107.0855,
            119.0855,
            121.0648,
            121.1012,
            135.1168,
            145.1012,
            162.1277,
            163.1117,
            180.1383,
            181.1461,
            203.0604
        ],
        "abs_mass_diff": [
            0.0,
            0.0,
            0.0,
            0.0,
            0.0,
            0.0,
            0.0,
            0.0,
            0.0,
            0.0,
            0.0,
            0.0,
            0.0,
            0.0,
            0.0,
            0.0,
            0.0
        ],
        "mass_diff": [
            0.0,
            0.0,
            0.0,
            0.0,
            0.0,
            0.0,
            0.0,
            0.0,
            0.0,
            0.0,
            0.0,
            0.0,
            0.0,
            0.0,
            0.0,
            0.0,
            0.0
        ],
        "formula": [
            "C18H25N3O2",
            "C18H25N3O2",
            "C18H25N3O2",
            "C18H25N3O2",
            "C18H25N3O2",
            "C18H25N3O2",
            "C18H25N3O2",
            "C18H25N3O2",
            "C18H25N3O2",
            "C18H25N3O2",
            "C18H25N3O2",
            "C18H25N3O2",
            "C18H25N3O2",
            "C18H25N3O2",
            "C18H25N3O2",
            "C18H25N3O2",
            "C18H25N3O2"
        ],
        "ions": [
            "[M+H]+",
            "[M+H]+",
            "[M+H]+",
            "[M+H]+",
            "[M+H]+",
            "[M+H]+",
            "[M+H]+",
            "[M+H]+",
            "[M+H]+",
            "[M+H]+",
            "[M+H]+",
            "[M+H]+",
            "[M+H]+",
            "[M+H]+",
            "[M+H]+",
            "[M+H]+",
            "[M+H]+"
        ]
    }
}