{
    "cand_form": "C22H30O3",
    "cand_ion": "[M+H]+",
    "output_tbl": {
        "mz": [
            0.0,
            57.0699,
            67.0542,
            69.0699,
            75.0262,
            76.8736,
            81.0699,
            89.0597,
            93.0367,
            95.0855,
            97.0648,
            105.0699,
            119.0491,
            121.0648,
            133.1012,
            139.0027,
            145.1012,
            147.0804,
            169.1012,
            227.7463,
            269.19,
            343.0879
        ],
        "ms2_inten": [
            0.27189864705612155,
            0.7961171482078595,
            0.2626903906873003,
            0.17186046914403916,
            0.532572084340806,
            0.18803562970587948,
            0.4788165299064076,
            0.4654071971764911,
            0.24051632802281336,
            0.21833059361005666,
            0.3573204075623892,
            0.3061657704521033,
            1.0,
            0.274119291291445,
            0.5619645585481249,
            0.6400210693881669,
            0.43526095393575115,
            0.17626523633784213,
            0.39879389424492445,
            0.34411627169721526,
            0.3645139695766469,
            0.21236407119615838
        ],
        "mono_mass": [
            0.0,
            57.0699,
            67.0542,
            69.0699,
            75.0262,
            76.8736,
            81.0699,
            89.0597,
            93.0367,
            95.0855,
            97.0648,
            105.0699,
            119.0491,
            121.0648,
            133.1012,
            139.0027,
            145.1012,
            147.0804,
            169.1012,
            227.7463,
            269.19,
            343.0879
        ],
        "abs_mass_diff": [
            0.0,
            0.0,
            0.0,
            0.0,
            0.0,
            0.0,
            0.0,
            0.0,
            0.0,
            0.0,
            0.0,
            0.0,
            0.0,
            0.0,
            0.0,
            0.0,
            0.0,
            0.0,
            0.0,
            0.0,
            0.0,
            0.0
        ],
        "mass_diff": [
            0.0,
            0.0,
            0.0,
            0.0,
            0.0,
            0.0,
            0.0,
            0.0,
            0.0,
            0.0,
            0.0,
            0.0,
            0.0,
            0.0,
            0.0,
            0.0,
            0.0,
            0.0,
            0.0,
            0.0,
            0.0,
            0.0
        ],
        "formula": [
            "C22H30O3",
            "C22H30O3",
            "C22H30O3",
            "C22H30O3",
            "C22H30O3",
            "C22H30O3",
            "C22H30O3",
            "C22H30O3",
            "C22H30O3",
            "C22H30O3",
            "C22H30O3",
            "C22H30O3",
            "C22H30O3",
            "C22H30O3",
            "C22H30O3",
            "C22H30O3",
            "C22H30O3",
            "C22H30O3",
            "C22H30O3",
            "C22H30O3",
            "C22H30O3",
            "C22H30O3"
        ],
        "ions": [
            "[M+H]+",
            "[M+H]+",
            "[M+H]+",
            "[M+H]+",
            "[M+H]+",
            "[M+H]+",
            "[M+H]+",
            "[M+H]+",
            "[M+H]+",
            "[M+H]+",
            "[M+H]+",
            "[M+H]+",
            "[M+H]+",
            "[M+H]+",
            "[M+H]+",
            "[M+H]+",
            "[M+H]+",
            "[M+H]+",
            "[M+H]+",
            "[M+H]+",
            "[M+H]+",
            "[M+H]+"
        ]
    }
}