{
    "cand_form": "C23H26N2",
    "cand_ion": "[M+H]+",
    "output_tbl": {
        "mz": [
            195.1043,
            196.1121,
            209.1199,
            210.1277,
            238.1465,
            239.1543,
            240.1621,
            272.1434,
            286.159,
            315.1856,
            316.1934,
            317.2012,
            330.2091,
            331.2169
        ],
        "ms2_inten": [
            0.06429821038622593,
            0.0238203581695021,
            0.0848848148873393,
            0.05054593627782985,
            0.02121492234261873,
            1.0,
            0.06598801804671685,
            0.09359037546395607,
            0.05394995348180982,
            0.22921808948638286,
            0.3050457605494746,
            0.03108726937432797,
            0.03430264551051222,
            0.1057769233713651
        ],
        "mono_mass": [
            195.1043,
            196.1121,
            209.1199,
            210.1277,
            238.1465,
            239.1543,
            240.1621,
            272.1434,
            286.159,
            315.1856,
            316.1934,
            317.2012,
            330.2091,
            331.2169
        ],
        "abs_mass_diff": [
            0.0,
            0.0,
            0.0,
            0.0,
            0.0,
            0.0,
            0.0,
            0.0,
            0.0,
            0.0,
            0.0,
            0.0,
            0.0,
            0.0
        ],
        "mass_diff": [
            0.0,
            0.0,
            0.0,
            0.0,
            0.0,
            0.0,
            0.0,
            0.0,
            0.0,
            0.0,
            0.0,
            0.0,
            0.0,
            0.0
        ],
        "formula": [
            "C23H26N2",
            "C23H26N2",
            "C23H26N2",
            "C23H26N2",
            "C23H26N2",
            "C23H26N2",
            "C23H26N2",
            "C23H26N2",
            "C23H26N2",
            "C23H26N2",
            "C23H26N2",
            "C23H26N2",
            "C23H26N2",
            "C23H26N2"
        ],
        "ions": [
            "[M+H]+",
            "[M+H]+",
            "[M+H]+",
            "[M+H]+",
            "[M+H]+",
            "[M+H]+",
            "[M+H]+",
            "[M+H]+",
            "[M+H]+",
            "[M+H]+",
            "[M+H]+",
            "[M+H]+",
            "[M+H]+",
            "[M+H]+"
        ]
    }
}