{
    "cand_form": "C23H26N2",
    "cand_ion": "[M+H]+",
    "output_tbl": {
        "mz": [
            165.0699,
            166.0777,
            180.0808,
            193.0886,
            194.0964,
            195.1043,
            196.1121,
            197.1199,
            208.1121,
            209.1073,
            210.1277,
            223.123,
            224.1308,
            239.1543,
            240.1621,
            299.1543
        ],
        "ms2_inten": [
            0.20596668787007008,
            0.08840889802861376,
            0.1456564445742727,
            0.08441621320279599,
            0.38399456788631964,
            0.2696036857955334,
            0.17209429412494345,
            0.08914557988580134,
            0.16257480943450778,
            0.08088357268048676,
            0.07704629654392978,
            1.0,
            0.5978151080128576,
            0.8197664981922158,
            0.07357782965144187,
            0.10558530471573221
        ],
        "mono_mass": [
            165.0699,
            166.0777,
            180.0808,
            193.0886,
            194.0964,
            195.1043,
            196.1121,
            197.1199,
            208.1121,
            209.1073,
            210.1277,
            223.123,
            224.1308,
            239.1543,
            240.1621,
            299.1543
        ],
        "abs_mass_diff": [
            0.0,
            0.0,
            0.0,
            0.0,
            0.0,
            0.0,
            0.0,
            0.0,
            0.0,
            0.0,
            0.0,
            0.0,
            0.0,
            0.0,
            0.0,
            0.0
        ],
        "mass_diff": [
            0.0,
            0.0,
            0.0,
            0.0,
            0.0,
            0.0,
            0.0,
            0.0,
            0.0,
            0.0,
            0.0,
            0.0,
            0.0,
            0.0,
            0.0,
            0.0
        ],
        "formula": [
            "C23H26N2",
            "C23H26N2",
            "C23H26N2",
            "C23H26N2",
            "C23H26N2",
            "C23H26N2",
            "C23H26N2",
            "C23H26N2",
            "C23H26N2",
            "C23H26N2",
            "C23H26N2",
            "C23H26N2",
            "C23H26N2",
            "C23H26N2",
            "C23H26N2",
            "C23H26N2"
        ],
        "ions": [
            "[M+H]+",
            "[M+H]+",
            "[M+H]+",
            "[M+H]+",
            "[M+H]+",
            "[M+H]+",
            "[M+H]+",
            "[M+H]+",
            "[M+H]+",
            "[M+H]+",
            "[M+H]+",
            "[M+H]+",
            "[M+H]+",
            "[M+H]+",
            "[M+H]+",
            "[M+H]+"
        ]
    }
}