{
    "cand_form": "C50H74O14",
    "cand_ion": "[M+H]+",
    "output_tbl": {
        "mz": [
            142.0876,
            144.1028,
            154.0876,
            155.0912,
            184.0991,
            186.1149,
            187.1182,
            188.1196,
            199.1117,
            298.1622,
            299.17,
            300.172,
            330.1978,
            331.1904,
            332.1982,
            374.2604,
            375.2682,
            376.2608,
            862.5073,
            880.4967,
            881.5046,
            898.5073,
            899.5151
        ],
        "ms2_inten": [
            0.038664560283359656,
            0.05755166454219925,
            0.18999325247250345,
            0.06005440494754532,
            0.08010096570772804,
            1.0,
            0.3925527172361251,
            0.10947120919442287,
            0.04912306199380064,
            0.13556706854854164,
            0.10235270870839183,
            0.06476390373085013,
            0.2033846142104887,
            0.15425533062138141,
            0.07805049380387176,
            0.4770195008024199,
            0.25412487621099206,
            0.04523655583765651,
            0.04249747776526269,
            0.09566183920643635,
            0.04284514051099705,
            0.30026721337068946,
            0.14118840433998578
        ],
        "mono_mass": [
            142.0876,
            144.1028,
            154.0876,
            155.0912,
            184.0991,
            186.1149,
            187.1182,
            188.1196,
            199.1117,
            298.1622,
            299.17,
            300.172,
            330.1978,
            331.1904,
            332.1982,
            374.2604,
            375.2682,
            376.2608,
            862.5073,
            880.4967,
            881.5046,
            898.5073,
            899.5151
        ],
        "abs_mass_diff": [
            0.0,
            0.0,
            0.0,
            0.0,
            0.0,
            0.0,
            0.0,
            0.0,
            0.0,
            0.0,
            0.0,
            0.0,
            0.0,
            0.0,
            0.0,
            0.0,
            0.0,
            0.0,
            0.0,
            0.0,
            0.0,
            0.0,
            0.0
        ],
        "mass_diff": [
            0.0,
            0.0,
            0.0,
            0.0,
            0.0,
            0.0,
            0.0,
            0.0,
            0.0,
            0.0,
            0.0,
            0.0,
            0.0,
            0.0,
            0.0,
            0.0,
            0.0,
            0.0,
            0.0,
            0.0,
            0.0,
            0.0,
            0.0
        ],
        "formula": [
            "C50H74O14",
            "C50H74O14",
            "C50H74O14",
            "C50H74O14",
            "C50H74O14",
            "C50H74O14",
            "C50H74O14",
            "C50H74O14",
            "C50H74O14",
            "C50H74O14",
            "C50H74O14",
            "C50H74O14",
            "C50H74O14",
            "C50H74O14",
            "C50H74O14",
            "C50H74O14",
            "C50H74O14",
            "C50H74O14",
            "C50H74O14",
            "C50H74O14",
            "C50H74O14",
            "C50H74O14",
            "C50H74O14"
        ],
        "ions": [
            "[M+H]+",
            "[M+H]+",
            "[M+H]+",
            "[M+H]+",
            "[M+H]+",
            "[M+H]+",
            "[M+H]+",
            "[M+H]+",
            "[M+H]+",
            "[M+H]+",
            "[M+H]+",
            "[M+H]+",
            "[M+H]+",
            "[M+H]+",
            "[M+H]+",
            "[M+H]+",
            "[M+H]+",
            "[M+H]+",
            "[M+H]+",
            "[M+H]+",
            "[M+H]+",
            "[M+H]+",
            "[M+H]+"
        ]
    }
}