{
    "cand_form": "C47H83NO17",
    "cand_ion": "[M+H]+",
    "output_tbl": {
        "mz": [
            99.2673,
            227.7277,
            227.7585,
            338.3417,
            393.2636,
            436.2271,
            597.3813,
            629.4048,
            630.4059,
            647.4154,
            674.8007,
            934.2117,
            935.2326
        ],
        "ms2_inten": [
            0.1311387561453726,
            0.22216242920408635,
            0.3383955323983907,
            0.13337816678678052,
            0.583188224047832,
            0.16664721320048878,
            0.20588508068438202,
            1.0,
            0.14730028868038997,
            0.13259912332728466,
            0.139397657350266,
            0.175904574867117,
            0.14154636055054215
        ],
        "mono_mass": [
            99.2673,
            227.7277,
            227.7585,
            338.3417,
            393.2636,
            436.2271,
            597.3813,
            629.4048,
            630.4059,
            647.4154,
            674.8007,
            934.2117,
            935.2326
        ],
        "abs_mass_diff": [
            0.0,
            0.0,
            0.0,
            0.0,
            0.0,
            0.0,
            0.0,
            0.0,
            0.0,
            0.0,
            0.0,
            0.0,
            0.0
        ],
        "mass_diff": [
            0.0,
            0.0,
            0.0,
            0.0,
            0.0,
            0.0,
            0.0,
            0.0,
            0.0,
            0.0,
            0.0,
            0.0,
            0.0
        ],
        "formula": [
            "C47H83NO17",
            "C47H83NO17",
            "C47H83NO17",
            "C47H83NO17",
            "C47H83NO17",
            "C47H83NO17",
            "C47H83NO17",
            "C47H83NO17",
            "C47H83NO17",
            "C47H83NO17",
            "C47H83NO17",
            "C47H83NO17",
            "C47H83NO17"
        ],
        "ions": [
            "[M+H]+",
            "[M+H]+",
            "[M+H]+",
            "[M+H]+",
            "[M+H]+",
            "[M+H]+",
            "[M+H]+",
            "[M+H]+",
            "[M+H]+",
            "[M+H]+",
            "[M+H]+",
            "[M+H]+",
            "[M+H]+"
        ]
    }
}