{
    "cand_form": "C47H83NO17",
    "cand_ion": "[M+H]+",
    "output_tbl": {
        "mz": [
            99.3731,
            102.5475,
            227.7524,
            369.7606,
            829.2491
        ],
        "ms2_inten": [
            0.2144121347352013,
            0.26900948941909164,
            1.0,
            0.22971333336385738,
            0.306323617018787
        ],
        "mono_mass": [
            99.3731,
            102.5475,
            227.7524,
            369.7606,
            829.2491
        ],
        "abs_mass_diff": [
            0.0,
            0.0,
            0.0,
            0.0,
            0.0
        ],
        "mass_diff": [
            0.0,
            0.0,
            0.0,
            0.0,
            0.0
        ],
        "formula": [
            "C47H83NO17",
            "C47H83NO17",
            "C47H83NO17",
            "C47H83NO17",
            "C47H83NO17"
        ],
        "ions": [
            "[M+H]+",
            "[M+H]+",
            "[M+H]+",
            "[M+H]+",
            "[M+H]+"
        ]
    }
}