{
    "cand_form": "C47H83NO17",
    "cand_ion": "[M+H]+",
    "output_tbl": {
        "mz": [
            186.9721,
            193.6767,
            227.7278,
            227.7585,
            326.5595,
            449.2772,
            920.387
        ],
        "ms2_inten": [
            0.3175352249318739,
            0.3095936247409321,
            1.0,
            0.6012566902615663,
            0.3051257234010768,
            0.2849028320175556,
            0.29151424994948855
        ],
        "mono_mass": [
            186.9721,
            193.6767,
            227.7278,
            227.7585,
            326.5595,
            449.2772,
            920.387
        ],
        "abs_mass_diff": [
            0.0,
            0.0,
            0.0,
            0.0,
            0.0,
            0.0,
            0.0
        ],
        "mass_diff": [
            0.0,
            0.0,
            0.0,
            0.0,
            0.0,
            0.0,
            0.0
        ],
        "formula": [
            "C47H83NO17",
            "C47H83NO17",
            "C47H83NO17",
            "C47H83NO17",
            "C47H83NO17",
            "C47H83NO17",
            "C47H83NO17"
        ],
        "ions": [
            "[M+H]+",
            "[M+H]+",
            "[M+H]+",
            "[M+H]+",
            "[M+H]+",
            "[M+H]+",
            "[M+H]+"
        ]
    }
}