{
    "cand_form": "C17H20N4O4S2",
    "cand_ion": "[M-H]-",
    "output_tbl": {
        "mz": [
            57.9757,
            64.0067,
            65.0145,
            79.9574,
            80.9804,
            81.9757,
            90.0098,
            90.0349,
            105.022,
            116.0254,
            118.0298,
            133.0169,
            185.0179,
            187.0084,
            227.7167
        ],
        "ms2_inten": [
            1.0,
            0.06807407439715589,
            0.0442898542323604,
            0.21571816774337332,
            0.05052040640024672,
            0.1979222863362465,
            0.10506690420059105,
            0.1385231972644016,
            0.053479251987625424,
            0.05057941806627275,
            0.773410532796734,
            0.32189314462686897,
            0.09936221381542477,
            0.07662760310411178,
            0.059136316464522706
        ],
        "mono_mass": [
            57.9757,
            64.0067,
            65.0145,
            79.9574,
            80.9804,
            81.9757,
            90.0098,
            90.0349,
            105.022,
            116.0254,
            118.0298,
            133.0169,
            185.0179,
            187.0084,
            227.7167
        ],
        "abs_mass_diff": [
            0.0,
            0.0,
            0.0,
            0.0,
            0.0,
            0.0,
            0.0,
            0.0,
            0.0,
            0.0,
            0.0,
            0.0,
            0.0,
            0.0,
            0.0
        ],
        "mass_diff": [
            0.0,
            0.0,
            0.0,
            0.0,
            0.0,
            0.0,
            0.0,
            0.0,
            0.0,
            0.0,
            0.0,
            0.0,
            0.0,
            0.0,
            0.0
        ],
        "formula": [
            "C17H20N4O4S2",
            "C17H20N4O4S2",
            "C17H20N4O4S2",
            "C17H20N4O4S2",
            "C17H20N4O4S2",
            "C17H20N4O4S2",
            "C17H20N4O4S2",
            "C17H20N4O4S2",
            "C17H20N4O4S2",
            "C17H20N4O4S2",
            "C17H20N4O4S2",
            "C17H20N4O4S2",
            "C17H20N4O4S2",
            "C17H20N4O4S2",
            "C17H20N4O4S2"
        ],
        "ions": [
            "[M-H]-",
            "[M-H]-",
            "[M-H]-",
            "[M-H]-",
            "[M-H]-",
            "[M-H]-",
            "[M-H]-",
            "[M-H]-",
            "[M-H]-",
            "[M-H]-",
            "[M-H]-",
            "[M-H]-",
            "[M-H]-",
            "[M-H]-",
            "[M-H]-"
        ]
    }
}