{
    "cand_form": "C17H20N4O4S2",
    "cand_ion": "[M-H]-",
    "output_tbl": {
        "mz": [
            57.9757,
            64.0067,
            65.0145,
            79.9574,
            80.9804,
            81.9757,
            90.0098,
            90.0349,
            105.022,
            118.0298,
            133.0169
        ],
        "ms2_inten": [
            1.0,
            0.08757043606083986,
            0.05537981445999982,
            0.29934071619871316,
            0.06160190709350105,
            0.1631061479293587,
            0.07318950168545797,
            0.15607036307844113,
            0.04760013402824693,
            0.5031171340995254,
            0.1894928584687649
        ],
        "mono_mass": [
            57.9757,
            64.0067,
            65.0145,
            79.9574,
            80.9804,
            81.9757,
            90.0098,
            90.0349,
            105.022,
            118.0298,
            133.0169
        ],
        "abs_mass_diff": [
            0.0,
            0.0,
            0.0,
            0.0,
            0.0,
            0.0,
            0.0,
            0.0,
            0.0,
            0.0,
            0.0
        ],
        "mass_diff": [
            0.0,
            0.0,
            0.0,
            0.0,
            0.0,
            0.0,
            0.0,
            0.0,
            0.0,
            0.0,
            0.0
        ],
        "formula": [
            "C17H20N4O4S2",
            "C17H20N4O4S2",
            "C17H20N4O4S2",
            "C17H20N4O4S2",
            "C17H20N4O4S2",
            "C17H20N4O4S2",
            "C17H20N4O4S2",
            "C17H20N4O4S2",
            "C17H20N4O4S2",
            "C17H20N4O4S2",
            "C17H20N4O4S2"
        ],
        "ions": [
            "[M-H]-",
            "[M-H]-",
            "[M-H]-",
            "[M-H]-",
            "[M-H]-",
            "[M-H]-",
            "[M-H]-",
            "[M-H]-",
            "[M-H]-",
            "[M-H]-",
            "[M-H]-"
        ]
    }
}