{
    "cand_form": "C8HF15O2",
    "cand_ion": "[M-H]-",
    "output_tbl": {
        "mz": [
            118.9926,
            168.9894,
            227.7081,
            227.7327
        ],
        "ms2_inten": [
            0.6011532689202431,
            1.0,
            0.06476228130837706,
            0.07857917294219127
        ],
        "mono_mass": [
            118.9926,
            168.9894,
            227.7081,
            227.7327
        ],
        "abs_mass_diff": [
            0.0,
            0.0,
            0.0,
            0.0
        ],
        "mass_diff": [
            0.0,
            0.0,
            0.0,
            0.0
        ],
        "formula": [
            "C8HF15O2",
            "C8HF15O2",
            "C8HF15O2",
            "C8HF15O2"
        ],
        "ions": [
            "[M-H]-",
            "[M-H]-",
            "[M-H]-",
            "[M-H]-"
        ]
    }
}