{
    "cand_form": "C8HF15O2",
    "cand_ion": "[M-H]-",
    "output_tbl": {
        "mz": [
            72.1381,
            82.1324,
            93.4337,
            118.9926,
            168.3961,
            168.9894,
            209.5602,
            227.7166
        ],
        "ms2_inten": [
            0.20242794868387834,
            0.18667907098025638,
            0.1706417713910469,
            1.0,
            0.17646317667353803,
            0.4716838767969851,
            0.1863926047580656,
            0.3869203436973821
        ],
        "mono_mass": [
            72.1381,
            82.1324,
            93.4337,
            118.9926,
            168.3961,
            168.9894,
            209.5602,
            227.7166
        ],
        "abs_mass_diff": [
            0.0,
            0.0,
            0.0,
            0.0,
            0.0,
            0.0,
            0.0,
            0.0
        ],
        "mass_diff": [
            0.0,
            0.0,
            0.0,
            0.0,
            0.0,
            0.0,
            0.0,
            0.0
        ],
        "formula": [
            "C8HF15O2",
            "C8HF15O2",
            "C8HF15O2",
            "C8HF15O2",
            "C8HF15O2",
            "C8HF15O2",
            "C8HF15O2",
            "C8HF15O2"
        ],
        "ions": [
            "[M-H]-",
            "[M-H]-",
            "[M-H]-",
            "[M-H]-",
            "[M-H]-",
            "[M-H]-",
            "[M-H]-",
            "[M-H]-"
        ]
    }
}