{
    "cand_form": "C15H17FN4O3",
    "cand_ion": "[M+H]+",
    "output_tbl": {
        "mz": [
            0.0,
            51.0229,
            57.0135,
            63.0229,
            65.0386,
            75.0229,
            76.0182,
            77.0384,
            78.0464,
            79.0542,
            80.0495,
            81.0135,
            82.0088,
            89.0384,
            95.0491,
            100.0182,
            104.0495,
            105.0447,
            105.0573,
            106.0651,
            107.0292,
            108.0244,
            114.035,
            117.0573,
            123.0353,
            129.0447,
            131.0604,
            132.0682,
            140.0268,
            227.7467
        ],
        "ms2_inten": [
            0.1139197423386248,
            0.33592802125986326,
            0.1877871978969433,
            0.3680866672149662,
            0.12478183037401412,
            0.4242355490127017,
            0.2168171258212953,
            0.5227212948430253,
            0.21820679611082225,
            0.11458879010579547,
            0.13809956512764046,
            0.2760695489242416,
            0.1459620868346012,
            0.4470970174655538,
            0.5776462489038283,
            0.10551618049933356,
            1.0,
            0.18552232322452766,
            0.10793098593937445,
            0.20186035992628487,
            0.13457691135450167,
            0.14863477570514774,
            0.1105853842120739,
            0.11902887738559341,
            0.1840188206341742,
            0.11953325425831753,
            0.2293995293031223,
            0.14625272100701592,
            0.32342178274315403,
            0.09604251972656545
        ],
        "mono_mass": [
            0.0,
            51.0229,
            57.0135,
            63.0229,
            65.0386,
            75.0229,
            76.0182,
            77.0384,
            78.0464,
            79.0542,
            80.0495,
            81.0135,
            82.0088,
            89.0384,
            95.0491,
            100.0182,
            104.0495,
            105.0447,
            105.0573,
            106.0651,
            107.0292,
            108.0244,
            114.035,
            117.0573,
            123.0353,
            129.0447,
            131.0604,
            132.0682,
            140.0268,
            227.7467
        ],
        "abs_mass_diff": [
            0.0,
            0.0,
            0.0,
            0.0,
            0.0,
            0.0,
            0.0,
            0.0,
            0.0,
            0.0,
            0.0,
            0.0,
            0.0,
            0.0,
            0.0,
            0.0,
            0.0,
            0.0,
            0.0,
            0.0,
            0.0,
            0.0,
            0.0,
            0.0,
            0.0,
            0.0,
            0.0,
            0.0,
            0.0,
            0.0
        ],
        "mass_diff": [
            0.0,
            0.0,
            0.0,
            0.0,
            0.0,
            0.0,
            0.0,
            0.0,
            0.0,
            0.0,
            0.0,
            0.0,
            0.0,
            0.0,
            0.0,
            0.0,
            0.0,
            0.0,
            0.0,
            0.0,
            0.0,
            0.0,
            0.0,
            0.0,
            0.0,
            0.0,
            0.0,
            0.0,
            0.0,
            0.0
        ],
        "formula": [
            "C15H17FN4O3",
            "C15H17FN4O3",
            "C15H17FN4O3",
            "C15H17FN4O3",
            "C15H17FN4O3",
            "C15H17FN4O3",
            "C15H17FN4O3",
            "C15H17FN4O3",
            "C15H17FN4O3",
            "C15H17FN4O3",
            "C15H17FN4O3",
            "C15H17FN4O3",
            "C15H17FN4O3",
            "C15H17FN4O3",
            "C15H17FN4O3",
            "C15H17FN4O3",
            "C15H17FN4O3",
            "C15H17FN4O3",
            "C15H17FN4O3",
            "C15H17FN4O3",
            "C15H17FN4O3",
            "C15H17FN4O3",
            "C15H17FN4O3",
            "C15H17FN4O3",
            "C15H17FN4O3",
            "C15H17FN4O3",
            "C15H17FN4O3",
            "C15H17FN4O3",
            "C15H17FN4O3",
            "C15H17FN4O3"
        ],
        "ions": [
            "[M+H]+",
            "[M+H]+",
            "[M+H]+",
            "[M+H]+",
            "[M+H]+",
            "[M+H]+",
            "[M+H]+",
            "[M+H]+",
            "[M+H]+",
            "[M+H]+",
            "[M+H]+",
            "[M+H]+",
            "[M+H]+",
            "[M+H]+",
            "[M+H]+",
            "[M+H]+",
            "[M+H]+",
            "[M+H]+",
            "[M+H]+",
            "[M+H]+",
            "[M+H]+",
            "[M+H]+",
            "[M+H]+",
            "[M+H]+",
            "[M+H]+",
            "[M+H]+",
            "[M+H]+",
            "[M+H]+",
            "[M+H]+",
            "[M+H]+"
        ]
    }
}