{
    "cand_form": "C16H12FN3O3",
    "cand_ion": "[M+H]+",
    "output_tbl": {
        "mz": [
            73.0466,
            75.0436,
            91.0573,
            95.0853,
            105.0726,
            107.0524,
            109.0493,
            225.0434,
            227.0411,
            228.0423,
            243.0353,
            244.0383,
            268.2637,
            281.052,
            282.0499,
            283.0276,
            284.0323,
            285.1357,
            299.0621,
            300.0625,
            301.0595,
            313.0909,
            313.1654,
            313.3263,
            314.1694,
            315.1434,
            315.1866
        ],
        "ms2_inten": [
            0.22047498933833085,
            0.06732779580069541,
            0.12455320862067262,
            0.06914024270425627,
            0.057844769929803246,
            0.14325074698020107,
            0.05165068288488479,
            0.11496426627152033,
            0.33177957225663424,
            0.09160227529527996,
            0.14382470078410625,
            0.0536563149586056,
            0.11390340623561339,
            0.21037098481097263,
            0.08167044953842674,
            0.16589520356822812,
            0.09461105508585574,
            0.15423753623972475,
            1.0,
            0.5171037054257097,
            0.17667074952455514,
            0.10042923813694905,
            0.20788014175855551,
            0.05889383689923724,
            0.07469403994635923,
            0.06364143063458343,
            0.06465681365790407
        ],
        "mono_mass": [
            73.0466,
            75.0436,
            91.0573,
            95.0853,
            105.0726,
            107.0524,
            109.0493,
            225.0434,
            227.0411,
            228.0423,
            243.0353,
            244.0383,
            268.2637,
            281.052,
            282.0499,
            283.0276,
            284.0323,
            285.1357,
            299.0621,
            300.0625,
            301.0595,
            313.0909,
            313.1654,
            313.3263,
            314.1694,
            315.1434,
            315.1866
        ],
        "abs_mass_diff": [
            0.0,
            0.0,
            0.0,
            0.0,
            0.0,
            0.0,
            0.0,
            0.0,
            0.0,
            0.0,
            0.0,
            0.0,
            0.0,
            0.0,
            0.0,
            0.0,
            0.0,
            0.0,
            0.0,
            0.0,
            0.0,
            0.0,
            0.0,
            0.0,
            0.0,
            0.0,
            0.0
        ],
        "mass_diff": [
            0.0,
            0.0,
            0.0,
            0.0,
            0.0,
            0.0,
            0.0,
            0.0,
            0.0,
            0.0,
            0.0,
            0.0,
            0.0,
            0.0,
            0.0,
            0.0,
            0.0,
            0.0,
            0.0,
            0.0,
            0.0,
            0.0,
            0.0,
            0.0,
            0.0,
            0.0,
            0.0
        ],
        "formula": [
            "C16H12FN3O3",
            "C16H12FN3O3",
            "C16H12FN3O3",
            "C16H12FN3O3",
            "C16H12FN3O3",
            "C16H12FN3O3",
            "C16H12FN3O3",
            "C16H12FN3O3",
            "C16H12FN3O3",
            "C16H12FN3O3",
            "C16H12FN3O3",
            "C16H12FN3O3",
            "C16H12FN3O3",
            "C16H12FN3O3",
            "C16H12FN3O3",
            "C16H12FN3O3",
            "C16H12FN3O3",
            "C16H12FN3O3",
            "C16H12FN3O3",
            "C16H12FN3O3",
            "C16H12FN3O3",
            "C16H12FN3O3",
            "C16H12FN3O3",
            "C16H12FN3O3",
            "C16H12FN3O3",
            "C16H12FN3O3",
            "C16H12FN3O3"
        ],
        "ions": [
            "[M+H]+",
            "[M+H]+",
            "[M+H]+",
            "[M+H]+",
            "[M+H]+",
            "[M+H]+",
            "[M+H]+",
            "[M+H]+",
            "[M+H]+",
            "[M+H]+",
            "[M+H]+",
            "[M+H]+",
            "[M+H]+",
            "[M+H]+",
            "[M+H]+",
            "[M+H]+",
            "[M+H]+",
            "[M+H]+",
            "[M+H]+",
            "[M+H]+",
            "[M+H]+",
            "[M+H]+",
            "[M+H]+",
            "[M+H]+",
            "[M+H]+",
            "[M+H]+",
            "[M+H]+"
        ]
    }
}