{
    "cand_form": "C37H45NO12",
    "cand_ion": "[M+H]+",
    "output_tbl": {
        "mz": [
            79.054,
            81.0697,
            91.0543,
            93.0698,
            95.0492,
            95.0855,
            97.0648,
            105.0699,
            107.0855,
            109.0648,
            109.1011,
            111.0804,
            119.0855,
            121.0649,
            121.1008,
            123.0805,
            133.1009,
            135.0807,
            145.1011,
            151.0753,
            163.1118,
            272.0558,
            273.0617
        ],
        "ms2_inten": [
            0.11958003365983037,
            0.136843854552448,
            0.26998949902173486,
            0.2668150697658025,
            0.18784061901753596,
            1.0,
            0.09024442262434043,
            0.26844717981115096,
            0.3254487961419536,
            0.2840639370125196,
            0.07439019811641336,
            0.0773498122581394,
            0.1503935903423181,
            0.14480061550060855,
            0.10069647039172365,
            0.5007372426139736,
            0.11321574357538196,
            0.14115326390402694,
            0.1445052271195713,
            0.1440404582656031,
            0.19563930020806572,
            0.2361756354700902,
            0.06317278476672389
        ],
        "mono_mass": [
            79.054,
            81.0697,
            91.0543,
            93.0698,
            95.0492,
            95.0855,
            97.0648,
            105.0699,
            107.0855,
            109.0648,
            109.1011,
            111.0804,
            119.0855,
            121.0649,
            121.1008,
            123.0805,
            133.1009,
            135.0807,
            145.1011,
            151.0753,
            163.1118,
            272.0558,
            273.0617
        ],
        "abs_mass_diff": [
            0.0,
            0.0,
            0.0,
            0.0,
            0.0,
            0.0,
            0.0,
            0.0,
            0.0,
            0.0,
            0.0,
            0.0,
            0.0,
            0.0,
            0.0,
            0.0,
            0.0,
            0.0,
            0.0,
            0.0,
            0.0,
            0.0,
            0.0
        ],
        "mass_diff": [
            0.0,
            0.0,
            0.0,
            0.0,
            0.0,
            0.0,
            0.0,
            0.0,
            0.0,
            0.0,
            0.0,
            0.0,
            0.0,
            0.0,
            0.0,
            0.0,
            0.0,
            0.0,
            0.0,
            0.0,
            0.0,
            0.0,
            0.0
        ],
        "formula": [
            "C37H45NO12",
            "C37H45NO12",
            "C37H45NO12",
            "C37H45NO12",
            "C37H45NO12",
            "C37H45NO12",
            "C37H45NO12",
            "C37H45NO12",
            "C37H45NO12",
            "C37H45NO12",
            "C37H45NO12",
            "C37H45NO12",
            "C37H45NO12",
            "C37H45NO12",
            "C37H45NO12",
            "C37H45NO12",
            "C37H45NO12",
            "C37H45NO12",
            "C37H45NO12",
            "C37H45NO12",
            "C37H45NO12",
            "C37H45NO12",
            "C37H45NO12"
        ],
        "ions": [
            "[M+H]+",
            "[M+H]+",
            "[M+H]+",
            "[M+H]+",
            "[M+H]+",
            "[M+H]+",
            "[M+H]+",
            "[M+H]+",
            "[M+H]+",
            "[M+H]+",
            "[M+H]+",
            "[M+H]+",
            "[M+H]+",
            "[M+H]+",
            "[M+H]+",
            "[M+H]+",
            "[M+H]+",
            "[M+H]+",
            "[M+H]+",
            "[M+H]+",
            "[M+H]+",
            "[M+H]+",
            "[M+H]+"
        ]
    }
}