{
    "cand_form": "C37H45NO12",
    "cand_ion": "[M+H]+",
    "output_tbl": {
        "mz": [
            77.0386,
            79.0542,
            81.0696,
            89.0384,
            91.0542,
            93.0699,
            94.0413,
            95.0491,
            95.0852,
            103.0541,
            105.0447,
            105.0699,
            107.0492,
            108.057,
            109.0646,
            115.0542,
            117.0572,
            117.0697,
            119.0855,
            128.062,
            129.0694,
            133.0648,
            141.0701,
            227.7511
        ],
        "ms2_inten": [
            0.3851172752673953,
            0.460046215811615,
            0.10759284436599581,
            0.06073057574515288,
            1.0,
            0.08005862028200315,
            0.11592044822669666,
            0.3808149652846639,
            0.1489687779867187,
            0.14017637513885622,
            0.08428587764358754,
            0.2802903695137213,
            0.08166482624923382,
            0.07340238283709193,
            0.12552887111468536,
            0.28022315303159134,
            0.07939681755131295,
            0.08370190721861213,
            0.0651839876970228,
            0.14248740807442042,
            0.13524765533094688,
            0.05983916060125384,
            0.06967041679452875,
            0.07804957168622174
        ],
        "mono_mass": [
            77.0386,
            79.0542,
            81.0696,
            89.0384,
            91.0542,
            93.0699,
            94.0413,
            95.0491,
            95.0852,
            103.0541,
            105.0447,
            105.0699,
            107.0492,
            108.057,
            109.0646,
            115.0542,
            117.0572,
            117.0697,
            119.0855,
            128.062,
            129.0694,
            133.0648,
            141.0701,
            227.7511
        ],
        "abs_mass_diff": [
            0.0,
            0.0,
            0.0,
            0.0,
            0.0,
            0.0,
            0.0,
            0.0,
            0.0,
            0.0,
            0.0,
            0.0,
            0.0,
            0.0,
            0.0,
            0.0,
            0.0,
            0.0,
            0.0,
            0.0,
            0.0,
            0.0,
            0.0,
            0.0
        ],
        "mass_diff": [
            0.0,
            0.0,
            0.0,
            0.0,
            0.0,
            0.0,
            0.0,
            0.0,
            0.0,
            0.0,
            0.0,
            0.0,
            0.0,
            0.0,
            0.0,
            0.0,
            0.0,
            0.0,
            0.0,
            0.0,
            0.0,
            0.0,
            0.0,
            0.0
        ],
        "formula": [
            "C37H45NO12",
            "C37H45NO12",
            "C37H45NO12",
            "C37H45NO12",
            "C37H45NO12",
            "C37H45NO12",
            "C37H45NO12",
            "C37H45NO12",
            "C37H45NO12",
            "C37H45NO12",
            "C37H45NO12",
            "C37H45NO12",
            "C37H45NO12",
            "C37H45NO12",
            "C37H45NO12",
            "C37H45NO12",
            "C37H45NO12",
            "C37H45NO12",
            "C37H45NO12",
            "C37H45NO12",
            "C37H45NO12",
            "C37H45NO12",
            "C37H45NO12",
            "C37H45NO12"
        ],
        "ions": [
            "[M+H]+",
            "[M+H]+",
            "[M+H]+",
            "[M+H]+",
            "[M+H]+",
            "[M+H]+",
            "[M+H]+",
            "[M+H]+",
            "[M+H]+",
            "[M+H]+",
            "[M+H]+",
            "[M+H]+",
            "[M+H]+",
            "[M+H]+",
            "[M+H]+",
            "[M+H]+",
            "[M+H]+",
            "[M+H]+",
            "[M+H]+",
            "[M+H]+",
            "[M+H]+",
            "[M+H]+",
            "[M+H]+",
            "[M+H]+"
        ]
    }
}