{
    "cand_form": "C37H45NO12",
    "cand_ion": "[M+H]+",
    "output_tbl": {
        "mz": [
            77.0386,
            79.0542,
            89.0386,
            91.0542,
            94.0413,
            95.0491,
            103.0542,
            105.0699,
            107.0491,
            115.0542,
            128.0621,
            227.7358
        ],
        "ms2_inten": [
            0.5773840336819224,
            0.43136882368500895,
            0.14264755338198323,
            1.0,
            0.16233032080229068,
            0.4420096241561974,
            0.1595674277362306,
            0.17631174498172986,
            0.12036681152538226,
            0.4106106682075078,
            0.1975191591873763,
            0.09202562763156841
        ],
        "mono_mass": [
            77.0386,
            79.0542,
            89.0386,
            91.0542,
            94.0413,
            95.0491,
            103.0542,
            105.0699,
            107.0491,
            115.0542,
            128.0621,
            227.7358
        ],
        "abs_mass_diff": [
            0.0,
            0.0,
            0.0,
            0.0,
            0.0,
            0.0,
            0.0,
            0.0,
            0.0,
            0.0,
            0.0,
            0.0
        ],
        "mass_diff": [
            0.0,
            0.0,
            0.0,
            0.0,
            0.0,
            0.0,
            0.0,
            0.0,
            0.0,
            0.0,
            0.0,
            0.0
        ],
        "formula": [
            "C37H45NO12",
            "C37H45NO12",
            "C37H45NO12",
            "C37H45NO12",
            "C37H45NO12",
            "C37H45NO12",
            "C37H45NO12",
            "C37H45NO12",
            "C37H45NO12",
            "C37H45NO12",
            "C37H45NO12",
            "C37H45NO12"
        ],
        "ions": [
            "[M+H]+",
            "[M+H]+",
            "[M+H]+",
            "[M+H]+",
            "[M+H]+",
            "[M+H]+",
            "[M+H]+",
            "[M+H]+",
            "[M+H]+",
            "[M+H]+",
            "[M+H]+",
            "[M+H]+"
        ]
    }
}