{
    "cand_form": "C36H62O11",
    "cand_ion": "[M-H]-",
    "output_tbl": {
        "mz": [
            71.0502,
            81.0346,
            85.0295,
            95.0502,
            109.0659,
            227.7074,
            227.7379
        ],
        "ms2_inten": [
            0.9126027228981982,
            0.4716450339248716,
            0.5130450520231377,
            1.0,
            0.5980473565044278,
            0.6427927406260594,
            0.3935557044468753
        ],
        "mono_mass": [
            71.0502,
            81.0346,
            85.0295,
            95.0502,
            109.0659,
            227.7074,
            227.7379
        ],
        "abs_mass_diff": [
            0.0,
            0.0,
            0.0,
            0.0,
            0.0,
            0.0,
            0.0
        ],
        "mass_diff": [
            0.0,
            0.0,
            0.0,
            0.0,
            0.0,
            0.0,
            0.0
        ],
        "formula": [
            "C36H62O11",
            "C36H62O11",
            "C36H62O11",
            "C36H62O11",
            "C36H62O11",
            "C36H62O11",
            "C36H62O11"
        ],
        "ions": [
            "[M-H]-",
            "[M-H]-",
            "[M-H]-",
            "[M-H]-",
            "[M-H]-",
            "[M-H]-",
            "[M-H]-"
        ]
    }
}