{
    "cand_form": "C22H32O3",
    "cand_ion": "[M+H]+",
    "output_tbl": {
        "mz": [
            57.0335,
            79.0542,
            81.0699,
            91.0542,
            93.0699,
            95.0855,
            97.0648,
            105.0699,
            109.0648,
            119.0854,
            123.0805
        ],
        "ms2_inten": [
            0.1368568413518829,
            0.14527962309705367,
            0.16827607319288612,
            0.062219632919911755,
            0.0926423585441243,
            0.07098397387434162,
            1.0,
            0.09893908357348849,
            0.9489440427560563,
            0.07538314069786242,
            0.1279624407106164
        ],
        "mono_mass": [
            57.0335,
            79.0542,
            81.0699,
            91.0542,
            93.0699,
            95.0855,
            97.0648,
            105.0699,
            109.0648,
            119.0854,
            123.0805
        ],
        "abs_mass_diff": [
            0.0,
            0.0,
            0.0,
            0.0,
            0.0,
            0.0,
            0.0,
            0.0,
            0.0,
            0.0,
            0.0
        ],
        "mass_diff": [
            0.0,
            0.0,
            0.0,
            0.0,
            0.0,
            0.0,
            0.0,
            0.0,
            0.0,
            0.0,
            0.0
        ],
        "formula": [
            "C22H32O3",
            "C22H32O3",
            "C22H32O3",
            "C22H32O3",
            "C22H32O3",
            "C22H32O3",
            "C22H32O3",
            "C22H32O3",
            "C22H32O3",
            "C22H32O3",
            "C22H32O3"
        ],
        "ions": [
            "[M+H]+",
            "[M+H]+",
            "[M+H]+",
            "[M+H]+",
            "[M+H]+",
            "[M+H]+",
            "[M+H]+",
            "[M+H]+",
            "[M+H]+",
            "[M+H]+",
            "[M+H]+"
        ]
    }
}