{
    "cand_form": "C12H14N4O4S",
    "cand_ion": "[M+H]+",
    "output_tbl": {
        "mz": [
            53.0386,
            65.0386,
            66.0338,
            67.0291,
            68.0131,
            69.0083,
            80.0495,
            82.0287
        ],
        "ms2_inten": [
            0.11189339286133906,
            1.0,
            0.03566394151465126,
            0.16725672081118612,
            0.1027141676243694,
            0.04181439981741241,
            0.36402066924918813,
            0.053321625769666876
        ],
        "mono_mass": [
            53.0386,
            65.0386,
            66.0338,
            67.0291,
            68.0131,
            69.0083,
            80.0495,
            82.0287
        ],
        "abs_mass_diff": [
            0.0,
            0.0,
            0.0,
            0.0,
            0.0,
            0.0,
            0.0,
            0.0
        ],
        "mass_diff": [
            0.0,
            0.0,
            0.0,
            0.0,
            0.0,
            0.0,
            0.0,
            0.0
        ],
        "formula": [
            "C12H14N4O4S",
            "C12H14N4O4S",
            "C12H14N4O4S",
            "C12H14N4O4S",
            "C12H14N4O4S",
            "C12H14N4O4S",
            "C12H14N4O4S",
            "C12H14N4O4S"
        ],
        "ions": [
            "[M+H]+",
            "[M+H]+",
            "[M+H]+",
            "[M+H]+",
            "[M+H]+",
            "[M+H]+",
            "[M+H]+",
            "[M+H]+"
        ]
    }
}