{
    "cand_form": "C23H32N6O4S2",
    "cand_ion": "[M+H]+",
    "output_tbl": {
        "mz": [
            0.0,
            58.0651,
            70.0651,
            83.0604,
            84.0682,
            88.0757,
            99.0917,
            100.0757,
            227.0386,
            241.0549,
            269.0498
        ],
        "ms2_inten": [
            0.20984041316784022,
            0.19083365175219255,
            0.4927719151634435,
            0.04494427664146725,
            0.17530190226241893,
            0.12369153058419541,
            1.0,
            0.05779665707663985,
            0.051146311383349734,
            0.07086839401859306,
            0.07519178948420613
        ],
        "mono_mass": [
            0.0,
            58.0651,
            70.0651,
            83.0604,
            84.0682,
            88.0757,
            99.0917,
            100.0757,
            227.0386,
            241.0549,
            269.0498
        ],
        "abs_mass_diff": [
            0.0,
            0.0,
            0.0,
            0.0,
            0.0,
            0.0,
            0.0,
            0.0,
            0.0,
            0.0,
            0.0
        ],
        "mass_diff": [
            0.0,
            0.0,
            0.0,
            0.0,
            0.0,
            0.0,
            0.0,
            0.0,
            0.0,
            0.0,
            0.0
        ],
        "formula": [
            "C23H32N6O4S2",
            "C23H32N6O4S2",
            "C23H32N6O4S2",
            "C23H32N6O4S2",
            "C23H32N6O4S2",
            "C23H32N6O4S2",
            "C23H32N6O4S2",
            "C23H32N6O4S2",
            "C23H32N6O4S2",
            "C23H32N6O4S2",
            "C23H32N6O4S2"
        ],
        "ions": [
            "[M+H]+",
            "[M+H]+",
            "[M+H]+",
            "[M+H]+",
            "[M+H]+",
            "[M+H]+",
            "[M+H]+",
            "[M+H]+",
            "[M+H]+",
            "[M+H]+",
            "[M+H]+"
        ]
    }
}