{
    "cand_form": "C27H36N2O4",
    "cand_ion": "[M+H]+",
    "output_tbl": {
        "mz": [
            51.0229,
            63.0229,
            65.0386,
            65.0426,
            77.0386,
            79.0542,
            89.0386,
            90.0464,
            90.0529,
            91.0542,
            94.0413,
            95.0491,
            102.0464,
            103.0542,
            105.0447,
            115.0542,
            116.0495,
            116.0621,
            117.0573,
            117.0699,
            118.0651,
            128.0495,
            128.0621,
            130.0525,
            130.0651,
            142.0651,
            143.073,
            144.0808,
            227.7257,
            227.7557
        ],
        "ms2_inten": [
            0.1195734502671391,
            0.06265049883799081,
            0.7716926672162665,
            0.06994194542715895,
            0.32815881586362217,
            0.11215798248179858,
            0.5294237676278415,
            0.4989123468992846,
            0.05948711870536047,
            1.0,
            0.1304260908651745,
            0.39546947241150787,
            0.08188033043159727,
            0.40790896533733023,
            0.12551017299897566,
            0.29496870131853187,
            0.052572744196690606,
            0.04736687076841006,
            0.5148761779719297,
            0.06354910333348825,
            0.10708394076350115,
            0.06885059697709683,
            0.0520890976552447,
            0.0573376457783587,
            0.96678758643798,
            0.056057790577474245,
            0.18500203659147615,
            0.254710677089537,
            0.0720901540272376,
            0.06427400688340582
        ],
        "mono_mass": [
            51.0229,
            63.0229,
            65.0386,
            65.0426,
            77.0386,
            79.0542,
            89.0386,
            90.0464,
            90.0529,
            91.0542,
            94.0413,
            95.0491,
            102.0464,
            103.0542,
            105.0447,
            115.0542,
            116.0495,
            116.0621,
            117.0573,
            117.0699,
            118.0651,
            128.0495,
            128.0621,
            130.0525,
            130.0651,
            142.0651,
            143.073,
            144.0808,
            227.7257,
            227.7557
        ],
        "abs_mass_diff": [
            0.0,
            0.0,
            0.0,
            0.0,
            0.0,
            0.0,
            0.0,
            0.0,
            0.0,
            0.0,
            0.0,
            0.0,
            0.0,
            0.0,
            0.0,
            0.0,
            0.0,
            0.0,
            0.0,
            0.0,
            0.0,
            0.0,
            0.0,
            0.0,
            0.0,
            0.0,
            0.0,
            0.0,
            0.0,
            0.0
        ],
        "mass_diff": [
            0.0,
            0.0,
            0.0,
            0.0,
            0.0,
            0.0,
            0.0,
            0.0,
            0.0,
            0.0,
            0.0,
            0.0,
            0.0,
            0.0,
            0.0,
            0.0,
            0.0,
            0.0,
            0.0,
            0.0,
            0.0,
            0.0,
            0.0,
            0.0,
            0.0,
            0.0,
            0.0,
            0.0,
            0.0,
            0.0
        ],
        "formula": [
            "C27H36N2O4",
            "C27H36N2O4",
            "C27H36N2O4",
            "C27H36N2O4",
            "C27H36N2O4",
            "C27H36N2O4",
            "C27H36N2O4",
            "C27H36N2O4",
            "C27H36N2O4",
            "C27H36N2O4",
            "C27H36N2O4",
            "C27H36N2O4",
            "C27H36N2O4",
            "C27H36N2O4",
            "C27H36N2O4",
            "C27H36N2O4",
            "C27H36N2O4",
            "C27H36N2O4",
            "C27H36N2O4",
            "C27H36N2O4",
            "C27H36N2O4",
            "C27H36N2O4",
            "C27H36N2O4",
            "C27H36N2O4",
            "C27H36N2O4",
            "C27H36N2O4",
            "C27H36N2O4",
            "C27H36N2O4",
            "C27H36N2O4",
            "C27H36N2O4"
        ],
        "ions": [
            "[M+H]+",
            "[M+H]+",
            "[M+H]+",
            "[M+H]+",
            "[M+H]+",
            "[M+H]+",
            "[M+H]+",
            "[M+H]+",
            "[M+H]+",
            "[M+H]+",
            "[M+H]+",
            "[M+H]+",
            "[M+H]+",
            "[M+H]+",
            "[M+H]+",
            "[M+H]+",
            "[M+H]+",
            "[M+H]+",
            "[M+H]+",
            "[M+H]+",
            "[M+H]+",
            "[M+H]+",
            "[M+H]+",
            "[M+H]+",
            "[M+H]+",
            "[M+H]+",
            "[M+H]+",
            "[M+H]+",
            "[M+H]+",
            "[M+H]+"
        ]
    }
}