{
    "cand_form": "C10H9ClN4O2S",
    "cand_ion": "[M-H]-",
    "output_tbl": {
        "mz": [
            0.0,
            64.0067,
            65.0145,
            74.1598,
            74.8311,
            91.0427,
            107.0377,
            227.7267
        ],
        "ms2_inten": [
            0.8013799826532785,
            0.47027814746709,
            1.0,
            0.1567839306777398,
            0.17668848213098806,
            0.8770067936375713,
            0.18919483865541406,
            0.22936852920781842
        ],
        "mono_mass": [
            0.0,
            64.0067,
            65.0145,
            74.1598,
            74.8311,
            91.0427,
            107.0377,
            227.7267
        ],
        "abs_mass_diff": [
            0.0,
            0.0,
            0.0,
            0.0,
            0.0,
            0.0,
            0.0,
            0.0
        ],
        "mass_diff": [
            0.0,
            0.0,
            0.0,
            0.0,
            0.0,
            0.0,
            0.0,
            0.0
        ],
        "formula": [
            "C10H9ClN4O2S",
            "C10H9ClN4O2S",
            "C10H9ClN4O2S",
            "C10H9ClN4O2S",
            "C10H9ClN4O2S",
            "C10H9ClN4O2S",
            "C10H9ClN4O2S",
            "C10H9ClN4O2S"
        ],
        "ions": [
            "[M-H]-",
            "[M-H]-",
            "[M-H]-",
            "[M-H]-",
            "[M-H]-",
            "[M-H]-",
            "[M-H]-",
            "[M-H]-"
        ]
    }
}