{
    "cand_form": "C23H32N6O5S",
    "cand_ion": "[M+H]+",
    "output_tbl": {
        "mz": [
            56.0495,
            58.0651,
            70.0651,
            71.073,
            72.0766,
            72.0808,
            84.0682,
            84.0808,
            88.0757,
            99.0917,
            100.095,
            113.1073,
            151.0866,
            166.0975,
            169.0972,
            254.0798,
            255.1247,
            256.1278,
            283.119,
            284.1241,
            285.1294,
            299.1139,
            300.1177,
            312.1574
        ],
        "ms2_inten": [
            0.15681187898182578,
            0.12204006404570905,
            0.2974525570800195,
            0.3101826844776728,
            0.05372021536786277,
            0.05589254505254707,
            0.04892025019734908,
            0.07820713225126516,
            0.045528908432100654,
            1.0,
            0.09701559325740361,
            0.07366538052917057,
            0.04597444004247668,
            0.07321938363939716,
            0.557468238657423,
            0.05883061162887753,
            0.12329484614165813,
            0.09466857109955243,
            0.1753445921531128,
            0.22195248018429053,
            0.06259361192989668,
            0.19340819069542572,
            0.11916673777409838,
            0.07963230963280399
        ],
        "mono_mass": [
            56.0495,
            58.0651,
            70.0651,
            71.073,
            72.0766,
            72.0808,
            84.0682,
            84.0808,
            88.0757,
            99.0917,
            100.095,
            113.1073,
            151.0866,
            166.0975,
            169.0972,
            254.0798,
            255.1247,
            256.1278,
            283.119,
            284.1241,
            285.1294,
            299.1139,
            300.1177,
            312.1574
        ],
        "abs_mass_diff": [
            0.0,
            0.0,
            0.0,
            0.0,
            0.0,
            0.0,
            0.0,
            0.0,
            0.0,
            0.0,
            0.0,
            0.0,
            0.0,
            0.0,
            0.0,
            0.0,
            0.0,
            0.0,
            0.0,
            0.0,
            0.0,
            0.0,
            0.0,
            0.0
        ],
        "mass_diff": [
            0.0,
            0.0,
            0.0,
            0.0,
            0.0,
            0.0,
            0.0,
            0.0,
            0.0,
            0.0,
            0.0,
            0.0,
            0.0,
            0.0,
            0.0,
            0.0,
            0.0,
            0.0,
            0.0,
            0.0,
            0.0,
            0.0,
            0.0,
            0.0
        ],
        "formula": [
            "C23H32N6O5S",
            "C23H32N6O5S",
            "C23H32N6O5S",
            "C23H32N6O5S",
            "C23H32N6O5S",
            "C23H32N6O5S",
            "C23H32N6O5S",
            "C23H32N6O5S",
            "C23H32N6O5S",
            "C23H32N6O5S",
            "C23H32N6O5S",
            "C23H32N6O5S",
            "C23H32N6O5S",
            "C23H32N6O5S",
            "C23H32N6O5S",
            "C23H32N6O5S",
            "C23H32N6O5S",
            "C23H32N6O5S",
            "C23H32N6O5S",
            "C23H32N6O5S",
            "C23H32N6O5S",
            "C23H32N6O5S",
            "C23H32N6O5S",
            "C23H32N6O5S"
        ],
        "ions": [
            "[M+H]+",
            "[M+H]+",
            "[M+H]+",
            "[M+H]+",
            "[M+H]+",
            "[M+H]+",
            "[M+H]+",
            "[M+H]+",
            "[M+H]+",
            "[M+H]+",
            "[M+H]+",
            "[M+H]+",
            "[M+H]+",
            "[M+H]+",
            "[M+H]+",
            "[M+H]+",
            "[M+H]+",
            "[M+H]+",
            "[M+H]+",
            "[M+H]+",
            "[M+H]+",
            "[M+H]+",
            "[M+H]+",
            "[M+H]+"
        ]
    }
}