{
    "cand_form": "C15H14ClN3O4S",
    "cand_ion": "[M+H]+",
    "output_tbl": {
        "mz": [
            0.0,
            53.0386,
            55.9344,
            57.0699,
            58.995,
            63.0229,
            65.0386,
            67.0417,
            77.0386,
            78.0464,
            79.0417,
            79.0542,
            80.0495,
            89.0386,
            90.0464,
            91.0542,
            95.0491,
            96.0444,
            104.0495,
            105.0466,
            105.0573,
            106.0651,
            116.0495,
            117.0573,
            131.0604,
            132.0682,
            133.0733,
            185.973
        ],
        "ms2_inten": [
            0.09722224353904703,
            0.05922250621105279,
            0.0598383492796582,
            0.05095288764895618,
            0.05169957338821235,
            0.1704100533653919,
            0.17378872137275286,
            0.08253448227851959,
            0.20561709174729725,
            0.20484946679556157,
            0.09851159473261503,
            0.18351997370648837,
            0.12348604560450849,
            0.5095864867312266,
            0.13085626469444867,
            0.12494970751976454,
            0.2907714970616036,
            0.04236605646220275,
            1.0,
            0.11444655468828968,
            0.25588496018589635,
            0.15857336869831112,
            0.056201065553767623,
            0.13057714828097836,
            0.12168154593219072,
            0.16182239995825315,
            0.04389549600828447,
            0.0867616817235318
        ],
        "mono_mass": [
            0.0,
            53.0386,
            55.9344,
            57.0699,
            58.995,
            63.0229,
            65.0386,
            67.0417,
            77.0386,
            78.0464,
            79.0417,
            79.0542,
            80.0495,
            89.0386,
            90.0464,
            91.0542,
            95.0491,
            96.0444,
            104.0495,
            105.0466,
            105.0573,
            106.0651,
            116.0495,
            117.0573,
            131.0604,
            132.0682,
            133.0733,
            185.973
        ],
        "abs_mass_diff": [
            0.0,
            0.0,
            0.0,
            0.0,
            0.0,
            0.0,
            0.0,
            0.0,
            0.0,
            0.0,
            0.0,
            0.0,
            0.0,
            0.0,
            0.0,
            0.0,
            0.0,
            0.0,
            0.0,
            0.0,
            0.0,
            0.0,
            0.0,
            0.0,
            0.0,
            0.0,
            0.0,
            0.0
        ],
        "mass_diff": [
            0.0,
            0.0,
            0.0,
            0.0,
            0.0,
            0.0,
            0.0,
            0.0,
            0.0,
            0.0,
            0.0,
            0.0,
            0.0,
            0.0,
            0.0,
            0.0,
            0.0,
            0.0,
            0.0,
            0.0,
            0.0,
            0.0,
            0.0,
            0.0,
            0.0,
            0.0,
            0.0,
            0.0
        ],
        "formula": [
            "C15H14ClN3O4S",
            "C15H14ClN3O4S",
            "C15H14ClN3O4S",
            "C15H14ClN3O4S",
            "C15H14ClN3O4S",
            "C15H14ClN3O4S",
            "C15H14ClN3O4S",
            "C15H14ClN3O4S",
            "C15H14ClN3O4S",
            "C15H14ClN3O4S",
            "C15H14ClN3O4S",
            "C15H14ClN3O4S",
            "C15H14ClN3O4S",
            "C15H14ClN3O4S",
            "C15H14ClN3O4S",
            "C15H14ClN3O4S",
            "C15H14ClN3O4S",
            "C15H14ClN3O4S",
            "C15H14ClN3O4S",
            "C15H14ClN3O4S",
            "C15H14ClN3O4S",
            "C15H14ClN3O4S",
            "C15H14ClN3O4S",
            "C15H14ClN3O4S",
            "C15H14ClN3O4S",
            "C15H14ClN3O4S",
            "C15H14ClN3O4S",
            "C15H14ClN3O4S"
        ],
        "ions": [
            "[M+H]+",
            "[M+H]+",
            "[M+H]+",
            "[M+H]+",
            "[M+H]+",
            "[M+H]+",
            "[M+H]+",
            "[M+H]+",
            "[M+H]+",
            "[M+H]+",
            "[M+H]+",
            "[M+H]+",
            "[M+H]+",
            "[M+H]+",
            "[M+H]+",
            "[M+H]+",
            "[M+H]+",
            "[M+H]+",
            "[M+H]+",
            "[M+H]+",
            "[M+H]+",
            "[M+H]+",
            "[M+H]+",
            "[M+H]+",
            "[M+H]+",
            "[M+H]+",
            "[M+H]+",
            "[M+H]+"
        ]
    }
}