{
    "cand_form": "C24H32N6O3",
    "cand_ion": "[M+H]+",
    "output_tbl": {
        "mz": [
            69.0447,
            70.0651,
            79.0178,
            84.0808,
            97.076,
            119.0128,
            147.0077,
            154.0611,
            158.0713,
            165.0169,
            166.0975,
            179.0352,
            184.1081,
            186.0648,
            198.1237,
            211.0614,
            212.0693,
            213.0771,
            225.0771,
            226.0849,
            227.0927,
            239.0927,
            240.1006,
            254.0798,
            255.0877,
            255.124,
            256.1278,
            283.119,
            311.1139
        ],
        "ms2_inten": [
            0.4237873081497423,
            0.11672012913154882,
            0.09980551536775696,
            0.10804439146376835,
            0.3639091329561115,
            0.06532759509491472,
            0.1832952577182026,
            0.07904537549276533,
            0.05443878114697407,
            0.812624585751037,
            1.0,
            0.07069060836890168,
            0.08913464228282714,
            0.07677789980709857,
            0.11183815629821463,
            0.07583101752931706,
            0.1470089873361239,
            0.10354417393479451,
            0.20066806494462666,
            0.32411076987236587,
            0.11853055102191422,
            0.0606514933771652,
            0.06809478138552655,
            0.18169584858610457,
            0.05149205032427692,
            0.71910160748334,
            0.07500632046093832,
            0.19767729630363784,
            0.2128387198570058
        ],
        "mono_mass": [
            69.0447,
            70.0651,
            79.0178,
            84.0808,
            97.076,
            119.0128,
            147.0077,
            154.0611,
            158.0713,
            165.0169,
            166.0975,
            179.0352,
            184.1081,
            186.0648,
            198.1237,
            211.0614,
            212.0693,
            213.0771,
            225.0771,
            226.0849,
            227.0927,
            239.0927,
            240.1006,
            254.0798,
            255.0877,
            255.124,
            256.1278,
            283.119,
            311.1139
        ],
        "abs_mass_diff": [
            0.0,
            0.0,
            0.0,
            0.0,
            0.0,
            0.0,
            0.0,
            0.0,
            0.0,
            0.0,
            0.0,
            0.0,
            0.0,
            0.0,
            0.0,
            0.0,
            0.0,
            0.0,
            0.0,
            0.0,
            0.0,
            0.0,
            0.0,
            0.0,
            0.0,
            0.0,
            0.0,
            0.0,
            0.0
        ],
        "mass_diff": [
            0.0,
            0.0,
            0.0,
            0.0,
            0.0,
            0.0,
            0.0,
            0.0,
            0.0,
            0.0,
            0.0,
            0.0,
            0.0,
            0.0,
            0.0,
            0.0,
            0.0,
            0.0,
            0.0,
            0.0,
            0.0,
            0.0,
            0.0,
            0.0,
            0.0,
            0.0,
            0.0,
            0.0,
            0.0
        ],
        "formula": [
            "C24H32N6O3",
            "C24H32N6O3",
            "C24H32N6O3",
            "C24H32N6O3",
            "C24H32N6O3",
            "C24H32N6O3",
            "C24H32N6O3",
            "C24H32N6O3",
            "C24H32N6O3",
            "C24H32N6O3",
            "C24H32N6O3",
            "C24H32N6O3",
            "C24H32N6O3",
            "C24H32N6O3",
            "C24H32N6O3",
            "C24H32N6O3",
            "C24H32N6O3",
            "C24H32N6O3",
            "C24H32N6O3",
            "C24H32N6O3",
            "C24H32N6O3",
            "C24H32N6O3",
            "C24H32N6O3",
            "C24H32N6O3",
            "C24H32N6O3",
            "C24H32N6O3",
            "C24H32N6O3",
            "C24H32N6O3",
            "C24H32N6O3"
        ],
        "ions": [
            "[M+H]+",
            "[M+H]+",
            "[M+H]+",
            "[M+H]+",
            "[M+H]+",
            "[M+H]+",
            "[M+H]+",
            "[M+H]+",
            "[M+H]+",
            "[M+H]+",
            "[M+H]+",
            "[M+H]+",
            "[M+H]+",
            "[M+H]+",
            "[M+H]+",
            "[M+H]+",
            "[M+H]+",
            "[M+H]+",
            "[M+H]+",
            "[M+H]+",
            "[M+H]+",
            "[M+H]+",
            "[M+H]+",
            "[M+H]+",
            "[M+H]+",
            "[M+H]+",
            "[M+H]+",
            "[M+H]+",
            "[M+H]+"
        ]
    }
}