{
    "cand_form": "C11H17NO",
    "cand_ion": "[M+H]+",
    "output_tbl": {
        "mz": [
            0.0,
            44.0495,
            46.0651,
            56.0495,
            57.0335,
            91.0542,
            93.0699,
            115.0542,
            117.0699,
            118.0736,
            132.0808,
            135.0804,
            146.0964,
            147.1043,
            148.1073,
            162.1277,
            163.1309
        ],
        "ms2_inten": [
            0.29703897642547716,
            0.08116075258793994,
            1.0,
            0.026932919246382227,
            0.37187172142425706,
            0.153672755753327,
            0.09766677819446692,
            0.19014121723089833,
            0.6392417434516563,
            0.05123541561344788,
            0.02204449767265232,
            0.07062932280793953,
            0.18454771562420919,
            0.6050038003389647,
            0.035056609862768866,
            0.5464786932028304,
            0.044407439020961316
        ],
        "mono_mass": [
            0.0,
            44.0495,
            46.0651,
            56.0495,
            57.0335,
            91.0542,
            93.0699,
            115.0542,
            117.0699,
            118.0736,
            132.0808,
            135.0804,
            146.0964,
            147.1043,
            148.1073,
            162.1277,
            163.1309
        ],
        "abs_mass_diff": [
            0.0,
            0.0,
            0.0,
            0.0,
            0.0,
            0.0,
            0.0,
            0.0,
            0.0,
            0.0,
            0.0,
            0.0,
            0.0,
            0.0,
            0.0,
            0.0,
            0.0
        ],
        "mass_diff": [
            0.0,
            0.0,
            0.0,
            0.0,
            0.0,
            0.0,
            0.0,
            0.0,
            0.0,
            0.0,
            0.0,
            0.0,
            0.0,
            0.0,
            0.0,
            0.0,
            0.0
        ],
        "formula": [
            "C11H17NO",
            "C11H17NO",
            "C11H17NO",
            "C11H17NO",
            "C11H17NO",
            "C11H17NO",
            "C11H17NO",
            "C11H17NO",
            "C11H17NO",
            "C11H17NO",
            "C11H17NO",
            "C11H17NO",
            "C11H17NO",
            "C11H17NO",
            "C11H17NO",
            "C11H17NO",
            "C11H17NO"
        ],
        "ions": [
            "[M+H]+",
            "[M+H]+",
            "[M+H]+",
            "[M+H]+",
            "[M+H]+",
            "[M+H]+",
            "[M+H]+",
            "[M+H]+",
            "[M+H]+",
            "[M+H]+",
            "[M+H]+",
            "[M+H]+",
            "[M+H]+",
            "[M+H]+",
            "[M+H]+",
            "[M+H]+",
            "[M+H]+"
        ]
    }
}