{
    "cand_form": "C38H69NO13",
    "cand_ion": "[M+H]+",
    "output_tbl": {
        "mz": [
            83.0491,
            88.0757,
            98.0964,
            113.0595,
            116.0706,
            116.107,
            127.0754,
            158.1175,
            159.1216,
            558.3637,
            559.3682,
            590.3898,
            591.393,
            748.4849,
            749.4916
        ],
        "ms2_inten": [
            0.6045288603826066,
            0.03775379850553208,
            0.1609778430940149,
            0.034008348902100194,
            0.14672291415228575,
            0.1655613665417179,
            0.04038796571026295,
            1.0,
            0.0439191026002595,
            0.14881279502698688,
            0.036016919070958886,
            0.4696200889122477,
            0.11264972736800925,
            0.1279499727668825,
            0.03997179535877562
        ],
        "mono_mass": [
            83.0491,
            88.0757,
            98.0964,
            113.0595,
            116.0706,
            116.107,
            127.0754,
            158.1175,
            159.1216,
            558.3637,
            559.3682,
            590.3898,
            591.393,
            748.4849,
            749.4916
        ],
        "abs_mass_diff": [
            0.0,
            0.0,
            0.0,
            0.0,
            0.0,
            0.0,
            0.0,
            0.0,
            0.0,
            0.0,
            0.0,
            0.0,
            0.0,
            0.0,
            0.0
        ],
        "mass_diff": [
            0.0,
            0.0,
            0.0,
            0.0,
            0.0,
            0.0,
            0.0,
            0.0,
            0.0,
            0.0,
            0.0,
            0.0,
            0.0,
            0.0,
            0.0
        ],
        "formula": [
            "C38H69NO13",
            "C38H69NO13",
            "C38H69NO13",
            "C38H69NO13",
            "C38H69NO13",
            "C38H69NO13",
            "C38H69NO13",
            "C38H69NO13",
            "C38H69NO13",
            "C38H69NO13",
            "C38H69NO13",
            "C38H69NO13",
            "C38H69NO13",
            "C38H69NO13",
            "C38H69NO13"
        ],
        "ions": [
            "[M+H]+",
            "[M+H]+",
            "[M+H]+",
            "[M+H]+",
            "[M+H]+",
            "[M+H]+",
            "[M+H]+",
            "[M+H]+",
            "[M+H]+",
            "[M+H]+",
            "[M+H]+",
            "[M+H]+",
            "[M+H]+",
            "[M+H]+",
            "[M+H]+"
        ]
    }
}