{
    "cand_form": "C22H30N6O4S",
    "cand_ion": "[M+H]+",
    "output_tbl": {
        "mz": [
            56.0495,
            58.0651,
            58.995,
            70.0651,
            83.0604,
            86.0059
        ],
        "ms2_inten": [
            0.11195932856108229,
            1.0,
            0.025066851445966213,
            0.051770603516339005,
            0.022495692737232488,
            0.02508727910591665
        ],
        "mono_mass": [
            56.0495,
            58.0651,
            58.995,
            70.0651,
            83.0604,
            86.0059
        ],
        "abs_mass_diff": [
            0.0,
            0.0,
            0.0,
            0.0,
            0.0,
            0.0
        ],
        "mass_diff": [
            0.0,
            0.0,
            0.0,
            0.0,
            0.0,
            0.0
        ],
        "formula": [
            "C22H30N6O4S",
            "C22H30N6O4S",
            "C22H30N6O4S",
            "C22H30N6O4S",
            "C22H30N6O4S",
            "C22H30N6O4S"
        ],
        "ions": [
            "[M+H]+",
            "[M+H]+",
            "[M+H]+",
            "[M+H]+",
            "[M+H]+",
            "[M+H]+"
        ]
    }
}