{
    "cand_form": "C16H17N3O7S2",
    "cand_ion": "[M-H]-",
    "output_tbl": {
        "mz": [
            57.9757,
            59.0139,
            60.0091,
            81.9757,
            90.0349,
            96.9866,
            96.9992,
            98.0248,
            108.9866,
            112.0226,
            122.9897,
            123.9975,
            134.0248,
            135.0308,
            135.9975,
            139.0149,
            141.0306,
            148.0404,
            150.0019,
            156.0125,
            167.0046,
            168.0125,
            182.0281,
            227.7292
        ],
        "ms2_inten": [
            1.0,
            0.08693023102541875,
            0.2036362805745878,
            0.17547153959988898,
            0.13144979010991095,
            0.21892171558681947,
            0.08292723519502675,
            0.11295609193665741,
            0.05439178446327123,
            0.1901506484927032,
            0.06579075650091984,
            0.3391213595751873,
            0.11288597181489936,
            0.0560364987189926,
            0.14416079867069193,
            0.055459527856784055,
            0.08479973167154187,
            0.117137610545374,
            0.21119823126946138,
            0.08868553420977185,
            0.1384918407529448,
            0.052606420038021545,
            0.14022291275524185,
            0.05113560550615353
        ],
        "mono_mass": [
            57.9757,
            59.0139,
            60.0091,
            81.9757,
            90.0349,
            96.9866,
            96.9992,
            98.0248,
            108.9866,
            112.0226,
            122.9897,
            123.9975,
            134.0248,
            135.0308,
            135.9975,
            139.0149,
            141.0306,
            148.0404,
            150.0019,
            156.0125,
            167.0046,
            168.0125,
            182.0281,
            227.7292
        ],
        "abs_mass_diff": [
            0.0,
            0.0,
            0.0,
            0.0,
            0.0,
            0.0,
            0.0,
            0.0,
            0.0,
            0.0,
            0.0,
            0.0,
            0.0,
            0.0,
            0.0,
            0.0,
            0.0,
            0.0,
            0.0,
            0.0,
            0.0,
            0.0,
            0.0,
            0.0
        ],
        "mass_diff": [
            0.0,
            0.0,
            0.0,
            0.0,
            0.0,
            0.0,
            0.0,
            0.0,
            0.0,
            0.0,
            0.0,
            0.0,
            0.0,
            0.0,
            0.0,
            0.0,
            0.0,
            0.0,
            0.0,
            0.0,
            0.0,
            0.0,
            0.0,
            0.0
        ],
        "formula": [
            "C16H17N3O7S2",
            "C16H17N3O7S2",
            "C16H17N3O7S2",
            "C16H17N3O7S2",
            "C16H17N3O7S2",
            "C16H17N3O7S2",
            "C16H17N3O7S2",
            "C16H17N3O7S2",
            "C16H17N3O7S2",
            "C16H17N3O7S2",
            "C16H17N3O7S2",
            "C16H17N3O7S2",
            "C16H17N3O7S2",
            "C16H17N3O7S2",
            "C16H17N3O7S2",
            "C16H17N3O7S2",
            "C16H17N3O7S2",
            "C16H17N3O7S2",
            "C16H17N3O7S2",
            "C16H17N3O7S2",
            "C16H17N3O7S2",
            "C16H17N3O7S2",
            "C16H17N3O7S2",
            "C16H17N3O7S2"
        ],
        "ions": [
            "[M-H]-",
            "[M-H]-",
            "[M-H]-",
            "[M-H]-",
            "[M-H]-",
            "[M-H]-",
            "[M-H]-",
            "[M-H]-",
            "[M-H]-",
            "[M-H]-",
            "[M-H]-",
            "[M-H]-",
            "[M-H]-",
            "[M-H]-",
            "[M-H]-",
            "[M-H]-",
            "[M-H]-",
            "[M-H]-",
            "[M-H]-",
            "[M-H]-",
            "[M-H]-",
            "[M-H]-",
            "[M-H]-",
            "[M-H]-"
        ]
    }
}