{
    "cand_form": "C38H46N10O8S2",
    "cand_ion": "[M+H]+",
    "output_tbl": {
        "mz": [
            93.0448,
            94.0527,
            95.0605,
            105.0448,
            108.0683,
            110.0601,
            123.0917,
            140.0584,
            151.0866,
            169.0972,
            183.1125
        ],
        "ms2_inten": [
            0.23035706647591192,
            0.42680611762203036,
            0.28578579261667664,
            0.053642589999501916,
            0.12776050813779705,
            1.0,
            0.22802387112460226,
            0.10559356060595401,
            0.08964914447393252,
            0.878220569377052,
            0.06943978759022884
        ],
        "mono_mass": [
            93.0448,
            94.0527,
            95.0605,
            105.0448,
            108.0683,
            110.0601,
            123.0917,
            140.0584,
            151.0866,
            169.0972,
            183.1125
        ],
        "abs_mass_diff": [
            0.0,
            0.0,
            0.0,
            0.0,
            0.0,
            0.0,
            0.0,
            0.0,
            0.0,
            0.0,
            0.0
        ],
        "mass_diff": [
            0.0,
            0.0,
            0.0,
            0.0,
            0.0,
            0.0,
            0.0,
            0.0,
            0.0,
            0.0,
            0.0
        ],
        "formula": [
            "C38H46N10O8S2",
            "C38H46N10O8S2",
            "C38H46N10O8S2",
            "C38H46N10O8S2",
            "C38H46N10O8S2",
            "C38H46N10O8S2",
            "C38H46N10O8S2",
            "C38H46N10O8S2",
            "C38H46N10O8S2",
            "C38H46N10O8S2",
            "C38H46N10O8S2"
        ],
        "ions": [
            "[M+H]+",
            "[M+H]+",
            "[M+H]+",
            "[M+H]+",
            "[M+H]+",
            "[M+H]+",
            "[M+H]+",
            "[M+H]+",
            "[M+H]+",
            "[M+H]+",
            "[M+H]+"
        ]
    }
}