{
    "cand_form": "C18H31NO4",
    "cand_ion": "[M+H]+",
    "output_tbl": {
        "mz": [
            56.0495,
            58.0651,
            72.0808,
            74.06,
            79.0542,
            89.0386,
            91.0542,
            105.0699,
            107.0491,
            132.0684,
            182.065
        ],
        "ms2_inten": [
            1.0,
            0.1308959853949051,
            0.12926455256181843,
            0.6637481321570712,
            0.14990354342375609,
            0.6609503189701001,
            0.35741879373266855,
            0.09159718754939007,
            0.6888426468052702,
            0.07026438957456285,
            0.1448823685505539
        ],
        "mono_mass": [
            56.0495,
            58.0651,
            72.0808,
            74.06,
            79.0542,
            89.0386,
            91.0542,
            105.0699,
            107.0491,
            132.0684,
            182.065
        ],
        "abs_mass_diff": [
            0.0,
            0.0,
            0.0,
            0.0,
            0.0,
            0.0,
            0.0,
            0.0,
            0.0,
            0.0,
            0.0
        ],
        "mass_diff": [
            0.0,
            0.0,
            0.0,
            0.0,
            0.0,
            0.0,
            0.0,
            0.0,
            0.0,
            0.0,
            0.0
        ],
        "formula": [
            "C18H31NO4",
            "C18H31NO4",
            "C18H31NO4",
            "C18H31NO4",
            "C18H31NO4",
            "C18H31NO4",
            "C18H31NO4",
            "C18H31NO4",
            "C18H31NO4",
            "C18H31NO4",
            "C18H31NO4"
        ],
        "ions": [
            "[M+H]+",
            "[M+H]+",
            "[M+H]+",
            "[M+H]+",
            "[M+H]+",
            "[M+H]+",
            "[M+H]+",
            "[M+H]+",
            "[M+H]+",
            "[M+H]+",
            "[M+H]+"
        ]
    }
}