{
    "cand_form": "C25H25N3O4",
    "cand_ion": "[M+H]+",
    "output_tbl": {
        "mz": [
            130.0651,
            135.0441,
            136.0479,
            141.1022,
            169.076,
            170.0812,
            197.0709,
            204.0808,
            205.0886,
            206.0964,
            232.0757,
            233.0835,
            234.0913,
            250.0863,
            262.0863,
            263.0941,
            264.1019,
            265.1057,
            274.0863,
            282.1601,
            283.1652,
            302.0812,
            310.155
        ],
        "ms2_inten": [
            0.0907378470499971,
            1.0,
            0.043954334138242165,
            0.05551412359544051,
            0.5146247833145963,
            0.030256384066000532,
            0.1699759822237642,
            0.027915737931327518,
            0.07198923170330661,
            0.049651678378022944,
            0.08906079552008798,
            0.10213128409618243,
            0.04641295255930635,
            0.12397684018647104,
            0.4380180104570844,
            0.08748827357325621,
            0.20628924501213158,
            0.024984394612629794,
            0.16218099203068265,
            0.26727658424617884,
            0.030174767433551127,
            0.15625207950390038,
            0.10439995152286845
        ],
        "mono_mass": [
            130.0651,
            135.0441,
            136.0479,
            141.1022,
            169.076,
            170.0812,
            197.0709,
            204.0808,
            205.0886,
            206.0964,
            232.0757,
            233.0835,
            234.0913,
            250.0863,
            262.0863,
            263.0941,
            264.1019,
            265.1057,
            274.0863,
            282.1601,
            283.1652,
            302.0812,
            310.155
        ],
        "abs_mass_diff": [
            0.0,
            0.0,
            0.0,
            0.0,
            0.0,
            0.0,
            0.0,
            0.0,
            0.0,
            0.0,
            0.0,
            0.0,
            0.0,
            0.0,
            0.0,
            0.0,
            0.0,
            0.0,
            0.0,
            0.0,
            0.0,
            0.0,
            0.0
        ],
        "mass_diff": [
            0.0,
            0.0,
            0.0,
            0.0,
            0.0,
            0.0,
            0.0,
            0.0,
            0.0,
            0.0,
            0.0,
            0.0,
            0.0,
            0.0,
            0.0,
            0.0,
            0.0,
            0.0,
            0.0,
            0.0,
            0.0,
            0.0,
            0.0
        ],
        "formula": [
            "C25H25N3O4",
            "C25H25N3O4",
            "C25H25N3O4",
            "C25H25N3O4",
            "C25H25N3O4",
            "C25H25N3O4",
            "C25H25N3O4",
            "C25H25N3O4",
            "C25H25N3O4",
            "C25H25N3O4",
            "C25H25N3O4",
            "C25H25N3O4",
            "C25H25N3O4",
            "C25H25N3O4",
            "C25H25N3O4",
            "C25H25N3O4",
            "C25H25N3O4",
            "C25H25N3O4",
            "C25H25N3O4",
            "C25H25N3O4",
            "C25H25N3O4",
            "C25H25N3O4",
            "C25H25N3O4"
        ],
        "ions": [
            "[M+H]+",
            "[M+H]+",
            "[M+H]+",
            "[M+H]+",
            "[M+H]+",
            "[M+H]+",
            "[M+H]+",
            "[M+H]+",
            "[M+H]+",
            "[M+H]+",
            "[M+H]+",
            "[M+H]+",
            "[M+H]+",
            "[M+H]+",
            "[M+H]+",
            "[M+H]+",
            "[M+H]+",
            "[M+H]+",
            "[M+H]+",
            "[M+H]+",
            "[M+H]+",
            "[M+H]+",
            "[M+H]+"
        ]
    }
}