{
    "cand_form": "C22H19N3O4",
    "cand_ion": "[M+H]+",
    "output_tbl": {
        "mz": [
            0.0,
            79.0542,
            99.0553,
            105.0335,
            115.0542,
            130.0651,
            135.0441,
            142.0651,
            169.076,
            170.06,
            170.0812,
            189.0699,
            191.073,
            192.0808,
            193.0886,
            197.0709,
            204.0808,
            205.0886,
            206.0964,
            216.0808,
            217.0886,
            232.0757,
            233.0835,
            234.0913,
            244.0757,
            262.0863,
            263.0901,
            274.0863
        ],
        "ms2_inten": [
            0.045605069356115746,
            0.0910019892250618,
            0.051859406359518065,
            0.06000714772395084,
            0.05835803309397671,
            0.13886147857702053,
            0.7405022746968275,
            0.08540652920796683,
            0.7220903276385946,
            0.09615346784283751,
            0.0797264658076702,
            0.05040842284352109,
            0.0731154421144399,
            0.06126235207245833,
            0.05650069784045519,
            0.049545028771330255,
            1.0,
            0.37449494098088915,
            0.14994245141144577,
            0.09810813396313726,
            0.046621188785201856,
            0.2453835832801354,
            0.09852777338321278,
            0.05900353199525313,
            0.0521001852139334,
            0.33842157269934026,
            0.06777654137154641,
            0.10047503983822402
        ],
        "mono_mass": [
            0.0,
            79.0542,
            99.0553,
            105.0335,
            115.0542,
            130.0651,
            135.0441,
            142.0651,
            169.076,
            170.06,
            170.0812,
            189.0699,
            191.073,
            192.0808,
            193.0886,
            197.0709,
            204.0808,
            205.0886,
            206.0964,
            216.0808,
            217.0886,
            232.0757,
            233.0835,
            234.0913,
            244.0757,
            262.0863,
            263.0901,
            274.0863
        ],
        "abs_mass_diff": [
            0.0,
            0.0,
            0.0,
            0.0,
            0.0,
            0.0,
            0.0,
            0.0,
            0.0,
            0.0,
            0.0,
            0.0,
            0.0,
            0.0,
            0.0,
            0.0,
            0.0,
            0.0,
            0.0,
            0.0,
            0.0,
            0.0,
            0.0,
            0.0,
            0.0,
            0.0,
            0.0,
            0.0
        ],
        "mass_diff": [
            0.0,
            0.0,
            0.0,
            0.0,
            0.0,
            0.0,
            0.0,
            0.0,
            0.0,
            0.0,
            0.0,
            0.0,
            0.0,
            0.0,
            0.0,
            0.0,
            0.0,
            0.0,
            0.0,
            0.0,
            0.0,
            0.0,
            0.0,
            0.0,
            0.0,
            0.0,
            0.0,
            0.0
        ],
        "formula": [
            "C22H19N3O4",
            "C22H19N3O4",
            "C22H19N3O4",
            "C22H19N3O4",
            "C22H19N3O4",
            "C22H19N3O4",
            "C22H19N3O4",
            "C22H19N3O4",
            "C22H19N3O4",
            "C22H19N3O4",
            "C22H19N3O4",
            "C22H19N3O4",
            "C22H19N3O4",
            "C22H19N3O4",
            "C22H19N3O4",
            "C22H19N3O4",
            "C22H19N3O4",
            "C22H19N3O4",
            "C22H19N3O4",
            "C22H19N3O4",
            "C22H19N3O4",
            "C22H19N3O4",
            "C22H19N3O4",
            "C22H19N3O4",
            "C22H19N3O4",
            "C22H19N3O4",
            "C22H19N3O4",
            "C22H19N3O4"
        ],
        "ions": [
            "[M+H]+",
            "[M+H]+",
            "[M+H]+",
            "[M+H]+",
            "[M+H]+",
            "[M+H]+",
            "[M+H]+",
            "[M+H]+",
            "[M+H]+",
            "[M+H]+",
            "[M+H]+",
            "[M+H]+",
            "[M+H]+",
            "[M+H]+",
            "[M+H]+",
            "[M+H]+",
            "[M+H]+",
            "[M+H]+",
            "[M+H]+",
            "[M+H]+",
            "[M+H]+",
            "[M+H]+",
            "[M+H]+",
            "[M+H]+",
            "[M+H]+",
            "[M+H]+",
            "[M+H]+",
            "[M+H]+"
        ]
    }
}