{
    "cand_form": "C16H14O3",
    "cand_ion": "[M+H]+",
    "output_tbl": {
        "mz": [
            77.0386,
            95.0491,
            103.0542,
            105.0335,
            106.0369,
            131.0491,
            177.0546,
            194.0726,
            209.0961,
            210.0991
        ],
        "ms2_inten": [
            0.02233325686087308,
            0.026716492338112078,
            0.018572946838278082,
            1.0,
            0.03154980725113554,
            0.043758813312356634,
            0.13398581766309667,
            0.09653115993071272,
            0.41017817476071766,
            0.038471651470719126
        ],
        "mono_mass": [
            77.0386,
            95.0491,
            103.0542,
            105.0335,
            106.0369,
            131.0491,
            177.0546,
            194.0726,
            209.0961,
            210.0991
        ],
        "abs_mass_diff": [
            0.0,
            0.0,
            0.0,
            0.0,
            0.0,
            0.0,
            0.0,
            0.0,
            0.0,
            0.0
        ],
        "mass_diff": [
            0.0,
            0.0,
            0.0,
            0.0,
            0.0,
            0.0,
            0.0,
            0.0,
            0.0,
            0.0
        ],
        "formula": [
            "C16H14O3",
            "C16H14O3",
            "C16H14O3",
            "C16H14O3",
            "C16H14O3",
            "C16H14O3",
            "C16H14O3",
            "C16H14O3",
            "C16H14O3",
            "C16H14O3"
        ],
        "ions": [
            "[M+H]+",
            "[M+H]+",
            "[M+H]+",
            "[M+H]+",
            "[M+H]+",
            "[M+H]+",
            "[M+H]+",
            "[M+H]+",
            "[M+H]+",
            "[M+H]+"
        ]
    }
}