{
    "cand_form": "C12H15N3O3S",
    "cand_ion": "[M+H]+",
    "output_tbl": {
        "mz": [
            65.0386,
            80.0495,
            85.0396,
            92.0495,
            93.0533,
            108.0444,
            109.0482,
            110.06,
            126.0662,
            127.0701,
            141.0659,
            156.0114,
            169.0972,
            174.0662
        ],
        "ms2_inten": [
            0.21671102774384376,
            0.042830567544760015,
            0.04910653163537726,
            1.0,
            0.10710702363831687,
            0.8003363035630441,
            0.09134760410207775,
            0.14024194262096498,
            0.29602200870253975,
            0.03609014942941341,
            0.03418995748622651,
            0.06425260006270886,
            0.13310429943469515,
            0.030041316171196417
        ],
        "mono_mass": [
            65.0386,
            80.0495,
            85.0396,
            92.0495,
            93.0533,
            108.0444,
            109.0482,
            110.06,
            126.0662,
            127.0701,
            141.0659,
            156.0114,
            169.0972,
            174.0662
        ],
        "abs_mass_diff": [
            0.0,
            0.0,
            0.0,
            0.0,
            0.0,
            0.0,
            0.0,
            0.0,
            0.0,
            0.0,
            0.0,
            0.0,
            0.0,
            0.0
        ],
        "mass_diff": [
            0.0,
            0.0,
            0.0,
            0.0,
            0.0,
            0.0,
            0.0,
            0.0,
            0.0,
            0.0,
            0.0,
            0.0,
            0.0,
            0.0
        ],
        "formula": [
            "C12H15N3O3S",
            "C12H15N3O3S",
            "C12H15N3O3S",
            "C12H15N3O3S",
            "C12H15N3O3S",
            "C12H15N3O3S",
            "C12H15N3O3S",
            "C12H15N3O3S",
            "C12H15N3O3S",
            "C12H15N3O3S",
            "C12H15N3O3S",
            "C12H15N3O3S",
            "C12H15N3O3S",
            "C12H15N3O3S"
        ],
        "ions": [
            "[M+H]+",
            "[M+H]+",
            "[M+H]+",
            "[M+H]+",
            "[M+H]+",
            "[M+H]+",
            "[M+H]+",
            "[M+H]+",
            "[M+H]+",
            "[M+H]+",
            "[M+H]+",
            "[M+H]+",
            "[M+H]+",
            "[M+H]+"
        ]
    }
}