{
    "cand_form": "C18H29NO2",
    "cand_ion": "[M+H]+",
    "output_tbl": {
        "mz": [
            0.0,
            57.0699,
            58.0651,
            67.0542,
            69.0699,
            74.06,
            91.0542,
            105.0699,
            107.0491,
            119.0855,
            121.0648,
            133.0648,
            135.0804,
            147.0804,
            159.0804,
            168.1019,
            175.1117,
            201.1274
        ],
        "ms2_inten": [
            0.8517672797910103,
            0.7352502283845406,
            0.06767679453962266,
            0.06978045181841747,
            0.28337770301678666,
            1.0,
            0.047690353897296436,
            0.4788277576803646,
            0.16089729859425778,
            0.0843003897528298,
            0.4412999761581411,
            0.6843705661298171,
            0.05017227681917301,
            0.05200731841929915,
            0.08477554792701353,
            0.07866732583570032,
            0.040072347289375726,
            0.0984475687780064
        ],
        "mono_mass": [
            0.0,
            57.0699,
            58.0651,
            67.0542,
            69.0699,
            74.06,
            91.0542,
            105.0699,
            107.0491,
            119.0855,
            121.0648,
            133.0648,
            135.0804,
            147.0804,
            159.0804,
            168.1019,
            175.1117,
            201.1274
        ],
        "abs_mass_diff": [
            0.0,
            0.0,
            0.0,
            0.0,
            0.0,
            0.0,
            0.0,
            0.0,
            0.0,
            0.0,
            0.0,
            0.0,
            0.0,
            0.0,
            0.0,
            0.0,
            0.0,
            0.0
        ],
        "mass_diff": [
            0.0,
            0.0,
            0.0,
            0.0,
            0.0,
            0.0,
            0.0,
            0.0,
            0.0,
            0.0,
            0.0,
            0.0,
            0.0,
            0.0,
            0.0,
            0.0,
            0.0,
            0.0
        ],
        "formula": [
            "C18H29NO2",
            "C18H29NO2",
            "C18H29NO2",
            "C18H29NO2",
            "C18H29NO2",
            "C18H29NO2",
            "C18H29NO2",
            "C18H29NO2",
            "C18H29NO2",
            "C18H29NO2",
            "C18H29NO2",
            "C18H29NO2",
            "C18H29NO2",
            "C18H29NO2",
            "C18H29NO2",
            "C18H29NO2",
            "C18H29NO2",
            "C18H29NO2"
        ],
        "ions": [
            "[M+H]+",
            "[M+H]+",
            "[M+H]+",
            "[M+H]+",
            "[M+H]+",
            "[M+H]+",
            "[M+H]+",
            "[M+H]+",
            "[M+H]+",
            "[M+H]+",
            "[M+H]+",
            "[M+H]+",
            "[M+H]+",
            "[M+H]+",
            "[M+H]+",
            "[M+H]+",
            "[M+H]+",
            "[M+H]+"
        ]
    }
}