{
    "cand_form": "C19H17Cl2N3O5S",
    "cand_ion": "[M-H]-",
    "output_tbl": {
        "mz": [
            141.018,
            223.021,
            303.0052,
            305.0243,
            384.9247,
            385.0074,
            387.023,
            469.0271
        ],
        "ms2_inten": [
            0.11593624569661988,
            0.08987689025174116,
            0.0458536776451044,
            1.0,
            0.044663245941465805,
            0.03062745630466741,
            0.6211948423932341,
            0.1276047343998728
        ],
        "mono_mass": [
            141.018,
            223.021,
            303.0052,
            305.0243,
            384.9247,
            385.0074,
            387.023,
            469.0271
        ],
        "abs_mass_diff": [
            0.0,
            0.0,
            0.0,
            0.0,
            0.0,
            0.0,
            0.0,
            0.0
        ],
        "mass_diff": [
            0.0,
            0.0,
            0.0,
            0.0,
            0.0,
            0.0,
            0.0,
            0.0
        ],
        "formula": [
            "C19H17Cl2N3O5S",
            "C19H17Cl2N3O5S",
            "C19H17Cl2N3O5S",
            "C19H17Cl2N3O5S",
            "C19H17Cl2N3O5S",
            "C19H17Cl2N3O5S",
            "C19H17Cl2N3O5S",
            "C19H17Cl2N3O5S"
        ],
        "ions": [
            "[M-H]-",
            "[M-H]-",
            "[M-H]-",
            "[M-H]-",
            "[M-H]-",
            "[M-H]-",
            "[M-H]-",
            "[M-H]-"
        ]
    }
}