{
    "cand_form": "C10H13N3O2S",
    "cand_ion": "[M+H]+",
    "output_tbl": {
        "mz": [
            0.0,
            57.0699,
            73.0477,
            73.0522,
            75.0441,
            81.0699,
            83.0855,
            89.0597,
            91.0576,
            93.0533,
            105.0335,
            105.0732,
            107.0525,
            159.0137,
            209.0345,
            225.0648,
            226.0645,
            227.082,
            239.0801,
            243.0779
        ],
        "ms2_inten": [
            0.07860493707496914,
            0.12271837439024819,
            0.4608648946177114,
            0.0750761232415569,
            0.26350468742388305,
            0.1330952666736642,
            0.07911167202948605,
            0.15906367534008745,
            0.4178783022520828,
            0.18189424456565684,
            0.08779321196135555,
            0.13060189465638197,
            0.16198342790879172,
            0.11370411700806406,
            0.09120927852292536,
            1.0,
            0.23215127821255646,
            0.07247264058128375,
            0.24183461155426003,
            0.06745036483410079
        ],
        "mono_mass": [
            0.0,
            57.0699,
            73.0477,
            73.0522,
            75.0441,
            81.0699,
            83.0855,
            89.0597,
            91.0576,
            93.0533,
            105.0335,
            105.0732,
            107.0525,
            159.0137,
            209.0345,
            225.0648,
            226.0645,
            227.082,
            239.0801,
            243.0779
        ],
        "abs_mass_diff": [
            0.0,
            0.0,
            0.0,
            0.0,
            0.0,
            0.0,
            0.0,
            0.0,
            0.0,
            0.0,
            0.0,
            0.0,
            0.0,
            0.0,
            0.0,
            0.0,
            0.0,
            0.0,
            0.0,
            0.0
        ],
        "mass_diff": [
            0.0,
            0.0,
            0.0,
            0.0,
            0.0,
            0.0,
            0.0,
            0.0,
            0.0,
            0.0,
            0.0,
            0.0,
            0.0,
            0.0,
            0.0,
            0.0,
            0.0,
            0.0,
            0.0,
            0.0
        ],
        "formula": [
            "C10H13N3O2S",
            "C10H13N3O2S",
            "C10H13N3O2S",
            "C10H13N3O2S",
            "C10H13N3O2S",
            "C10H13N3O2S",
            "C10H13N3O2S",
            "C10H13N3O2S",
            "C10H13N3O2S",
            "C10H13N3O2S",
            "C10H13N3O2S",
            "C10H13N3O2S",
            "C10H13N3O2S",
            "C10H13N3O2S",
            "C10H13N3O2S",
            "C10H13N3O2S",
            "C10H13N3O2S",
            "C10H13N3O2S",
            "C10H13N3O2S",
            "C10H13N3O2S"
        ],
        "ions": [
            "[M+H]+",
            "[M+H]+",
            "[M+H]+",
            "[M+H]+",
            "[M+H]+",
            "[M+H]+",
            "[M+H]+",
            "[M+H]+",
            "[M+H]+",
            "[M+H]+",
            "[M+H]+",
            "[M+H]+",
            "[M+H]+",
            "[M+H]+",
            "[M+H]+",
            "[M+H]+",
            "[M+H]+",
            "[M+H]+",
            "[M+H]+",
            "[M+H]+"
        ]
    }
}