{
    "cand_form": "C23H32N6O4S",
    "cand_ion": "[M+H]+",
    "output_tbl": {
        "mz": [
            0.0,
            58.0651,
            70.0651,
            71.073,
            72.0808,
            84.0808,
            99.0917,
            113.1073,
            166.0975,
            226.0849,
            227.0934,
            253.0733,
            254.0798,
            255.087,
            255.1247,
            256.0955,
            283.119,
            284.1261,
            299.1139,
            312.1581
        ],
        "ms2_inten": [
            0.3277762936328714,
            0.09252405134041451,
            0.41507263288398777,
            0.8132476544766011,
            0.117617214864216,
            0.1848165534742495,
            1.0,
            0.19228380350026913,
            0.04687007541226551,
            0.036578174385369075,
            0.03472147944348182,
            0.049124198180355474,
            0.15382828586574598,
            0.03610406848567836,
            0.12697826816336277,
            0.03461383420624785,
            0.3937005507119319,
            0.12001724244897018,
            0.06889185708452993,
            0.07427585641282251
        ],
        "mono_mass": [
            0.0,
            58.0651,
            70.0651,
            71.073,
            72.0808,
            84.0808,
            99.0917,
            113.1073,
            166.0975,
            226.0849,
            227.0934,
            253.0733,
            254.0798,
            255.087,
            255.1247,
            256.0955,
            283.119,
            284.1261,
            299.1139,
            312.1581
        ],
        "abs_mass_diff": [
            0.0,
            0.0,
            0.0,
            0.0,
            0.0,
            0.0,
            0.0,
            0.0,
            0.0,
            0.0,
            0.0,
            0.0,
            0.0,
            0.0,
            0.0,
            0.0,
            0.0,
            0.0,
            0.0,
            0.0
        ],
        "mass_diff": [
            0.0,
            0.0,
            0.0,
            0.0,
            0.0,
            0.0,
            0.0,
            0.0,
            0.0,
            0.0,
            0.0,
            0.0,
            0.0,
            0.0,
            0.0,
            0.0,
            0.0,
            0.0,
            0.0,
            0.0
        ],
        "formula": [
            "C23H32N6O4S",
            "C23H32N6O4S",
            "C23H32N6O4S",
            "C23H32N6O4S",
            "C23H32N6O4S",
            "C23H32N6O4S",
            "C23H32N6O4S",
            "C23H32N6O4S",
            "C23H32N6O4S",
            "C23H32N6O4S",
            "C23H32N6O4S",
            "C23H32N6O4S",
            "C23H32N6O4S",
            "C23H32N6O4S",
            "C23H32N6O4S",
            "C23H32N6O4S",
            "C23H32N6O4S",
            "C23H32N6O4S",
            "C23H32N6O4S",
            "C23H32N6O4S"
        ],
        "ions": [
            "[M+H]+",
            "[M+H]+",
            "[M+H]+",
            "[M+H]+",
            "[M+H]+",
            "[M+H]+",
            "[M+H]+",
            "[M+H]+",
            "[M+H]+",
            "[M+H]+",
            "[M+H]+",
            "[M+H]+",
            "[M+H]+",
            "[M+H]+",
            "[M+H]+",
            "[M+H]+",
            "[M+H]+",
            "[M+H]+",
            "[M+H]+",
            "[M+H]+"
        ]
    }
}