{
    "cand_form": "C14H11N3O",
    "cand_ion": "[M+H]+",
    "output_tbl": {
        "mz": [
            73.047,
            91.0569,
            144.0808,
            152.0621,
            153.0699,
            163.0542,
            164.0621,
            165.0699,
            166.0777,
            178.0651,
            179.073,
            180.0808,
            181.0886,
            191.073,
            192.0808,
            193.0886,
            194.0964,
            195.0917,
            195.1063,
            205.076,
            206.0838,
            207.0917,
            221.1086
        ],
        "ms2_inten": [
            0.1364724785364166,
            0.05378906882665934,
            0.07620327528232165,
            0.498416884311154,
            0.18918571977249038,
            0.05114349207315244,
            0.15172645745968039,
            1.0,
            0.18888319547563007,
            0.10575883260744093,
            0.17713330820236867,
            0.349321819445821,
            0.06515463293031362,
            0.05344495188263963,
            0.18809698779650405,
            0.1831286572201352,
            0.3899840710826161,
            0.04754345294051484,
            0.07170380404217964,
            0.05170261100864232,
            0.10577753152402712,
            0.080608469855569,
            0.16326617744233804
        ],
        "mono_mass": [
            73.047,
            91.0569,
            144.0808,
            152.0621,
            153.0699,
            163.0542,
            164.0621,
            165.0699,
            166.0777,
            178.0651,
            179.073,
            180.0808,
            181.0886,
            191.073,
            192.0808,
            193.0886,
            194.0964,
            195.0917,
            195.1063,
            205.076,
            206.0838,
            207.0917,
            221.1086
        ],
        "abs_mass_diff": [
            0.0,
            0.0,
            0.0,
            0.0,
            0.0,
            0.0,
            0.0,
            0.0,
            0.0,
            0.0,
            0.0,
            0.0,
            0.0,
            0.0,
            0.0,
            0.0,
            0.0,
            0.0,
            0.0,
            0.0,
            0.0,
            0.0,
            0.0
        ],
        "mass_diff": [
            0.0,
            0.0,
            0.0,
            0.0,
            0.0,
            0.0,
            0.0,
            0.0,
            0.0,
            0.0,
            0.0,
            0.0,
            0.0,
            0.0,
            0.0,
            0.0,
            0.0,
            0.0,
            0.0,
            0.0,
            0.0,
            0.0,
            0.0
        ],
        "formula": [
            "C14H11N3O",
            "C14H11N3O",
            "C14H11N3O",
            "C14H11N3O",
            "C14H11N3O",
            "C14H11N3O",
            "C14H11N3O",
            "C14H11N3O",
            "C14H11N3O",
            "C14H11N3O",
            "C14H11N3O",
            "C14H11N3O",
            "C14H11N3O",
            "C14H11N3O",
            "C14H11N3O",
            "C14H11N3O",
            "C14H11N3O",
            "C14H11N3O",
            "C14H11N3O",
            "C14H11N3O",
            "C14H11N3O",
            "C14H11N3O",
            "C14H11N3O"
        ],
        "ions": [
            "[M+H]+",
            "[M+H]+",
            "[M+H]+",
            "[M+H]+",
            "[M+H]+",
            "[M+H]+",
            "[M+H]+",
            "[M+H]+",
            "[M+H]+",
            "[M+H]+",
            "[M+H]+",
            "[M+H]+",
            "[M+H]+",
            "[M+H]+",
            "[M+H]+",
            "[M+H]+",
            "[M+H]+",
            "[M+H]+",
            "[M+H]+",
            "[M+H]+",
            "[M+H]+",
            "[M+H]+",
            "[M+H]+"
        ]
    }
}