{
    "cand_form": "C18H29NO3",
    "cand_ion": "[M+H]+",
    "output_tbl": {
        "mz": [
            55.0542,
            56.0495,
            58.0651,
            67.0542,
            70.0651,
            72.0808,
            74.06,
            79.0542,
            91.0542,
            93.0699,
            98.0964,
            103.0542,
            105.0699,
            116.107,
            121.0648,
            128.0077,
            133.0648
        ],
        "ms2_inten": [
            0.9616403238214821,
            1.0,
            0.20425049892526473,
            0.061560656152169484,
            0.07825803740182458,
            0.4237564367373141,
            0.47535467206777926,
            0.09655009275694001,
            0.31726972435175094,
            0.07505585934717793,
            0.11413655387567409,
            0.11395778509728748,
            0.23034522185016723,
            0.08948443367324557,
            0.24100521825592425,
            0.1587385150493595,
            0.10886344093578615
        ],
        "mono_mass": [
            55.0542,
            56.0495,
            58.0651,
            67.0542,
            70.0651,
            72.0808,
            74.06,
            79.0542,
            91.0542,
            93.0699,
            98.0964,
            103.0542,
            105.0699,
            116.107,
            121.0648,
            128.0077,
            133.0648
        ],
        "abs_mass_diff": [
            0.0,
            0.0,
            0.0,
            0.0,
            0.0,
            0.0,
            0.0,
            0.0,
            0.0,
            0.0,
            0.0,
            0.0,
            0.0,
            0.0,
            0.0,
            0.0,
            0.0
        ],
        "mass_diff": [
            0.0,
            0.0,
            0.0,
            0.0,
            0.0,
            0.0,
            0.0,
            0.0,
            0.0,
            0.0,
            0.0,
            0.0,
            0.0,
            0.0,
            0.0,
            0.0,
            0.0
        ],
        "formula": [
            "C18H29NO3",
            "C18H29NO3",
            "C18H29NO3",
            "C18H29NO3",
            "C18H29NO3",
            "C18H29NO3",
            "C18H29NO3",
            "C18H29NO3",
            "C18H29NO3",
            "C18H29NO3",
            "C18H29NO3",
            "C18H29NO3",
            "C18H29NO3",
            "C18H29NO3",
            "C18H29NO3",
            "C18H29NO3",
            "C18H29NO3"
        ],
        "ions": [
            "[M+H]+",
            "[M+H]+",
            "[M+H]+",
            "[M+H]+",
            "[M+H]+",
            "[M+H]+",
            "[M+H]+",
            "[M+H]+",
            "[M+H]+",
            "[M+H]+",
            "[M+H]+",
            "[M+H]+",
            "[M+H]+",
            "[M+H]+",
            "[M+H]+",
            "[M+H]+",
            "[M+H]+"
        ]
    }
}