{
    "cand_form": "C19H16ClNO4",
    "cand_ion": "[M+H]+",
    "output_tbl": {
        "mz": [
            110.9996,
            129.0102,
            138.9945,
            139.0053,
            139.9978
        ],
        "ms2_inten": [
            0.01867389157716395,
            0.1319684089954149,
            1.0,
            0.33446826166227217,
            0.050753742174989167
        ],
        "mono_mass": [
            110.9996,
            129.0102,
            138.9945,
            139.0053,
            139.9978
        ],
        "abs_mass_diff": [
            0.0,
            0.0,
            0.0,
            0.0,
            0.0
        ],
        "mass_diff": [
            0.0,
            0.0,
            0.0,
            0.0,
            0.0
        ],
        "formula": [
            "C19H16ClNO4",
            "C19H16ClNO4",
            "C19H16ClNO4",
            "C19H16ClNO4",
            "C19H16ClNO4"
        ],
        "ions": [
            "[M+H]+",
            "[M+H]+",
            "[M+H]+",
            "[M+H]+",
            "[M+H]+"
        ]
    }
}