{
    "cand_form": "C10H15NO",
    "cand_ion": "[M+H]+",
    "output_tbl": {
        "mz": [
            43.0178,
            56.0495,
            57.0335,
            70.0651,
            91.0542,
            115.0542,
            117.0699,
            118.0737,
            132.0808,
            133.0886,
            134.0923,
            148.1121,
            149.1155
        ],
        "ms2_inten": [
            0.019302397751717815,
            0.11081263501312494,
            0.018756171156630145,
            0.07226544993222782,
            0.045735410896536884,
            0.0826879993055499,
            0.38029511416379796,
            0.018456371263148662,
            0.014950170492923931,
            0.3222547528689017,
            0.018260776861790867,
            1.0,
            0.06624263796996323
        ],
        "mono_mass": [
            43.0178,
            56.0495,
            57.0335,
            70.0651,
            91.0542,
            115.0542,
            117.0699,
            118.0737,
            132.0808,
            133.0886,
            134.0923,
            148.1121,
            149.1155
        ],
        "abs_mass_diff": [
            0.0,
            0.0,
            0.0,
            0.0,
            0.0,
            0.0,
            0.0,
            0.0,
            0.0,
            0.0,
            0.0,
            0.0,
            0.0
        ],
        "mass_diff": [
            0.0,
            0.0,
            0.0,
            0.0,
            0.0,
            0.0,
            0.0,
            0.0,
            0.0,
            0.0,
            0.0,
            0.0,
            0.0
        ],
        "formula": [
            "C10H15NO",
            "C10H15NO",
            "C10H15NO",
            "C10H15NO",
            "C10H15NO",
            "C10H15NO",
            "C10H15NO",
            "C10H15NO",
            "C10H15NO",
            "C10H15NO",
            "C10H15NO",
            "C10H15NO",
            "C10H15NO"
        ],
        "ions": [
            "[M+H]+",
            "[M+H]+",
            "[M+H]+",
            "[M+H]+",
            "[M+H]+",
            "[M+H]+",
            "[M+H]+",
            "[M+H]+",
            "[M+H]+",
            "[M+H]+",
            "[M+H]+",
            "[M+H]+",
            "[M+H]+"
        ]
    }
}