{
    "cand_form": "C10H11N3O3S",
    "cand_ion": "[M+H]+",
    "output_tbl": {
        "mz": [
            65.0386,
            80.0494,
            92.0495,
            93.0578,
            99.0553,
            108.0444,
            110.0601
        ],
        "ms2_inten": [
            0.41604752119952193,
            0.09554774636478472,
            1.0,
            0.18153938692738633,
            0.09808059889711505,
            0.6958205645275495,
            0.10699623166814888
        ],
        "mono_mass": [
            65.0386,
            80.0494,
            92.0495,
            93.0578,
            99.0553,
            108.0444,
            110.0601
        ],
        "abs_mass_diff": [
            0.0,
            0.0,
            0.0,
            0.0,
            0.0,
            0.0,
            0.0
        ],
        "mass_diff": [
            0.0,
            0.0,
            0.0,
            0.0,
            0.0,
            0.0,
            0.0
        ],
        "formula": [
            "C10H11N3O3S",
            "C10H11N3O3S",
            "C10H11N3O3S",
            "C10H11N3O3S",
            "C10H11N3O3S",
            "C10H11N3O3S",
            "C10H11N3O3S"
        ],
        "ions": [
            "[M+H]+",
            "[M+H]+",
            "[M+H]+",
            "[M+H]+",
            "[M+H]+",
            "[M+H]+",
            "[M+H]+"
        ]
    }
}