{
    "cand_form": "C22H28FN3O6S",
    "cand_ion": "[M+H]+",
    "output_tbl": {
        "mz": [
            57.0447,
            69.0447,
            70.0651,
            72.0808,
            97.076,
            109.0448,
            122.0401,
            133.0448,
            148.0553,
            166.0975,
            185.0629,
            186.0721,
            198.0721,
            199.0799,
            200.0877,
            213.0856,
            228.0938,
            240.0938,
            241.1005,
            242.1088,
            254.1095,
            256.1245
        ],
        "ms2_inten": [
            0.15910190039037644,
            0.30154214478223446,
            0.194948009661711,
            0.1301608028468262,
            0.23162761943933824,
            0.11940757628213342,
            0.2909919940336341,
            1.0,
            0.14005679558893397,
            0.1802692112108917,
            0.15967079476285181,
            0.13830519547518766,
            0.15283093437876377,
            0.11159711168524339,
            0.14524062653351127,
            0.12636052930882832,
            0.1632341284328818,
            0.15557085759239908,
            0.14391675502693338,
            0.5323365485150756,
            0.3775967367259698,
            0.30648201079722137
        ],
        "mono_mass": [
            57.0447,
            69.0447,
            70.0651,
            72.0808,
            97.076,
            109.0448,
            122.0401,
            133.0448,
            148.0553,
            166.0975,
            185.0629,
            186.0721,
            198.0721,
            199.0799,
            200.0877,
            213.0856,
            228.0938,
            240.0938,
            241.1005,
            242.1088,
            254.1095,
            256.1245
        ],
        "abs_mass_diff": [
            0.0,
            0.0,
            0.0,
            0.0,
            0.0,
            0.0,
            0.0,
            0.0,
            0.0,
            0.0,
            0.0,
            0.0,
            0.0,
            0.0,
            0.0,
            0.0,
            0.0,
            0.0,
            0.0,
            0.0,
            0.0,
            0.0
        ],
        "mass_diff": [
            0.0,
            0.0,
            0.0,
            0.0,
            0.0,
            0.0,
            0.0,
            0.0,
            0.0,
            0.0,
            0.0,
            0.0,
            0.0,
            0.0,
            0.0,
            0.0,
            0.0,
            0.0,
            0.0,
            0.0,
            0.0,
            0.0
        ],
        "formula": [
            "C22H28FN3O6S",
            "C22H28FN3O6S",
            "C22H28FN3O6S",
            "C22H28FN3O6S",
            "C22H28FN3O6S",
            "C22H28FN3O6S",
            "C22H28FN3O6S",
            "C22H28FN3O6S",
            "C22H28FN3O6S",
            "C22H28FN3O6S",
            "C22H28FN3O6S",
            "C22H28FN3O6S",
            "C22H28FN3O6S",
            "C22H28FN3O6S",
            "C22H28FN3O6S",
            "C22H28FN3O6S",
            "C22H28FN3O6S",
            "C22H28FN3O6S",
            "C22H28FN3O6S",
            "C22H28FN3O6S",
            "C22H28FN3O6S",
            "C22H28FN3O6S"
        ],
        "ions": [
            "[M+H]+",
            "[M+H]+",
            "[M+H]+",
            "[M+H]+",
            "[M+H]+",
            "[M+H]+",
            "[M+H]+",
            "[M+H]+",
            "[M+H]+",
            "[M+H]+",
            "[M+H]+",
            "[M+H]+",
            "[M+H]+",
            "[M+H]+",
            "[M+H]+",
            "[M+H]+",
            "[M+H]+",
            "[M+H]+",
            "[M+H]+",
            "[M+H]+",
            "[M+H]+",
            "[M+H]+"
        ]
    }
}