{
    "cand_form": "C18H18N6O5S2",
    "cand_ion": "[M+H]+",
    "output_tbl": {
        "mz": [
            0.0,
            51.0229,
            53.0386,
            54.0338,
            56.0495,
            56.9793,
            58.995,
            63.0229,
            65.0386,
            66.0338,
            68.0369,
            68.9793,
            69.0447,
            70.0651,
            77.0386,
            79.0542,
            80.0495,
            81.0447,
            83.9902,
            89.0386,
            94.0413,
            95.0491,
            105.0447,
            107.0604,
            227.7294,
            227.7549
        ],
        "ms2_inten": [
            0.4579858177463203,
            1.0,
            0.2480663989044309,
            0.24528932038688606,
            0.27619179694889734,
            0.6612316560383299,
            0.24947778450240013,
            0.2355319079981218,
            0.3616804429306926,
            0.3825401398403224,
            0.4445386980243428,
            0.1839906609818066,
            0.240960292402994,
            0.2038822383797395,
            0.7871293051924219,
            0.21337859012555782,
            0.3763452489789335,
            0.205327917039431,
            0.3679126416284607,
            0.4242993852120781,
            0.16438322609528647,
            0.9390955223813102,
            0.47735640439885774,
            0.4335415537696366,
            0.319603138832634,
            0.23378484608444836
        ],
        "mono_mass": [
            0.0,
            51.0229,
            53.0386,
            54.0338,
            56.0495,
            56.9793,
            58.995,
            63.0229,
            65.0386,
            66.0338,
            68.0369,
            68.9793,
            69.0447,
            70.0651,
            77.0386,
            79.0542,
            80.0495,
            81.0447,
            83.9902,
            89.0386,
            94.0413,
            95.0491,
            105.0447,
            107.0604,
            227.7294,
            227.7549
        ],
        "abs_mass_diff": [
            0.0,
            0.0,
            0.0,
            0.0,
            0.0,
            0.0,
            0.0,
            0.0,
            0.0,
            0.0,
            0.0,
            0.0,
            0.0,
            0.0,
            0.0,
            0.0,
            0.0,
            0.0,
            0.0,
            0.0,
            0.0,
            0.0,
            0.0,
            0.0,
            0.0,
            0.0
        ],
        "mass_diff": [
            0.0,
            0.0,
            0.0,
            0.0,
            0.0,
            0.0,
            0.0,
            0.0,
            0.0,
            0.0,
            0.0,
            0.0,
            0.0,
            0.0,
            0.0,
            0.0,
            0.0,
            0.0,
            0.0,
            0.0,
            0.0,
            0.0,
            0.0,
            0.0,
            0.0,
            0.0
        ],
        "formula": [
            "C18H18N6O5S2",
            "C18H18N6O5S2",
            "C18H18N6O5S2",
            "C18H18N6O5S2",
            "C18H18N6O5S2",
            "C18H18N6O5S2",
            "C18H18N6O5S2",
            "C18H18N6O5S2",
            "C18H18N6O5S2",
            "C18H18N6O5S2",
            "C18H18N6O5S2",
            "C18H18N6O5S2",
            "C18H18N6O5S2",
            "C18H18N6O5S2",
            "C18H18N6O5S2",
            "C18H18N6O5S2",
            "C18H18N6O5S2",
            "C18H18N6O5S2",
            "C18H18N6O5S2",
            "C18H18N6O5S2",
            "C18H18N6O5S2",
            "C18H18N6O5S2",
            "C18H18N6O5S2",
            "C18H18N6O5S2",
            "C18H18N6O5S2",
            "C18H18N6O5S2"
        ],
        "ions": [
            "[M+H]+",
            "[M+H]+",
            "[M+H]+",
            "[M+H]+",
            "[M+H]+",
            "[M+H]+",
            "[M+H]+",
            "[M+H]+",
            "[M+H]+",
            "[M+H]+",
            "[M+H]+",
            "[M+H]+",
            "[M+H]+",
            "[M+H]+",
            "[M+H]+",
            "[M+H]+",
            "[M+H]+",
            "[M+H]+",
            "[M+H]+",
            "[M+H]+",
            "[M+H]+",
            "[M+H]+",
            "[M+H]+",
            "[M+H]+",
            "[M+H]+",
            "[M+H]+"
        ]
    }
}