{
    "cand_form": "C28H38N6O5",
    "cand_ion": "[M+H]+",
    "output_tbl": {
        "mz": [
            439.2452,
            440.2445,
            539.2976
        ],
        "ms2_inten": [
            1.0,
            0.1142567180643824,
            0.015563808781431382
        ],
        "mono_mass": [
            439.2452,
            440.2445,
            539.2976
        ],
        "abs_mass_diff": [
            0.0,
            0.0,
            0.0
        ],
        "mass_diff": [
            0.0,
            0.0,
            0.0
        ],
        "formula": [
            "C28H38N6O5",
            "C28H38N6O5",
            "C28H38N6O5"
        ],
        "ions": [
            "[M+H]+",
            "[M+H]+",
            "[M+H]+"
        ]
    }
}