{
    "cand_form": "C10H8N2O2",
    "cand_ion": "[M+H]+",
    "output_tbl": {
        "mz": [
            0.0,
            44.0495,
            51.94,
            55.9344,
            56.9422,
            57.9348,
            70.9578,
            72.9371,
            90.9476
        ],
        "ms2_inten": [
            0.03128798597516277,
            0.08777159260466995,
            0.08661552899007682,
            1.0,
            0.04338842645236728,
            0.08189785221822635,
            0.1589093723063443,
            0.682597057567985,
            0.193996267973653
        ],
        "mono_mass": [
            0.0,
            44.0495,
            51.94,
            55.9344,
            56.9422,
            57.9348,
            70.9578,
            72.9371,
            90.9476
        ],
        "abs_mass_diff": [
            0.0,
            0.0,
            0.0,
            0.0,
            0.0,
            0.0,
            0.0,
            0.0,
            0.0
        ],
        "mass_diff": [
            0.0,
            0.0,
            0.0,
            0.0,
            0.0,
            0.0,
            0.0,
            0.0,
            0.0
        ],
        "formula": [
            "C10H8N2O2",
            "C10H8N2O2",
            "C10H8N2O2",
            "C10H8N2O2",
            "C10H8N2O2",
            "C10H8N2O2",
            "C10H8N2O2",
            "C10H8N2O2",
            "C10H8N2O2"
        ],
        "ions": [
            "[M+H]+",
            "[M+H]+",
            "[M+H]+",
            "[M+H]+",
            "[M+H]+",
            "[M+H]+",
            "[M+H]+",
            "[M+H]+",
            "[M+H]+"
        ]
    }
}