{
    "cand_form": "C13H14Cl2O3",
    "cand_ion": "[M-H]-",
    "output_tbl": {
        "mz": [
            98.6577,
            103.6306,
            135.2683,
            168.11,
            227.7131
        ],
        "ms2_inten": [
            0.8386093235907575,
            0.7315369148180392,
            0.7708666761237394,
            0.7282094045344318,
            1.0
        ],
        "mono_mass": [
            98.6577,
            103.6306,
            135.2683,
            168.11,
            227.7131
        ],
        "abs_mass_diff": [
            0.0,
            0.0,
            0.0,
            0.0,
            0.0
        ],
        "mass_diff": [
            0.0,
            0.0,
            0.0,
            0.0,
            0.0
        ],
        "formula": [
            "C13H14Cl2O3",
            "C13H14Cl2O3",
            "C13H14Cl2O3",
            "C13H14Cl2O3",
            "C13H14Cl2O3"
        ],
        "ions": [
            "[M-H]-",
            "[M-H]-",
            "[M-H]-",
            "[M-H]-",
            "[M-H]-"
        ]
    }
}