{
    "cand_form": "C9H10N4O2S2",
    "cand_ion": "[M+H]+",
    "output_tbl": {
        "mz": [
            65.0386,
            92.0495,
            93.0533,
            108.0444,
            110.0587,
            116.0277,
            156.0114,
            157.0145
        ],
        "ms2_inten": [
            0.022001326132329812,
            1.0,
            0.03859588566569919,
            0.9044193622318212,
            0.05066262353762419,
            0.07167389303815518,
            0.7200397314844459,
            0.03156000048986418
        ],
        "mono_mass": [
            65.0386,
            92.0495,
            93.0533,
            108.0444,
            110.0587,
            116.0277,
            156.0114,
            157.0145
        ],
        "abs_mass_diff": [
            0.0,
            0.0,
            0.0,
            0.0,
            0.0,
            0.0,
            0.0,
            0.0
        ],
        "mass_diff": [
            0.0,
            0.0,
            0.0,
            0.0,
            0.0,
            0.0,
            0.0,
            0.0
        ],
        "formula": [
            "C9H10N4O2S2",
            "C9H10N4O2S2",
            "C9H10N4O2S2",
            "C9H10N4O2S2",
            "C9H10N4O2S2",
            "C9H10N4O2S2",
            "C9H10N4O2S2",
            "C9H10N4O2S2"
        ],
        "ions": [
            "[M+H]+",
            "[M+H]+",
            "[M+H]+",
            "[M+H]+",
            "[M+H]+",
            "[M+H]+",
            "[M+H]+",
            "[M+H]+"
        ]
    }
}