{
    "cand_form": "C10H10N4O2S",
    "cand_ion": "[M+H]+",
    "output_tbl": {
        "mz": [
            65.0386,
            67.0417,
            80.0495,
            92.0495,
            93.0447,
            93.0533,
            93.0573,
            94.0525,
            95.0604,
            108.0444,
            109.0474,
            110.06,
            156.0114,
            167.0597,
            184.086,
            185.0887
        ],
        "ms2_inten": [
            0.14448258988195276,
            0.02261399618790003,
            0.027933779841109386,
            1.0,
            0.04239307366518095,
            0.06974996620253436,
            0.028609270701033238,
            0.09096041107102336,
            0.36399335311621434,
            0.7521413614801951,
            0.07788164132418812,
            0.10517066327196416,
            0.08128325971204266,
            0.034621975224575975,
            0.20640122044285775,
            0.03210106453952309
        ],
        "mono_mass": [
            65.0386,
            67.0417,
            80.0495,
            92.0495,
            93.0447,
            93.0533,
            93.0573,
            94.0525,
            95.0604,
            108.0444,
            109.0474,
            110.06,
            156.0114,
            167.0597,
            184.086,
            185.0887
        ],
        "abs_mass_diff": [
            0.0,
            0.0,
            0.0,
            0.0,
            0.0,
            0.0,
            0.0,
            0.0,
            0.0,
            0.0,
            0.0,
            0.0,
            0.0,
            0.0,
            0.0,
            0.0
        ],
        "mass_diff": [
            0.0,
            0.0,
            0.0,
            0.0,
            0.0,
            0.0,
            0.0,
            0.0,
            0.0,
            0.0,
            0.0,
            0.0,
            0.0,
            0.0,
            0.0,
            0.0
        ],
        "formula": [
            "C10H10N4O2S",
            "C10H10N4O2S",
            "C10H10N4O2S",
            "C10H10N4O2S",
            "C10H10N4O2S",
            "C10H10N4O2S",
            "C10H10N4O2S",
            "C10H10N4O2S",
            "C10H10N4O2S",
            "C10H10N4O2S",
            "C10H10N4O2S",
            "C10H10N4O2S",
            "C10H10N4O2S",
            "C10H10N4O2S",
            "C10H10N4O2S",
            "C10H10N4O2S"
        ],
        "ions": [
            "[M+H]+",
            "[M+H]+",
            "[M+H]+",
            "[M+H]+",
            "[M+H]+",
            "[M+H]+",
            "[M+H]+",
            "[M+H]+",
            "[M+H]+",
            "[M+H]+",
            "[M+H]+",
            "[M+H]+",
            "[M+H]+",
            "[M+H]+",
            "[M+H]+",
            "[M+H]+"
        ]
    }
}