{
    "cand_form": "C17H18F3NO",
    "cand_ion": "[M+H]+",
    "output_tbl": {
        "mz": [
            55.0749,
            57.2989,
            63.0368,
            70.279,
            125.8584,
            129.6415,
            227.7531,
            263.9094
        ],
        "ms2_inten": [
            0.6802969319596012,
            0.7026803932675361,
            0.7180345199291783,
            0.6464504099775203,
            0.675435067382643,
            0.7184310724157384,
            1.0,
            0.8033259396422887
        ],
        "mono_mass": [
            55.0749,
            57.2989,
            63.0368,
            70.279,
            125.8584,
            129.6415,
            227.7531,
            263.9094
        ],
        "abs_mass_diff": [
            0.0,
            0.0,
            0.0,
            0.0,
            0.0,
            0.0,
            0.0,
            0.0
        ],
        "mass_diff": [
            0.0,
            0.0,
            0.0,
            0.0,
            0.0,
            0.0,
            0.0,
            0.0
        ],
        "formula": [
            "C17H18F3NO",
            "C17H18F3NO",
            "C17H18F3NO",
            "C17H18F3NO",
            "C17H18F3NO",
            "C17H18F3NO",
            "C17H18F3NO",
            "C17H18F3NO"
        ],
        "ions": [
            "[M+H]+",
            "[M+H]+",
            "[M+H]+",
            "[M+H]+",
            "[M+H]+",
            "[M+H]+",
            "[M+H]+",
            "[M+H]+"
        ]
    }
}