{
    "cand_form": "C13H9NO5",
    "cand_ion": "[M-H]-",
    "output_tbl": {
        "mz": [
            114.0475,
            139.0553,
            140.0631,
            167.0502,
            170.0611,
            183.0452,
            184.053,
            185.0567,
            214.051,
            258.0408
        ],
        "ms2_inten": [
            0.05301234053718649,
            0.0705490452235348,
            0.0524882239422163,
            0.07935937739553618,
            0.0598806877364341,
            0.04906634024766065,
            1.0,
            0.08088281843021324,
            0.044190217473346914,
            0.10299787951554072
        ],
        "mono_mass": [
            114.0475,
            139.0553,
            140.0631,
            167.0502,
            170.0611,
            183.0452,
            184.053,
            185.0567,
            214.051,
            258.0408
        ],
        "abs_mass_diff": [
            0.0,
            0.0,
            0.0,
            0.0,
            0.0,
            0.0,
            0.0,
            0.0,
            0.0,
            0.0
        ],
        "mass_diff": [
            0.0,
            0.0,
            0.0,
            0.0,
            0.0,
            0.0,
            0.0,
            0.0,
            0.0,
            0.0
        ],
        "formula": [
            "C13H9NO5",
            "C13H9NO5",
            "C13H9NO5",
            "C13H9NO5",
            "C13H9NO5",
            "C13H9NO5",
            "C13H9NO5",
            "C13H9NO5",
            "C13H9NO5",
            "C13H9NO5"
        ],
        "ions": [
            "[M-H]-",
            "[M-H]-",
            "[M-H]-",
            "[M-H]-",
            "[M-H]-",
            "[M-H]-",
            "[M-H]-",
            "[M-H]-",
            "[M-H]-",
            "[M-H]-"
        ]
    }
}