{
    "cand_form": "C6H8N4O4",
    "cand_ion": "[M+H]+",
    "output_tbl": {
        "mz": [
            87.0791,
            98.9756,
            101.0094,
            115.0251,
            119.02,
            133.0356,
            145.0356,
            147.0513,
            156.9822,
            159.0513,
            169.0356,
            186.0624,
            187.0462,
            187.0805,
            188.0478,
            188.0773,
            200.0784,
            201.0618,
            201.0995,
            205.0577,
            205.0955,
            219.0725,
            219.1116
        ],
        "ms2_inten": [
            0.2608653252983503,
            0.10494877733551634,
            0.3212847214093536,
            0.13854038953857048,
            0.4929284669420559,
            0.2771028978037318,
            0.16054593871601616,
            0.09509678332644195,
            0.06527173579858352,
            0.07333211295379895,
            0.18553066505021185,
            0.1294288052215541,
            1.0,
            0.2714324784177993,
            0.1322637995994827,
            0.08309030790285268,
            0.1600798012336847,
            0.434741535437371,
            0.15755129802474682,
            0.1659614250974183,
            0.07247551143780882,
            0.09398466158309168,
            0.06569723746108963
        ],
        "mono_mass": [
            87.0791,
            98.9756,
            101.0094,
            115.0251,
            119.02,
            133.0356,
            145.0356,
            147.0513,
            156.9822,
            159.0513,
            169.0356,
            186.0624,
            187.0462,
            187.0805,
            188.0478,
            188.0773,
            200.0784,
            201.0618,
            201.0995,
            205.0577,
            205.0955,
            219.0725,
            219.1116
        ],
        "abs_mass_diff": [
            0.0,
            0.0,
            0.0,
            0.0,
            0.0,
            0.0,
            0.0,
            0.0,
            0.0,
            0.0,
            0.0,
            0.0,
            0.0,
            0.0,
            0.0,
            0.0,
            0.0,
            0.0,
            0.0,
            0.0,
            0.0,
            0.0,
            0.0
        ],
        "mass_diff": [
            0.0,
            0.0,
            0.0,
            0.0,
            0.0,
            0.0,
            0.0,
            0.0,
            0.0,
            0.0,
            0.0,
            0.0,
            0.0,
            0.0,
            0.0,
            0.0,
            0.0,
            0.0,
            0.0,
            0.0,
            0.0,
            0.0,
            0.0
        ],
        "formula": [
            "C6H8N4O4",
            "C6H8N4O4",
            "C6H8N4O4",
            "C6H8N4O4",
            "C6H8N4O4",
            "C6H8N4O4",
            "C6H8N4O4",
            "C6H8N4O4",
            "C6H8N4O4",
            "C6H8N4O4",
            "C6H8N4O4",
            "C6H8N4O4",
            "C6H8N4O4",
            "C6H8N4O4",
            "C6H8N4O4",
            "C6H8N4O4",
            "C6H8N4O4",
            "C6H8N4O4",
            "C6H8N4O4",
            "C6H8N4O4",
            "C6H8N4O4",
            "C6H8N4O4",
            "C6H8N4O4"
        ],
        "ions": [
            "[M+H]+",
            "[M+H]+",
            "[M+H]+",
            "[M+H]+",
            "[M+H]+",
            "[M+H]+",
            "[M+H]+",
            "[M+H]+",
            "[M+H]+",
            "[M+H]+",
            "[M+H]+",
            "[M+H]+",
            "[M+H]+",
            "[M+H]+",
            "[M+H]+",
            "[M+H]+",
            "[M+H]+",
            "[M+H]+",
            "[M+H]+",
            "[M+H]+",
            "[M+H]+",
            "[M+H]+",
            "[M+H]+"
        ]
    }
}