{
    "cand_form": "C19H32N2O5",
    "cand_ion": "[M+H]+",
    "output_tbl": {
        "mz": [
            0.0,
            56.0495,
            71.0491,
            71.0604,
            72.0808,
            80.0495,
            82.0651,
            90.0338,
            98.0964,
            100.9982,
            107.0604,
            109.076,
            121.076,
            126.01,
            127.0138,
            128.0075,
            135.0804,
            137.1073,
            150.1039,
            210.0635,
            222.0635,
            236.0792
        ],
        "ms2_inten": [
            0.09975527218369033,
            0.3288453246427676,
            0.10654138733368615,
            0.04648423460813533,
            0.07114178360862743,
            0.05116363481054381,
            0.053981249918758065,
            0.12852900142057325,
            0.36405314615191775,
            0.08459652043118575,
            0.19196118956760722,
            0.09728950019962303,
            0.10549914189948284,
            0.10776036024994662,
            0.0557855302080722,
            1.0,
            0.06254540282071994,
            0.14870297020510106,
            0.07974466820794221,
            0.06085063108734204,
            0.07656909241153914,
            0.13684133292480247
        ],
        "mono_mass": [
            0.0,
            56.0495,
            71.0491,
            71.0604,
            72.0808,
            80.0495,
            82.0651,
            90.0338,
            98.0964,
            100.9982,
            107.0604,
            109.076,
            121.076,
            126.01,
            127.0138,
            128.0075,
            135.0804,
            137.1073,
            150.1039,
            210.0635,
            222.0635,
            236.0792
        ],
        "abs_mass_diff": [
            0.0,
            0.0,
            0.0,
            0.0,
            0.0,
            0.0,
            0.0,
            0.0,
            0.0,
            0.0,
            0.0,
            0.0,
            0.0,
            0.0,
            0.0,
            0.0,
            0.0,
            0.0,
            0.0,
            0.0,
            0.0,
            0.0
        ],
        "mass_diff": [
            0.0,
            0.0,
            0.0,
            0.0,
            0.0,
            0.0,
            0.0,
            0.0,
            0.0,
            0.0,
            0.0,
            0.0,
            0.0,
            0.0,
            0.0,
            0.0,
            0.0,
            0.0,
            0.0,
            0.0,
            0.0,
            0.0
        ],
        "formula": [
            "C19H32N2O5",
            "C19H32N2O5",
            "C19H32N2O5",
            "C19H32N2O5",
            "C19H32N2O5",
            "C19H32N2O5",
            "C19H32N2O5",
            "C19H32N2O5",
            "C19H32N2O5",
            "C19H32N2O5",
            "C19H32N2O5",
            "C19H32N2O5",
            "C19H32N2O5",
            "C19H32N2O5",
            "C19H32N2O5",
            "C19H32N2O5",
            "C19H32N2O5",
            "C19H32N2O5",
            "C19H32N2O5",
            "C19H32N2O5",
            "C19H32N2O5",
            "C19H32N2O5"
        ],
        "ions": [
            "[M+H]+",
            "[M+H]+",
            "[M+H]+",
            "[M+H]+",
            "[M+H]+",
            "[M+H]+",
            "[M+H]+",
            "[M+H]+",
            "[M+H]+",
            "[M+H]+",
            "[M+H]+",
            "[M+H]+",
            "[M+H]+",
            "[M+H]+",
            "[M+H]+",
            "[M+H]+",
            "[M+H]+",
            "[M+H]+",
            "[M+H]+",
            "[M+H]+",
            "[M+H]+",
            "[M+H]+"
        ]
    }
}