{
    "cand_form": "C11H11N3O2S",
    "cand_ion": "[M+H]+",
    "output_tbl": {
        "mz": [
            65.0386,
            92.0495,
            93.0447,
            93.0573,
            94.0525,
            95.0604,
            108.0444,
            110.06,
            156.0114,
            184.0869
        ],
        "ms2_inten": [
            0.13913418374925932,
            1.0,
            0.040415628143019744,
            0.052890537598981054,
            0.07306103338456706,
            0.354642572978468,
            0.7675527335621786,
            0.15343675286027822,
            0.10952252408501936,
            0.22204744095026885
        ],
        "mono_mass": [
            65.0386,
            92.0495,
            93.0447,
            93.0573,
            94.0525,
            95.0604,
            108.0444,
            110.06,
            156.0114,
            184.0869
        ],
        "abs_mass_diff": [
            0.0,
            0.0,
            0.0,
            0.0,
            0.0,
            0.0,
            0.0,
            0.0,
            0.0,
            0.0
        ],
        "mass_diff": [
            0.0,
            0.0,
            0.0,
            0.0,
            0.0,
            0.0,
            0.0,
            0.0,
            0.0,
            0.0
        ],
        "formula": [
            "C11H11N3O2S",
            "C11H11N3O2S",
            "C11H11N3O2S",
            "C11H11N3O2S",
            "C11H11N3O2S",
            "C11H11N3O2S",
            "C11H11N3O2S",
            "C11H11N3O2S",
            "C11H11N3O2S",
            "C11H11N3O2S"
        ],
        "ions": [
            "[M+H]+",
            "[M+H]+",
            "[M+H]+",
            "[M+H]+",
            "[M+H]+",
            "[M+H]+",
            "[M+H]+",
            "[M+H]+",
            "[M+H]+",
            "[M+H]+"
        ]
    }
}