{
    "cand_form": "C27H36N2O4",
    "cand_ion": "[M+H]+",
    "output_tbl": {
        "mz": [
            69.0699,
            86.0964,
            91.0542,
            105.0335,
            106.0651,
            117.0573,
            118.0651,
            118.0777,
            120.0808,
            130.0651,
            131.073,
            132.0808,
            144.0808,
            145.0886,
            146.0964,
            158.0964,
            159.1043,
            160.1121,
            162.1277,
            172.1121,
            173.1199,
            174.1277,
            186.1277,
            227.7303,
            230.1903
        ],
        "ms2_inten": [
            0.07731267321237065,
            0.2836231081326135,
            0.38663973103252286,
            0.0951993948885352,
            0.4031229419301279,
            0.3387374370066066,
            0.9517358587150004,
            0.04978910150091542,
            0.15262444237694156,
            0.5860484004082088,
            0.5680981620058343,
            0.41808276877617934,
            0.5863277167724668,
            0.16670932458528456,
            0.847669425568324,
            0.3917335859553566,
            0.16777434924990609,
            0.06571955656646568,
            0.12055092347354378,
            1.0,
            0.07193370595657253,
            0.6930382831748763,
            0.15132317032829046,
            0.05699168707022353,
            0.20014324674998762
        ],
        "mono_mass": [
            69.0699,
            86.0964,
            91.0542,
            105.0335,
            106.0651,
            117.0573,
            118.0651,
            118.0777,
            120.0808,
            130.0651,
            131.073,
            132.0808,
            144.0808,
            145.0886,
            146.0964,
            158.0964,
            159.1043,
            160.1121,
            162.1277,
            172.1121,
            173.1199,
            174.1277,
            186.1277,
            227.7303,
            230.1903
        ],
        "abs_mass_diff": [
            0.0,
            0.0,
            0.0,
            0.0,
            0.0,
            0.0,
            0.0,
            0.0,
            0.0,
            0.0,
            0.0,
            0.0,
            0.0,
            0.0,
            0.0,
            0.0,
            0.0,
            0.0,
            0.0,
            0.0,
            0.0,
            0.0,
            0.0,
            0.0,
            0.0
        ],
        "mass_diff": [
            0.0,
            0.0,
            0.0,
            0.0,
            0.0,
            0.0,
            0.0,
            0.0,
            0.0,
            0.0,
            0.0,
            0.0,
            0.0,
            0.0,
            0.0,
            0.0,
            0.0,
            0.0,
            0.0,
            0.0,
            0.0,
            0.0,
            0.0,
            0.0,
            0.0
        ],
        "formula": [
            "C27H36N2O4",
            "C27H36N2O4",
            "C27H36N2O4",
            "C27H36N2O4",
            "C27H36N2O4",
            "C27H36N2O4",
            "C27H36N2O4",
            "C27H36N2O4",
            "C27H36N2O4",
            "C27H36N2O4",
            "C27H36N2O4",
            "C27H36N2O4",
            "C27H36N2O4",
            "C27H36N2O4",
            "C27H36N2O4",
            "C27H36N2O4",
            "C27H36N2O4",
            "C27H36N2O4",
            "C27H36N2O4",
            "C27H36N2O4",
            "C27H36N2O4",
            "C27H36N2O4",
            "C27H36N2O4",
            "C27H36N2O4",
            "C27H36N2O4"
        ],
        "ions": [
            "[M+H]+",
            "[M+H]+",
            "[M+H]+",
            "[M+H]+",
            "[M+H]+",
            "[M+H]+",
            "[M+H]+",
            "[M+H]+",
            "[M+H]+",
            "[M+H]+",
            "[M+H]+",
            "[M+H]+",
            "[M+H]+",
            "[M+H]+",
            "[M+H]+",
            "[M+H]+",
            "[M+H]+",
            "[M+H]+",
            "[M+H]+",
            "[M+H]+",
            "[M+H]+",
            "[M+H]+",
            "[M+H]+",
            "[M+H]+",
            "[M+H]+"
        ]
    }
}