{
    "cand_form": "C21H27ClO3",
    "cand_ion": "[M+H]+",
    "output_tbl": {
        "mz": [
            70.0653,
            72.0807,
            129.017,
            133.0859,
            227.74,
            251.0469,
            257.257,
            316.1902,
            321.9136,
            360.9052,
            362.1571,
            362.2321,
            362.3306,
            363.1499
        ],
        "ms2_inten": [
            0.2729766964284859,
            1.0,
            0.23552838334169018,
            0.16346994752933441,
            0.34489074922895063,
            0.164320330872942,
            0.1566975597737041,
            0.351800041991872,
            0.15771514363041783,
            0.16795176495289338,
            0.3362502025292912,
            0.39948785255675856,
            0.2457912735521193,
            0.9453936929742229
        ],
        "mono_mass": [
            70.0653,
            72.0807,
            129.017,
            133.0859,
            227.74,
            251.0469,
            257.257,
            316.1902,
            321.9136,
            360.9052,
            362.1571,
            362.2321,
            362.3306,
            363.1499
        ],
        "abs_mass_diff": [
            0.0,
            0.0,
            0.0,
            0.0,
            0.0,
            0.0,
            0.0,
            0.0,
            0.0,
            0.0,
            0.0,
            0.0,
            0.0,
            0.0
        ],
        "mass_diff": [
            0.0,
            0.0,
            0.0,
            0.0,
            0.0,
            0.0,
            0.0,
            0.0,
            0.0,
            0.0,
            0.0,
            0.0,
            0.0,
            0.0
        ],
        "formula": [
            "C21H27ClO3",
            "C21H27ClO3",
            "C21H27ClO3",
            "C21H27ClO3",
            "C21H27ClO3",
            "C21H27ClO3",
            "C21H27ClO3",
            "C21H27ClO3",
            "C21H27ClO3",
            "C21H27ClO3",
            "C21H27ClO3",
            "C21H27ClO3",
            "C21H27ClO3",
            "C21H27ClO3"
        ],
        "ions": [
            "[M+H]+",
            "[M+H]+",
            "[M+H]+",
            "[M+H]+",
            "[M+H]+",
            "[M+H]+",
            "[M+H]+",
            "[M+H]+",
            "[M+H]+",
            "[M+H]+",
            "[M+H]+",
            "[M+H]+",
            "[M+H]+",
            "[M+H]+"
        ]
    }
}