{
    "cand_form": "C32H38N6O3",
    "cand_ion": "[M+H]+",
    "output_tbl": {
        "mz": [
            117.0699,
            118.0737,
            355.1765,
            437.2296,
            438.2302,
            555.3078
        ],
        "ms2_inten": [
            1.0,
            0.04612584299558573,
            0.10569847382619608,
            0.14181040743826412,
            0.02957678644880013,
            0.07772267409338474
        ],
        "mono_mass": [
            117.0699,
            118.0737,
            355.1765,
            437.2296,
            438.2302,
            555.3078
        ],
        "abs_mass_diff": [
            0.0,
            0.0,
            0.0,
            0.0,
            0.0,
            0.0
        ],
        "mass_diff": [
            0.0,
            0.0,
            0.0,
            0.0,
            0.0,
            0.0
        ],
        "formula": [
            "C32H38N6O3",
            "C32H38N6O3",
            "C32H38N6O3",
            "C32H38N6O3",
            "C32H38N6O3",
            "C32H38N6O3"
        ],
        "ions": [
            "[M+H]+",
            "[M+H]+",
            "[M+H]+",
            "[M+H]+",
            "[M+H]+",
            "[M+H]+"
        ]
    }
}