{
    "cand_form": "C12H12N2O3",
    "cand_ion": "[M+H]+",
    "output_tbl": {
        "mz": [
            51.0229,
            53.0386,
            63.023,
            65.0386,
            77.0386,
            78.034,
            95.0491,
            96.0444,
            104.0494,
            105.0447,
            116.0373,
            130.0401,
            131.0604,
            159.055
        ],
        "ms2_inten": [
            0.09157646044196929,
            0.22800239116366308,
            0.04091322159944718,
            0.05613740992468634,
            0.3397702599623608,
            0.09099286833857256,
            0.2581394982423218,
            0.14903703236176585,
            1.0,
            0.17017504370259665,
            0.03734083433429926,
            0.02649041749806794,
            0.157254136060596,
            0.049580033523140395
        ],
        "mono_mass": [
            51.0229,
            53.0386,
            63.023,
            65.0386,
            77.0386,
            78.034,
            95.0491,
            96.0444,
            104.0494,
            105.0447,
            116.0373,
            130.0401,
            131.0604,
            159.055
        ],
        "abs_mass_diff": [
            0.0,
            0.0,
            0.0,
            0.0,
            0.0,
            0.0,
            0.0,
            0.0,
            0.0,
            0.0,
            0.0,
            0.0,
            0.0,
            0.0
        ],
        "mass_diff": [
            0.0,
            0.0,
            0.0,
            0.0,
            0.0,
            0.0,
            0.0,
            0.0,
            0.0,
            0.0,
            0.0,
            0.0,
            0.0,
            0.0
        ],
        "formula": [
            "C12H12N2O3",
            "C12H12N2O3",
            "C12H12N2O3",
            "C12H12N2O3",
            "C12H12N2O3",
            "C12H12N2O3",
            "C12H12N2O3",
            "C12H12N2O3",
            "C12H12N2O3",
            "C12H12N2O3",
            "C12H12N2O3",
            "C12H12N2O3",
            "C12H12N2O3",
            "C12H12N2O3"
        ],
        "ions": [
            "[M+H]+",
            "[M+H]+",
            "[M+H]+",
            "[M+H]+",
            "[M+H]+",
            "[M+H]+",
            "[M+H]+",
            "[M+H]+",
            "[M+H]+",
            "[M+H]+",
            "[M+H]+",
            "[M+H]+",
            "[M+H]+",
            "[M+H]+"
        ]
    }
}