{
    "cand_form": "C21H27N5O4S",
    "cand_ion": "[M+H]+",
    "output_tbl": {
        "mz": [
            0.0,
            51.0229,
            52.0182,
            53.0386,
            55.0542,
            63.0229,
            65.0386,
            66.0338,
            66.0464,
            74.0151,
            75.0229,
            77.0386,
            78.0464,
            89.0386,
            91.0542,
            94.0413,
            95.0491,
            102.0464,
            105.0447,
            227.7299,
            227.7547
        ],
        "ms2_inten": [
            0.3762445060316839,
            1.0,
            0.40629888914227585,
            0.06339005973049222,
            0.05706341033012551,
            0.1788012929749483,
            0.23768945979157813,
            0.44454788568903686,
            0.05527190515562324,
            0.05391105639521574,
            0.05367377153422277,
            0.47628118657427865,
            0.10956336669281964,
            0.1117551957853105,
            0.11292882695549165,
            0.0843326457018136,
            0.4075674902134283,
            0.057857155595005226,
            0.12262784801161022,
            0.07668332530007817,
            0.04777206316362968
        ],
        "mono_mass": [
            0.0,
            51.0229,
            52.0182,
            53.0386,
            55.0542,
            63.0229,
            65.0386,
            66.0338,
            66.0464,
            74.0151,
            75.0229,
            77.0386,
            78.0464,
            89.0386,
            91.0542,
            94.0413,
            95.0491,
            102.0464,
            105.0447,
            227.7299,
            227.7547
        ],
        "abs_mass_diff": [
            0.0,
            0.0,
            0.0,
            0.0,
            0.0,
            0.0,
            0.0,
            0.0,
            0.0,
            0.0,
            0.0,
            0.0,
            0.0,
            0.0,
            0.0,
            0.0,
            0.0,
            0.0,
            0.0,
            0.0,
            0.0
        ],
        "mass_diff": [
            0.0,
            0.0,
            0.0,
            0.0,
            0.0,
            0.0,
            0.0,
            0.0,
            0.0,
            0.0,
            0.0,
            0.0,
            0.0,
            0.0,
            0.0,
            0.0,
            0.0,
            0.0,
            0.0,
            0.0,
            0.0
        ],
        "formula": [
            "C21H27N5O4S",
            "C21H27N5O4S",
            "C21H27N5O4S",
            "C21H27N5O4S",
            "C21H27N5O4S",
            "C21H27N5O4S",
            "C21H27N5O4S",
            "C21H27N5O4S",
            "C21H27N5O4S",
            "C21H27N5O4S",
            "C21H27N5O4S",
            "C21H27N5O4S",
            "C21H27N5O4S",
            "C21H27N5O4S",
            "C21H27N5O4S",
            "C21H27N5O4S",
            "C21H27N5O4S",
            "C21H27N5O4S",
            "C21H27N5O4S",
            "C21H27N5O4S",
            "C21H27N5O4S"
        ],
        "ions": [
            "[M+H]+",
            "[M+H]+",
            "[M+H]+",
            "[M+H]+",
            "[M+H]+",
            "[M+H]+",
            "[M+H]+",
            "[M+H]+",
            "[M+H]+",
            "[M+H]+",
            "[M+H]+",
            "[M+H]+",
            "[M+H]+",
            "[M+H]+",
            "[M+H]+",
            "[M+H]+",
            "[M+H]+",
            "[M+H]+",
            "[M+H]+",
            "[M+H]+",
            "[M+H]+"
        ]
    }
}