{
    "cand_form": "C10H7N3S",
    "cand_ion": "[M+H]+",
    "output_tbl": {
        "mz": [
            55.0542,
            60.4809,
            81.0699,
            97.5813,
            100.0756,
            101.0791,
            180.2659
        ],
        "ms2_inten": [
            0.09188215518668265,
            0.09543053398481595,
            0.1123755757762756,
            0.10664163768740387,
            0.9261601965773701,
            1.0,
            0.08014779868973229
        ],
        "mono_mass": [
            55.0542,
            60.4809,
            81.0699,
            97.5813,
            100.0756,
            101.0791,
            180.2659
        ],
        "abs_mass_diff": [
            0.0,
            0.0,
            0.0,
            0.0,
            0.0,
            0.0,
            0.0
        ],
        "mass_diff": [
            0.0,
            0.0,
            0.0,
            0.0,
            0.0,
            0.0,
            0.0
        ],
        "formula": [
            "C10H7N3S",
            "C10H7N3S",
            "C10H7N3S",
            "C10H7N3S",
            "C10H7N3S",
            "C10H7N3S",
            "C10H7N3S"
        ],
        "ions": [
            "[M+H]+",
            "[M+H]+",
            "[M+H]+",
            "[M+H]+",
            "[M+H]+",
            "[M+H]+",
            "[M+H]+"
        ]
    }
}