{
    "cand_form": "C27H36N2O4",
    "cand_ion": "[M+H]+",
    "output_tbl": {
        "mz": [
            69.0699,
            86.0964,
            91.0542,
            105.0335,
            106.0651,
            117.0573,
            118.0651,
            120.0808,
            130.0651,
            131.073,
            132.0808,
            144.0808,
            145.0886,
            146.0964,
            147.1016,
            158.0964,
            159.1043,
            160.1121,
            162.1277,
            172.1121,
            173.1199,
            174.1277,
            175.1329,
            186.1277,
            227.7339,
            230.1903,
            231.1955
        ],
        "ms2_inten": [
            0.07434738967787083,
            0.36824726233625743,
            0.12337643194218777,
            0.03329294273078604,
            0.24517667269701188,
            0.1414544593308294,
            0.6039398225920457,
            0.12646147825721613,
            0.2594288798810313,
            0.21624246824712554,
            0.3180162609247047,
            0.29856548485317097,
            0.12369242485547297,
            0.8509234583959141,
            0.04016148837693329,
            0.23888148482775032,
            0.1733357169614404,
            0.10349849170756921,
            0.19302954498432745,
            0.679904298280363,
            0.08799458186899746,
            1.0,
            0.06974484918311419,
            0.13733497755567653,
            0.043298225571805946,
            0.550914049221457,
            0.05475080891537816
        ],
        "mono_mass": [
            69.0699,
            86.0964,
            91.0542,
            105.0335,
            106.0651,
            117.0573,
            118.0651,
            120.0808,
            130.0651,
            131.073,
            132.0808,
            144.0808,
            145.0886,
            146.0964,
            147.1016,
            158.0964,
            159.1043,
            160.1121,
            162.1277,
            172.1121,
            173.1199,
            174.1277,
            175.1329,
            186.1277,
            227.7339,
            230.1903,
            231.1955
        ],
        "abs_mass_diff": [
            0.0,
            0.0,
            0.0,
            0.0,
            0.0,
            0.0,
            0.0,
            0.0,
            0.0,
            0.0,
            0.0,
            0.0,
            0.0,
            0.0,
            0.0,
            0.0,
            0.0,
            0.0,
            0.0,
            0.0,
            0.0,
            0.0,
            0.0,
            0.0,
            0.0,
            0.0,
            0.0
        ],
        "mass_diff": [
            0.0,
            0.0,
            0.0,
            0.0,
            0.0,
            0.0,
            0.0,
            0.0,
            0.0,
            0.0,
            0.0,
            0.0,
            0.0,
            0.0,
            0.0,
            0.0,
            0.0,
            0.0,
            0.0,
            0.0,
            0.0,
            0.0,
            0.0,
            0.0,
            0.0,
            0.0,
            0.0
        ],
        "formula": [
            "C27H36N2O4",
            "C27H36N2O4",
            "C27H36N2O4",
            "C27H36N2O4",
            "C27H36N2O4",
            "C27H36N2O4",
            "C27H36N2O4",
            "C27H36N2O4",
            "C27H36N2O4",
            "C27H36N2O4",
            "C27H36N2O4",
            "C27H36N2O4",
            "C27H36N2O4",
            "C27H36N2O4",
            "C27H36N2O4",
            "C27H36N2O4",
            "C27H36N2O4",
            "C27H36N2O4",
            "C27H36N2O4",
            "C27H36N2O4",
            "C27H36N2O4",
            "C27H36N2O4",
            "C27H36N2O4",
            "C27H36N2O4",
            "C27H36N2O4",
            "C27H36N2O4",
            "C27H36N2O4"
        ],
        "ions": [
            "[M+H]+",
            "[M+H]+",
            "[M+H]+",
            "[M+H]+",
            "[M+H]+",
            "[M+H]+",
            "[M+H]+",
            "[M+H]+",
            "[M+H]+",
            "[M+H]+",
            "[M+H]+",
            "[M+H]+",
            "[M+H]+",
            "[M+H]+",
            "[M+H]+",
            "[M+H]+",
            "[M+H]+",
            "[M+H]+",
            "[M+H]+",
            "[M+H]+",
            "[M+H]+",
            "[M+H]+",
            "[M+H]+",
            "[M+H]+",
            "[M+H]+",
            "[M+H]+",
            "[M+H]+"
        ]
    }
}