{
    "cand_form": "C24H34N6O4S",
    "cand_ion": "[M+H]+",
    "output_tbl": {
        "mz": [
            56.0495,
            58.0653,
            63.023,
            67.0291,
            68.037,
            70.0651,
            71.073,
            72.0808,
            77.0386,
            80.0494,
            81.0446,
            83.0604,
            90.034,
            91.0417,
            99.0917,
            104.0494,
            128.0496,
            129.0451,
            143.0608,
            155.0603,
            156.0556,
            170.0714,
            227.7462
        ],
        "ms2_inten": [
            1.0,
            0.17279037373639577,
            0.11513820854812623,
            0.08658475550032405,
            0.11895574786617101,
            0.8204769832294472,
            0.16976146765893316,
            0.3027781243630724,
            0.07535395172336298,
            0.0872607665179106,
            0.10346414110271017,
            0.15614278674446386,
            0.1603987479241135,
            0.10076782578158944,
            0.5716688304079169,
            0.08020463228832622,
            0.12024642584686265,
            0.14545488733705064,
            0.08869661262342628,
            0.13546017991047238,
            0.083729890673834,
            0.07509374278611505,
            0.14409801701583644
        ],
        "mono_mass": [
            56.0495,
            58.0653,
            63.023,
            67.0291,
            68.037,
            70.0651,
            71.073,
            72.0808,
            77.0386,
            80.0494,
            81.0446,
            83.0604,
            90.034,
            91.0417,
            99.0917,
            104.0494,
            128.0496,
            129.0451,
            143.0608,
            155.0603,
            156.0556,
            170.0714,
            227.7462
        ],
        "abs_mass_diff": [
            0.0,
            0.0,
            0.0,
            0.0,
            0.0,
            0.0,
            0.0,
            0.0,
            0.0,
            0.0,
            0.0,
            0.0,
            0.0,
            0.0,
            0.0,
            0.0,
            0.0,
            0.0,
            0.0,
            0.0,
            0.0,
            0.0,
            0.0
        ],
        "mass_diff": [
            0.0,
            0.0,
            0.0,
            0.0,
            0.0,
            0.0,
            0.0,
            0.0,
            0.0,
            0.0,
            0.0,
            0.0,
            0.0,
            0.0,
            0.0,
            0.0,
            0.0,
            0.0,
            0.0,
            0.0,
            0.0,
            0.0,
            0.0
        ],
        "formula": [
            "C24H34N6O4S",
            "C24H34N6O4S",
            "C24H34N6O4S",
            "C24H34N6O4S",
            "C24H34N6O4S",
            "C24H34N6O4S",
            "C24H34N6O4S",
            "C24H34N6O4S",
            "C24H34N6O4S",
            "C24H34N6O4S",
            "C24H34N6O4S",
            "C24H34N6O4S",
            "C24H34N6O4S",
            "C24H34N6O4S",
            "C24H34N6O4S",
            "C24H34N6O4S",
            "C24H34N6O4S",
            "C24H34N6O4S",
            "C24H34N6O4S",
            "C24H34N6O4S",
            "C24H34N6O4S",
            "C24H34N6O4S",
            "C24H34N6O4S"
        ],
        "ions": [
            "[M+H]+",
            "[M+H]+",
            "[M+H]+",
            "[M+H]+",
            "[M+H]+",
            "[M+H]+",
            "[M+H]+",
            "[M+H]+",
            "[M+H]+",
            "[M+H]+",
            "[M+H]+",
            "[M+H]+",
            "[M+H]+",
            "[M+H]+",
            "[M+H]+",
            "[M+H]+",
            "[M+H]+",
            "[M+H]+",
            "[M+H]+",
            "[M+H]+",
            "[M+H]+",
            "[M+H]+",
            "[M+H]+"
        ]
    }
}