{
    "cand_form": "C25H34N6O4",
    "cand_ion": "[M+H]+",
    "output_tbl": {
        "mz": [
            56.0495,
            58.0651,
            68.0495,
            69.0447,
            70.0651,
            82.0651,
            83.0604,
            86.06,
            88.0757,
            97.076,
            98.0838,
            99.0917,
            100.0757,
            166.0975,
            198.1237,
            285.1346,
            297.1359,
            311.1139
        ],
        "ms2_inten": [
            0.24105264443814592,
            0.13618468755569949,
            0.11116737909677712,
            0.16310860940265223,
            1.0,
            0.07897480137795779,
            0.08475634330311313,
            0.09692797441444556,
            0.22722837978148033,
            0.9796379904321401,
            0.284883490593369,
            0.182681505098286,
            0.40564762649936303,
            0.5893042249776439,
            0.077742631678115,
            0.09832211022966614,
            0.20568970889636548,
            0.0888677968836545
        ],
        "mono_mass": [
            56.0495,
            58.0651,
            68.0495,
            69.0447,
            70.0651,
            82.0651,
            83.0604,
            86.06,
            88.0757,
            97.076,
            98.0838,
            99.0917,
            100.0757,
            166.0975,
            198.1237,
            285.1346,
            297.1359,
            311.1139
        ],
        "abs_mass_diff": [
            0.0,
            0.0,
            0.0,
            0.0,
            0.0,
            0.0,
            0.0,
            0.0,
            0.0,
            0.0,
            0.0,
            0.0,
            0.0,
            0.0,
            0.0,
            0.0,
            0.0,
            0.0
        ],
        "mass_diff": [
            0.0,
            0.0,
            0.0,
            0.0,
            0.0,
            0.0,
            0.0,
            0.0,
            0.0,
            0.0,
            0.0,
            0.0,
            0.0,
            0.0,
            0.0,
            0.0,
            0.0,
            0.0
        ],
        "formula": [
            "C25H34N6O4",
            "C25H34N6O4",
            "C25H34N6O4",
            "C25H34N6O4",
            "C25H34N6O4",
            "C25H34N6O4",
            "C25H34N6O4",
            "C25H34N6O4",
            "C25H34N6O4",
            "C25H34N6O4",
            "C25H34N6O4",
            "C25H34N6O4",
            "C25H34N6O4",
            "C25H34N6O4",
            "C25H34N6O4",
            "C25H34N6O4",
            "C25H34N6O4",
            "C25H34N6O4"
        ],
        "ions": [
            "[M+H]+",
            "[M+H]+",
            "[M+H]+",
            "[M+H]+",
            "[M+H]+",
            "[M+H]+",
            "[M+H]+",
            "[M+H]+",
            "[M+H]+",
            "[M+H]+",
            "[M+H]+",
            "[M+H]+",
            "[M+H]+",
            "[M+H]+",
            "[M+H]+",
            "[M+H]+",
            "[M+H]+",
            "[M+H]+"
        ]
    }
}