{
    "cand_form": "C10H11N3O3S",
    "cand_ion": "[M+H]+",
    "output_tbl": {
        "mz": [
            0.0,
            53.0386,
            54.0338,
            63.0229,
            65.0386,
            66.0338,
            66.0423,
            66.0464,
            80.0495,
            92.0495,
            93.0573
        ],
        "ms2_inten": [
            0.01801344973430797,
            0.1971414980792285,
            0.027998922825723423,
            0.025151486748574554,
            1.0,
            0.033769126045231156,
            0.027091200257278472,
            0.04166783759057275,
            0.290161369912227,
            0.03179437627753796,
            0.025877625350776545
        ],
        "mono_mass": [
            0.0,
            53.0386,
            54.0338,
            63.0229,
            65.0386,
            66.0338,
            66.0423,
            66.0464,
            80.0495,
            92.0495,
            93.0573
        ],
        "abs_mass_diff": [
            0.0,
            0.0,
            0.0,
            0.0,
            0.0,
            0.0,
            0.0,
            0.0,
            0.0,
            0.0,
            0.0
        ],
        "mass_diff": [
            0.0,
            0.0,
            0.0,
            0.0,
            0.0,
            0.0,
            0.0,
            0.0,
            0.0,
            0.0,
            0.0
        ],
        "formula": [
            "C10H11N3O3S",
            "C10H11N3O3S",
            "C10H11N3O3S",
            "C10H11N3O3S",
            "C10H11N3O3S",
            "C10H11N3O3S",
            "C10H11N3O3S",
            "C10H11N3O3S",
            "C10H11N3O3S",
            "C10H11N3O3S",
            "C10H11N3O3S"
        ],
        "ions": [
            "[M+H]+",
            "[M+H]+",
            "[M+H]+",
            "[M+H]+",
            "[M+H]+",
            "[M+H]+",
            "[M+H]+",
            "[M+H]+",
            "[M+H]+",
            "[M+H]+",
            "[M+H]+"
        ]
    }
}