{
    "cand_form": "C25H38O5",
    "cand_ion": "[M+H]+",
    "output_tbl": {
        "mz": [
            67.0542,
            79.0542,
            81.0699,
            83.0491,
            105.0699,
            107.0855,
            119.0855,
            131.0855,
            133.1012,
            143.0855,
            145.1012,
            155.0855,
            156.0934,
            157.1012,
            158.109,
            159.1168,
            169.1012,
            171.1168,
            173.1325,
            183.1168,
            197.1325,
            199.1481,
            225.1638,
            227.743
        ],
        "ms2_inten": [
            0.11823555022751364,
            0.27144646307862064,
            0.3446740994296442,
            0.19410821021871225,
            0.45024832481015237,
            0.2127636359694856,
            0.2717972611648612,
            0.3744126809324266,
            0.1055724807117416,
            1.0,
            0.48668385032441563,
            0.2636459848555467,
            0.15701436880407377,
            0.5099160833400175,
            0.1897243397334871,
            0.5777630172710935,
            0.5141752169454856,
            0.2988170590798433,
            0.8961265665274197,
            0.25127472766648384,
            0.155447298993477,
            0.7493276044839374,
            0.38646034715613353,
            0.10921068219410308
        ],
        "mono_mass": [
            67.0542,
            79.0542,
            81.0699,
            83.0491,
            105.0699,
            107.0855,
            119.0855,
            131.0855,
            133.1012,
            143.0855,
            145.1012,
            155.0855,
            156.0934,
            157.1012,
            158.109,
            159.1168,
            169.1012,
            171.1168,
            173.1325,
            183.1168,
            197.1325,
            199.1481,
            225.1638,
            227.743
        ],
        "abs_mass_diff": [
            0.0,
            0.0,
            0.0,
            0.0,
            0.0,
            0.0,
            0.0,
            0.0,
            0.0,
            0.0,
            0.0,
            0.0,
            0.0,
            0.0,
            0.0,
            0.0,
            0.0,
            0.0,
            0.0,
            0.0,
            0.0,
            0.0,
            0.0,
            0.0
        ],
        "mass_diff": [
            0.0,
            0.0,
            0.0,
            0.0,
            0.0,
            0.0,
            0.0,
            0.0,
            0.0,
            0.0,
            0.0,
            0.0,
            0.0,
            0.0,
            0.0,
            0.0,
            0.0,
            0.0,
            0.0,
            0.0,
            0.0,
            0.0,
            0.0,
            0.0
        ],
        "formula": [
            "C25H38O5",
            "C25H38O5",
            "C25H38O5",
            "C25H38O5",
            "C25H38O5",
            "C25H38O5",
            "C25H38O5",
            "C25H38O5",
            "C25H38O5",
            "C25H38O5",
            "C25H38O5",
            "C25H38O5",
            "C25H38O5",
            "C25H38O5",
            "C25H38O5",
            "C25H38O5",
            "C25H38O5",
            "C25H38O5",
            "C25H38O5",
            "C25H38O5",
            "C25H38O5",
            "C25H38O5",
            "C25H38O5",
            "C25H38O5"
        ],
        "ions": [
            "[M+H]+",
            "[M+H]+",
            "[M+H]+",
            "[M+H]+",
            "[M+H]+",
            "[M+H]+",
            "[M+H]+",
            "[M+H]+",
            "[M+H]+",
            "[M+H]+",
            "[M+H]+",
            "[M+H]+",
            "[M+H]+",
            "[M+H]+",
            "[M+H]+",
            "[M+H]+",
            "[M+H]+",
            "[M+H]+",
            "[M+H]+",
            "[M+H]+",
            "[M+H]+",
            "[M+H]+",
            "[M+H]+",
            "[M+H]+"
        ]
    }
}