{
    "cand_form": "C19H22N4O3",
    "cand_ion": "[M+H]+",
    "output_tbl": {
        "mz": [
            166.0975,
            216.0768,
            256.0955,
            268.1081,
            285.1346,
            286.1339,
            297.0982,
            298.106,
            311.1139,
            313.1659,
            327.1452,
            328.153
        ],
        "ms2_inten": [
            0.05208603019161987,
            0.034620421976336704,
            0.09276949682944907,
            0.04330000675488742,
            1.0,
            0.09437094857707556,
            0.038854658293463004,
            0.26733660944074594,
            0.17424590485924163,
            0.03259976742774588,
            0.34184973749042763,
            0.04229883524549107
        ],
        "mono_mass": [
            166.0975,
            216.0768,
            256.0955,
            268.1081,
            285.1346,
            286.1339,
            297.0982,
            298.106,
            311.1139,
            313.1659,
            327.1452,
            328.153
        ],
        "abs_mass_diff": [
            0.0,
            0.0,
            0.0,
            0.0,
            0.0,
            0.0,
            0.0,
            0.0,
            0.0,
            0.0,
            0.0,
            0.0
        ],
        "mass_diff": [
            0.0,
            0.0,
            0.0,
            0.0,
            0.0,
            0.0,
            0.0,
            0.0,
            0.0,
            0.0,
            0.0,
            0.0
        ],
        "formula": [
            "C19H22N4O3",
            "C19H22N4O3",
            "C19H22N4O3",
            "C19H22N4O3",
            "C19H22N4O3",
            "C19H22N4O3",
            "C19H22N4O3",
            "C19H22N4O3",
            "C19H22N4O3",
            "C19H22N4O3",
            "C19H22N4O3",
            "C19H22N4O3"
        ],
        "ions": [
            "[M+H]+",
            "[M+H]+",
            "[M+H]+",
            "[M+H]+",
            "[M+H]+",
            "[M+H]+",
            "[M+H]+",
            "[M+H]+",
            "[M+H]+",
            "[M+H]+",
            "[M+H]+",
            "[M+H]+"
        ]
    }
}