{
    "cand_form": "C19H20N6O",
    "cand_ion": "[M+H]+",
    "output_tbl": {
        "mz": [
            102.0536,
            116.0693,
            117.0699,
            126.01,
            128.0257,
            134.0964,
            158.0269,
            160.1121,
            206.1162,
            207.124,
            303.1684,
            330.1224,
            331.1196,
            348.1322,
            349.1287,
            350.1309
        ],
        "ms2_inten": [
            0.21500975873465064,
            0.12967607242770876,
            0.09666022762117488,
            0.20052745599104993,
            0.038179341379371776,
            0.0828943607720158,
            0.09834954073644993,
            0.2868905544920651,
            1.0,
            0.07597942822452661,
            0.19518275772109994,
            0.038934810462784256,
            0.08008000168926938,
            0.11442702094404242,
            0.37152786005754823,
            0.0471730878568028
        ],
        "mono_mass": [
            102.0536,
            116.0693,
            117.0699,
            126.01,
            128.0257,
            134.0964,
            158.0269,
            160.1121,
            206.1162,
            207.124,
            303.1684,
            330.1224,
            331.1196,
            348.1322,
            349.1287,
            350.1309
        ],
        "abs_mass_diff": [
            0.0,
            0.0,
            0.0,
            0.0,
            0.0,
            0.0,
            0.0,
            0.0,
            0.0,
            0.0,
            0.0,
            0.0,
            0.0,
            0.0,
            0.0,
            0.0
        ],
        "mass_diff": [
            0.0,
            0.0,
            0.0,
            0.0,
            0.0,
            0.0,
            0.0,
            0.0,
            0.0,
            0.0,
            0.0,
            0.0,
            0.0,
            0.0,
            0.0,
            0.0
        ],
        "formula": [
            "C19H20N6O",
            "C19H20N6O",
            "C19H20N6O",
            "C19H20N6O",
            "C19H20N6O",
            "C19H20N6O",
            "C19H20N6O",
            "C19H20N6O",
            "C19H20N6O",
            "C19H20N6O",
            "C19H20N6O",
            "C19H20N6O",
            "C19H20N6O",
            "C19H20N6O",
            "C19H20N6O",
            "C19H20N6O"
        ],
        "ions": [
            "[M+H]+",
            "[M+H]+",
            "[M+H]+",
            "[M+H]+",
            "[M+H]+",
            "[M+H]+",
            "[M+H]+",
            "[M+H]+",
            "[M+H]+",
            "[M+H]+",
            "[M+H]+",
            "[M+H]+",
            "[M+H]+",
            "[M+H]+",
            "[M+H]+",
            "[M+H]+"
        ]
    }
}