{
    "cand_form": "C6H8N4O4",
    "cand_ion": "[M+H]+",
    "output_tbl": {
        "mz": [
            82.997,
            87.0791,
            98.976,
            101.0094,
            101.0597,
            115.0251,
            119.02,
            120.0192,
            133.0356,
            137.0305,
            145.0356,
            147.0513,
            151.0462,
            158.0671,
            159.0513,
            169.0356,
            171.0001,
            172.0591,
            186.0615,
            187.0462,
            187.0826,
            188.0782,
            200.079,
            201.0618,
            201.0997,
            205.0573,
            205.0943
        ],
        "ms2_inten": [
            0.09626873425615058,
            0.3471406031931796,
            0.0974214055302713,
            0.6826027626018392,
            0.06459979991398648,
            0.2520755140192002,
            1.0,
            0.0886715536901721,
            0.4258768982960719,
            0.10766943668287796,
            0.1491670905272724,
            0.19773046240683784,
            0.08327976619559896,
            0.11845671035534398,
            0.08198892571700464,
            0.08952331369375004,
            0.05382825627402975,
            0.1032193679723954,
            0.052010459706373864,
            0.5276372419828276,
            0.1661568860725612,
            0.06788899222528263,
            0.138116445094279,
            0.22690631413708187,
            0.08117984936920869,
            0.1175515107548358,
            0.06276589069140891
        ],
        "mono_mass": [
            82.997,
            87.0791,
            98.976,
            101.0094,
            101.0597,
            115.0251,
            119.02,
            120.0192,
            133.0356,
            137.0305,
            145.0356,
            147.0513,
            151.0462,
            158.0671,
            159.0513,
            169.0356,
            171.0001,
            172.0591,
            186.0615,
            187.0462,
            187.0826,
            188.0782,
            200.079,
            201.0618,
            201.0997,
            205.0573,
            205.0943
        ],
        "abs_mass_diff": [
            0.0,
            0.0,
            0.0,
            0.0,
            0.0,
            0.0,
            0.0,
            0.0,
            0.0,
            0.0,
            0.0,
            0.0,
            0.0,
            0.0,
            0.0,
            0.0,
            0.0,
            0.0,
            0.0,
            0.0,
            0.0,
            0.0,
            0.0,
            0.0,
            0.0,
            0.0,
            0.0
        ],
        "mass_diff": [
            0.0,
            0.0,
            0.0,
            0.0,
            0.0,
            0.0,
            0.0,
            0.0,
            0.0,
            0.0,
            0.0,
            0.0,
            0.0,
            0.0,
            0.0,
            0.0,
            0.0,
            0.0,
            0.0,
            0.0,
            0.0,
            0.0,
            0.0,
            0.0,
            0.0,
            0.0,
            0.0
        ],
        "formula": [
            "C6H8N4O4",
            "C6H8N4O4",
            "C6H8N4O4",
            "C6H8N4O4",
            "C6H8N4O4",
            "C6H8N4O4",
            "C6H8N4O4",
            "C6H8N4O4",
            "C6H8N4O4",
            "C6H8N4O4",
            "C6H8N4O4",
            "C6H8N4O4",
            "C6H8N4O4",
            "C6H8N4O4",
            "C6H8N4O4",
            "C6H8N4O4",
            "C6H8N4O4",
            "C6H8N4O4",
            "C6H8N4O4",
            "C6H8N4O4",
            "C6H8N4O4",
            "C6H8N4O4",
            "C6H8N4O4",
            "C6H8N4O4",
            "C6H8N4O4",
            "C6H8N4O4",
            "C6H8N4O4"
        ],
        "ions": [
            "[M+H]+",
            "[M+H]+",
            "[M+H]+",
            "[M+H]+",
            "[M+H]+",
            "[M+H]+",
            "[M+H]+",
            "[M+H]+",
            "[M+H]+",
            "[M+H]+",
            "[M+H]+",
            "[M+H]+",
            "[M+H]+",
            "[M+H]+",
            "[M+H]+",
            "[M+H]+",
            "[M+H]+",
            "[M+H]+",
            "[M+H]+",
            "[M+H]+",
            "[M+H]+",
            "[M+H]+",
            "[M+H]+",
            "[M+H]+",
            "[M+H]+",
            "[M+H]+",
            "[M+H]+"
        ]
    }
}