{
    "cand_form": "C19H28O2",
    "cand_ion": "[M+H]+",
    "output_tbl": {
        "mz": [
            51.023,
            53.0386,
            55.0179,
            55.0543,
            57.0337,
            65.0386,
            66.0466,
            67.0543,
            69.0338,
            69.0701,
            77.0386,
            78.0466,
            79.0542,
            81.034,
            81.0696,
            82.0417,
            83.0494,
            91.0542,
            94.0413,
            95.0492,
            97.0649,
            103.0544,
            105.0449,
            105.0701,
            107.0494,
            109.0648,
            115.0545,
            128.0623,
            227.7518
        ],
        "ms2_inten": [
            0.18424453791399867,
            0.47174032850990155,
            0.4102922702645498,
            0.25884608568194245,
            0.13186078474572369,
            0.47853288404858174,
            0.0986008481545267,
            0.3465884762770427,
            0.0600622322188455,
            0.07002656714355997,
            0.6086608740140299,
            0.04656860848116504,
            1.0,
            0.07698520693622767,
            0.25172735545494623,
            0.059263529080745565,
            0.05440175237107056,
            0.7159272211933858,
            0.27528686896168875,
            0.6758687025022798,
            0.2382891061614776,
            0.08525193898745743,
            0.20212670227118765,
            0.06434894866818912,
            0.06624701550028168,
            0.14884474855847316,
            0.11614514802675008,
            0.11103735749759772,
            0.05756237321883219
        ],
        "mono_mass": [
            51.023,
            53.0386,
            55.0179,
            55.0543,
            57.0337,
            65.0386,
            66.0466,
            67.0543,
            69.0338,
            69.0701,
            77.0386,
            78.0466,
            79.0542,
            81.034,
            81.0696,
            82.0417,
            83.0494,
            91.0542,
            94.0413,
            95.0492,
            97.0649,
            103.0544,
            105.0449,
            105.0701,
            107.0494,
            109.0648,
            115.0545,
            128.0623,
            227.7518
        ],
        "abs_mass_diff": [
            0.0,
            0.0,
            0.0,
            0.0,
            0.0,
            0.0,
            0.0,
            0.0,
            0.0,
            0.0,
            0.0,
            0.0,
            0.0,
            0.0,
            0.0,
            0.0,
            0.0,
            0.0,
            0.0,
            0.0,
            0.0,
            0.0,
            0.0,
            0.0,
            0.0,
            0.0,
            0.0,
            0.0,
            0.0
        ],
        "mass_diff": [
            0.0,
            0.0,
            0.0,
            0.0,
            0.0,
            0.0,
            0.0,
            0.0,
            0.0,
            0.0,
            0.0,
            0.0,
            0.0,
            0.0,
            0.0,
            0.0,
            0.0,
            0.0,
            0.0,
            0.0,
            0.0,
            0.0,
            0.0,
            0.0,
            0.0,
            0.0,
            0.0,
            0.0,
            0.0
        ],
        "formula": [
            "C19H28O2",
            "C19H28O2",
            "C19H28O2",
            "C19H28O2",
            "C19H28O2",
            "C19H28O2",
            "C19H28O2",
            "C19H28O2",
            "C19H28O2",
            "C19H28O2",
            "C19H28O2",
            "C19H28O2",
            "C19H28O2",
            "C19H28O2",
            "C19H28O2",
            "C19H28O2",
            "C19H28O2",
            "C19H28O2",
            "C19H28O2",
            "C19H28O2",
            "C19H28O2",
            "C19H28O2",
            "C19H28O2",
            "C19H28O2",
            "C19H28O2",
            "C19H28O2",
            "C19H28O2",
            "C19H28O2",
            "C19H28O2"
        ],
        "ions": [
            "[M+H]+",
            "[M+H]+",
            "[M+H]+",
            "[M+H]+",
            "[M+H]+",
            "[M+H]+",
            "[M+H]+",
            "[M+H]+",
            "[M+H]+",
            "[M+H]+",
            "[M+H]+",
            "[M+H]+",
            "[M+H]+",
            "[M+H]+",
            "[M+H]+",
            "[M+H]+",
            "[M+H]+",
            "[M+H]+",
            "[M+H]+",
            "[M+H]+",
            "[M+H]+",
            "[M+H]+",
            "[M+H]+",
            "[M+H]+",
            "[M+H]+",
            "[M+H]+",
            "[M+H]+",
            "[M+H]+",
            "[M+H]+"
        ]
    }
}