{
    "cand_form": "C22H23ClN2O8",
    "cand_ion": "[M-H]-",
    "output_tbl": {
        "mz": [
            59.0139,
            99.9258,
            100.9261,
            116.9286,
            117.9287,
            118.9269,
            227.7201,
            298.0878,
            299.093
        ],
        "ms2_inten": [
            0.07806191663322612,
            0.4742307404499209,
            0.10858396070531409,
            1.0,
            0.2656556432432324,
            0.0504340181551232,
            0.03879854328163098,
            0.09424313394352045,
            0.09677521509833004
        ],
        "mono_mass": [
            59.0139,
            99.9258,
            100.9261,
            116.9286,
            117.9287,
            118.9269,
            227.7201,
            298.0878,
            299.093
        ],
        "abs_mass_diff": [
            0.0,
            0.0,
            0.0,
            0.0,
            0.0,
            0.0,
            0.0,
            0.0,
            0.0
        ],
        "mass_diff": [
            0.0,
            0.0,
            0.0,
            0.0,
            0.0,
            0.0,
            0.0,
            0.0,
            0.0
        ],
        "formula": [
            "C22H23ClN2O8",
            "C22H23ClN2O8",
            "C22H23ClN2O8",
            "C22H23ClN2O8",
            "C22H23ClN2O8",
            "C22H23ClN2O8",
            "C22H23ClN2O8",
            "C22H23ClN2O8",
            "C22H23ClN2O8"
        ],
        "ions": [
            "[M-H]-",
            "[M-H]-",
            "[M-H]-",
            "[M-H]-",
            "[M-H]-",
            "[M-H]-",
            "[M-H]-",
            "[M-H]-",
            "[M-H]-"
        ]
    }
}