{
    "cand_form": "C22H32O3",
    "cand_ion": "[M+H]+",
    "output_tbl": {
        "mz": [
            0.0,
            81.0699,
            83.0491,
            93.0699,
            95.0855,
            97.0648,
            109.0648,
            123.0804,
            175.1481,
            253.1951
        ],
        "ms2_inten": [
            0.16185562900006392,
            0.058403787324890676,
            0.04889150090186191,
            0.06665063888644045,
            0.05965714964080248,
            1.0,
            0.8344023623329152,
            0.08578618957464965,
            0.07725951147208605,
            0.058282727991061316
        ],
        "mono_mass": [
            0.0,
            81.0699,
            83.0491,
            93.0699,
            95.0855,
            97.0648,
            109.0648,
            123.0804,
            175.1481,
            253.1951
        ],
        "abs_mass_diff": [
            0.0,
            0.0,
            0.0,
            0.0,
            0.0,
            0.0,
            0.0,
            0.0,
            0.0,
            0.0
        ],
        "mass_diff": [
            0.0,
            0.0,
            0.0,
            0.0,
            0.0,
            0.0,
            0.0,
            0.0,
            0.0,
            0.0
        ],
        "formula": [
            "C22H32O3",
            "C22H32O3",
            "C22H32O3",
            "C22H32O3",
            "C22H32O3",
            "C22H32O3",
            "C22H32O3",
            "C22H32O3",
            "C22H32O3",
            "C22H32O3"
        ],
        "ions": [
            "[M+H]+",
            "[M+H]+",
            "[M+H]+",
            "[M+H]+",
            "[M+H]+",
            "[M+H]+",
            "[M+H]+",
            "[M+H]+",
            "[M+H]+",
            "[M+H]+"
        ]
    }
}