{
    "cand_form": "C22H32O3",
    "cand_ion": "[M+H]+",
    "output_tbl": {
        "mz": [
            50.0151,
            51.023,
            53.0386,
            55.0178,
            55.0543,
            57.0336,
            65.0386,
            66.0466,
            67.0541,
            77.0386,
            78.0466,
            79.0542,
            81.0699,
            91.0542,
            94.0414,
            95.0491,
            97.0648,
            103.0544,
            105.0447,
            115.0542,
            128.062,
            227.7446
        ],
        "ms2_inten": [
            0.12071177172010979,
            0.4912186901977365,
            0.6778297257238229,
            0.3787360470611756,
            0.31518222458341943,
            0.17112738742453384,
            0.9432051523187631,
            0.17483473753367546,
            0.29992415989527177,
            0.8670054149165944,
            0.09571712011505353,
            0.772720284502977,
            0.20616232258897202,
            0.8109941850496748,
            0.31931630565866964,
            1.0,
            0.10061920539707504,
            0.08823315693948708,
            0.33994386964576406,
            0.29180991944463097,
            0.1813298852944401,
            0.1454697788796832
        ],
        "mono_mass": [
            50.0151,
            51.023,
            53.0386,
            55.0178,
            55.0543,
            57.0336,
            65.0386,
            66.0466,
            67.0541,
            77.0386,
            78.0466,
            79.0542,
            81.0699,
            91.0542,
            94.0414,
            95.0491,
            97.0648,
            103.0544,
            105.0447,
            115.0542,
            128.062,
            227.7446
        ],
        "abs_mass_diff": [
            0.0,
            0.0,
            0.0,
            0.0,
            0.0,
            0.0,
            0.0,
            0.0,
            0.0,
            0.0,
            0.0,
            0.0,
            0.0,
            0.0,
            0.0,
            0.0,
            0.0,
            0.0,
            0.0,
            0.0,
            0.0,
            0.0
        ],
        "mass_diff": [
            0.0,
            0.0,
            0.0,
            0.0,
            0.0,
            0.0,
            0.0,
            0.0,
            0.0,
            0.0,
            0.0,
            0.0,
            0.0,
            0.0,
            0.0,
            0.0,
            0.0,
            0.0,
            0.0,
            0.0,
            0.0,
            0.0
        ],
        "formula": [
            "C22H32O3",
            "C22H32O3",
            "C22H32O3",
            "C22H32O3",
            "C22H32O3",
            "C22H32O3",
            "C22H32O3",
            "C22H32O3",
            "C22H32O3",
            "C22H32O3",
            "C22H32O3",
            "C22H32O3",
            "C22H32O3",
            "C22H32O3",
            "C22H32O3",
            "C22H32O3",
            "C22H32O3",
            "C22H32O3",
            "C22H32O3",
            "C22H32O3",
            "C22H32O3",
            "C22H32O3"
        ],
        "ions": [
            "[M+H]+",
            "[M+H]+",
            "[M+H]+",
            "[M+H]+",
            "[M+H]+",
            "[M+H]+",
            "[M+H]+",
            "[M+H]+",
            "[M+H]+",
            "[M+H]+",
            "[M+H]+",
            "[M+H]+",
            "[M+H]+",
            "[M+H]+",
            "[M+H]+",
            "[M+H]+",
            "[M+H]+",
            "[M+H]+",
            "[M+H]+",
            "[M+H]+",
            "[M+H]+",
            "[M+H]+"
        ]
    }
}