{
    "cand_form": "C14H14N2O3S",
    "cand_ion": "[M+H]+",
    "output_tbl": {
        "mz": [
            53.0386,
            65.0386,
            66.0421,
            66.0464,
            80.0495,
            92.0495,
            93.0573,
            108.0444
        ],
        "ms2_inten": [
            0.08117568114358457,
            1.0,
            0.029916024741282844,
            0.14726387539650054,
            0.3529721511248992,
            0.11286935230094751,
            0.1836075240388979,
            0.06774935426844514
        ],
        "mono_mass": [
            53.0386,
            65.0386,
            66.0421,
            66.0464,
            80.0495,
            92.0495,
            93.0573,
            108.0444
        ],
        "abs_mass_diff": [
            0.0,
            0.0,
            0.0,
            0.0,
            0.0,
            0.0,
            0.0,
            0.0
        ],
        "mass_diff": [
            0.0,
            0.0,
            0.0,
            0.0,
            0.0,
            0.0,
            0.0,
            0.0
        ],
        "formula": [
            "C14H14N2O3S",
            "C14H14N2O3S",
            "C14H14N2O3S",
            "C14H14N2O3S",
            "C14H14N2O3S",
            "C14H14N2O3S",
            "C14H14N2O3S",
            "C14H14N2O3S"
        ],
        "ions": [
            "[M+H]+",
            "[M+H]+",
            "[M+H]+",
            "[M+H]+",
            "[M+H]+",
            "[M+H]+",
            "[M+H]+",
            "[M+H]+"
        ]
    }
}