{
    "cand_form": "C10H10N4O2S",
    "cand_ion": "[M+H]+",
    "output_tbl": {
        "mz": [
            65.0386,
            66.0419,
            67.0417,
            80.0495,
            92.0495,
            93.0447,
            93.0533,
            93.0573,
            94.0525,
            95.0604,
            108.0444,
            109.0478,
            110.06,
            167.0597,
            184.0863
        ],
        "ms2_inten": [
            0.37122023834032647,
            0.03721192020864361,
            0.0563461657528393,
            0.0648119361905828,
            1.0,
            0.03676850577916884,
            0.08677628121624997,
            0.030567104675500043,
            0.07835334379886018,
            0.36421131417594954,
            0.6575360689085912,
            0.06805371090563,
            0.10579249525955554,
            0.053479068895476184,
            0.12130329969094468
        ],
        "mono_mass": [
            65.0386,
            66.0419,
            67.0417,
            80.0495,
            92.0495,
            93.0447,
            93.0533,
            93.0573,
            94.0525,
            95.0604,
            108.0444,
            109.0478,
            110.06,
            167.0597,
            184.0863
        ],
        "abs_mass_diff": [
            0.0,
            0.0,
            0.0,
            0.0,
            0.0,
            0.0,
            0.0,
            0.0,
            0.0,
            0.0,
            0.0,
            0.0,
            0.0,
            0.0,
            0.0
        ],
        "mass_diff": [
            0.0,
            0.0,
            0.0,
            0.0,
            0.0,
            0.0,
            0.0,
            0.0,
            0.0,
            0.0,
            0.0,
            0.0,
            0.0,
            0.0,
            0.0
        ],
        "formula": [
            "C10H10N4O2S",
            "C10H10N4O2S",
            "C10H10N4O2S",
            "C10H10N4O2S",
            "C10H10N4O2S",
            "C10H10N4O2S",
            "C10H10N4O2S",
            "C10H10N4O2S",
            "C10H10N4O2S",
            "C10H10N4O2S",
            "C10H10N4O2S",
            "C10H10N4O2S",
            "C10H10N4O2S",
            "C10H10N4O2S",
            "C10H10N4O2S"
        ],
        "ions": [
            "[M+H]+",
            "[M+H]+",
            "[M+H]+",
            "[M+H]+",
            "[M+H]+",
            "[M+H]+",
            "[M+H]+",
            "[M+H]+",
            "[M+H]+",
            "[M+H]+",
            "[M+H]+",
            "[M+H]+",
            "[M+H]+",
            "[M+H]+",
            "[M+H]+"
        ]
    }
}