{
    "cand_form": "C12H11ClN2O5S",
    "cand_ion": "[M-H]-",
    "output_tbl": {
        "mz": [
            0.0,
            76.0193,
            77.9655,
            78.9733,
            79.9812,
            90.0349,
            94.0298,
            104.038,
            115.0302,
            121.0407,
            126.0116,
            227.7191
        ],
        "ms2_inten": [
            0.055859027543650464,
            0.027303469289267527,
            1.0,
            0.08830794625603636,
            0.046051277057643364,
            0.06461007729861795,
            0.17990609365486937,
            0.10277052043702387,
            0.03762204137816282,
            0.20681989113673738,
            0.21023239473288444,
            0.034521868792192004
        ],
        "mono_mass": [
            0.0,
            76.0193,
            77.9655,
            78.9733,
            79.9812,
            90.0349,
            94.0298,
            104.038,
            115.0302,
            121.0407,
            126.0116,
            227.7191
        ],
        "abs_mass_diff": [
            0.0,
            0.0,
            0.0,
            0.0,
            0.0,
            0.0,
            0.0,
            0.0,
            0.0,
            0.0,
            0.0,
            0.0
        ],
        "mass_diff": [
            0.0,
            0.0,
            0.0,
            0.0,
            0.0,
            0.0,
            0.0,
            0.0,
            0.0,
            0.0,
            0.0,
            0.0
        ],
        "formula": [
            "C12H11ClN2O5S",
            "C12H11ClN2O5S",
            "C12H11ClN2O5S",
            "C12H11ClN2O5S",
            "C12H11ClN2O5S",
            "C12H11ClN2O5S",
            "C12H11ClN2O5S",
            "C12H11ClN2O5S",
            "C12H11ClN2O5S",
            "C12H11ClN2O5S",
            "C12H11ClN2O5S",
            "C12H11ClN2O5S"
        ],
        "ions": [
            "[M-H]-",
            "[M-H]-",
            "[M-H]-",
            "[M-H]-",
            "[M-H]-",
            "[M-H]-",
            "[M-H]-",
            "[M-H]-",
            "[M-H]-",
            "[M-H]-",
            "[M-H]-",
            "[M-H]-"
        ]
    }
}