{
    "cand_form": "C20H28N6O4S",
    "cand_ion": "[M+H]+",
    "output_tbl": {
        "mz": [
            0.0,
            58.0651,
            68.0369,
            69.0447,
            104.0495,
            117.0447,
            129.0447,
            131.0604,
            136.0505,
            145.0396,
            154.0611,
            155.0597,
            157.0634,
            170.0713,
            171.0791,
            183.0553,
            197.0822,
            198.0675,
            198.0887,
            211.0608,
            213.0771,
            225.0771,
            226.0843,
            227.7415,
            239.0577,
            239.0934,
            253.072,
            254.0798
        ],
        "ms2_inten": [
            0.09844851527531112,
            1.0,
            0.08791657530997717,
            0.15878998493864638,
            0.10636858987610168,
            0.09783781850524087,
            0.07852307091612463,
            0.11571053588776836,
            0.09135942895812776,
            0.09579613642174417,
            0.2620478142380315,
            0.21140664326442862,
            0.09397109842507287,
            0.1387446699062035,
            0.12041274989630488,
            0.11394891274220965,
            0.1614965434708338,
            0.09267360333221442,
            0.09914939956826409,
            0.22788776940770566,
            0.08587939887124177,
            0.7139282371499758,
            0.17123769147404397,
            0.11149731027000435,
            0.13556597950515595,
            0.18392118409015976,
            0.43352616124738036,
            0.21180636764956762
        ],
        "mono_mass": [
            0.0,
            58.0651,
            68.0369,
            69.0447,
            104.0495,
            117.0447,
            129.0447,
            131.0604,
            136.0505,
            145.0396,
            154.0611,
            155.0597,
            157.0634,
            170.0713,
            171.0791,
            183.0553,
            197.0822,
            198.0675,
            198.0887,
            211.0608,
            213.0771,
            225.0771,
            226.0843,
            227.7415,
            239.0577,
            239.0934,
            253.072,
            254.0798
        ],
        "abs_mass_diff": [
            0.0,
            0.0,
            0.0,
            0.0,
            0.0,
            0.0,
            0.0,
            0.0,
            0.0,
            0.0,
            0.0,
            0.0,
            0.0,
            0.0,
            0.0,
            0.0,
            0.0,
            0.0,
            0.0,
            0.0,
            0.0,
            0.0,
            0.0,
            0.0,
            0.0,
            0.0,
            0.0,
            0.0
        ],
        "mass_diff": [
            0.0,
            0.0,
            0.0,
            0.0,
            0.0,
            0.0,
            0.0,
            0.0,
            0.0,
            0.0,
            0.0,
            0.0,
            0.0,
            0.0,
            0.0,
            0.0,
            0.0,
            0.0,
            0.0,
            0.0,
            0.0,
            0.0,
            0.0,
            0.0,
            0.0,
            0.0,
            0.0,
            0.0
        ],
        "formula": [
            "C20H28N6O4S",
            "C20H28N6O4S",
            "C20H28N6O4S",
            "C20H28N6O4S",
            "C20H28N6O4S",
            "C20H28N6O4S",
            "C20H28N6O4S",
            "C20H28N6O4S",
            "C20H28N6O4S",
            "C20H28N6O4S",
            "C20H28N6O4S",
            "C20H28N6O4S",
            "C20H28N6O4S",
            "C20H28N6O4S",
            "C20H28N6O4S",
            "C20H28N6O4S",
            "C20H28N6O4S",
            "C20H28N6O4S",
            "C20H28N6O4S",
            "C20H28N6O4S",
            "C20H28N6O4S",
            "C20H28N6O4S",
            "C20H28N6O4S",
            "C20H28N6O4S",
            "C20H28N6O4S",
            "C20H28N6O4S",
            "C20H28N6O4S",
            "C20H28N6O4S"
        ],
        "ions": [
            "[M+H]+",
            "[M+H]+",
            "[M+H]+",
            "[M+H]+",
            "[M+H]+",
            "[M+H]+",
            "[M+H]+",
            "[M+H]+",
            "[M+H]+",
            "[M+H]+",
            "[M+H]+",
            "[M+H]+",
            "[M+H]+",
            "[M+H]+",
            "[M+H]+",
            "[M+H]+",
            "[M+H]+",
            "[M+H]+",
            "[M+H]+",
            "[M+H]+",
            "[M+H]+",
            "[M+H]+",
            "[M+H]+",
            "[M+H]+",
            "[M+H]+",
            "[M+H]+",
            "[M+H]+",
            "[M+H]+"
        ]
    }
}