{
    "cand_form": "C17H19F2N3O3",
    "cand_ion": "[M+H]+",
    "output_tbl": {
        "mz": [
            58.0651,
            84.0808,
            194.065,
            195.049,
            195.0728,
            196.0443,
            197.051,
            202.0537,
            203.0615,
            208.0568,
            208.0807,
            217.0783,
            222.0599,
            223.0666,
            224.0744,
            235.0677,
            236.0756,
            237.0834,
            238.0863,
            249.047,
            251.099,
            265.1147,
            281.0732
        ],
        "ms2_inten": [
            0.11165315179275782,
            0.05724059622136308,
            0.19056895774793417,
            0.12957920251879362,
            0.07001801097326758,
            0.06363523372860101,
            0.07154224765423098,
            0.07637999953864354,
            0.10565710606404158,
            0.05803805085189894,
            0.06240546365101127,
            0.12282737306505348,
            0.14681469299119818,
            0.2529143058025779,
            0.052431144409566324,
            0.0538638975074314,
            0.11695897743850006,
            1.0,
            0.07535365364015026,
            0.08304936418383545,
            0.06398901121213117,
            0.29205582987129963,
            0.0681862249380597
        ],
        "mono_mass": [
            58.0651,
            84.0808,
            194.065,
            195.049,
            195.0728,
            196.0443,
            197.051,
            202.0537,
            203.0615,
            208.0568,
            208.0807,
            217.0783,
            222.0599,
            223.0666,
            224.0744,
            235.0677,
            236.0756,
            237.0834,
            238.0863,
            249.047,
            251.099,
            265.1147,
            281.0732
        ],
        "abs_mass_diff": [
            0.0,
            0.0,
            0.0,
            0.0,
            0.0,
            0.0,
            0.0,
            0.0,
            0.0,
            0.0,
            0.0,
            0.0,
            0.0,
            0.0,
            0.0,
            0.0,
            0.0,
            0.0,
            0.0,
            0.0,
            0.0,
            0.0,
            0.0
        ],
        "mass_diff": [
            0.0,
            0.0,
            0.0,
            0.0,
            0.0,
            0.0,
            0.0,
            0.0,
            0.0,
            0.0,
            0.0,
            0.0,
            0.0,
            0.0,
            0.0,
            0.0,
            0.0,
            0.0,
            0.0,
            0.0,
            0.0,
            0.0,
            0.0
        ],
        "formula": [
            "C17H19F2N3O3",
            "C17H19F2N3O3",
            "C17H19F2N3O3",
            "C17H19F2N3O3",
            "C17H19F2N3O3",
            "C17H19F2N3O3",
            "C17H19F2N3O3",
            "C17H19F2N3O3",
            "C17H19F2N3O3",
            "C17H19F2N3O3",
            "C17H19F2N3O3",
            "C17H19F2N3O3",
            "C17H19F2N3O3",
            "C17H19F2N3O3",
            "C17H19F2N3O3",
            "C17H19F2N3O3",
            "C17H19F2N3O3",
            "C17H19F2N3O3",
            "C17H19F2N3O3",
            "C17H19F2N3O3",
            "C17H19F2N3O3",
            "C17H19F2N3O3",
            "C17H19F2N3O3"
        ],
        "ions": [
            "[M+H]+",
            "[M+H]+",
            "[M+H]+",
            "[M+H]+",
            "[M+H]+",
            "[M+H]+",
            "[M+H]+",
            "[M+H]+",
            "[M+H]+",
            "[M+H]+",
            "[M+H]+",
            "[M+H]+",
            "[M+H]+",
            "[M+H]+",
            "[M+H]+",
            "[M+H]+",
            "[M+H]+",
            "[M+H]+",
            "[M+H]+",
            "[M+H]+",
            "[M+H]+",
            "[M+H]+",
            "[M+H]+"
        ]
    }
}