{
    "cand_form": "C12H18ClNO",
    "cand_ion": "[M+H]+",
    "output_tbl": {
        "mz": [
            0.0,
            154.0418,
            155.0454,
            172.0524,
            173.0558,
            210.1044,
            228.115,
            229.1179
        ],
        "ms2_inten": [
            0.039834433718404914,
            1.0,
            0.04959301831229774,
            0.310197056132909,
            0.012878738330438082,
            0.012751897746478497,
            0.3799565687729787,
            0.02996820752874872
        ],
        "mono_mass": [
            0.0,
            154.0418,
            155.0454,
            172.0524,
            173.0558,
            210.1044,
            228.115,
            229.1179
        ],
        "abs_mass_diff": [
            0.0,
            0.0,
            0.0,
            0.0,
            0.0,
            0.0,
            0.0,
            0.0
        ],
        "mass_diff": [
            0.0,
            0.0,
            0.0,
            0.0,
            0.0,
            0.0,
            0.0,
            0.0
        ],
        "formula": [
            "C12H18ClNO",
            "C12H18ClNO",
            "C12H18ClNO",
            "C12H18ClNO",
            "C12H18ClNO",
            "C12H18ClNO",
            "C12H18ClNO",
            "C12H18ClNO"
        ],
        "ions": [
            "[M+H]+",
            "[M+H]+",
            "[M+H]+",
            "[M+H]+",
            "[M+H]+",
            "[M+H]+",
            "[M+H]+",
            "[M+H]+"
        ]
    }
}