{
    "cand_form": "C11H12N4O2S",
    "cand_ion": "[M+H]+",
    "output_tbl": {
        "mz": [
            65.0386,
            81.0447,
            92.0495,
            94.0651,
            108.0444,
            108.0556,
            109.0482,
            110.06,
            110.0713,
            156.0114,
            172.0175,
            190.0274,
            199.0978
        ],
        "ms2_inten": [
            0.06109707234062625,
            0.05080968118263379,
            1.0,
            0.02406272181245805,
            0.8749065681211172,
            0.05138059393492216,
            0.02463938292300599,
            0.07193532586631406,
            0.596255520817014,
            0.3027125492873909,
            0.06553610897484109,
            0.1342181454890549,
            0.07248169042360773
        ],
        "mono_mass": [
            65.0386,
            81.0447,
            92.0495,
            94.0651,
            108.0444,
            108.0556,
            109.0482,
            110.06,
            110.0713,
            156.0114,
            172.0175,
            190.0274,
            199.0978
        ],
        "abs_mass_diff": [
            0.0,
            0.0,
            0.0,
            0.0,
            0.0,
            0.0,
            0.0,
            0.0,
            0.0,
            0.0,
            0.0,
            0.0,
            0.0
        ],
        "mass_diff": [
            0.0,
            0.0,
            0.0,
            0.0,
            0.0,
            0.0,
            0.0,
            0.0,
            0.0,
            0.0,
            0.0,
            0.0,
            0.0
        ],
        "formula": [
            "C11H12N4O2S",
            "C11H12N4O2S",
            "C11H12N4O2S",
            "C11H12N4O2S",
            "C11H12N4O2S",
            "C11H12N4O2S",
            "C11H12N4O2S",
            "C11H12N4O2S",
            "C11H12N4O2S",
            "C11H12N4O2S",
            "C11H12N4O2S",
            "C11H12N4O2S",
            "C11H12N4O2S"
        ],
        "ions": [
            "[M+H]+",
            "[M+H]+",
            "[M+H]+",
            "[M+H]+",
            "[M+H]+",
            "[M+H]+",
            "[M+H]+",
            "[M+H]+",
            "[M+H]+",
            "[M+H]+",
            "[M+H]+",
            "[M+H]+",
            "[M+H]+"
        ]
    }
}