{
    "cand_form": "C17H18N2O6",
    "cand_ion": "[M+H]+",
    "output_tbl": {
        "mz": [
            122.0237,
            142.0651,
            154.0651,
            168.0808,
            170.06,
            180.0682,
            181.076,
            182.0838,
            183.0917,
            193.076,
            194.0838,
            195.0553,
            195.0917,
            196.0995,
            209.0709,
            211.0628,
            211.0866,
            212.0944,
            214.0499,
            221.0709,
            222.0788,
            223.0866,
            226.0863,
            228.0893,
            239.0815,
            253.0972,
            254.105,
            255.1101,
            270.0761,
            284.0917
        ],
        "ms2_inten": [
            0.14143655298707838,
            0.07966504630885592,
            0.09240296010750457,
            0.0941253919437222,
            0.2195238666657863,
            0.10465892630745113,
            0.09167766027719573,
            0.15444685493362256,
            0.2091194575853903,
            0.09591237972314494,
            0.5573255761322721,
            0.057191445184433046,
            0.6465941529513277,
            0.29842135924987184,
            0.10912273313301105,
            0.09999415894166608,
            0.3203626480013083,
            0.0783449231069263,
            0.17404472333009988,
            0.08210619338783393,
            0.15043257515362682,
            0.4752114823876876,
            0.1673862488817158,
            0.07293876907733766,
            0.3871865466953093,
            0.5565544875337327,
            1.0,
            0.10204754261680753,
            0.13107667719186336,
            0.0797643155928411
        ],
        "mono_mass": [
            122.0237,
            142.0651,
            154.0651,
            168.0808,
            170.06,
            180.0682,
            181.076,
            182.0838,
            183.0917,
            193.076,
            194.0838,
            195.0553,
            195.0917,
            196.0995,
            209.0709,
            211.0628,
            211.0866,
            212.0944,
            214.0499,
            221.0709,
            222.0788,
            223.0866,
            226.0863,
            228.0893,
            239.0815,
            253.0972,
            254.105,
            255.1101,
            270.0761,
            284.0917
        ],
        "abs_mass_diff": [
            0.0,
            0.0,
            0.0,
            0.0,
            0.0,
            0.0,
            0.0,
            0.0,
            0.0,
            0.0,
            0.0,
            0.0,
            0.0,
            0.0,
            0.0,
            0.0,
            0.0,
            0.0,
            0.0,
            0.0,
            0.0,
            0.0,
            0.0,
            0.0,
            0.0,
            0.0,
            0.0,
            0.0,
            0.0,
            0.0
        ],
        "mass_diff": [
            0.0,
            0.0,
            0.0,
            0.0,
            0.0,
            0.0,
            0.0,
            0.0,
            0.0,
            0.0,
            0.0,
            0.0,
            0.0,
            0.0,
            0.0,
            0.0,
            0.0,
            0.0,
            0.0,
            0.0,
            0.0,
            0.0,
            0.0,
            0.0,
            0.0,
            0.0,
            0.0,
            0.0,
            0.0,
            0.0
        ],
        "formula": [
            "C17H18N2O6",
            "C17H18N2O6",
            "C17H18N2O6",
            "C17H18N2O6",
            "C17H18N2O6",
            "C17H18N2O6",
            "C17H18N2O6",
            "C17H18N2O6",
            "C17H18N2O6",
            "C17H18N2O6",
            "C17H18N2O6",
            "C17H18N2O6",
            "C17H18N2O6",
            "C17H18N2O6",
            "C17H18N2O6",
            "C17H18N2O6",
            "C17H18N2O6",
            "C17H18N2O6",
            "C17H18N2O6",
            "C17H18N2O6",
            "C17H18N2O6",
            "C17H18N2O6",
            "C17H18N2O6",
            "C17H18N2O6",
            "C17H18N2O6",
            "C17H18N2O6",
            "C17H18N2O6",
            "C17H18N2O6",
            "C17H18N2O6",
            "C17H18N2O6"
        ],
        "ions": [
            "[M+H]+",
            "[M+H]+",
            "[M+H]+",
            "[M+H]+",
            "[M+H]+",
            "[M+H]+",
            "[M+H]+",
            "[M+H]+",
            "[M+H]+",
            "[M+H]+",
            "[M+H]+",
            "[M+H]+",
            "[M+H]+",
            "[M+H]+",
            "[M+H]+",
            "[M+H]+",
            "[M+H]+",
            "[M+H]+",
            "[M+H]+",
            "[M+H]+",
            "[M+H]+",
            "[M+H]+",
            "[M+H]+",
            "[M+H]+",
            "[M+H]+",
            "[M+H]+",
            "[M+H]+",
            "[M+H]+",
            "[M+H]+",
            "[M+H]+"
        ]
    }
}