{
    "cand_form": "C24H32N6OS2",
    "cand_ion": "[M+H]+",
    "output_tbl": {
        "mz": [
            58.995,
            63.0229,
            64.0182,
            65.0386,
            67.0291,
            68.9793,
            75.0229,
            77.0386,
            79.0178,
            80.0495,
            83.9902,
            86.0059,
            92.9793,
            94.995,
            95.0491,
            96.0808,
            105.0447,
            106.995,
            108.0028,
            109.0106,
            111.0011,
            118.995,
            121.0106,
            134.0059,
            150.9671,
            162.0008
        ],
        "ms2_inten": [
            0.5363966659293061,
            0.310687565332311,
            0.14709956652543377,
            0.2804337423181881,
            0.12123998265701358,
            0.9648978855769946,
            0.24139171210108712,
            1.0,
            0.29660118504846394,
            0.1497517497298291,
            0.13755438659445204,
            0.3404076569385125,
            0.26715278660552916,
            0.15015489992749845,
            0.568155842981579,
            0.14060320344777769,
            0.23381022375388574,
            0.20198525562554365,
            0.12053867689495816,
            0.15392823188286844,
            0.12853558740441423,
            0.11676862928015262,
            0.3070917650175482,
            0.24030191576940568,
            0.5851165530097154,
            0.6029289394653703
        ],
        "mono_mass": [
            58.995,
            63.0229,
            64.0182,
            65.0386,
            67.0291,
            68.9793,
            75.0229,
            77.0386,
            79.0178,
            80.0495,
            83.9902,
            86.0059,
            92.9793,
            94.995,
            95.0491,
            96.0808,
            105.0447,
            106.995,
            108.0028,
            109.0106,
            111.0011,
            118.995,
            121.0106,
            134.0059,
            150.9671,
            162.0008
        ],
        "abs_mass_diff": [
            0.0,
            0.0,
            0.0,
            0.0,
            0.0,
            0.0,
            0.0,
            0.0,
            0.0,
            0.0,
            0.0,
            0.0,
            0.0,
            0.0,
            0.0,
            0.0,
            0.0,
            0.0,
            0.0,
            0.0,
            0.0,
            0.0,
            0.0,
            0.0,
            0.0,
            0.0
        ],
        "mass_diff": [
            0.0,
            0.0,
            0.0,
            0.0,
            0.0,
            0.0,
            0.0,
            0.0,
            0.0,
            0.0,
            0.0,
            0.0,
            0.0,
            0.0,
            0.0,
            0.0,
            0.0,
            0.0,
            0.0,
            0.0,
            0.0,
            0.0,
            0.0,
            0.0,
            0.0,
            0.0
        ],
        "formula": [
            "C24H32N6OS2",
            "C24H32N6OS2",
            "C24H32N6OS2",
            "C24H32N6OS2",
            "C24H32N6OS2",
            "C24H32N6OS2",
            "C24H32N6OS2",
            "C24H32N6OS2",
            "C24H32N6OS2",
            "C24H32N6OS2",
            "C24H32N6OS2",
            "C24H32N6OS2",
            "C24H32N6OS2",
            "C24H32N6OS2",
            "C24H32N6OS2",
            "C24H32N6OS2",
            "C24H32N6OS2",
            "C24H32N6OS2",
            "C24H32N6OS2",
            "C24H32N6OS2",
            "C24H32N6OS2",
            "C24H32N6OS2",
            "C24H32N6OS2",
            "C24H32N6OS2",
            "C24H32N6OS2",
            "C24H32N6OS2"
        ],
        "ions": [
            "[M+H]+",
            "[M+H]+",
            "[M+H]+",
            "[M+H]+",
            "[M+H]+",
            "[M+H]+",
            "[M+H]+",
            "[M+H]+",
            "[M+H]+",
            "[M+H]+",
            "[M+H]+",
            "[M+H]+",
            "[M+H]+",
            "[M+H]+",
            "[M+H]+",
            "[M+H]+",
            "[M+H]+",
            "[M+H]+",
            "[M+H]+",
            "[M+H]+",
            "[M+H]+",
            "[M+H]+",
            "[M+H]+",
            "[M+H]+",
            "[M+H]+",
            "[M+H]+"
        ]
    }
}