{
    "cand_form": "C22H32O3",
    "cand_ion": "[M+H]+",
    "output_tbl": {
        "mz": [
            57.0336,
            67.0543,
            69.0699,
            79.0543,
            81.0699,
            83.0492,
            91.0543,
            93.0698,
            95.0855,
            97.0648,
            105.0699,
            107.0854,
            109.0648,
            119.0855,
            123.0803,
            131.0857,
            133.1009
        ],
        "ms2_inten": [
            0.1371424942276753,
            0.08119983748606681,
            0.057921783155862376,
            0.2559728932387615,
            0.25985168866235814,
            0.04887929132188294,
            0.09160397442743481,
            0.11355012253320632,
            0.06533682990242644,
            1.0,
            0.13213230214516333,
            0.047874024847764374,
            0.8947469614647565,
            0.08095593145827729,
            0.09087751132158095,
            0.03920993429261911,
            0.0435546987606661
        ],
        "mono_mass": [
            57.0336,
            67.0543,
            69.0699,
            79.0543,
            81.0699,
            83.0492,
            91.0543,
            93.0698,
            95.0855,
            97.0648,
            105.0699,
            107.0854,
            109.0648,
            119.0855,
            123.0803,
            131.0857,
            133.1009
        ],
        "abs_mass_diff": [
            0.0,
            0.0,
            0.0,
            0.0,
            0.0,
            0.0,
            0.0,
            0.0,
            0.0,
            0.0,
            0.0,
            0.0,
            0.0,
            0.0,
            0.0,
            0.0,
            0.0
        ],
        "mass_diff": [
            0.0,
            0.0,
            0.0,
            0.0,
            0.0,
            0.0,
            0.0,
            0.0,
            0.0,
            0.0,
            0.0,
            0.0,
            0.0,
            0.0,
            0.0,
            0.0,
            0.0
        ],
        "formula": [
            "C22H32O3",
            "C22H32O3",
            "C22H32O3",
            "C22H32O3",
            "C22H32O3",
            "C22H32O3",
            "C22H32O3",
            "C22H32O3",
            "C22H32O3",
            "C22H32O3",
            "C22H32O3",
            "C22H32O3",
            "C22H32O3",
            "C22H32O3",
            "C22H32O3",
            "C22H32O3",
            "C22H32O3"
        ],
        "ions": [
            "[M+H]+",
            "[M+H]+",
            "[M+H]+",
            "[M+H]+",
            "[M+H]+",
            "[M+H]+",
            "[M+H]+",
            "[M+H]+",
            "[M+H]+",
            "[M+H]+",
            "[M+H]+",
            "[M+H]+",
            "[M+H]+",
            "[M+H]+",
            "[M+H]+",
            "[M+H]+",
            "[M+H]+"
        ]
    }
}