{
    "cand_form": "C19H20N2O3S",
    "cand_ion": "[M+H]+",
    "output_tbl": {
        "mz": [
            106.0651,
            119.0729,
            120.0812,
            121.0885,
            134.0964,
            135.1043
        ],
        "ms2_inten": [
            0.016479098324973473,
            0.16993473221677327,
            0.026686273747160493,
            0.01784785964560182,
            1.0,
            0.1714951973176607
        ],
        "mono_mass": [
            106.0651,
            119.0729,
            120.0812,
            121.0885,
            134.0964,
            135.1043
        ],
        "abs_mass_diff": [
            0.0,
            0.0,
            0.0,
            0.0,
            0.0,
            0.0
        ],
        "mass_diff": [
            0.0,
            0.0,
            0.0,
            0.0,
            0.0,
            0.0
        ],
        "formula": [
            "C19H20N2O3S",
            "C19H20N2O3S",
            "C19H20N2O3S",
            "C19H20N2O3S",
            "C19H20N2O3S",
            "C19H20N2O3S"
        ],
        "ions": [
            "[M+H]+",
            "[M+H]+",
            "[M+H]+",
            "[M+H]+",
            "[M+H]+",
            "[M+H]+"
        ]
    }
}