{
    "cand_form": "C12H17N3O",
    "cand_ion": "[M+H]+",
    "output_tbl": {
        "mz": [
            160.0869,
            161.0022,
            202.1339,
            203.1374,
            205.9825,
            221.0056
        ],
        "ms2_inten": [
            0.40747826570961737,
            0.04483569509377735,
            1.0,
            0.06816172994318216,
            0.021680961854294245,
            0.316179964120923
        ],
        "mono_mass": [
            160.0869,
            161.0022,
            202.1339,
            203.1374,
            205.9825,
            221.0056
        ],
        "abs_mass_diff": [
            0.0,
            0.0,
            0.0,
            0.0,
            0.0,
            0.0
        ],
        "mass_diff": [
            0.0,
            0.0,
            0.0,
            0.0,
            0.0,
            0.0
        ],
        "formula": [
            "C12H17N3O",
            "C12H17N3O",
            "C12H17N3O",
            "C12H17N3O",
            "C12H17N3O",
            "C12H17N3O"
        ],
        "ions": [
            "[M+H]+",
            "[M+H]+",
            "[M+H]+",
            "[M+H]+",
            "[M+H]+",
            "[M+H]+"
        ]
    }
}