{
    "cand_form": "C22H24N2O9",
    "cand_ion": "[M-H]-",
    "output_tbl": {
        "mz": [
            51.2561,
            61.9884,
            79.957,
            80.536,
            94.9245,
            98.5761,
            110.9748,
            152.328,
            227.7013,
            227.7273,
            255.2501,
            373.1769,
            459.3802
        ],
        "ms2_inten": [
            0.22669978225929738,
            1.0,
            0.9014625192640612,
            0.2377954683490958,
            0.3111114898504737,
            0.243318521181171,
            0.37084763935198384,
            0.21967795447690586,
            0.3331608347690998,
            0.46057271589176596,
            0.21825458309059584,
            0.7439764947465407,
            0.345216108680293
        ],
        "mono_mass": [
            51.2561,
            61.9884,
            79.957,
            80.536,
            94.9245,
            98.5761,
            110.9748,
            152.328,
            227.7013,
            227.7273,
            255.2501,
            373.1769,
            459.3802
        ],
        "abs_mass_diff": [
            0.0,
            0.0,
            0.0,
            0.0,
            0.0,
            0.0,
            0.0,
            0.0,
            0.0,
            0.0,
            0.0,
            0.0,
            0.0
        ],
        "mass_diff": [
            0.0,
            0.0,
            0.0,
            0.0,
            0.0,
            0.0,
            0.0,
            0.0,
            0.0,
            0.0,
            0.0,
            0.0,
            0.0
        ],
        "formula": [
            "C22H24N2O9",
            "C22H24N2O9",
            "C22H24N2O9",
            "C22H24N2O9",
            "C22H24N2O9",
            "C22H24N2O9",
            "C22H24N2O9",
            "C22H24N2O9",
            "C22H24N2O9",
            "C22H24N2O9",
            "C22H24N2O9",
            "C22H24N2O9",
            "C22H24N2O9"
        ],
        "ions": [
            "[M-H]-",
            "[M-H]-",
            "[M-H]-",
            "[M-H]-",
            "[M-H]-",
            "[M-H]-",
            "[M-H]-",
            "[M-H]-",
            "[M-H]-",
            "[M-H]-",
            "[M-H]-",
            "[M-H]-",
            "[M-H]-"
        ]
    }
}