{
    "cand_form": "C25H38O5",
    "cand_ion": "[M+H]+",
    "output_tbl": {
        "mz": [
            57.0699,
            58.0654,
            60.081,
            63.4221,
            67.0542,
            100.0987,
            121.0284,
            138.5385,
            138.9946,
            139.0061,
            149.0233,
            169.0977,
            227.7297,
            227.7528,
            312.1592,
            350.9289
        ],
        "ms2_inten": [
            0.19990376837693347,
            0.3666102329333021,
            0.5531363723284242,
            0.15134979999524378,
            0.17879926780570074,
            0.17717727304859762,
            0.5475631475233387,
            0.16836201333234735,
            1.0,
            0.17345277695340583,
            0.18349292124220237,
            0.6125774796501391,
            0.24268840011506096,
            0.1705264104334104,
            0.35064764142937516,
            0.14754972591578855
        ],
        "mono_mass": [
            57.0699,
            58.0654,
            60.081,
            63.4221,
            67.0542,
            100.0987,
            121.0284,
            138.5385,
            138.9946,
            139.0061,
            149.0233,
            169.0977,
            227.7297,
            227.7528,
            312.1592,
            350.9289
        ],
        "abs_mass_diff": [
            0.0,
            0.0,
            0.0,
            0.0,
            0.0,
            0.0,
            0.0,
            0.0,
            0.0,
            0.0,
            0.0,
            0.0,
            0.0,
            0.0,
            0.0,
            0.0
        ],
        "mass_diff": [
            0.0,
            0.0,
            0.0,
            0.0,
            0.0,
            0.0,
            0.0,
            0.0,
            0.0,
            0.0,
            0.0,
            0.0,
            0.0,
            0.0,
            0.0,
            0.0
        ],
        "formula": [
            "C25H38O5",
            "C25H38O5",
            "C25H38O5",
            "C25H38O5",
            "C25H38O5",
            "C25H38O5",
            "C25H38O5",
            "C25H38O5",
            "C25H38O5",
            "C25H38O5",
            "C25H38O5",
            "C25H38O5",
            "C25H38O5",
            "C25H38O5",
            "C25H38O5",
            "C25H38O5"
        ],
        "ions": [
            "[M+H]+",
            "[M+H]+",
            "[M+H]+",
            "[M+H]+",
            "[M+H]+",
            "[M+H]+",
            "[M+H]+",
            "[M+H]+",
            "[M+H]+",
            "[M+H]+",
            "[M+H]+",
            "[M+H]+",
            "[M+H]+",
            "[M+H]+",
            "[M+H]+",
            "[M+H]+"
        ]
    }
}