{
    "cand_form": "C23H21N3O5",
    "cand_ion": "[M+H]+",
    "output_tbl": {
        "mz": [
            74.06,
            130.0651,
            135.0441,
            136.0479,
            169.076,
            197.0709,
            232.0757,
            233.0835,
            250.0863,
            262.0863,
            263.0941,
            264.1019,
            270.1237,
            271.1288,
            274.0863,
            298.1186,
            299.1179,
            302.0812,
            303.085
        ],
        "ms2_inten": [
            0.03074251871995461,
            0.0937206714083627,
            0.947173654853243,
            0.047062250752263925,
            0.37187829069401757,
            0.18980448851092502,
            0.037071156087162174,
            0.11104466386422973,
            0.16369608489556062,
            0.38622195434838336,
            0.1682101654922352,
            0.194879583266801,
            0.5908570752368134,
            0.05589268732072692,
            0.08179699086203901,
            1.0,
            0.10023327603267844,
            0.31988883037623517,
            0.03453762567413056
        ],
        "mono_mass": [
            74.06,
            130.0651,
            135.0441,
            136.0479,
            169.076,
            197.0709,
            232.0757,
            233.0835,
            250.0863,
            262.0863,
            263.0941,
            264.1019,
            270.1237,
            271.1288,
            274.0863,
            298.1186,
            299.1179,
            302.0812,
            303.085
        ],
        "abs_mass_diff": [
            0.0,
            0.0,
            0.0,
            0.0,
            0.0,
            0.0,
            0.0,
            0.0,
            0.0,
            0.0,
            0.0,
            0.0,
            0.0,
            0.0,
            0.0,
            0.0,
            0.0,
            0.0,
            0.0
        ],
        "mass_diff": [
            0.0,
            0.0,
            0.0,
            0.0,
            0.0,
            0.0,
            0.0,
            0.0,
            0.0,
            0.0,
            0.0,
            0.0,
            0.0,
            0.0,
            0.0,
            0.0,
            0.0,
            0.0,
            0.0
        ],
        "formula": [
            "C23H21N3O5",
            "C23H21N3O5",
            "C23H21N3O5",
            "C23H21N3O5",
            "C23H21N3O5",
            "C23H21N3O5",
            "C23H21N3O5",
            "C23H21N3O5",
            "C23H21N3O5",
            "C23H21N3O5",
            "C23H21N3O5",
            "C23H21N3O5",
            "C23H21N3O5",
            "C23H21N3O5",
            "C23H21N3O5",
            "C23H21N3O5",
            "C23H21N3O5",
            "C23H21N3O5",
            "C23H21N3O5"
        ],
        "ions": [
            "[M+H]+",
            "[M+H]+",
            "[M+H]+",
            "[M+H]+",
            "[M+H]+",
            "[M+H]+",
            "[M+H]+",
            "[M+H]+",
            "[M+H]+",
            "[M+H]+",
            "[M+H]+",
            "[M+H]+",
            "[M+H]+",
            "[M+H]+",
            "[M+H]+",
            "[M+H]+",
            "[M+H]+",
            "[M+H]+",
            "[M+H]+"
        ]
    }
}