{
    "cand_form": "C16H12FN3O3",
    "cand_ion": "[M+H]+",
    "output_tbl": {
        "mz": [
            0.0,
            57.0699,
            59.0311,
            61.0104,
            63.0077,
            67.0542,
            73.0481,
            74.0475,
            75.0261,
            75.0441,
            79.0207,
            89.0408,
            91.0565,
            93.0346,
            93.0533,
            105.071,
            209.0107,
            210.0112,
            211.0138,
            223.0264,
            224.0268,
            227.024,
            227.7494,
            228.0217,
            229.0033,
            267.0031,
            268.0035
        ],
        "ms2_inten": [
            0.1181425367652315,
            0.12129791559943925,
            0.15058512575332403,
            0.20406175309140542,
            0.09211768922112759,
            0.13973205543944228,
            1.0,
            0.08424667117412124,
            0.14671041756924189,
            0.1640069311350577,
            0.1040189113902863,
            0.10218235657628144,
            0.5258177070356932,
            0.10147057713249105,
            0.12537679252038836,
            0.27108114494486396,
            0.2658835968330875,
            0.10854467849688759,
            0.09102054329445453,
            0.2779746911084435,
            0.08037244489893808,
            0.2242728516782397,
            0.10457519489600647,
            0.10594863525809355,
            0.1549464012890742,
            0.21908719065263796,
            0.0753646082570592
        ],
        "mono_mass": [
            0.0,
            57.0699,
            59.0311,
            61.0104,
            63.0077,
            67.0542,
            73.0481,
            74.0475,
            75.0261,
            75.0441,
            79.0207,
            89.0408,
            91.0565,
            93.0346,
            93.0533,
            105.071,
            209.0107,
            210.0112,
            211.0138,
            223.0264,
            224.0268,
            227.024,
            227.7494,
            228.0217,
            229.0033,
            267.0031,
            268.0035
        ],
        "abs_mass_diff": [
            0.0,
            0.0,
            0.0,
            0.0,
            0.0,
            0.0,
            0.0,
            0.0,
            0.0,
            0.0,
            0.0,
            0.0,
            0.0,
            0.0,
            0.0,
            0.0,
            0.0,
            0.0,
            0.0,
            0.0,
            0.0,
            0.0,
            0.0,
            0.0,
            0.0,
            0.0,
            0.0
        ],
        "mass_diff": [
            0.0,
            0.0,
            0.0,
            0.0,
            0.0,
            0.0,
            0.0,
            0.0,
            0.0,
            0.0,
            0.0,
            0.0,
            0.0,
            0.0,
            0.0,
            0.0,
            0.0,
            0.0,
            0.0,
            0.0,
            0.0,
            0.0,
            0.0,
            0.0,
            0.0,
            0.0,
            0.0
        ],
        "formula": [
            "C16H12FN3O3",
            "C16H12FN3O3",
            "C16H12FN3O3",
            "C16H12FN3O3",
            "C16H12FN3O3",
            "C16H12FN3O3",
            "C16H12FN3O3",
            "C16H12FN3O3",
            "C16H12FN3O3",
            "C16H12FN3O3",
            "C16H12FN3O3",
            "C16H12FN3O3",
            "C16H12FN3O3",
            "C16H12FN3O3",
            "C16H12FN3O3",
            "C16H12FN3O3",
            "C16H12FN3O3",
            "C16H12FN3O3",
            "C16H12FN3O3",
            "C16H12FN3O3",
            "C16H12FN3O3",
            "C16H12FN3O3",
            "C16H12FN3O3",
            "C16H12FN3O3",
            "C16H12FN3O3",
            "C16H12FN3O3",
            "C16H12FN3O3"
        ],
        "ions": [
            "[M+H]+",
            "[M+H]+",
            "[M+H]+",
            "[M+H]+",
            "[M+H]+",
            "[M+H]+",
            "[M+H]+",
            "[M+H]+",
            "[M+H]+",
            "[M+H]+",
            "[M+H]+",
            "[M+H]+",
            "[M+H]+",
            "[M+H]+",
            "[M+H]+",
            "[M+H]+",
            "[M+H]+",
            "[M+H]+",
            "[M+H]+",
            "[M+H]+",
            "[M+H]+",
            "[M+H]+",
            "[M+H]+",
            "[M+H]+",
            "[M+H]+",
            "[M+H]+",
            "[M+H]+"
        ]
    }
}