{
    "cand_form": "C6H9N3O4",
    "cand_ion": "[M+H]+",
    "output_tbl": {
        "mz": [
            0.0,
            46.0651,
            55.0542,
            58.0651,
            59.0491,
            67.0542,
            70.0651,
            74.5265,
            81.0699,
            83.0854,
            88.0213,
            97.0378,
            98.0969,
            101.0092,
            119.0201,
            133.037,
            145.0903,
            149.1254,
            172.8605
        ],
        "ms2_inten": [
            0.1581320366597687,
            0.36512569905506753,
            1.0,
            0.34992669942146737,
            0.11407585424951706,
            0.13548613512447497,
            0.09908787455524043,
            0.10116056845144747,
            0.11126088123080675,
            0.11951662420852066,
            0.5310914388139031,
            0.2988594619568555,
            0.15783755668584942,
            0.14613460516809262,
            0.21800441081130983,
            0.13940442919312487,
            0.1324529295708588,
            0.09776611489623548,
            0.0901452864039276
        ],
        "mono_mass": [
            0.0,
            46.0651,
            55.0542,
            58.0651,
            59.0491,
            67.0542,
            70.0651,
            74.5265,
            81.0699,
            83.0854,
            88.0213,
            97.0378,
            98.0969,
            101.0092,
            119.0201,
            133.037,
            145.0903,
            149.1254,
            172.8605
        ],
        "abs_mass_diff": [
            0.0,
            0.0,
            0.0,
            0.0,
            0.0,
            0.0,
            0.0,
            0.0,
            0.0,
            0.0,
            0.0,
            0.0,
            0.0,
            0.0,
            0.0,
            0.0,
            0.0,
            0.0,
            0.0
        ],
        "mass_diff": [
            0.0,
            0.0,
            0.0,
            0.0,
            0.0,
            0.0,
            0.0,
            0.0,
            0.0,
            0.0,
            0.0,
            0.0,
            0.0,
            0.0,
            0.0,
            0.0,
            0.0,
            0.0,
            0.0
        ],
        "formula": [
            "C6H9N3O4",
            "C6H9N3O4",
            "C6H9N3O4",
            "C6H9N3O4",
            "C6H9N3O4",
            "C6H9N3O4",
            "C6H9N3O4",
            "C6H9N3O4",
            "C6H9N3O4",
            "C6H9N3O4",
            "C6H9N3O4",
            "C6H9N3O4",
            "C6H9N3O4",
            "C6H9N3O4",
            "C6H9N3O4",
            "C6H9N3O4",
            "C6H9N3O4",
            "C6H9N3O4",
            "C6H9N3O4"
        ],
        "ions": [
            "[M+H]+",
            "[M+H]+",
            "[M+H]+",
            "[M+H]+",
            "[M+H]+",
            "[M+H]+",
            "[M+H]+",
            "[M+H]+",
            "[M+H]+",
            "[M+H]+",
            "[M+H]+",
            "[M+H]+",
            "[M+H]+",
            "[M+H]+",
            "[M+H]+",
            "[M+H]+",
            "[M+H]+",
            "[M+H]+",
            "[M+H]+"
        ]
    }
}