{
    "cand_form": "C12H15N3O3",
    "cand_ion": "[M+H]+",
    "output_tbl": {
        "mz": [
            57.0699,
            65.0386,
            93.0335,
            111.0441,
            121.0284,
            121.0396,
            149.0233
        ],
        "ms2_inten": [
            0.038734643516545944,
            1.0,
            0.17529029745419686,
            0.16713015729299815,
            0.6451391625834398,
            0.3749391177567107,
            0.5755961511148985
        ],
        "mono_mass": [
            57.0699,
            65.0386,
            93.0335,
            111.0441,
            121.0284,
            121.0396,
            149.0233
        ],
        "abs_mass_diff": [
            0.0,
            0.0,
            0.0,
            0.0,
            0.0,
            0.0,
            0.0
        ],
        "mass_diff": [
            0.0,
            0.0,
            0.0,
            0.0,
            0.0,
            0.0,
            0.0
        ],
        "formula": [
            "C12H15N3O3",
            "C12H15N3O3",
            "C12H15N3O3",
            "C12H15N3O3",
            "C12H15N3O3",
            "C12H15N3O3",
            "C12H15N3O3"
        ],
        "ions": [
            "[M+H]+",
            "[M+H]+",
            "[M+H]+",
            "[M+H]+",
            "[M+H]+",
            "[M+H]+",
            "[M+H]+"
        ]
    }
}