{
    "cand_form": "C10H7N3S",
    "cand_ion": "[M+H]+",
    "output_tbl": {
        "mz": [
            58.0289,
            147.7653,
            150.8252,
            163.8206,
            179.9321,
            191.926,
            204.6323
        ],
        "ms2_inten": [
            1.0,
            0.2215853096356241,
            0.24365625833131072,
            0.26146700570180653,
            0.26033272574153077,
            0.25332342942405833,
            0.24970231259539435
        ],
        "mono_mass": [
            58.0289,
            147.7653,
            150.8252,
            163.8206,
            179.9321,
            191.926,
            204.6323
        ],
        "abs_mass_diff": [
            0.0,
            0.0,
            0.0,
            0.0,
            0.0,
            0.0,
            0.0
        ],
        "mass_diff": [
            0.0,
            0.0,
            0.0,
            0.0,
            0.0,
            0.0,
            0.0
        ],
        "formula": [
            "C10H7N3S",
            "C10H7N3S",
            "C10H7N3S",
            "C10H7N3S",
            "C10H7N3S",
            "C10H7N3S",
            "C10H7N3S"
        ],
        "ions": [
            "[M+H]+",
            "[M+H]+",
            "[M+H]+",
            "[M+H]+",
            "[M+H]+",
            "[M+H]+",
            "[M+H]+"
        ]
    }
}