{
    "cand_form": "C12H14N4O2S",
    "cand_ion": "[M+H]+",
    "output_tbl": {
        "mz": [
            92.0495,
            108.0444,
            122.0713,
            124.0869,
            125.0906,
            156.0114,
            186.0332,
            204.043,
            213.1135,
            218.0621
        ],
        "ms2_inten": [
            0.6168457934151137,
            0.6437904271162959,
            0.09789708420132211,
            1.0,
            0.04629131546093141,
            0.6899944407763254,
            0.13879045344484156,
            0.7402446643495596,
            0.12884134701130537,
            0.05998232671989519
        ],
        "mono_mass": [
            92.0495,
            108.0444,
            122.0713,
            124.0869,
            125.0906,
            156.0114,
            186.0332,
            204.043,
            213.1135,
            218.0621
        ],
        "abs_mass_diff": [
            0.0,
            0.0,
            0.0,
            0.0,
            0.0,
            0.0,
            0.0,
            0.0,
            0.0,
            0.0
        ],
        "mass_diff": [
            0.0,
            0.0,
            0.0,
            0.0,
            0.0,
            0.0,
            0.0,
            0.0,
            0.0,
            0.0
        ],
        "formula": [
            "C12H14N4O2S",
            "C12H14N4O2S",
            "C12H14N4O2S",
            "C12H14N4O2S",
            "C12H14N4O2S",
            "C12H14N4O2S",
            "C12H14N4O2S",
            "C12H14N4O2S",
            "C12H14N4O2S",
            "C12H14N4O2S"
        ],
        "ions": [
            "[M+H]+",
            "[M+H]+",
            "[M+H]+",
            "[M+H]+",
            "[M+H]+",
            "[M+H]+",
            "[M+H]+",
            "[M+H]+",
            "[M+H]+",
            "[M+H]+"
        ]
    }
}