{
    "cand_form": "C23H32N6O4S2",
    "cand_ion": "[M+H]+",
    "output_tbl": {
        "mz": [
            56.0495,
            56.9793,
            58.0651,
            59.9902,
            69.9872,
            70.0651,
            70.995,
            72.0028,
            83.9902,
            99.0137,
            120.0556,
            121.0634,
            126.0372,
            137.0168,
            138.0246
        ],
        "ms2_inten": [
            0.20194526471655302,
            0.4684805704436246,
            0.11088988808299348,
            0.1527816595911081,
            0.13891285007482418,
            0.2363020149652003,
            0.1365625656117743,
            0.1323591992387235,
            0.6175069361181221,
            1.0,
            0.12517597049406912,
            0.2588851037805772,
            0.156646599692141,
            0.25088056978779155,
            0.7556078967041017
        ],
        "mono_mass": [
            56.0495,
            56.9793,
            58.0651,
            59.9902,
            69.9872,
            70.0651,
            70.995,
            72.0028,
            83.9902,
            99.0137,
            120.0556,
            121.0634,
            126.0372,
            137.0168,
            138.0246
        ],
        "abs_mass_diff": [
            0.0,
            0.0,
            0.0,
            0.0,
            0.0,
            0.0,
            0.0,
            0.0,
            0.0,
            0.0,
            0.0,
            0.0,
            0.0,
            0.0,
            0.0
        ],
        "mass_diff": [
            0.0,
            0.0,
            0.0,
            0.0,
            0.0,
            0.0,
            0.0,
            0.0,
            0.0,
            0.0,
            0.0,
            0.0,
            0.0,
            0.0,
            0.0
        ],
        "formula": [
            "C23H32N6O4S2",
            "C23H32N6O4S2",
            "C23H32N6O4S2",
            "C23H32N6O4S2",
            "C23H32N6O4S2",
            "C23H32N6O4S2",
            "C23H32N6O4S2",
            "C23H32N6O4S2",
            "C23H32N6O4S2",
            "C23H32N6O4S2",
            "C23H32N6O4S2",
            "C23H32N6O4S2",
            "C23H32N6O4S2",
            "C23H32N6O4S2",
            "C23H32N6O4S2"
        ],
        "ions": [
            "[M+H]+",
            "[M+H]+",
            "[M+H]+",
            "[M+H]+",
            "[M+H]+",
            "[M+H]+",
            "[M+H]+",
            "[M+H]+",
            "[M+H]+",
            "[M+H]+",
            "[M+H]+",
            "[M+H]+",
            "[M+H]+",
            "[M+H]+",
            "[M+H]+"
        ]
    }
}