{
    "cand_form": "C16H17N3O7S2",
    "cand_ion": "[M-H]-",
    "output_tbl": {
        "mz": [
            57.9757,
            59.0139,
            60.0091,
            60.9754,
            65.0145,
            81.9757,
            90.0349,
            92.0254,
            96.9866,
            96.9992,
            98.0248,
            108.9866,
            109.0044,
            122.007,
            122.991,
            123.9988,
            134.0248,
            150.0019,
            167.0046,
            227.7185
        ],
        "ms2_inten": [
            1.0,
            0.096701570503807,
            0.2195743651041407,
            0.06430174775590645,
            0.0753554556360386,
            0.5078839227597413,
            0.1590587068692145,
            0.07867794955956907,
            0.24439530464410683,
            0.0616459150886631,
            0.13146201578342137,
            0.07557311419750301,
            0.05685543564955883,
            0.07490562122137706,
            0.11234652311619112,
            0.161271510102296,
            0.09670441851416427,
            0.09111667260044164,
            0.06204015029227896,
            0.05777882109610493
        ],
        "mono_mass": [
            57.9757,
            59.0139,
            60.0091,
            60.9754,
            65.0145,
            81.9757,
            90.0349,
            92.0254,
            96.9866,
            96.9992,
            98.0248,
            108.9866,
            109.0044,
            122.007,
            122.991,
            123.9988,
            134.0248,
            150.0019,
            167.0046,
            227.7185
        ],
        "abs_mass_diff": [
            0.0,
            0.0,
            0.0,
            0.0,
            0.0,
            0.0,
            0.0,
            0.0,
            0.0,
            0.0,
            0.0,
            0.0,
            0.0,
            0.0,
            0.0,
            0.0,
            0.0,
            0.0,
            0.0,
            0.0
        ],
        "mass_diff": [
            0.0,
            0.0,
            0.0,
            0.0,
            0.0,
            0.0,
            0.0,
            0.0,
            0.0,
            0.0,
            0.0,
            0.0,
            0.0,
            0.0,
            0.0,
            0.0,
            0.0,
            0.0,
            0.0,
            0.0
        ],
        "formula": [
            "C16H17N3O7S2",
            "C16H17N3O7S2",
            "C16H17N3O7S2",
            "C16H17N3O7S2",
            "C16H17N3O7S2",
            "C16H17N3O7S2",
            "C16H17N3O7S2",
            "C16H17N3O7S2",
            "C16H17N3O7S2",
            "C16H17N3O7S2",
            "C16H17N3O7S2",
            "C16H17N3O7S2",
            "C16H17N3O7S2",
            "C16H17N3O7S2",
            "C16H17N3O7S2",
            "C16H17N3O7S2",
            "C16H17N3O7S2",
            "C16H17N3O7S2",
            "C16H17N3O7S2",
            "C16H17N3O7S2"
        ],
        "ions": [
            "[M-H]-",
            "[M-H]-",
            "[M-H]-",
            "[M-H]-",
            "[M-H]-",
            "[M-H]-",
            "[M-H]-",
            "[M-H]-",
            "[M-H]-",
            "[M-H]-",
            "[M-H]-",
            "[M-H]-",
            "[M-H]-",
            "[M-H]-",
            "[M-H]-",
            "[M-H]-",
            "[M-H]-",
            "[M-H]-",
            "[M-H]-",
            "[M-H]-"
        ]
    }
}