{
    "cand_form": "C19H23N3O6",
    "cand_ion": "[M-H]-",
    "output_tbl": {
        "mz": [
            122.0248,
            123.0326,
            137.0357,
            150.0435,
            150.0561,
            151.0486,
            165.067,
            175.0513,
            191.0462,
            193.0619,
            195.0775,
            232.0768,
            233.0846,
            234.0924,
            262.0874,
            283.036,
            298.0595,
            313.083,
            314.0796,
            326.1146,
            328.0939,
            330.1095,
            356.1252,
            358.1408,
            388.1514,
            389.1592
        ],
        "ms2_inten": [
            0.6546978563671745,
            0.26153193153356497,
            0.8108393495628414,
            1.0,
            0.07904353464620784,
            0.04356770803069256,
            0.7534045338116188,
            0.06630007911164254,
            0.2258986574694002,
            0.28435387029392256,
            0.5940208836658561,
            0.1200729275482837,
            0.122448133021191,
            0.13507754813306422,
            0.3978932812780447,
            0.07298428979653503,
            0.1824487915675081,
            0.06452430358726965,
            0.13869621710335173,
            0.15979096427106454,
            0.05526990176468892,
            0.21049170059471467,
            0.11563858117272034,
            0.36180922042319996,
            0.5922698714199076,
            0.07030192411738653
        ],
        "mono_mass": [
            122.0248,
            123.0326,
            137.0357,
            150.0435,
            150.0561,
            151.0486,
            165.067,
            175.0513,
            191.0462,
            193.0619,
            195.0775,
            232.0768,
            233.0846,
            234.0924,
            262.0874,
            283.036,
            298.0595,
            313.083,
            314.0796,
            326.1146,
            328.0939,
            330.1095,
            356.1252,
            358.1408,
            388.1514,
            389.1592
        ],
        "abs_mass_diff": [
            0.0,
            0.0,
            0.0,
            0.0,
            0.0,
            0.0,
            0.0,
            0.0,
            0.0,
            0.0,
            0.0,
            0.0,
            0.0,
            0.0,
            0.0,
            0.0,
            0.0,
            0.0,
            0.0,
            0.0,
            0.0,
            0.0,
            0.0,
            0.0,
            0.0,
            0.0
        ],
        "mass_diff": [
            0.0,
            0.0,
            0.0,
            0.0,
            0.0,
            0.0,
            0.0,
            0.0,
            0.0,
            0.0,
            0.0,
            0.0,
            0.0,
            0.0,
            0.0,
            0.0,
            0.0,
            0.0,
            0.0,
            0.0,
            0.0,
            0.0,
            0.0,
            0.0,
            0.0,
            0.0
        ],
        "formula": [
            "C19H23N3O6",
            "C19H23N3O6",
            "C19H23N3O6",
            "C19H23N3O6",
            "C19H23N3O6",
            "C19H23N3O6",
            "C19H23N3O6",
            "C19H23N3O6",
            "C19H23N3O6",
            "C19H23N3O6",
            "C19H23N3O6",
            "C19H23N3O6",
            "C19H23N3O6",
            "C19H23N3O6",
            "C19H23N3O6",
            "C19H23N3O6",
            "C19H23N3O6",
            "C19H23N3O6",
            "C19H23N3O6",
            "C19H23N3O6",
            "C19H23N3O6",
            "C19H23N3O6",
            "C19H23N3O6",
            "C19H23N3O6",
            "C19H23N3O6",
            "C19H23N3O6"
        ],
        "ions": [
            "[M-H]-",
            "[M-H]-",
            "[M-H]-",
            "[M-H]-",
            "[M-H]-",
            "[M-H]-",
            "[M-H]-",
            "[M-H]-",
            "[M-H]-",
            "[M-H]-",
            "[M-H]-",
            "[M-H]-",
            "[M-H]-",
            "[M-H]-",
            "[M-H]-",
            "[M-H]-",
            "[M-H]-",
            "[M-H]-",
            "[M-H]-",
            "[M-H]-",
            "[M-H]-",
            "[M-H]-",
            "[M-H]-",
            "[M-H]-",
            "[M-H]-",
            "[M-H]-"
        ]
    }
}