{
    "cand_form": "C18H25N3O2",
    "cand_ion": "[M+H]+",
    "output_tbl": {
        "mz": [
            51.0229,
            53.0386,
            55.0178,
            55.0542,
            55.9343,
            65.0386,
            67.0542,
            72.9371,
            77.0386,
            79.0542,
            81.0699,
            91.0542,
            93.0699,
            94.0651,
            95.0491,
            103.0542,
            105.0447,
            105.0699,
            115.0542,
            117.0699
        ],
        "ms2_inten": [
            0.0929012439856517,
            0.07549085231962555,
            0.06763941681340832,
            0.06841009541459171,
            0.07183541089146962,
            0.18333487188380762,
            0.1570496833354126,
            0.10469900352141372,
            0.4101293270766472,
            0.4134381118393583,
            0.05936511811239555,
            0.6500338931725825,
            0.1570913207599641,
            0.06504194449090138,
            1.0,
            0.123223601853522,
            0.3029306103436169,
            0.2383994002356879,
            0.09058364622557517,
            0.06589423707916943
        ],
        "mono_mass": [
            51.0229,
            53.0386,
            55.0178,
            55.0542,
            55.9343,
            65.0386,
            67.0542,
            72.9371,
            77.0386,
            79.0542,
            81.0699,
            91.0542,
            93.0699,
            94.0651,
            95.0491,
            103.0542,
            105.0447,
            105.0699,
            115.0542,
            117.0699
        ],
        "abs_mass_diff": [
            0.0,
            0.0,
            0.0,
            0.0,
            0.0,
            0.0,
            0.0,
            0.0,
            0.0,
            0.0,
            0.0,
            0.0,
            0.0,
            0.0,
            0.0,
            0.0,
            0.0,
            0.0,
            0.0,
            0.0
        ],
        "mass_diff": [
            0.0,
            0.0,
            0.0,
            0.0,
            0.0,
            0.0,
            0.0,
            0.0,
            0.0,
            0.0,
            0.0,
            0.0,
            0.0,
            0.0,
            0.0,
            0.0,
            0.0,
            0.0,
            0.0,
            0.0
        ],
        "formula": [
            "C18H25N3O2",
            "C18H25N3O2",
            "C18H25N3O2",
            "C18H25N3O2",
            "C18H25N3O2",
            "C18H25N3O2",
            "C18H25N3O2",
            "C18H25N3O2",
            "C18H25N3O2",
            "C18H25N3O2",
            "C18H25N3O2",
            "C18H25N3O2",
            "C18H25N3O2",
            "C18H25N3O2",
            "C18H25N3O2",
            "C18H25N3O2",
            "C18H25N3O2",
            "C18H25N3O2",
            "C18H25N3O2",
            "C18H25N3O2"
        ],
        "ions": [
            "[M+H]+",
            "[M+H]+",
            "[M+H]+",
            "[M+H]+",
            "[M+H]+",
            "[M+H]+",
            "[M+H]+",
            "[M+H]+",
            "[M+H]+",
            "[M+H]+",
            "[M+H]+",
            "[M+H]+",
            "[M+H]+",
            "[M+H]+",
            "[M+H]+",
            "[M+H]+",
            "[M+H]+",
            "[M+H]+",
            "[M+H]+",
            "[M+H]+"
        ]
    }
}