{
    "cand_form": "C6H8N4O4",
    "cand_ion": "[M+H]+",
    "output_tbl": {
        "mz": [
            55.0543,
            55.291,
            56.9649,
            58.9533,
            70.9978,
            73.818,
            101.0087,
            108.8988,
            119.0191,
            133.0348,
            148.012,
            153.7784,
            204.5649
        ],
        "ms2_inten": [
            0.3103615348729542,
            0.2644019420805849,
            0.7728459900213027,
            0.262642487089014,
            0.40244595054058324,
            0.2554836074580388,
            0.929319969146145,
            0.26464924189111555,
            1.0,
            0.7676306087910585,
            0.29077958879521915,
            0.25570227829381126,
            0.28134429668561
        ],
        "mono_mass": [
            55.0543,
            55.291,
            56.9649,
            58.9533,
            70.9978,
            73.818,
            101.0087,
            108.8988,
            119.0191,
            133.0348,
            148.012,
            153.7784,
            204.5649
        ],
        "abs_mass_diff": [
            0.0,
            0.0,
            0.0,
            0.0,
            0.0,
            0.0,
            0.0,
            0.0,
            0.0,
            0.0,
            0.0,
            0.0,
            0.0
        ],
        "mass_diff": [
            0.0,
            0.0,
            0.0,
            0.0,
            0.0,
            0.0,
            0.0,
            0.0,
            0.0,
            0.0,
            0.0,
            0.0,
            0.0
        ],
        "formula": [
            "C6H8N4O4",
            "C6H8N4O4",
            "C6H8N4O4",
            "C6H8N4O4",
            "C6H8N4O4",
            "C6H8N4O4",
            "C6H8N4O4",
            "C6H8N4O4",
            "C6H8N4O4",
            "C6H8N4O4",
            "C6H8N4O4",
            "C6H8N4O4",
            "C6H8N4O4"
        ],
        "ions": [
            "[M+H]+",
            "[M+H]+",
            "[M+H]+",
            "[M+H]+",
            "[M+H]+",
            "[M+H]+",
            "[M+H]+",
            "[M+H]+",
            "[M+H]+",
            "[M+H]+",
            "[M+H]+",
            "[M+H]+",
            "[M+H]+"
        ]
    }
}