{
    "cand_form": "C21H27N5O4S",
    "cand_ion": "[M+H]+",
    "output_tbl": {
        "mz": [
            55.0544,
            66.0339,
            77.0387,
            83.0856,
            91.0542,
            95.0493,
            103.0542,
            105.0446,
            107.0491,
            111.0553,
            119.049,
            119.0728,
            120.0562,
            121.0648,
            125.0709,
            131.0604,
            139.05,
            150.0662,
            183.0919
        ],
        "ms2_inten": [
            0.06774124368373967,
            0.14909050949467256,
            0.1272554336020173,
            0.09696633308004748,
            0.0681783280119662,
            0.14789592833399684,
            0.9331197693295964,
            0.058816674838607856,
            0.061152959676125135,
            1.0,
            0.0706686901457029,
            0.05853739172916798,
            0.07700365875392232,
            0.18024360438465284,
            0.05140106513051905,
            0.2573272388089477,
            0.10725397949891961,
            0.08782265705421764,
            0.067255205290098
        ],
        "mono_mass": [
            55.0544,
            66.0339,
            77.0387,
            83.0856,
            91.0542,
            95.0493,
            103.0542,
            105.0446,
            107.0491,
            111.0553,
            119.049,
            119.0728,
            120.0562,
            121.0648,
            125.0709,
            131.0604,
            139.05,
            150.0662,
            183.0919
        ],
        "abs_mass_diff": [
            0.0,
            0.0,
            0.0,
            0.0,
            0.0,
            0.0,
            0.0,
            0.0,
            0.0,
            0.0,
            0.0,
            0.0,
            0.0,
            0.0,
            0.0,
            0.0,
            0.0,
            0.0,
            0.0
        ],
        "mass_diff": [
            0.0,
            0.0,
            0.0,
            0.0,
            0.0,
            0.0,
            0.0,
            0.0,
            0.0,
            0.0,
            0.0,
            0.0,
            0.0,
            0.0,
            0.0,
            0.0,
            0.0,
            0.0,
            0.0
        ],
        "formula": [
            "C21H27N5O4S",
            "C21H27N5O4S",
            "C21H27N5O4S",
            "C21H27N5O4S",
            "C21H27N5O4S",
            "C21H27N5O4S",
            "C21H27N5O4S",
            "C21H27N5O4S",
            "C21H27N5O4S",
            "C21H27N5O4S",
            "C21H27N5O4S",
            "C21H27N5O4S",
            "C21H27N5O4S",
            "C21H27N5O4S",
            "C21H27N5O4S",
            "C21H27N5O4S",
            "C21H27N5O4S",
            "C21H27N5O4S",
            "C21H27N5O4S"
        ],
        "ions": [
            "[M+H]+",
            "[M+H]+",
            "[M+H]+",
            "[M+H]+",
            "[M+H]+",
            "[M+H]+",
            "[M+H]+",
            "[M+H]+",
            "[M+H]+",
            "[M+H]+",
            "[M+H]+",
            "[M+H]+",
            "[M+H]+",
            "[M+H]+",
            "[M+H]+",
            "[M+H]+",
            "[M+H]+",
            "[M+H]+",
            "[M+H]+"
        ]
    }
}