{
    "cand_form": "C11H12N4O3S",
    "cand_ion": "[M+H]+",
    "output_tbl": {
        "mz": [
            0.0,
            65.0386,
            68.0131,
            80.0495,
            85.0396,
            92.0495,
            93.0573,
            108.0444,
            110.06,
            124.0505,
            126.0662,
            146.0713,
            173.0584
        ],
        "ms2_inten": [
            0.03172624293073776,
            0.7890810213811787,
            0.0376865918543806,
            0.161186717262921,
            0.1482009354043534,
            1.0,
            0.033386206825873704,
            0.7373947533853197,
            0.13191187955946237,
            0.03446534879687181,
            0.12577469541186012,
            0.03716742300792354,
            0.046886707216020444
        ],
        "mono_mass": [
            0.0,
            65.0386,
            68.0131,
            80.0495,
            85.0396,
            92.0495,
            93.0573,
            108.0444,
            110.06,
            124.0505,
            126.0662,
            146.0713,
            173.0584
        ],
        "abs_mass_diff": [
            0.0,
            0.0,
            0.0,
            0.0,
            0.0,
            0.0,
            0.0,
            0.0,
            0.0,
            0.0,
            0.0,
            0.0,
            0.0
        ],
        "mass_diff": [
            0.0,
            0.0,
            0.0,
            0.0,
            0.0,
            0.0,
            0.0,
            0.0,
            0.0,
            0.0,
            0.0,
            0.0,
            0.0
        ],
        "formula": [
            "C11H12N4O3S",
            "C11H12N4O3S",
            "C11H12N4O3S",
            "C11H12N4O3S",
            "C11H12N4O3S",
            "C11H12N4O3S",
            "C11H12N4O3S",
            "C11H12N4O3S",
            "C11H12N4O3S",
            "C11H12N4O3S",
            "C11H12N4O3S",
            "C11H12N4O3S",
            "C11H12N4O3S"
        ],
        "ions": [
            "[M+H]+",
            "[M+H]+",
            "[M+H]+",
            "[M+H]+",
            "[M+H]+",
            "[M+H]+",
            "[M+H]+",
            "[M+H]+",
            "[M+H]+",
            "[M+H]+",
            "[M+H]+",
            "[M+H]+",
            "[M+H]+"
        ]
    }
}