{
    "cand_form": "C18H25N3O2",
    "cand_ion": "[M+H]+",
    "output_tbl": {
        "mz": [
            72.0808,
            105.0699,
            107.0491,
            119.0855,
            135.1168,
            145.1012,
            162.1277,
            163.1117,
            180.1383,
            181.1416,
            245.1073
        ],
        "ms2_inten": [
            0.0243802486504577,
            0.03424557331531878,
            0.03720399935544248,
            0.04561192679314042,
            0.0496863282533111,
            0.04088718074260463,
            0.03826194135766125,
            0.09956017471227324,
            1.0,
            0.07028437226915235,
            0.03717772898835458
        ],
        "mono_mass": [
            72.0808,
            105.0699,
            107.0491,
            119.0855,
            135.1168,
            145.1012,
            162.1277,
            163.1117,
            180.1383,
            181.1416,
            245.1073
        ],
        "abs_mass_diff": [
            0.0,
            0.0,
            0.0,
            0.0,
            0.0,
            0.0,
            0.0,
            0.0,
            0.0,
            0.0,
            0.0
        ],
        "mass_diff": [
            0.0,
            0.0,
            0.0,
            0.0,
            0.0,
            0.0,
            0.0,
            0.0,
            0.0,
            0.0,
            0.0
        ],
        "formula": [
            "C18H25N3O2",
            "C18H25N3O2",
            "C18H25N3O2",
            "C18H25N3O2",
            "C18H25N3O2",
            "C18H25N3O2",
            "C18H25N3O2",
            "C18H25N3O2",
            "C18H25N3O2",
            "C18H25N3O2",
            "C18H25N3O2"
        ],
        "ions": [
            "[M+H]+",
            "[M+H]+",
            "[M+H]+",
            "[M+H]+",
            "[M+H]+",
            "[M+H]+",
            "[M+H]+",
            "[M+H]+",
            "[M+H]+",
            "[M+H]+",
            "[M+H]+"
        ]
    }
}