{
    "cand_form": "C7H14N4O3",
    "cand_ion": "[M-H]-",
    "output_tbl": {
        "mz": [
            59.0139,
            61.9884,
            99.926,
            178.8247
        ],
        "ms2_inten": [
            1.0,
            0.07977816441702011,
            0.6017201903164614,
            0.06485810333949836
        ],
        "mono_mass": [
            59.0139,
            61.9884,
            99.926,
            178.8247
        ],
        "abs_mass_diff": [
            0.0,
            0.0,
            0.0,
            0.0
        ],
        "mass_diff": [
            0.0,
            0.0,
            0.0,
            0.0
        ],
        "formula": [
            "C7H14N4O3",
            "C7H14N4O3",
            "C7H14N4O3",
            "C7H14N4O3"
        ],
        "ions": [
            "[M-H]-",
            "[M-H]-",
            "[M-H]-",
            "[M-H]-"
        ]
    }
}