{
    "cand_form": "C14H11F3N2O2",
    "cand_ion": "[M+H]+",
    "output_tbl": {
        "mz": [
            73.0468,
            92.0495,
            108.0444,
            192.9623,
            199.0982,
            200.1046,
            267.0001,
            283.031
        ],
        "ms2_inten": [
            0.03925506766469458,
            0.039877415679550006,
            0.04445470800193745,
            0.029241461441231506,
            1.0,
            0.17837574548839552,
            0.053014377007079005,
            0.0543928005331096
        ],
        "mono_mass": [
            73.0468,
            92.0495,
            108.0444,
            192.9623,
            199.0982,
            200.1046,
            267.0001,
            283.031
        ],
        "abs_mass_diff": [
            0.0,
            0.0,
            0.0,
            0.0,
            0.0,
            0.0,
            0.0,
            0.0
        ],
        "mass_diff": [
            0.0,
            0.0,
            0.0,
            0.0,
            0.0,
            0.0,
            0.0,
            0.0
        ],
        "formula": [
            "C14H11F3N2O2",
            "C14H11F3N2O2",
            "C14H11F3N2O2",
            "C14H11F3N2O2",
            "C14H11F3N2O2",
            "C14H11F3N2O2",
            "C14H11F3N2O2",
            "C14H11F3N2O2"
        ],
        "ions": [
            "[M+H]+",
            "[M+H]+",
            "[M+H]+",
            "[M+H]+",
            "[M+H]+",
            "[M+H]+",
            "[M+H]+",
            "[M+H]+"
        ]
    }
}