{
    "cand_form": "C23H20N4O5",
    "cand_ion": "[M+H]+",
    "output_tbl": {
        "mz": [
            77.0386,
            95.0491,
            176.0621,
            191.073,
            192.0808,
            203.073,
            204.0808,
            205.0859
        ],
        "ms2_inten": [
            0.06066841267572626,
            0.0414849650728127,
            0.05713283628518072,
            0.0721263179798035,
            0.04004378159096745,
            0.1589324735791005,
            1.0,
            0.10927941592200523
        ],
        "mono_mass": [
            77.0386,
            95.0491,
            176.0621,
            191.073,
            192.0808,
            203.073,
            204.0808,
            205.0859
        ],
        "abs_mass_diff": [
            0.0,
            0.0,
            0.0,
            0.0,
            0.0,
            0.0,
            0.0,
            0.0
        ],
        "mass_diff": [
            0.0,
            0.0,
            0.0,
            0.0,
            0.0,
            0.0,
            0.0,
            0.0
        ],
        "formula": [
            "C23H20N4O5",
            "C23H20N4O5",
            "C23H20N4O5",
            "C23H20N4O5",
            "C23H20N4O5",
            "C23H20N4O5",
            "C23H20N4O5",
            "C23H20N4O5"
        ],
        "ions": [
            "[M+H]+",
            "[M+H]+",
            "[M+H]+",
            "[M+H]+",
            "[M+H]+",
            "[M+H]+",
            "[M+H]+",
            "[M+H]+"
        ]
    }
}