{
    "cand_form": "C23H32N6O3S2",
    "cand_ion": "[M+H]+",
    "output_tbl": {
        "mz": [
            0.0,
            58.0651,
            70.0651,
            71.073,
            72.0808,
            84.0808,
            99.0917,
            113.1073,
            271.1005,
            299.0961
        ],
        "ms2_inten": [
            0.05138721501900445,
            0.2876899380989008,
            0.06462895282892824,
            0.06358975746141789,
            1.0,
            0.07468441114717196,
            0.21694198555643773,
            0.13788746231933668,
            0.04528318098294322,
            0.21769320266158945
        ],
        "mono_mass": [
            0.0,
            58.0651,
            70.0651,
            71.073,
            72.0808,
            84.0808,
            99.0917,
            113.1073,
            271.1005,
            299.0961
        ],
        "abs_mass_diff": [
            0.0,
            0.0,
            0.0,
            0.0,
            0.0,
            0.0,
            0.0,
            0.0,
            0.0,
            0.0
        ],
        "mass_diff": [
            0.0,
            0.0,
            0.0,
            0.0,
            0.0,
            0.0,
            0.0,
            0.0,
            0.0,
            0.0
        ],
        "formula": [
            "C23H32N6O3S2",
            "C23H32N6O3S2",
            "C23H32N6O3S2",
            "C23H32N6O3S2",
            "C23H32N6O3S2",
            "C23H32N6O3S2",
            "C23H32N6O3S2",
            "C23H32N6O3S2",
            "C23H32N6O3S2",
            "C23H32N6O3S2"
        ],
        "ions": [
            "[M+H]+",
            "[M+H]+",
            "[M+H]+",
            "[M+H]+",
            "[M+H]+",
            "[M+H]+",
            "[M+H]+",
            "[M+H]+",
            "[M+H]+",
            "[M+H]+"
        ]
    }
}