{
    "cand_form": "C18H23NO3",
    "cand_ion": "[M+H]+",
    "output_tbl": {
        "mz": [
            0.0,
            51.0229,
            53.0386,
            55.0178,
            63.0229,
            65.0386,
            77.0386,
            79.0542,
            89.0386,
            91.0542,
            94.0413,
            95.0491,
            105.0449,
            107.0491
        ],
        "ms2_inten": [
            0.2340169779687117,
            1.0,
            0.07956183434391871,
            0.057584114802360406,
            0.07424817047265174,
            0.21514113171259489,
            0.41967784147338055,
            0.0729980094622077,
            0.041091148183962554,
            0.05519994030706577,
            0.07282552963736261,
            0.4110066778502796,
            0.1389526531311008,
            0.04715369533198989
        ],
        "mono_mass": [
            0.0,
            51.0229,
            53.0386,
            55.0178,
            63.0229,
            65.0386,
            77.0386,
            79.0542,
            89.0386,
            91.0542,
            94.0413,
            95.0491,
            105.0449,
            107.0491
        ],
        "abs_mass_diff": [
            0.0,
            0.0,
            0.0,
            0.0,
            0.0,
            0.0,
            0.0,
            0.0,
            0.0,
            0.0,
            0.0,
            0.0,
            0.0,
            0.0
        ],
        "mass_diff": [
            0.0,
            0.0,
            0.0,
            0.0,
            0.0,
            0.0,
            0.0,
            0.0,
            0.0,
            0.0,
            0.0,
            0.0,
            0.0,
            0.0
        ],
        "formula": [
            "C18H23NO3",
            "C18H23NO3",
            "C18H23NO3",
            "C18H23NO3",
            "C18H23NO3",
            "C18H23NO3",
            "C18H23NO3",
            "C18H23NO3",
            "C18H23NO3",
            "C18H23NO3",
            "C18H23NO3",
            "C18H23NO3",
            "C18H23NO3",
            "C18H23NO3"
        ],
        "ions": [
            "[M+H]+",
            "[M+H]+",
            "[M+H]+",
            "[M+H]+",
            "[M+H]+",
            "[M+H]+",
            "[M+H]+",
            "[M+H]+",
            "[M+H]+",
            "[M+H]+",
            "[M+H]+",
            "[M+H]+",
            "[M+H]+",
            "[M+H]+"
        ]
    }
}