{
    "cand_form": "C19H17N5O7S3",
    "cand_ion": "[M+H]+",
    "output_tbl": {
        "mz": [
            95.0128,
            112.0215,
            112.0393,
            125.0042,
            126.012,
            127.0199,
            139.0324,
            140.0165,
            140.9991,
            156.024,
            166.0308,
            167.026,
            171.9885,
            182.0257,
            183.0335,
            197.0492,
            199.9952,
            210.0201,
            227.0056
        ],
        "ms2_inten": [
            0.8317918610890717,
            0.15671875618074782,
            0.09984274073460439,
            0.9043495271280799,
            1.0,
            0.34126060142907005,
            0.08749389965826063,
            0.2039339283844227,
            0.24268770566673203,
            0.2887371550158305,
            0.3613568013685446,
            0.16281711406914645,
            0.09889781147572421,
            0.11294500212031587,
            0.13139470314195104,
            0.10399679722289719,
            0.11004120037652289,
            0.13692638602349336,
            0.1596085657635175
        ],
        "mono_mass": [
            95.0128,
            112.0215,
            112.0393,
            125.0042,
            126.012,
            127.0199,
            139.0324,
            140.0165,
            140.9991,
            156.024,
            166.0308,
            167.026,
            171.9885,
            182.0257,
            183.0335,
            197.0492,
            199.9952,
            210.0201,
            227.0056
        ],
        "abs_mass_diff": [
            0.0,
            0.0,
            0.0,
            0.0,
            0.0,
            0.0,
            0.0,
            0.0,
            0.0,
            0.0,
            0.0,
            0.0,
            0.0,
            0.0,
            0.0,
            0.0,
            0.0,
            0.0,
            0.0
        ],
        "mass_diff": [
            0.0,
            0.0,
            0.0,
            0.0,
            0.0,
            0.0,
            0.0,
            0.0,
            0.0,
            0.0,
            0.0,
            0.0,
            0.0,
            0.0,
            0.0,
            0.0,
            0.0,
            0.0,
            0.0
        ],
        "formula": [
            "C19H17N5O7S3",
            "C19H17N5O7S3",
            "C19H17N5O7S3",
            "C19H17N5O7S3",
            "C19H17N5O7S3",
            "C19H17N5O7S3",
            "C19H17N5O7S3",
            "C19H17N5O7S3",
            "C19H17N5O7S3",
            "C19H17N5O7S3",
            "C19H17N5O7S3",
            "C19H17N5O7S3",
            "C19H17N5O7S3",
            "C19H17N5O7S3",
            "C19H17N5O7S3",
            "C19H17N5O7S3",
            "C19H17N5O7S3",
            "C19H17N5O7S3",
            "C19H17N5O7S3"
        ],
        "ions": [
            "[M+H]+",
            "[M+H]+",
            "[M+H]+",
            "[M+H]+",
            "[M+H]+",
            "[M+H]+",
            "[M+H]+",
            "[M+H]+",
            "[M+H]+",
            "[M+H]+",
            "[M+H]+",
            "[M+H]+",
            "[M+H]+",
            "[M+H]+",
            "[M+H]+",
            "[M+H]+",
            "[M+H]+",
            "[M+H]+",
            "[M+H]+"
        ]
    }
}