{
    "cand_form": "C24H23N3O5",
    "cand_ion": "[M+H]+",
    "output_tbl": {
        "mz": [
            70.0651,
            130.0651,
            135.0441,
            153.0659,
            169.076,
            170.0771,
            197.0709,
            204.0808,
            205.0886,
            206.0964,
            232.0757,
            233.0835,
            234.0913,
            250.0863,
            262.0863,
            263.0914,
            264.1019,
            274.0863,
            284.1394,
            302.0812
        ],
        "ms2_inten": [
            0.08936593226786523,
            0.11966915589178431,
            1.0,
            0.046353865292077814,
            0.7392649290757,
            0.04611947220785943,
            0.17183941548738388,
            0.12393488747101644,
            0.17573359699513674,
            0.08736153850873508,
            0.14663384978026323,
            0.10912094069868426,
            0.05350843528126249,
            0.07738876785099733,
            0.5288114804161249,
            0.06966009548048975,
            0.12886646689836778,
            0.2518125703149272,
            0.06636500273032479,
            0.07730892676761339
        ],
        "mono_mass": [
            70.0651,
            130.0651,
            135.0441,
            153.0659,
            169.076,
            170.0771,
            197.0709,
            204.0808,
            205.0886,
            206.0964,
            232.0757,
            233.0835,
            234.0913,
            250.0863,
            262.0863,
            263.0914,
            264.1019,
            274.0863,
            284.1394,
            302.0812
        ],
        "abs_mass_diff": [
            0.0,
            0.0,
            0.0,
            0.0,
            0.0,
            0.0,
            0.0,
            0.0,
            0.0,
            0.0,
            0.0,
            0.0,
            0.0,
            0.0,
            0.0,
            0.0,
            0.0,
            0.0,
            0.0,
            0.0
        ],
        "mass_diff": [
            0.0,
            0.0,
            0.0,
            0.0,
            0.0,
            0.0,
            0.0,
            0.0,
            0.0,
            0.0,
            0.0,
            0.0,
            0.0,
            0.0,
            0.0,
            0.0,
            0.0,
            0.0,
            0.0,
            0.0
        ],
        "formula": [
            "C24H23N3O5",
            "C24H23N3O5",
            "C24H23N3O5",
            "C24H23N3O5",
            "C24H23N3O5",
            "C24H23N3O5",
            "C24H23N3O5",
            "C24H23N3O5",
            "C24H23N3O5",
            "C24H23N3O5",
            "C24H23N3O5",
            "C24H23N3O5",
            "C24H23N3O5",
            "C24H23N3O5",
            "C24H23N3O5",
            "C24H23N3O5",
            "C24H23N3O5",
            "C24H23N3O5",
            "C24H23N3O5",
            "C24H23N3O5"
        ],
        "ions": [
            "[M+H]+",
            "[M+H]+",
            "[M+H]+",
            "[M+H]+",
            "[M+H]+",
            "[M+H]+",
            "[M+H]+",
            "[M+H]+",
            "[M+H]+",
            "[M+H]+",
            "[M+H]+",
            "[M+H]+",
            "[M+H]+",
            "[M+H]+",
            "[M+H]+",
            "[M+H]+",
            "[M+H]+",
            "[M+H]+",
            "[M+H]+",
            "[M+H]+"
        ]
    }
}