{
    "cand_form": "C19H18ClN3O5S",
    "cand_ion": "[M-H]-",
    "output_tbl": {
        "mz": [
            0.0,
            76.9703,
            92.0539,
            100.1006,
            183.1997,
            227.7234,
            249.4879
        ],
        "ms2_inten": [
            0.9368926001880469,
            0.43590919568363445,
            0.3563971987823686,
            0.3462423492080089,
            0.34620115949054653,
            1.0,
            0.4375243078741274
        ],
        "mono_mass": [
            0.0,
            76.9703,
            92.0539,
            100.1006,
            183.1997,
            227.7234,
            249.4879
        ],
        "abs_mass_diff": [
            0.0,
            0.0,
            0.0,
            0.0,
            0.0,
            0.0,
            0.0
        ],
        "mass_diff": [
            0.0,
            0.0,
            0.0,
            0.0,
            0.0,
            0.0,
            0.0
        ],
        "formula": [
            "C19H18ClN3O5S",
            "C19H18ClN3O5S",
            "C19H18ClN3O5S",
            "C19H18ClN3O5S",
            "C19H18ClN3O5S",
            "C19H18ClN3O5S",
            "C19H18ClN3O5S"
        ],
        "ions": [
            "[M-H]-",
            "[M-H]-",
            "[M-H]-",
            "[M-H]-",
            "[M-H]-",
            "[M-H]-",
            "[M-H]-"
        ]
    }
}