{
    "cand_form": "C17H19ClN2S",
    "cand_ion": "[M+H]+",
    "output_tbl": {
        "mz": [
            89.9698,
            100.868,
            120.0808,
            125.1325,
            166.0856,
            187.633,
            188.1342,
            227.7502,
            283.1843,
            317.201,
            317.2481,
            318.0952,
            318.1738,
            318.2099,
            318.252,
            318.3026,
            319.1382,
            319.181,
            319.2272
        ],
        "ms2_inten": [
            0.09246927565364516,
            0.0864783784541275,
            0.18106867260819112,
            0.2563289084692799,
            0.37383886787245013,
            1.0,
            0.5023060333282128,
            0.15834661667659444,
            0.16137568014679146,
            0.43848798006735745,
            0.14491432731411333,
            0.13700959983935818,
            0.25805435356032036,
            0.2295081443775537,
            0.09335443767732066,
            0.2578656136017651,
            0.22320380403257822,
            0.2128351686402173,
            0.3139183657106326
        ],
        "mono_mass": [
            89.9698,
            100.868,
            120.0808,
            125.1325,
            166.0856,
            187.633,
            188.1342,
            227.7502,
            283.1843,
            317.201,
            317.2481,
            318.0952,
            318.1738,
            318.2099,
            318.252,
            318.3026,
            319.1382,
            319.181,
            319.2272
        ],
        "abs_mass_diff": [
            0.0,
            0.0,
            0.0,
            0.0,
            0.0,
            0.0,
            0.0,
            0.0,
            0.0,
            0.0,
            0.0,
            0.0,
            0.0,
            0.0,
            0.0,
            0.0,
            0.0,
            0.0,
            0.0
        ],
        "mass_diff": [
            0.0,
            0.0,
            0.0,
            0.0,
            0.0,
            0.0,
            0.0,
            0.0,
            0.0,
            0.0,
            0.0,
            0.0,
            0.0,
            0.0,
            0.0,
            0.0,
            0.0,
            0.0,
            0.0
        ],
        "formula": [
            "C17H19ClN2S",
            "C17H19ClN2S",
            "C17H19ClN2S",
            "C17H19ClN2S",
            "C17H19ClN2S",
            "C17H19ClN2S",
            "C17H19ClN2S",
            "C17H19ClN2S",
            "C17H19ClN2S",
            "C17H19ClN2S",
            "C17H19ClN2S",
            "C17H19ClN2S",
            "C17H19ClN2S",
            "C17H19ClN2S",
            "C17H19ClN2S",
            "C17H19ClN2S",
            "C17H19ClN2S",
            "C17H19ClN2S",
            "C17H19ClN2S"
        ],
        "ions": [
            "[M+H]+",
            "[M+H]+",
            "[M+H]+",
            "[M+H]+",
            "[M+H]+",
            "[M+H]+",
            "[M+H]+",
            "[M+H]+",
            "[M+H]+",
            "[M+H]+",
            "[M+H]+",
            "[M+H]+",
            "[M+H]+",
            "[M+H]+",
            "[M+H]+",
            "[M+H]+",
            "[M+H]+",
            "[M+H]+",
            "[M+H]+"
        ]
    }
}