{
    "cand_form": "C8HF17O3S",
    "cand_ion": "[M-H]-",
    "output_tbl": {
        "mz": [
            0.0,
            82.9609,
            98.9558
        ],
        "ms2_inten": [
            1.0,
            0.024608376311656188,
            0.291314672002092
        ],
        "mono_mass": [
            0.0,
            82.9609,
            98.9558
        ],
        "abs_mass_diff": [
            0.0,
            0.0,
            0.0
        ],
        "mass_diff": [
            0.0,
            0.0,
            0.0
        ],
        "formula": [
            "C8HF17O3S",
            "C8HF17O3S",
            "C8HF17O3S"
        ],
        "ions": [
            "[M-H]-",
            "[M-H]-",
            "[M-H]-"
        ]
    }
}