{
    "cand_form": "C15H15NO3",
    "cand_ion": "[M+H]+",
    "output_tbl": {
        "mz": [
            0.0,
            51.0229,
            52.0308,
            63.0229,
            65.0386,
            66.0419,
            91.0542
        ],
        "ms2_inten": [
            0.025293739124228626,
            0.04196724479229973,
            0.06937195559028785,
            0.0710308759028885,
            1.0,
            0.03489385732998404,
            0.25499346228603115
        ],
        "mono_mass": [
            0.0,
            51.0229,
            52.0308,
            63.0229,
            65.0386,
            66.0419,
            91.0542
        ],
        "abs_mass_diff": [
            0.0,
            0.0,
            0.0,
            0.0,
            0.0,
            0.0,
            0.0
        ],
        "mass_diff": [
            0.0,
            0.0,
            0.0,
            0.0,
            0.0,
            0.0,
            0.0
        ],
        "formula": [
            "C15H15NO3",
            "C15H15NO3",
            "C15H15NO3",
            "C15H15NO3",
            "C15H15NO3",
            "C15H15NO3",
            "C15H15NO3"
        ],
        "ions": [
            "[M+H]+",
            "[M+H]+",
            "[M+H]+",
            "[M+H]+",
            "[M+H]+",
            "[M+H]+",
            "[M+H]+"
        ]
    }
}