{
    "cand_form": "C33H35FN2O5",
    "cand_ion": "[M+H]+",
    "output_tbl": {
        "mz": [
            238.1027,
            248.087,
            249.0948,
            250.1027,
            251.1067,
            262.1027,
            276.1183,
            277.1234,
            292.1496,
            302.134,
            362.1551
        ],
        "ms2_inten": [
            0.08843382451152257,
            0.06861904972858572,
            0.14650127554886572,
            1.0,
            0.09028894953995971,
            0.07107079654271131,
            0.38323147040023825,
            0.04941752183455204,
            0.057137831723478194,
            0.06173214756196796,
            0.06619012756154827
        ],
        "mono_mass": [
            238.1027,
            248.087,
            249.0948,
            250.1027,
            251.1067,
            262.1027,
            276.1183,
            277.1234,
            292.1496,
            302.134,
            362.1551
        ],
        "abs_mass_diff": [
            0.0,
            0.0,
            0.0,
            0.0,
            0.0,
            0.0,
            0.0,
            0.0,
            0.0,
            0.0,
            0.0
        ],
        "mass_diff": [
            0.0,
            0.0,
            0.0,
            0.0,
            0.0,
            0.0,
            0.0,
            0.0,
            0.0,
            0.0,
            0.0
        ],
        "formula": [
            "C33H35FN2O5",
            "C33H35FN2O5",
            "C33H35FN2O5",
            "C33H35FN2O5",
            "C33H35FN2O5",
            "C33H35FN2O5",
            "C33H35FN2O5",
            "C33H35FN2O5",
            "C33H35FN2O5",
            "C33H35FN2O5",
            "C33H35FN2O5"
        ],
        "ions": [
            "[M+H]+",
            "[M+H]+",
            "[M+H]+",
            "[M+H]+",
            "[M+H]+",
            "[M+H]+",
            "[M+H]+",
            "[M+H]+",
            "[M+H]+",
            "[M+H]+",
            "[M+H]+"
        ]
    }
}