{
    "cand_form": "C25H30N6O5",
    "cand_ion": "[M+H]+",
    "output_tbl": {
        "mz": [
            0.0,
            63.0229,
            64.0182,
            65.0386,
            67.0291,
            69.0447,
            75.0229,
            77.0386,
            81.0447,
            89.0386,
            90.0338,
            91.0542,
            95.0491,
            103.0417,
            114.0338,
            129.0447,
            227.7503
        ],
        "ms2_inten": [
            1.0,
            0.7745671349032462,
            0.3035079104174772,
            0.4328147406899387,
            0.25793173689860793,
            0.5150994104117598,
            0.23250739212444566,
            0.4295029093816889,
            0.27396661171714554,
            0.47756254951240834,
            0.38749713396452157,
            0.21606452043534488,
            0.29807513573613165,
            0.21925245072293767,
            0.22663810248905641,
            0.5215840247674396,
            0.4956903070161559
        ],
        "mono_mass": [
            0.0,
            63.0229,
            64.0182,
            65.0386,
            67.0291,
            69.0447,
            75.0229,
            77.0386,
            81.0447,
            89.0386,
            90.0338,
            91.0542,
            95.0491,
            103.0417,
            114.0338,
            129.0447,
            227.7503
        ],
        "abs_mass_diff": [
            0.0,
            0.0,
            0.0,
            0.0,
            0.0,
            0.0,
            0.0,
            0.0,
            0.0,
            0.0,
            0.0,
            0.0,
            0.0,
            0.0,
            0.0,
            0.0,
            0.0
        ],
        "mass_diff": [
            0.0,
            0.0,
            0.0,
            0.0,
            0.0,
            0.0,
            0.0,
            0.0,
            0.0,
            0.0,
            0.0,
            0.0,
            0.0,
            0.0,
            0.0,
            0.0,
            0.0
        ],
        "formula": [
            "C25H30N6O5",
            "C25H30N6O5",
            "C25H30N6O5",
            "C25H30N6O5",
            "C25H30N6O5",
            "C25H30N6O5",
            "C25H30N6O5",
            "C25H30N6O5",
            "C25H30N6O5",
            "C25H30N6O5",
            "C25H30N6O5",
            "C25H30N6O5",
            "C25H30N6O5",
            "C25H30N6O5",
            "C25H30N6O5",
            "C25H30N6O5",
            "C25H30N6O5"
        ],
        "ions": [
            "[M+H]+",
            "[M+H]+",
            "[M+H]+",
            "[M+H]+",
            "[M+H]+",
            "[M+H]+",
            "[M+H]+",
            "[M+H]+",
            "[M+H]+",
            "[M+H]+",
            "[M+H]+",
            "[M+H]+",
            "[M+H]+",
            "[M+H]+",
            "[M+H]+",
            "[M+H]+",
            "[M+H]+"
        ]
    }
}