{
    "cand_form": "C31H52N2O5S",
    "cand_ion": "[M+H]+",
    "output_tbl": {
        "mz": [
            60.4646,
            69.0447,
            73.0468,
            107.8719,
            223.0635,
            227.7359,
            237.0791,
            331.8777
        ],
        "ms2_inten": [
            0.1485121349614266,
            0.17943109617990521,
            0.6521762348611442,
            0.13912796561882168,
            0.22594492527940527,
            0.4194025535990678,
            1.0,
            0.16251573171000971
        ],
        "mono_mass": [
            60.4646,
            69.0447,
            73.0468,
            107.8719,
            223.0635,
            227.7359,
            237.0791,
            331.8777
        ],
        "abs_mass_diff": [
            0.0,
            0.0,
            0.0,
            0.0,
            0.0,
            0.0,
            0.0,
            0.0
        ],
        "mass_diff": [
            0.0,
            0.0,
            0.0,
            0.0,
            0.0,
            0.0,
            0.0,
            0.0
        ],
        "formula": [
            "C31H52N2O5S",
            "C31H52N2O5S",
            "C31H52N2O5S",
            "C31H52N2O5S",
            "C31H52N2O5S",
            "C31H52N2O5S",
            "C31H52N2O5S",
            "C31H52N2O5S"
        ],
        "ions": [
            "[M+H]+",
            "[M+H]+",
            "[M+H]+",
            "[M+H]+",
            "[M+H]+",
            "[M+H]+",
            "[M+H]+",
            "[M+H]+"
        ]
    }
}