{
    "cand_form": "C16H18N2O5S",
    "cand_ion": "[M+H]+",
    "output_tbl": {
        "mz": [
            56.0495,
            68.0495,
            69.0335,
            91.0542,
            92.058,
            97.0106,
            97.0181,
            112.0215,
            117.0699,
            118.0651,
            118.0737,
            124.0215,
            130.0651,
            131.073,
            144.0808,
            158.027,
            227.7418
        ],
        "ms2_inten": [
            0.1465801993783571,
            0.530429002934913,
            0.11402570368082338,
            0.8009111584802064,
            0.14046265402176872,
            1.0,
            0.07593483453268213,
            0.08657973044470203,
            0.1843531111199461,
            0.3740925369208797,
            0.08142869812803724,
            0.08524469671715859,
            0.26236491397615985,
            0.07664404571491486,
            0.14918451417963627,
            0.09742147654974927,
            0.09634109418532462
        ],
        "mono_mass": [
            56.0495,
            68.0495,
            69.0335,
            91.0542,
            92.058,
            97.0106,
            97.0181,
            112.0215,
            117.0699,
            118.0651,
            118.0737,
            124.0215,
            130.0651,
            131.073,
            144.0808,
            158.027,
            227.7418
        ],
        "abs_mass_diff": [
            0.0,
            0.0,
            0.0,
            0.0,
            0.0,
            0.0,
            0.0,
            0.0,
            0.0,
            0.0,
            0.0,
            0.0,
            0.0,
            0.0,
            0.0,
            0.0,
            0.0
        ],
        "mass_diff": [
            0.0,
            0.0,
            0.0,
            0.0,
            0.0,
            0.0,
            0.0,
            0.0,
            0.0,
            0.0,
            0.0,
            0.0,
            0.0,
            0.0,
            0.0,
            0.0,
            0.0
        ],
        "formula": [
            "C16H18N2O5S",
            "C16H18N2O5S",
            "C16H18N2O5S",
            "C16H18N2O5S",
            "C16H18N2O5S",
            "C16H18N2O5S",
            "C16H18N2O5S",
            "C16H18N2O5S",
            "C16H18N2O5S",
            "C16H18N2O5S",
            "C16H18N2O5S",
            "C16H18N2O5S",
            "C16H18N2O5S",
            "C16H18N2O5S",
            "C16H18N2O5S",
            "C16H18N2O5S",
            "C16H18N2O5S"
        ],
        "ions": [
            "[M+H]+",
            "[M+H]+",
            "[M+H]+",
            "[M+H]+",
            "[M+H]+",
            "[M+H]+",
            "[M+H]+",
            "[M+H]+",
            "[M+H]+",
            "[M+H]+",
            "[M+H]+",
            "[M+H]+",
            "[M+H]+",
            "[M+H]+",
            "[M+H]+",
            "[M+H]+",
            "[M+H]+"
        ]
    }
}