{
    "cand_form": "C20H30O2",
    "cand_ion": "[M+H]+",
    "output_tbl": {
        "mz": [
            53.0386,
            55.0178,
            55.0542,
            65.0386,
            67.0542,
            69.0699,
            77.0386,
            79.0542,
            81.0699,
            91.0542,
            93.0699,
            95.0491,
            97.0648,
            105.0449,
            105.0699,
            109.0648,
            115.0542
        ],
        "ms2_inten": [
            0.2634999784743045,
            0.2917103301126793,
            0.3882352086068626,
            0.29184954824757203,
            0.45832348327331474,
            0.1312707057749502,
            0.3545556021423226,
            1.0,
            0.3159601062530697,
            0.8296148943784694,
            0.08830953452093841,
            0.5530302410354373,
            0.3684411243762822,
            0.2573664513571888,
            0.16670911659206206,
            0.15142521198235595,
            0.09238533729595891
        ],
        "mono_mass": [
            53.0386,
            55.0178,
            55.0542,
            65.0386,
            67.0542,
            69.0699,
            77.0386,
            79.0542,
            81.0699,
            91.0542,
            93.0699,
            95.0491,
            97.0648,
            105.0449,
            105.0699,
            109.0648,
            115.0542
        ],
        "abs_mass_diff": [
            0.0,
            0.0,
            0.0,
            0.0,
            0.0,
            0.0,
            0.0,
            0.0,
            0.0,
            0.0,
            0.0,
            0.0,
            0.0,
            0.0,
            0.0,
            0.0,
            0.0
        ],
        "mass_diff": [
            0.0,
            0.0,
            0.0,
            0.0,
            0.0,
            0.0,
            0.0,
            0.0,
            0.0,
            0.0,
            0.0,
            0.0,
            0.0,
            0.0,
            0.0,
            0.0,
            0.0
        ],
        "formula": [
            "C20H30O2",
            "C20H30O2",
            "C20H30O2",
            "C20H30O2",
            "C20H30O2",
            "C20H30O2",
            "C20H30O2",
            "C20H30O2",
            "C20H30O2",
            "C20H30O2",
            "C20H30O2",
            "C20H30O2",
            "C20H30O2",
            "C20H30O2",
            "C20H30O2",
            "C20H30O2",
            "C20H30O2"
        ],
        "ions": [
            "[M+H]+",
            "[M+H]+",
            "[M+H]+",
            "[M+H]+",
            "[M+H]+",
            "[M+H]+",
            "[M+H]+",
            "[M+H]+",
            "[M+H]+",
            "[M+H]+",
            "[M+H]+",
            "[M+H]+",
            "[M+H]+",
            "[M+H]+",
            "[M+H]+",
            "[M+H]+",
            "[M+H]+"
        ]
    }
}