{
    "cand_form": "C7H8ClN3O4S2",
    "cand_ion": "[M-H]-",
    "output_tbl": {
        "mz": [
            0.0,
            61.9706,
            63.9624,
            65.0145,
            77.9655,
            227.7277
        ],
        "ms2_inten": [
            0.039178432969923495,
            0.5317505353263312,
            1.0,
            0.03608703925402462,
            0.6503368156301057,
            0.03804592577525562
        ],
        "mono_mass": [
            0.0,
            61.9706,
            63.9624,
            65.0145,
            77.9655,
            227.7277
        ],
        "abs_mass_diff": [
            0.0,
            0.0,
            0.0,
            0.0,
            0.0,
            0.0
        ],
        "mass_diff": [
            0.0,
            0.0,
            0.0,
            0.0,
            0.0,
            0.0
        ],
        "formula": [
            "C7H8ClN3O4S2",
            "C7H8ClN3O4S2",
            "C7H8ClN3O4S2",
            "C7H8ClN3O4S2",
            "C7H8ClN3O4S2",
            "C7H8ClN3O4S2"
        ],
        "ions": [
            "[M-H]-",
            "[M-H]-",
            "[M-H]-",
            "[M-H]-",
            "[M-H]-",
            "[M-H]-"
        ]
    }
}