{
    "cand_form": "C10H10N4O2S",
    "cand_ion": "[M+H]+",
    "output_tbl": {
        "mz": [
            65.0386,
            92.0495,
            93.0447,
            93.0533,
            93.0573,
            94.0525,
            95.0604,
            96.064,
            108.0444,
            109.0477,
            110.06,
            156.0114,
            157.0145,
            158.0059,
            184.0647,
            184.0854,
            185.0889,
            250.0637
        ],
        "ms2_inten": [
            0.03214997344876977,
            0.883133584941026,
            0.029618268788609944,
            0.06739249124387732,
            0.03212809185405884,
            0.09463814773398113,
            0.5699008773843279,
            0.03910952764315977,
            0.8446592878813245,
            0.0893176608165975,
            0.04209206492646992,
            1.0,
            0.10483831331400725,
            0.04989269773696917,
            0.02525774712403688,
            0.5045695030537992,
            0.12973876584899358,
            0.052510248656237865
        ],
        "mono_mass": [
            65.0386,
            92.0495,
            93.0447,
            93.0533,
            93.0573,
            94.0525,
            95.0604,
            96.064,
            108.0444,
            109.0477,
            110.06,
            156.0114,
            157.0145,
            158.0059,
            184.0647,
            184.0854,
            185.0889,
            250.0637
        ],
        "abs_mass_diff": [
            0.0,
            0.0,
            0.0,
            0.0,
            0.0,
            0.0,
            0.0,
            0.0,
            0.0,
            0.0,
            0.0,
            0.0,
            0.0,
            0.0,
            0.0,
            0.0,
            0.0,
            0.0
        ],
        "mass_diff": [
            0.0,
            0.0,
            0.0,
            0.0,
            0.0,
            0.0,
            0.0,
            0.0,
            0.0,
            0.0,
            0.0,
            0.0,
            0.0,
            0.0,
            0.0,
            0.0,
            0.0,
            0.0
        ],
        "formula": [
            "C10H10N4O2S",
            "C10H10N4O2S",
            "C10H10N4O2S",
            "C10H10N4O2S",
            "C10H10N4O2S",
            "C10H10N4O2S",
            "C10H10N4O2S",
            "C10H10N4O2S",
            "C10H10N4O2S",
            "C10H10N4O2S",
            "C10H10N4O2S",
            "C10H10N4O2S",
            "C10H10N4O2S",
            "C10H10N4O2S",
            "C10H10N4O2S",
            "C10H10N4O2S",
            "C10H10N4O2S",
            "C10H10N4O2S"
        ],
        "ions": [
            "[M+H]+",
            "[M+H]+",
            "[M+H]+",
            "[M+H]+",
            "[M+H]+",
            "[M+H]+",
            "[M+H]+",
            "[M+H]+",
            "[M+H]+",
            "[M+H]+",
            "[M+H]+",
            "[M+H]+",
            "[M+H]+",
            "[M+H]+",
            "[M+H]+",
            "[M+H]+",
            "[M+H]+",
            "[M+H]+"
        ]
    }
}