{
    "cand_form": "C23H32N6O4S2",
    "cand_ion": "[M+H]+",
    "output_tbl": {
        "mz": [
            58.0651,
            70.0651,
            84.0682,
            99.0137,
            99.0917,
            121.0634,
            122.0059,
            126.0372,
            138.0246,
            150.0372,
            150.1026,
            167.0637,
            168.0675,
            300.1039,
            315.091,
            328.1352
        ],
        "ms2_inten": [
            0.08536517291865368,
            0.06614286180533678,
            0.03821875364135806,
            0.18445358590152472,
            0.15772500625774125,
            0.054215273312244024,
            0.03815318222326757,
            0.0417851231911891,
            0.11298490077164423,
            0.04966982322959868,
            0.1846419115457484,
            1.0,
            0.06436422697474893,
            0.11184425210281684,
            0.10525488427494357,
            0.0679746267473124
        ],
        "mono_mass": [
            58.0651,
            70.0651,
            84.0682,
            99.0137,
            99.0917,
            121.0634,
            122.0059,
            126.0372,
            138.0246,
            150.0372,
            150.1026,
            167.0637,
            168.0675,
            300.1039,
            315.091,
            328.1352
        ],
        "abs_mass_diff": [
            0.0,
            0.0,
            0.0,
            0.0,
            0.0,
            0.0,
            0.0,
            0.0,
            0.0,
            0.0,
            0.0,
            0.0,
            0.0,
            0.0,
            0.0,
            0.0
        ],
        "mass_diff": [
            0.0,
            0.0,
            0.0,
            0.0,
            0.0,
            0.0,
            0.0,
            0.0,
            0.0,
            0.0,
            0.0,
            0.0,
            0.0,
            0.0,
            0.0,
            0.0
        ],
        "formula": [
            "C23H32N6O4S2",
            "C23H32N6O4S2",
            "C23H32N6O4S2",
            "C23H32N6O4S2",
            "C23H32N6O4S2",
            "C23H32N6O4S2",
            "C23H32N6O4S2",
            "C23H32N6O4S2",
            "C23H32N6O4S2",
            "C23H32N6O4S2",
            "C23H32N6O4S2",
            "C23H32N6O4S2",
            "C23H32N6O4S2",
            "C23H32N6O4S2",
            "C23H32N6O4S2",
            "C23H32N6O4S2"
        ],
        "ions": [
            "[M+H]+",
            "[M+H]+",
            "[M+H]+",
            "[M+H]+",
            "[M+H]+",
            "[M+H]+",
            "[M+H]+",
            "[M+H]+",
            "[M+H]+",
            "[M+H]+",
            "[M+H]+",
            "[M+H]+",
            "[M+H]+",
            "[M+H]+",
            "[M+H]+",
            "[M+H]+"
        ]
    }
}