{
    "cand_form": "C21H22N2O5S",
    "cand_ion": "[M+H]+",
    "output_tbl": {
        "mz": [
            53.0386,
            54.0338,
            54.0418,
            57.9872,
            58.995,
            63.0229,
            65.0386,
            66.0338,
            68.0369,
            68.0495,
            68.9793,
            69.0447,
            70.995,
            72.9981,
            80.0495,
            81.0447,
            81.0524,
            82.0525,
            90.0338,
            93.0447,
            95.0604,
            97.0106,
            98.0151,
            106.0525,
            107.0604,
            227.743
        ],
        "ms2_inten": [
            1.0,
            0.05423578876134507,
            0.1007300388066977,
            0.049999228350349915,
            0.05789381576675332,
            0.08019134581813936,
            0.055447424306265126,
            0.3609979147988135,
            0.15501905683447184,
            0.09627700882971033,
            0.15313465927008932,
            0.11143302328547455,
            0.07977622742524389,
            0.2076884259249823,
            0.5240029340158017,
            0.08847746535511462,
            0.058390758141413396,
            0.1894751064366937,
            0.07174449020310693,
            0.09431800875953389,
            0.06275911048887355,
            0.9681587653139697,
            0.09063115408795235,
            0.08493358426021075,
            0.4980369524090174,
            0.07456430185653083
        ],
        "mono_mass": [
            53.0386,
            54.0338,
            54.0418,
            57.9872,
            58.995,
            63.0229,
            65.0386,
            66.0338,
            68.0369,
            68.0495,
            68.9793,
            69.0447,
            70.995,
            72.9981,
            80.0495,
            81.0447,
            81.0524,
            82.0525,
            90.0338,
            93.0447,
            95.0604,
            97.0106,
            98.0151,
            106.0525,
            107.0604,
            227.743
        ],
        "abs_mass_diff": [
            0.0,
            0.0,
            0.0,
            0.0,
            0.0,
            0.0,
            0.0,
            0.0,
            0.0,
            0.0,
            0.0,
            0.0,
            0.0,
            0.0,
            0.0,
            0.0,
            0.0,
            0.0,
            0.0,
            0.0,
            0.0,
            0.0,
            0.0,
            0.0,
            0.0,
            0.0
        ],
        "mass_diff": [
            0.0,
            0.0,
            0.0,
            0.0,
            0.0,
            0.0,
            0.0,
            0.0,
            0.0,
            0.0,
            0.0,
            0.0,
            0.0,
            0.0,
            0.0,
            0.0,
            0.0,
            0.0,
            0.0,
            0.0,
            0.0,
            0.0,
            0.0,
            0.0,
            0.0,
            0.0
        ],
        "formula": [
            "C21H22N2O5S",
            "C21H22N2O5S",
            "C21H22N2O5S",
            "C21H22N2O5S",
            "C21H22N2O5S",
            "C21H22N2O5S",
            "C21H22N2O5S",
            "C21H22N2O5S",
            "C21H22N2O5S",
            "C21H22N2O5S",
            "C21H22N2O5S",
            "C21H22N2O5S",
            "C21H22N2O5S",
            "C21H22N2O5S",
            "C21H22N2O5S",
            "C21H22N2O5S",
            "C21H22N2O5S",
            "C21H22N2O5S",
            "C21H22N2O5S",
            "C21H22N2O5S",
            "C21H22N2O5S",
            "C21H22N2O5S",
            "C21H22N2O5S",
            "C21H22N2O5S",
            "C21H22N2O5S",
            "C21H22N2O5S"
        ],
        "ions": [
            "[M+H]+",
            "[M+H]+",
            "[M+H]+",
            "[M+H]+",
            "[M+H]+",
            "[M+H]+",
            "[M+H]+",
            "[M+H]+",
            "[M+H]+",
            "[M+H]+",
            "[M+H]+",
            "[M+H]+",
            "[M+H]+",
            "[M+H]+",
            "[M+H]+",
            "[M+H]+",
            "[M+H]+",
            "[M+H]+",
            "[M+H]+",
            "[M+H]+",
            "[M+H]+",
            "[M+H]+",
            "[M+H]+",
            "[M+H]+",
            "[M+H]+",
            "[M+H]+"
        ]
    }
}