{
    "cand_form": "C21H27FO6",
    "cand_ion": "[M-H]-",
    "output_tbl": {
        "mz": [
            57.9757,
            59.0139,
            61.9888,
            110.0075,
            110.0162,
            130.9443,
            206.029,
            209.0831,
            224.0702,
            227.7201,
            238.0542,
            250.0858,
            282.1109,
            288.0296,
            303.0522,
            314.0436,
            329.0669,
            330.0698,
            346.0715
        ],
        "ms2_inten": [
            0.5671379266258008,
            1.0,
            0.12626301337100615,
            0.8093397632388608,
            0.09122478823356547,
            0.10752398174963569,
            0.5452954680042974,
            0.12083630965064661,
            0.17176266257371356,
            0.1904077135967504,
            0.19971433714577583,
            0.26305980473662216,
            0.14052818686459734,
            0.15283392053980166,
            0.3132083926741567,
            0.31510183934819763,
            0.5660195416036684,
            0.09919167144255607,
            0.16636696768021536
        ],
        "mono_mass": [
            57.9757,
            59.0139,
            61.9888,
            110.0075,
            110.0162,
            130.9443,
            206.029,
            209.0831,
            224.0702,
            227.7201,
            238.0542,
            250.0858,
            282.1109,
            288.0296,
            303.0522,
            314.0436,
            329.0669,
            330.0698,
            346.0715
        ],
        "abs_mass_diff": [
            0.0,
            0.0,
            0.0,
            0.0,
            0.0,
            0.0,
            0.0,
            0.0,
            0.0,
            0.0,
            0.0,
            0.0,
            0.0,
            0.0,
            0.0,
            0.0,
            0.0,
            0.0,
            0.0
        ],
        "mass_diff": [
            0.0,
            0.0,
            0.0,
            0.0,
            0.0,
            0.0,
            0.0,
            0.0,
            0.0,
            0.0,
            0.0,
            0.0,
            0.0,
            0.0,
            0.0,
            0.0,
            0.0,
            0.0,
            0.0
        ],
        "formula": [
            "C21H27FO6",
            "C21H27FO6",
            "C21H27FO6",
            "C21H27FO6",
            "C21H27FO6",
            "C21H27FO6",
            "C21H27FO6",
            "C21H27FO6",
            "C21H27FO6",
            "C21H27FO6",
            "C21H27FO6",
            "C21H27FO6",
            "C21H27FO6",
            "C21H27FO6",
            "C21H27FO6",
            "C21H27FO6",
            "C21H27FO6",
            "C21H27FO6",
            "C21H27FO6"
        ],
        "ions": [
            "[M-H]-",
            "[M-H]-",
            "[M-H]-",
            "[M-H]-",
            "[M-H]-",
            "[M-H]-",
            "[M-H]-",
            "[M-H]-",
            "[M-H]-",
            "[M-H]-",
            "[M-H]-",
            "[M-H]-",
            "[M-H]-",
            "[M-H]-",
            "[M-H]-",
            "[M-H]-",
            "[M-H]-",
            "[M-H]-",
            "[M-H]-"
        ]
    }
}