{
    "cand_form": "C19H20N2O3S",
    "cand_ion": "[M+H]+",
    "output_tbl": {
        "mz": [
            77.0386,
            79.0542,
            91.0542,
            92.0495,
            93.0573,
            95.0491,
            104.0495,
            106.0651,
            107.073,
            118.0651,
            119.073,
            120.0781,
            134.0964
        ],
        "ms2_inten": [
            0.04226273993216539,
            0.11133214795314753,
            0.12670551035845695,
            0.03976983311444467,
            0.11848590554641317,
            0.04741892109460471,
            0.027121031442875625,
            0.08169755633704233,
            0.0498164380998739,
            0.2853308106171992,
            1.0,
            0.06380353031364393,
            0.4686100723292731
        ],
        "mono_mass": [
            77.0386,
            79.0542,
            91.0542,
            92.0495,
            93.0573,
            95.0491,
            104.0495,
            106.0651,
            107.073,
            118.0651,
            119.073,
            120.0781,
            134.0964
        ],
        "abs_mass_diff": [
            0.0,
            0.0,
            0.0,
            0.0,
            0.0,
            0.0,
            0.0,
            0.0,
            0.0,
            0.0,
            0.0,
            0.0,
            0.0
        ],
        "mass_diff": [
            0.0,
            0.0,
            0.0,
            0.0,
            0.0,
            0.0,
            0.0,
            0.0,
            0.0,
            0.0,
            0.0,
            0.0,
            0.0
        ],
        "formula": [
            "C19H20N2O3S",
            "C19H20N2O3S",
            "C19H20N2O3S",
            "C19H20N2O3S",
            "C19H20N2O3S",
            "C19H20N2O3S",
            "C19H20N2O3S",
            "C19H20N2O3S",
            "C19H20N2O3S",
            "C19H20N2O3S",
            "C19H20N2O3S",
            "C19H20N2O3S",
            "C19H20N2O3S"
        ],
        "ions": [
            "[M+H]+",
            "[M+H]+",
            "[M+H]+",
            "[M+H]+",
            "[M+H]+",
            "[M+H]+",
            "[M+H]+",
            "[M+H]+",
            "[M+H]+",
            "[M+H]+",
            "[M+H]+",
            "[M+H]+",
            "[M+H]+"
        ]
    }
}