{
    "cand_form": "C23H30N6O3",
    "cand_ion": "[M+H]+",
    "output_tbl": {
        "mz": [
            0.0,
            70.0651,
            83.0604,
            84.0682,
            87.0917,
            99.0917,
            296.0931,
            297.1346,
            311.1516,
            313.1295,
            324.1217,
            325.1295,
            339.1816,
            341.1608,
            353.1608,
            355.1765,
            396.203,
            439.2452
        ],
        "ms2_inten": [
            0.15757478069750872,
            0.16456458430469326,
            0.13820461234546494,
            0.09155523242819151,
            0.08013088201914138,
            1.0,
            0.04810639567705413,
            0.2650972406185204,
            0.08920457626217079,
            0.055660925349324555,
            0.09127469446422451,
            0.1582984404877458,
            0.14607651099115793,
            0.20299779493124268,
            0.11385006111326545,
            0.08682329592784267,
            0.056246173385952766,
            0.17907984512612785
        ],
        "mono_mass": [
            0.0,
            70.0651,
            83.0604,
            84.0682,
            87.0917,
            99.0917,
            296.0931,
            297.1346,
            311.1516,
            313.1295,
            324.1217,
            325.1295,
            339.1816,
            341.1608,
            353.1608,
            355.1765,
            396.203,
            439.2452
        ],
        "abs_mass_diff": [
            0.0,
            0.0,
            0.0,
            0.0,
            0.0,
            0.0,
            0.0,
            0.0,
            0.0,
            0.0,
            0.0,
            0.0,
            0.0,
            0.0,
            0.0,
            0.0,
            0.0,
            0.0
        ],
        "mass_diff": [
            0.0,
            0.0,
            0.0,
            0.0,
            0.0,
            0.0,
            0.0,
            0.0,
            0.0,
            0.0,
            0.0,
            0.0,
            0.0,
            0.0,
            0.0,
            0.0,
            0.0,
            0.0
        ],
        "formula": [
            "C23H30N6O3",
            "C23H30N6O3",
            "C23H30N6O3",
            "C23H30N6O3",
            "C23H30N6O3",
            "C23H30N6O3",
            "C23H30N6O3",
            "C23H30N6O3",
            "C23H30N6O3",
            "C23H30N6O3",
            "C23H30N6O3",
            "C23H30N6O3",
            "C23H30N6O3",
            "C23H30N6O3",
            "C23H30N6O3",
            "C23H30N6O3",
            "C23H30N6O3",
            "C23H30N6O3"
        ],
        "ions": [
            "[M+H]+",
            "[M+H]+",
            "[M+H]+",
            "[M+H]+",
            "[M+H]+",
            "[M+H]+",
            "[M+H]+",
            "[M+H]+",
            "[M+H]+",
            "[M+H]+",
            "[M+H]+",
            "[M+H]+",
            "[M+H]+",
            "[M+H]+",
            "[M+H]+",
            "[M+H]+",
            "[M+H]+",
            "[M+H]+"
        ]
    }
}