{
    "cand_form": "C30H46NO7P",
    "cand_ion": "[M+H]+",
    "output_tbl": {
        "mz": [
            227.7329,
            282.2791,
            283.287,
            418.2142,
            436.2244,
            437.2267,
            492.251,
            493.2585,
            563.5542,
            564.5578
        ],
        "ms2_inten": [
            0.010338605425054194,
            1.0,
            0.18919405984179874,
            0.06478615917181452,
            0.17101847049297114,
            0.017531553920720228,
            0.12371721610707859,
            0.014289202004601622,
            0.1292375631107385,
            0.06719459555923712
        ],
        "mono_mass": [
            227.7329,
            282.2791,
            283.287,
            418.2142,
            436.2244,
            437.2267,
            492.251,
            493.2585,
            563.5542,
            564.5578
        ],
        "abs_mass_diff": [
            0.0,
            0.0,
            0.0,
            0.0,
            0.0,
            0.0,
            0.0,
            0.0,
            0.0,
            0.0
        ],
        "mass_diff": [
            0.0,
            0.0,
            0.0,
            0.0,
            0.0,
            0.0,
            0.0,
            0.0,
            0.0,
            0.0
        ],
        "formula": [
            "C30H46NO7P",
            "C30H46NO7P",
            "C30H46NO7P",
            "C30H46NO7P",
            "C30H46NO7P",
            "C30H46NO7P",
            "C30H46NO7P",
            "C30H46NO7P",
            "C30H46NO7P",
            "C30H46NO7P"
        ],
        "ions": [
            "[M+H]+",
            "[M+H]+",
            "[M+H]+",
            "[M+H]+",
            "[M+H]+",
            "[M+H]+",
            "[M+H]+",
            "[M+H]+",
            "[M+H]+",
            "[M+H]+"
        ]
    }
}