{
    "cand_form": "C23H26N2",
    "cand_ion": "[M+H]+",
    "output_tbl": {
        "mz": [
            165.0699,
            166.0777,
            180.0808,
            193.0886,
            194.0964,
            195.1043,
            196.1121,
            208.1121,
            210.1277,
            223.123,
            224.1308,
            239.1543,
            240.1621,
            299.1543,
            315.1856
        ],
        "ms2_inten": [
            0.0907388225461279,
            0.035305990341232836,
            0.04655856020164778,
            0.03598861643189972,
            0.2228258918904751,
            0.1183995556338991,
            0.047044908462023624,
            0.12759078766509505,
            0.0680061838400778,
            0.34527734244112446,
            0.2989493103629854,
            1.0,
            0.09433498157811655,
            0.05364627891059761,
            0.11272241918303322
        ],
        "mono_mass": [
            165.0699,
            166.0777,
            180.0808,
            193.0886,
            194.0964,
            195.1043,
            196.1121,
            208.1121,
            210.1277,
            223.123,
            224.1308,
            239.1543,
            240.1621,
            299.1543,
            315.1856
        ],
        "abs_mass_diff": [
            0.0,
            0.0,
            0.0,
            0.0,
            0.0,
            0.0,
            0.0,
            0.0,
            0.0,
            0.0,
            0.0,
            0.0,
            0.0,
            0.0,
            0.0
        ],
        "mass_diff": [
            0.0,
            0.0,
            0.0,
            0.0,
            0.0,
            0.0,
            0.0,
            0.0,
            0.0,
            0.0,
            0.0,
            0.0,
            0.0,
            0.0,
            0.0
        ],
        "formula": [
            "C23H26N2",
            "C23H26N2",
            "C23H26N2",
            "C23H26N2",
            "C23H26N2",
            "C23H26N2",
            "C23H26N2",
            "C23H26N2",
            "C23H26N2",
            "C23H26N2",
            "C23H26N2",
            "C23H26N2",
            "C23H26N2",
            "C23H26N2",
            "C23H26N2"
        ],
        "ions": [
            "[M+H]+",
            "[M+H]+",
            "[M+H]+",
            "[M+H]+",
            "[M+H]+",
            "[M+H]+",
            "[M+H]+",
            "[M+H]+",
            "[M+H]+",
            "[M+H]+",
            "[M+H]+",
            "[M+H]+",
            "[M+H]+",
            "[M+H]+",
            "[M+H]+"
        ]
    }
}