{
    "cand_form": "C20H25ClN2O5",
    "cand_ion": "[M+H]+",
    "output_tbl": {
        "mz": [
            72.0444,
            91.0542,
            102.0464,
            115.0542,
            116.0621,
            119.0496,
            120.0449,
            125.0153,
            128.0621,
            129.0447,
            137.0153,
            138.9945,
            140.0495,
            142.0651,
            143.073,
            148.0393,
            149.0153,
            152.0621,
            165.0102,
            167.073,
            168.0808,
            178.0418,
            180.0808,
            196.0762,
            204.0575,
            227.748
        ],
        "ms2_inten": [
            0.12108539667252256,
            0.1362473339018732,
            0.7177009858416672,
            0.6107523253157945,
            0.1947199773327162,
            0.18012078940326057,
            0.20263462677502783,
            0.13950678971267041,
            0.35250848966906356,
            0.29599509744477975,
            0.7340208279042031,
            0.11360892804764444,
            0.11772389044158145,
            0.2216348598661879,
            0.4608919238182939,
            0.25871168097739716,
            1.0,
            0.22252301988699977,
            0.10527306499054376,
            0.13399997734709898,
            0.1929730970731643,
            0.12388235575428183,
            0.24740186057624844,
            0.2795576310926528,
            0.11665951871754376,
            0.10902438989310258
        ],
        "mono_mass": [
            72.0444,
            91.0542,
            102.0464,
            115.0542,
            116.0621,
            119.0496,
            120.0449,
            125.0153,
            128.0621,
            129.0447,
            137.0153,
            138.9945,
            140.0495,
            142.0651,
            143.073,
            148.0393,
            149.0153,
            152.0621,
            165.0102,
            167.073,
            168.0808,
            178.0418,
            180.0808,
            196.0762,
            204.0575,
            227.748
        ],
        "abs_mass_diff": [
            0.0,
            0.0,
            0.0,
            0.0,
            0.0,
            0.0,
            0.0,
            0.0,
            0.0,
            0.0,
            0.0,
            0.0,
            0.0,
            0.0,
            0.0,
            0.0,
            0.0,
            0.0,
            0.0,
            0.0,
            0.0,
            0.0,
            0.0,
            0.0,
            0.0,
            0.0
        ],
        "mass_diff": [
            0.0,
            0.0,
            0.0,
            0.0,
            0.0,
            0.0,
            0.0,
            0.0,
            0.0,
            0.0,
            0.0,
            0.0,
            0.0,
            0.0,
            0.0,
            0.0,
            0.0,
            0.0,
            0.0,
            0.0,
            0.0,
            0.0,
            0.0,
            0.0,
            0.0,
            0.0
        ],
        "formula": [
            "C20H25ClN2O5",
            "C20H25ClN2O5",
            "C20H25ClN2O5",
            "C20H25ClN2O5",
            "C20H25ClN2O5",
            "C20H25ClN2O5",
            "C20H25ClN2O5",
            "C20H25ClN2O5",
            "C20H25ClN2O5",
            "C20H25ClN2O5",
            "C20H25ClN2O5",
            "C20H25ClN2O5",
            "C20H25ClN2O5",
            "C20H25ClN2O5",
            "C20H25ClN2O5",
            "C20H25ClN2O5",
            "C20H25ClN2O5",
            "C20H25ClN2O5",
            "C20H25ClN2O5",
            "C20H25ClN2O5",
            "C20H25ClN2O5",
            "C20H25ClN2O5",
            "C20H25ClN2O5",
            "C20H25ClN2O5",
            "C20H25ClN2O5",
            "C20H25ClN2O5"
        ],
        "ions": [
            "[M+H]+",
            "[M+H]+",
            "[M+H]+",
            "[M+H]+",
            "[M+H]+",
            "[M+H]+",
            "[M+H]+",
            "[M+H]+",
            "[M+H]+",
            "[M+H]+",
            "[M+H]+",
            "[M+H]+",
            "[M+H]+",
            "[M+H]+",
            "[M+H]+",
            "[M+H]+",
            "[M+H]+",
            "[M+H]+",
            "[M+H]+",
            "[M+H]+",
            "[M+H]+",
            "[M+H]+",
            "[M+H]+",
            "[M+H]+",
            "[M+H]+",
            "[M+H]+"
        ]
    }
}