{
    "cand_form": "C24H34N6O4S",
    "cand_ion": "[M+H]+",
    "output_tbl": {
        "mz": [
            0.0,
            58.0651,
            69.0447,
            70.0651,
            71.073,
            72.0808,
            84.0808,
            97.076,
            99.0917,
            113.1073,
            154.0611,
            166.0975,
            211.0608,
            225.0771,
            226.0849,
            227.741,
            253.072
        ],
        "ms2_inten": [
            0.563509299559502,
            0.1187912482309842,
            0.1104597061610064,
            0.6552641487080102,
            0.5296069861256913,
            0.22331155095983835,
            0.12645516276854915,
            0.10130852742951264,
            1.0,
            0.08760678545836367,
            0.13634804483795712,
            0.06462828077140279,
            0.10360139226612688,
            0.23364731239075298,
            0.0926947658979206,
            0.0746865919316457,
            0.059586700163673345
        ],
        "mono_mass": [
            0.0,
            58.0651,
            69.0447,
            70.0651,
            71.073,
            72.0808,
            84.0808,
            97.076,
            99.0917,
            113.1073,
            154.0611,
            166.0975,
            211.0608,
            225.0771,
            226.0849,
            227.741,
            253.072
        ],
        "abs_mass_diff": [
            0.0,
            0.0,
            0.0,
            0.0,
            0.0,
            0.0,
            0.0,
            0.0,
            0.0,
            0.0,
            0.0,
            0.0,
            0.0,
            0.0,
            0.0,
            0.0,
            0.0
        ],
        "mass_diff": [
            0.0,
            0.0,
            0.0,
            0.0,
            0.0,
            0.0,
            0.0,
            0.0,
            0.0,
            0.0,
            0.0,
            0.0,
            0.0,
            0.0,
            0.0,
            0.0,
            0.0
        ],
        "formula": [
            "C24H34N6O4S",
            "C24H34N6O4S",
            "C24H34N6O4S",
            "C24H34N6O4S",
            "C24H34N6O4S",
            "C24H34N6O4S",
            "C24H34N6O4S",
            "C24H34N6O4S",
            "C24H34N6O4S",
            "C24H34N6O4S",
            "C24H34N6O4S",
            "C24H34N6O4S",
            "C24H34N6O4S",
            "C24H34N6O4S",
            "C24H34N6O4S",
            "C24H34N6O4S",
            "C24H34N6O4S"
        ],
        "ions": [
            "[M+H]+",
            "[M+H]+",
            "[M+H]+",
            "[M+H]+",
            "[M+H]+",
            "[M+H]+",
            "[M+H]+",
            "[M+H]+",
            "[M+H]+",
            "[M+H]+",
            "[M+H]+",
            "[M+H]+",
            "[M+H]+",
            "[M+H]+",
            "[M+H]+",
            "[M+H]+",
            "[M+H]+"
        ]
    }
}