{
    "cand_form": "C20H30O2",
    "cand_ion": "[M+H]+",
    "output_tbl": {
        "mz": [
            81.0699,
            83.0491,
            95.0855,
            97.0648,
            107.0855,
            109.0648,
            121.1012,
            123.0804,
            133.1012,
            159.1168,
            189.1638,
            227.1794,
            267.2107,
            285.2213,
            303.2319
        ],
        "ms2_inten": [
            0.06041022770190016,
            0.06731999483311825,
            0.10915601354657252,
            1.0,
            0.07606915891981642,
            0.8334023289238051,
            0.07760746459335491,
            0.0846724161778417,
            0.06909570251393825,
            0.05988981768968728,
            0.06597665412528701,
            0.08453693319191968,
            0.08074088790616189,
            0.09617035973436489,
            0.07917117585517618
        ],
        "mono_mass": [
            81.0699,
            83.0491,
            95.0855,
            97.0648,
            107.0855,
            109.0648,
            121.1012,
            123.0804,
            133.1012,
            159.1168,
            189.1638,
            227.1794,
            267.2107,
            285.2213,
            303.2319
        ],
        "abs_mass_diff": [
            0.0,
            0.0,
            0.0,
            0.0,
            0.0,
            0.0,
            0.0,
            0.0,
            0.0,
            0.0,
            0.0,
            0.0,
            0.0,
            0.0,
            0.0
        ],
        "mass_diff": [
            0.0,
            0.0,
            0.0,
            0.0,
            0.0,
            0.0,
            0.0,
            0.0,
            0.0,
            0.0,
            0.0,
            0.0,
            0.0,
            0.0,
            0.0
        ],
        "formula": [
            "C20H30O2",
            "C20H30O2",
            "C20H30O2",
            "C20H30O2",
            "C20H30O2",
            "C20H30O2",
            "C20H30O2",
            "C20H30O2",
            "C20H30O2",
            "C20H30O2",
            "C20H30O2",
            "C20H30O2",
            "C20H30O2",
            "C20H30O2",
            "C20H30O2"
        ],
        "ions": [
            "[M+H]+",
            "[M+H]+",
            "[M+H]+",
            "[M+H]+",
            "[M+H]+",
            "[M+H]+",
            "[M+H]+",
            "[M+H]+",
            "[M+H]+",
            "[M+H]+",
            "[M+H]+",
            "[M+H]+",
            "[M+H]+",
            "[M+H]+",
            "[M+H]+"
        ]
    }
}