{
    "cand_form": "C13H14Cl2O3",
    "cand_ion": "[M-H]-",
    "output_tbl": {
        "mz": [
            52.0945,
            52.9624,
            85.0295,
            206.0271,
            214.7142,
            227.7168
        ],
        "ms2_inten": [
            0.014854576695357594,
            0.014902265761641968,
            1.0,
            0.017639343554943523,
            0.01926334532904703,
            0.030753264146418394
        ],
        "mono_mass": [
            52.0945,
            52.9624,
            85.0295,
            206.0271,
            214.7142,
            227.7168
        ],
        "abs_mass_diff": [
            0.0,
            0.0,
            0.0,
            0.0,
            0.0,
            0.0
        ],
        "mass_diff": [
            0.0,
            0.0,
            0.0,
            0.0,
            0.0,
            0.0
        ],
        "formula": [
            "C13H14Cl2O3",
            "C13H14Cl2O3",
            "C13H14Cl2O3",
            "C13H14Cl2O3",
            "C13H14Cl2O3",
            "C13H14Cl2O3"
        ],
        "ions": [
            "[M-H]-",
            "[M-H]-",
            "[M-H]-",
            "[M-H]-",
            "[M-H]-",
            "[M-H]-"
        ]
    }
}