{
    "cand_form": "C25H38O5",
    "cand_ion": "[M+H]+",
    "output_tbl": {
        "mz": [
            0.0,
            57.0699,
            58.0651,
            60.0806,
            74.4705,
            81.0699,
            91.0542,
            93.0699,
            100.0759,
            105.0699,
            116.8742,
            119.0491,
            121.0284,
            138.994,
            139.0055,
            140.9914,
            149.0233,
            169.0967,
            189.4996,
            193.9442,
            227.7444,
            342.9285
        ],
        "ms2_inten": [
            0.25672140848625796,
            0.24573731789223646,
            0.5369280714423162,
            0.6026385322543601,
            0.17864137935315402,
            0.26515718013072653,
            0.40435879238318306,
            0.19806289688164055,
            0.2091231308154993,
            0.20226112613516684,
            0.19244815321364206,
            0.18980837949178458,
            0.6355759064264564,
            1.0,
            0.1892443394254902,
            0.42132013515442823,
            0.2993368494451675,
            0.7462697005373485,
            0.19568258986672846,
            0.1714901127459399,
            0.38657725341869115,
            0.18512473644679586
        ],
        "mono_mass": [
            0.0,
            57.0699,
            58.0651,
            60.0806,
            74.4705,
            81.0699,
            91.0542,
            93.0699,
            100.0759,
            105.0699,
            116.8742,
            119.0491,
            121.0284,
            138.994,
            139.0055,
            140.9914,
            149.0233,
            169.0967,
            189.4996,
            193.9442,
            227.7444,
            342.9285
        ],
        "abs_mass_diff": [
            0.0,
            0.0,
            0.0,
            0.0,
            0.0,
            0.0,
            0.0,
            0.0,
            0.0,
            0.0,
            0.0,
            0.0,
            0.0,
            0.0,
            0.0,
            0.0,
            0.0,
            0.0,
            0.0,
            0.0,
            0.0,
            0.0
        ],
        "mass_diff": [
            0.0,
            0.0,
            0.0,
            0.0,
            0.0,
            0.0,
            0.0,
            0.0,
            0.0,
            0.0,
            0.0,
            0.0,
            0.0,
            0.0,
            0.0,
            0.0,
            0.0,
            0.0,
            0.0,
            0.0,
            0.0,
            0.0
        ],
        "formula": [
            "C25H38O5",
            "C25H38O5",
            "C25H38O5",
            "C25H38O5",
            "C25H38O5",
            "C25H38O5",
            "C25H38O5",
            "C25H38O5",
            "C25H38O5",
            "C25H38O5",
            "C25H38O5",
            "C25H38O5",
            "C25H38O5",
            "C25H38O5",
            "C25H38O5",
            "C25H38O5",
            "C25H38O5",
            "C25H38O5",
            "C25H38O5",
            "C25H38O5",
            "C25H38O5",
            "C25H38O5"
        ],
        "ions": [
            "[M+H]+",
            "[M+H]+",
            "[M+H]+",
            "[M+H]+",
            "[M+H]+",
            "[M+H]+",
            "[M+H]+",
            "[M+H]+",
            "[M+H]+",
            "[M+H]+",
            "[M+H]+",
            "[M+H]+",
            "[M+H]+",
            "[M+H]+",
            "[M+H]+",
            "[M+H]+",
            "[M+H]+",
            "[M+H]+",
            "[M+H]+",
            "[M+H]+",
            "[M+H]+",
            "[M+H]+"
        ]
    }
}