{
    "cand_form": "C20H28N6O4S",
    "cand_ion": "[M+H]+",
    "output_tbl": {
        "mz": [
            58.0651,
            283.119,
            284.1261,
            299.1139,
            311.1503,
            312.1542,
            313.1653,
            343.1765,
            360.1251,
            361.1329,
            377.1278,
            392.1387,
            406.1544,
            418.1544,
            449.1966,
            450.2002
        ],
        "ms2_inten": [
            0.6856138662045573,
            0.42311400154420786,
            0.04847380288388055,
            0.08689708997956477,
            1.0,
            0.22255282007757035,
            0.19378261597694066,
            0.055137694384648925,
            0.09550289894016047,
            0.16059091822433816,
            0.07694291141531247,
            0.3116518510175503,
            0.06497227312399208,
            0.38764369379801306,
            0.5905316099287699,
            0.07841270880798883
        ],
        "mono_mass": [
            58.0651,
            283.119,
            284.1261,
            299.1139,
            311.1503,
            312.1542,
            313.1653,
            343.1765,
            360.1251,
            361.1329,
            377.1278,
            392.1387,
            406.1544,
            418.1544,
            449.1966,
            450.2002
        ],
        "abs_mass_diff": [
            0.0,
            0.0,
            0.0,
            0.0,
            0.0,
            0.0,
            0.0,
            0.0,
            0.0,
            0.0,
            0.0,
            0.0,
            0.0,
            0.0,
            0.0,
            0.0
        ],
        "mass_diff": [
            0.0,
            0.0,
            0.0,
            0.0,
            0.0,
            0.0,
            0.0,
            0.0,
            0.0,
            0.0,
            0.0,
            0.0,
            0.0,
            0.0,
            0.0,
            0.0
        ],
        "formula": [
            "C20H28N6O4S",
            "C20H28N6O4S",
            "C20H28N6O4S",
            "C20H28N6O4S",
            "C20H28N6O4S",
            "C20H28N6O4S",
            "C20H28N6O4S",
            "C20H28N6O4S",
            "C20H28N6O4S",
            "C20H28N6O4S",
            "C20H28N6O4S",
            "C20H28N6O4S",
            "C20H28N6O4S",
            "C20H28N6O4S",
            "C20H28N6O4S",
            "C20H28N6O4S"
        ],
        "ions": [
            "[M+H]+",
            "[M+H]+",
            "[M+H]+",
            "[M+H]+",
            "[M+H]+",
            "[M+H]+",
            "[M+H]+",
            "[M+H]+",
            "[M+H]+",
            "[M+H]+",
            "[M+H]+",
            "[M+H]+",
            "[M+H]+",
            "[M+H]+",
            "[M+H]+",
            "[M+H]+"
        ]
    }
}