{
    "cand_form": "C36H41N3O6",
    "cand_ion": "[M+H]+",
    "output_tbl": {
        "mz": [
            77.3398,
            88.9487,
            91.0542,
            115.356,
            132.2536,
            227.7548,
            370.8588,
            497.852
        ],
        "ms2_inten": [
            0.4371670322782827,
            0.3468154119522538,
            0.36843311711887894,
            0.38218903710163094,
            0.3788492411121112,
            1.0,
            0.41824633059251526,
            0.39905472632828426
        ],
        "mono_mass": [
            77.3398,
            88.9487,
            91.0542,
            115.356,
            132.2536,
            227.7548,
            370.8588,
            497.852
        ],
        "abs_mass_diff": [
            0.0,
            0.0,
            0.0,
            0.0,
            0.0,
            0.0,
            0.0,
            0.0
        ],
        "mass_diff": [
            0.0,
            0.0,
            0.0,
            0.0,
            0.0,
            0.0,
            0.0,
            0.0
        ],
        "formula": [
            "C36H41N3O6",
            "C36H41N3O6",
            "C36H41N3O6",
            "C36H41N3O6",
            "C36H41N3O6",
            "C36H41N3O6",
            "C36H41N3O6",
            "C36H41N3O6"
        ],
        "ions": [
            "[M+H]+",
            "[M+H]+",
            "[M+H]+",
            "[M+H]+",
            "[M+H]+",
            "[M+H]+",
            "[M+H]+",
            "[M+H]+"
        ]
    }
}