{
    "cand_form": "C19H32N2O5",
    "cand_ion": "[M+H]+",
    "output_tbl": {
        "mz": [
            55.0542,
            56.0495,
            63.0229,
            74.981,
            80.0495,
            90.0338,
            91.0417,
            100.9982,
            107.0604,
            109.076,
            119.0604,
            121.076,
            128.0075
        ],
        "ms2_inten": [
            0.28326699499995417,
            0.9305591051622821,
            0.10871796970308478,
            0.24177375021753136,
            0.163527099019107,
            0.6003326420587082,
            0.1203799508888724,
            0.599259240984598,
            0.1536496227436935,
            0.12717041963097814,
            0.10663808006277904,
            0.11969201396100951,
            1.0
        ],
        "mono_mass": [
            55.0542,
            56.0495,
            63.0229,
            74.981,
            80.0495,
            90.0338,
            91.0417,
            100.9982,
            107.0604,
            109.076,
            119.0604,
            121.076,
            128.0075
        ],
        "abs_mass_diff": [
            0.0,
            0.0,
            0.0,
            0.0,
            0.0,
            0.0,
            0.0,
            0.0,
            0.0,
            0.0,
            0.0,
            0.0,
            0.0
        ],
        "mass_diff": [
            0.0,
            0.0,
            0.0,
            0.0,
            0.0,
            0.0,
            0.0,
            0.0,
            0.0,
            0.0,
            0.0,
            0.0,
            0.0
        ],
        "formula": [
            "C19H32N2O5",
            "C19H32N2O5",
            "C19H32N2O5",
            "C19H32N2O5",
            "C19H32N2O5",
            "C19H32N2O5",
            "C19H32N2O5",
            "C19H32N2O5",
            "C19H32N2O5",
            "C19H32N2O5",
            "C19H32N2O5",
            "C19H32N2O5",
            "C19H32N2O5"
        ],
        "ions": [
            "[M+H]+",
            "[M+H]+",
            "[M+H]+",
            "[M+H]+",
            "[M+H]+",
            "[M+H]+",
            "[M+H]+",
            "[M+H]+",
            "[M+H]+",
            "[M+H]+",
            "[M+H]+",
            "[M+H]+",
            "[M+H]+"
        ]
    }
}