{
    "cand_form": "C8H10N2O3S",
    "cand_ion": "[M-H]-",
    "output_tbl": {
        "mz": [
            58.0298,
            59.0139,
            61.9706,
            63.9624,
            77.9655,
            78.9733,
            79.9574,
            79.9812,
            91.0427,
            92.0506,
            107.0377,
            108.0455,
            171.0234
        ],
        "ms2_inten": [
            1.0,
            0.041719950862663994,
            0.17938058265663173,
            0.7113766824979733,
            0.08285512727246822,
            0.3294073436257065,
            0.4950673630649729,
            0.3972562477747092,
            0.12378312313526903,
            0.0742813211253143,
            0.17889387238897186,
            0.09928838943427461,
            0.07472407688985987
        ],
        "mono_mass": [
            58.0298,
            59.0139,
            61.9706,
            63.9624,
            77.9655,
            78.9733,
            79.9574,
            79.9812,
            91.0427,
            92.0506,
            107.0377,
            108.0455,
            171.0234
        ],
        "abs_mass_diff": [
            0.0,
            0.0,
            0.0,
            0.0,
            0.0,
            0.0,
            0.0,
            0.0,
            0.0,
            0.0,
            0.0,
            0.0,
            0.0
        ],
        "mass_diff": [
            0.0,
            0.0,
            0.0,
            0.0,
            0.0,
            0.0,
            0.0,
            0.0,
            0.0,
            0.0,
            0.0,
            0.0,
            0.0
        ],
        "formula": [
            "C8H10N2O3S",
            "C8H10N2O3S",
            "C8H10N2O3S",
            "C8H10N2O3S",
            "C8H10N2O3S",
            "C8H10N2O3S",
            "C8H10N2O3S",
            "C8H10N2O3S",
            "C8H10N2O3S",
            "C8H10N2O3S",
            "C8H10N2O3S",
            "C8H10N2O3S",
            "C8H10N2O3S"
        ],
        "ions": [
            "[M-H]-",
            "[M-H]-",
            "[M-H]-",
            "[M-H]-",
            "[M-H]-",
            "[M-H]-",
            "[M-H]-",
            "[M-H]-",
            "[M-H]-",
            "[M-H]-",
            "[M-H]-",
            "[M-H]-",
            "[M-H]-"
        ]
    }
}