{
    "cand_form": "C18H24O2",
    "cand_ion": "[M+H]+",
    "output_tbl": {
        "mz": [
            55.0178,
            55.0542,
            56.0495,
            57.0699,
            65.0386,
            67.0542,
            70.0654,
            77.0386,
            79.0542,
            81.0699,
            83.0491,
            91.0542,
            92.0581,
            93.0699,
            95.0491,
            103.0542,
            105.045,
            105.0699,
            107.0491,
            115.0542,
            117.0699,
            118.0737,
            128.0621,
            129.0699,
            132.057,
            141.0699,
            165.0699,
            166.0732,
            169.0966
        ],
        "ms2_inten": [
            0.14830209245760653,
            0.29529982610138567,
            0.11986034706291582,
            0.10286649001835305,
            0.178217470063642,
            0.2349018858010136,
            0.08999455940995585,
            0.2019485275360135,
            0.4890576669166827,
            0.12540607734411469,
            0.15585883838395878,
            1.0,
            0.09419182442867843,
            0.10994319089414022,
            0.3393290288618295,
            0.1331677394467573,
            0.11089743987098981,
            0.4008252197335589,
            0.28888150337664664,
            0.2991789286567464,
            0.195667054008704,
            0.08372107272605031,
            0.3007937015037676,
            0.17955186894519784,
            0.08783548914528377,
            0.1491624066194958,
            0.0840132481466947,
            0.11267731388389943,
            0.11972671644417147
        ],
        "mono_mass": [
            55.0178,
            55.0542,
            56.0495,
            57.0699,
            65.0386,
            67.0542,
            70.0654,
            77.0386,
            79.0542,
            81.0699,
            83.0491,
            91.0542,
            92.0581,
            93.0699,
            95.0491,
            103.0542,
            105.045,
            105.0699,
            107.0491,
            115.0542,
            117.0699,
            118.0737,
            128.0621,
            129.0699,
            132.057,
            141.0699,
            165.0699,
            166.0732,
            169.0966
        ],
        "abs_mass_diff": [
            0.0,
            0.0,
            0.0,
            0.0,
            0.0,
            0.0,
            0.0,
            0.0,
            0.0,
            0.0,
            0.0,
            0.0,
            0.0,
            0.0,
            0.0,
            0.0,
            0.0,
            0.0,
            0.0,
            0.0,
            0.0,
            0.0,
            0.0,
            0.0,
            0.0,
            0.0,
            0.0,
            0.0,
            0.0
        ],
        "mass_diff": [
            0.0,
            0.0,
            0.0,
            0.0,
            0.0,
            0.0,
            0.0,
            0.0,
            0.0,
            0.0,
            0.0,
            0.0,
            0.0,
            0.0,
            0.0,
            0.0,
            0.0,
            0.0,
            0.0,
            0.0,
            0.0,
            0.0,
            0.0,
            0.0,
            0.0,
            0.0,
            0.0,
            0.0,
            0.0
        ],
        "formula": [
            "C18H24O2",
            "C18H24O2",
            "C18H24O2",
            "C18H24O2",
            "C18H24O2",
            "C18H24O2",
            "C18H24O2",
            "C18H24O2",
            "C18H24O2",
            "C18H24O2",
            "C18H24O2",
            "C18H24O2",
            "C18H24O2",
            "C18H24O2",
            "C18H24O2",
            "C18H24O2",
            "C18H24O2",
            "C18H24O2",
            "C18H24O2",
            "C18H24O2",
            "C18H24O2",
            "C18H24O2",
            "C18H24O2",
            "C18H24O2",
            "C18H24O2",
            "C18H24O2",
            "C18H24O2",
            "C18H24O2",
            "C18H24O2"
        ],
        "ions": [
            "[M+H]+",
            "[M+H]+",
            "[M+H]+",
            "[M+H]+",
            "[M+H]+",
            "[M+H]+",
            "[M+H]+",
            "[M+H]+",
            "[M+H]+",
            "[M+H]+",
            "[M+H]+",
            "[M+H]+",
            "[M+H]+",
            "[M+H]+",
            "[M+H]+",
            "[M+H]+",
            "[M+H]+",
            "[M+H]+",
            "[M+H]+",
            "[M+H]+",
            "[M+H]+",
            "[M+H]+",
            "[M+H]+",
            "[M+H]+",
            "[M+H]+",
            "[M+H]+",
            "[M+H]+",
            "[M+H]+",
            "[M+H]+"
        ]
    }
}