{
    "cand_form": "C17H25N3O2",
    "cand_ion": "[M+H]+",
    "output_tbl": {
        "mz": [
            0.0,
            53.0386,
            55.0291,
            59.0491,
            65.0386,
            67.0542,
            70.0651,
            77.0329,
            77.0386,
            78.0424,
            79.0542,
            81.0699,
            91.0542,
            92.058,
            93.0699,
            94.0413,
            95.0491,
            96.0526,
            97.076,
            105.0447,
            105.0699,
            107.0491,
            108.0523,
            109.0648
        ],
        "ms2_inten": [
            0.08443255668818953,
            0.05014074033552713,
            0.2720481210535745,
            0.05188541993588416,
            0.11323520570482117,
            0.08685438018913216,
            0.2277801771080221,
            0.0333609044911784,
            0.6277536243466051,
            0.040549303438911964,
            0.11757548377285548,
            0.09516469901152573,
            0.6305209831684049,
            0.04608264178342002,
            0.3272003398325461,
            0.07196778900261595,
            1.0,
            0.0758963337527963,
            0.3087528414397221,
            0.19601279574931116,
            0.07788360280546426,
            0.07693757081655911,
            0.0450252460218172,
            0.06608845991776903
        ],
        "mono_mass": [
            0.0,
            53.0386,
            55.0291,
            59.0491,
            65.0386,
            67.0542,
            70.0651,
            77.0329,
            77.0386,
            78.0424,
            79.0542,
            81.0699,
            91.0542,
            92.058,
            93.0699,
            94.0413,
            95.0491,
            96.0526,
            97.076,
            105.0447,
            105.0699,
            107.0491,
            108.0523,
            109.0648
        ],
        "abs_mass_diff": [
            0.0,
            0.0,
            0.0,
            0.0,
            0.0,
            0.0,
            0.0,
            0.0,
            0.0,
            0.0,
            0.0,
            0.0,
            0.0,
            0.0,
            0.0,
            0.0,
            0.0,
            0.0,
            0.0,
            0.0,
            0.0,
            0.0,
            0.0,
            0.0
        ],
        "mass_diff": [
            0.0,
            0.0,
            0.0,
            0.0,
            0.0,
            0.0,
            0.0,
            0.0,
            0.0,
            0.0,
            0.0,
            0.0,
            0.0,
            0.0,
            0.0,
            0.0,
            0.0,
            0.0,
            0.0,
            0.0,
            0.0,
            0.0,
            0.0,
            0.0
        ],
        "formula": [
            "C17H25N3O2",
            "C17H25N3O2",
            "C17H25N3O2",
            "C17H25N3O2",
            "C17H25N3O2",
            "C17H25N3O2",
            "C17H25N3O2",
            "C17H25N3O2",
            "C17H25N3O2",
            "C17H25N3O2",
            "C17H25N3O2",
            "C17H25N3O2",
            "C17H25N3O2",
            "C17H25N3O2",
            "C17H25N3O2",
            "C17H25N3O2",
            "C17H25N3O2",
            "C17H25N3O2",
            "C17H25N3O2",
            "C17H25N3O2",
            "C17H25N3O2",
            "C17H25N3O2",
            "C17H25N3O2",
            "C17H25N3O2"
        ],
        "ions": [
            "[M+H]+",
            "[M+H]+",
            "[M+H]+",
            "[M+H]+",
            "[M+H]+",
            "[M+H]+",
            "[M+H]+",
            "[M+H]+",
            "[M+H]+",
            "[M+H]+",
            "[M+H]+",
            "[M+H]+",
            "[M+H]+",
            "[M+H]+",
            "[M+H]+",
            "[M+H]+",
            "[M+H]+",
            "[M+H]+",
            "[M+H]+",
            "[M+H]+",
            "[M+H]+",
            "[M+H]+",
            "[M+H]+",
            "[M+H]+"
        ]
    }
}