{
    "cand_form": "C16H13N3O3",
    "cand_ion": "[M+H]+",
    "output_tbl": {
        "mz": [
            0.0,
            55.0542,
            56.0495,
            67.0542,
            68.0495,
            69.0699,
            70.0651,
            74.0237,
            79.0542,
            81.0699,
            91.0542,
            98.0964,
            124.1121
        ],
        "ms2_inten": [
            0.03496504718656281,
            0.2842970937131922,
            1.0,
            0.027044635523585065,
            0.07879926018753296,
            0.045807241179781785,
            0.08323219624385916,
            0.03322360321124494,
            0.10463315783336466,
            0.14594896614146857,
            0.035185506744333274,
            0.09818108177365772,
            0.049057469432473175
        ],
        "mono_mass": [
            0.0,
            55.0542,
            56.0495,
            67.0542,
            68.0495,
            69.0699,
            70.0651,
            74.0237,
            79.0542,
            81.0699,
            91.0542,
            98.0964,
            124.1121
        ],
        "abs_mass_diff": [
            0.0,
            0.0,
            0.0,
            0.0,
            0.0,
            0.0,
            0.0,
            0.0,
            0.0,
            0.0,
            0.0,
            0.0,
            0.0
        ],
        "mass_diff": [
            0.0,
            0.0,
            0.0,
            0.0,
            0.0,
            0.0,
            0.0,
            0.0,
            0.0,
            0.0,
            0.0,
            0.0,
            0.0
        ],
        "formula": [
            "C16H13N3O3",
            "C16H13N3O3",
            "C16H13N3O3",
            "C16H13N3O3",
            "C16H13N3O3",
            "C16H13N3O3",
            "C16H13N3O3",
            "C16H13N3O3",
            "C16H13N3O3",
            "C16H13N3O3",
            "C16H13N3O3",
            "C16H13N3O3",
            "C16H13N3O3"
        ],
        "ions": [
            "[M+H]+",
            "[M+H]+",
            "[M+H]+",
            "[M+H]+",
            "[M+H]+",
            "[M+H]+",
            "[M+H]+",
            "[M+H]+",
            "[M+H]+",
            "[M+H]+",
            "[M+H]+",
            "[M+H]+",
            "[M+H]+"
        ]
    }
}