{
    "cand_form": "C17H19FN4O4",
    "cand_ion": "[M+H]+",
    "output_tbl": {
        "mz": [
            50.0152,
            51.023,
            52.0182,
            53.0021,
            56.0495,
            57.0136,
            62.0152,
            63.0229,
            70.0215,
            74.0151,
            75.0229,
            76.0182,
            76.0264,
            81.0134,
            83.0291,
            88.0183,
            89.0387,
            94.0215,
            100.0182,
            107.0292,
            113.0399,
            114.0349,
            122.0403,
            123.0347
        ],
        "ms2_inten": [
            0.111855583368099,
            0.2822405089695453,
            0.08744321184308669,
            0.15088798498122652,
            0.30997885614594,
            0.3198022338529222,
            0.0880174081237911,
            0.3954931416796248,
            0.0744220806310919,
            0.36392152438022274,
            1.0,
            0.3386897763618665,
            0.06522405532167734,
            0.2186738916069329,
            0.19334122830305558,
            0.06675315103475304,
            0.17316921404280602,
            0.05957812796298403,
            0.13005378566642647,
            0.3266403269238063,
            0.07393220060429072,
            0.07872045865412573,
            0.08474454178834655,
            0.08279531864325357
        ],
        "mono_mass": [
            50.0152,
            51.023,
            52.0182,
            53.0021,
            56.0495,
            57.0136,
            62.0152,
            63.0229,
            70.0215,
            74.0151,
            75.0229,
            76.0182,
            76.0264,
            81.0134,
            83.0291,
            88.0183,
            89.0387,
            94.0215,
            100.0182,
            107.0292,
            113.0399,
            114.0349,
            122.0403,
            123.0347
        ],
        "abs_mass_diff": [
            0.0,
            0.0,
            0.0,
            0.0,
            0.0,
            0.0,
            0.0,
            0.0,
            0.0,
            0.0,
            0.0,
            0.0,
            0.0,
            0.0,
            0.0,
            0.0,
            0.0,
            0.0,
            0.0,
            0.0,
            0.0,
            0.0,
            0.0,
            0.0
        ],
        "mass_diff": [
            0.0,
            0.0,
            0.0,
            0.0,
            0.0,
            0.0,
            0.0,
            0.0,
            0.0,
            0.0,
            0.0,
            0.0,
            0.0,
            0.0,
            0.0,
            0.0,
            0.0,
            0.0,
            0.0,
            0.0,
            0.0,
            0.0,
            0.0,
            0.0
        ],
        "formula": [
            "C17H19FN4O4",
            "C17H19FN4O4",
            "C17H19FN4O4",
            "C17H19FN4O4",
            "C17H19FN4O4",
            "C17H19FN4O4",
            "C17H19FN4O4",
            "C17H19FN4O4",
            "C17H19FN4O4",
            "C17H19FN4O4",
            "C17H19FN4O4",
            "C17H19FN4O4",
            "C17H19FN4O4",
            "C17H19FN4O4",
            "C17H19FN4O4",
            "C17H19FN4O4",
            "C17H19FN4O4",
            "C17H19FN4O4",
            "C17H19FN4O4",
            "C17H19FN4O4",
            "C17H19FN4O4",
            "C17H19FN4O4",
            "C17H19FN4O4",
            "C17H19FN4O4"
        ],
        "ions": [
            "[M+H]+",
            "[M+H]+",
            "[M+H]+",
            "[M+H]+",
            "[M+H]+",
            "[M+H]+",
            "[M+H]+",
            "[M+H]+",
            "[M+H]+",
            "[M+H]+",
            "[M+H]+",
            "[M+H]+",
            "[M+H]+",
            "[M+H]+",
            "[M+H]+",
            "[M+H]+",
            "[M+H]+",
            "[M+H]+",
            "[M+H]+",
            "[M+H]+",
            "[M+H]+",
            "[M+H]+",
            "[M+H]+",
            "[M+H]+"
        ]
    }
}