{
    "cand_form": "C17H20N2O5S",
    "cand_ion": "[M+H]+",
    "output_tbl": {
        "mz": [
            57.0699,
            108.0444,
            141.0699,
            156.0808,
            169.0648,
            170.0964,
            183.0679,
            184.0757,
            185.0808,
            196.0757,
            197.0808,
            198.0913,
            212.1434,
            238.1226,
            240.0655,
            240.1383,
            242.0812,
            266.1176
        ],
        "ms2_inten": [
            0.10472291608975816,
            0.06257270309024845,
            0.08270190441164733,
            0.5723888860812412,
            0.10252530873556356,
            0.06007108900829909,
            0.33415234624390683,
            1.0,
            0.08810808522403167,
            0.4546290759867446,
            0.05788452296520151,
            0.09382282336167291,
            0.24283377899219583,
            0.11270262146593658,
            0.1911597805794947,
            0.22015691343492222,
            0.16288209955514873,
            0.06927766544032402
        ],
        "mono_mass": [
            57.0699,
            108.0444,
            141.0699,
            156.0808,
            169.0648,
            170.0964,
            183.0679,
            184.0757,
            185.0808,
            196.0757,
            197.0808,
            198.0913,
            212.1434,
            238.1226,
            240.0655,
            240.1383,
            242.0812,
            266.1176
        ],
        "abs_mass_diff": [
            0.0,
            0.0,
            0.0,
            0.0,
            0.0,
            0.0,
            0.0,
            0.0,
            0.0,
            0.0,
            0.0,
            0.0,
            0.0,
            0.0,
            0.0,
            0.0,
            0.0,
            0.0
        ],
        "mass_diff": [
            0.0,
            0.0,
            0.0,
            0.0,
            0.0,
            0.0,
            0.0,
            0.0,
            0.0,
            0.0,
            0.0,
            0.0,
            0.0,
            0.0,
            0.0,
            0.0,
            0.0,
            0.0
        ],
        "formula": [
            "C17H20N2O5S",
            "C17H20N2O5S",
            "C17H20N2O5S",
            "C17H20N2O5S",
            "C17H20N2O5S",
            "C17H20N2O5S",
            "C17H20N2O5S",
            "C17H20N2O5S",
            "C17H20N2O5S",
            "C17H20N2O5S",
            "C17H20N2O5S",
            "C17H20N2O5S",
            "C17H20N2O5S",
            "C17H20N2O5S",
            "C17H20N2O5S",
            "C17H20N2O5S",
            "C17H20N2O5S",
            "C17H20N2O5S"
        ],
        "ions": [
            "[M+H]+",
            "[M+H]+",
            "[M+H]+",
            "[M+H]+",
            "[M+H]+",
            "[M+H]+",
            "[M+H]+",
            "[M+H]+",
            "[M+H]+",
            "[M+H]+",
            "[M+H]+",
            "[M+H]+",
            "[M+H]+",
            "[M+H]+",
            "[M+H]+",
            "[M+H]+",
            "[M+H]+",
            "[M+H]+"
        ]
    }
}