{
    "cand_form": "C21H30N6O4S",
    "cand_ion": "[M+H]+",
    "output_tbl": {
        "mz": [
            56.0495,
            57.0573,
            58.0651,
            70.0651,
            72.0808,
            90.0338,
            128.0495,
            129.0447,
            154.0624,
            155.0604,
            170.0713,
            225.0771
        ],
        "ms2_inten": [
            0.1270272061595469,
            0.09168401677066422,
            1.0,
            0.22576653990811416,
            0.5977454156111461,
            0.05344465335810354,
            0.04954148439739039,
            0.0794838044359852,
            0.05679749828385894,
            0.08595200798268292,
            0.05383798605476141,
            0.10353528778444189
        ],
        "mono_mass": [
            56.0495,
            57.0573,
            58.0651,
            70.0651,
            72.0808,
            90.0338,
            128.0495,
            129.0447,
            154.0624,
            155.0604,
            170.0713,
            225.0771
        ],
        "abs_mass_diff": [
            0.0,
            0.0,
            0.0,
            0.0,
            0.0,
            0.0,
            0.0,
            0.0,
            0.0,
            0.0,
            0.0,
            0.0
        ],
        "mass_diff": [
            0.0,
            0.0,
            0.0,
            0.0,
            0.0,
            0.0,
            0.0,
            0.0,
            0.0,
            0.0,
            0.0,
            0.0
        ],
        "formula": [
            "C21H30N6O4S",
            "C21H30N6O4S",
            "C21H30N6O4S",
            "C21H30N6O4S",
            "C21H30N6O4S",
            "C21H30N6O4S",
            "C21H30N6O4S",
            "C21H30N6O4S",
            "C21H30N6O4S",
            "C21H30N6O4S",
            "C21H30N6O4S",
            "C21H30N6O4S"
        ],
        "ions": [
            "[M+H]+",
            "[M+H]+",
            "[M+H]+",
            "[M+H]+",
            "[M+H]+",
            "[M+H]+",
            "[M+H]+",
            "[M+H]+",
            "[M+H]+",
            "[M+H]+",
            "[M+H]+",
            "[M+H]+"
        ]
    }
}