{
    "cand_form": "C16H17N3O4S",
    "cand_ion": "[M+H]+",
    "output_tbl": {
        "mz": [
            57.0699,
            58.0651,
            68.0495,
            73.0522,
            79.0542,
            86.0059,
            88.0757,
            91.0542,
            105.0573,
            106.0651,
            116.0495,
            117.0573,
            118.0651,
            131.0604,
            132.0682,
            133.076,
            134.06,
            183.9726,
            184.9804,
            185.973,
            194.9688,
            196.9692,
            210.9848,
            211.9927,
            212.9839,
            213.9924
        ],
        "ms2_inten": [
            0.28628864287213857,
            0.08614288498079214,
            0.4726416624263367,
            0.06839126514594729,
            0.3843767401495563,
            0.09002521730100707,
            0.08081355956939851,
            0.2710847376110713,
            0.07627326198441105,
            1.0,
            0.07910750188180395,
            0.3521699159380092,
            0.17368096213554587,
            0.06938365598007504,
            0.8341224451742021,
            0.513968412578415,
            0.16987529901347337,
            0.9097853420879283,
            0.11766163074376275,
            0.8036395977349124,
            0.07565714792407224,
            0.10545400527428395,
            0.22805703064948413,
            0.3790317400398574,
            0.1668052785278669,
            0.2948996932127884
        ],
        "mono_mass": [
            57.0699,
            58.0651,
            68.0495,
            73.0522,
            79.0542,
            86.0059,
            88.0757,
            91.0542,
            105.0573,
            106.0651,
            116.0495,
            117.0573,
            118.0651,
            131.0604,
            132.0682,
            133.076,
            134.06,
            183.9726,
            184.9804,
            185.973,
            194.9688,
            196.9692,
            210.9848,
            211.9927,
            212.9839,
            213.9924
        ],
        "abs_mass_diff": [
            0.0,
            0.0,
            0.0,
            0.0,
            0.0,
            0.0,
            0.0,
            0.0,
            0.0,
            0.0,
            0.0,
            0.0,
            0.0,
            0.0,
            0.0,
            0.0,
            0.0,
            0.0,
            0.0,
            0.0,
            0.0,
            0.0,
            0.0,
            0.0,
            0.0,
            0.0
        ],
        "mass_diff": [
            0.0,
            0.0,
            0.0,
            0.0,
            0.0,
            0.0,
            0.0,
            0.0,
            0.0,
            0.0,
            0.0,
            0.0,
            0.0,
            0.0,
            0.0,
            0.0,
            0.0,
            0.0,
            0.0,
            0.0,
            0.0,
            0.0,
            0.0,
            0.0,
            0.0,
            0.0
        ],
        "formula": [
            "C16H17N3O4S",
            "C16H17N3O4S",
            "C16H17N3O4S",
            "C16H17N3O4S",
            "C16H17N3O4S",
            "C16H17N3O4S",
            "C16H17N3O4S",
            "C16H17N3O4S",
            "C16H17N3O4S",
            "C16H17N3O4S",
            "C16H17N3O4S",
            "C16H17N3O4S",
            "C16H17N3O4S",
            "C16H17N3O4S",
            "C16H17N3O4S",
            "C16H17N3O4S",
            "C16H17N3O4S",
            "C16H17N3O4S",
            "C16H17N3O4S",
            "C16H17N3O4S",
            "C16H17N3O4S",
            "C16H17N3O4S",
            "C16H17N3O4S",
            "C16H17N3O4S",
            "C16H17N3O4S",
            "C16H17N3O4S"
        ],
        "ions": [
            "[M+H]+",
            "[M+H]+",
            "[M+H]+",
            "[M+H]+",
            "[M+H]+",
            "[M+H]+",
            "[M+H]+",
            "[M+H]+",
            "[M+H]+",
            "[M+H]+",
            "[M+H]+",
            "[M+H]+",
            "[M+H]+",
            "[M+H]+",
            "[M+H]+",
            "[M+H]+",
            "[M+H]+",
            "[M+H]+",
            "[M+H]+",
            "[M+H]+",
            "[M+H]+",
            "[M+H]+",
            "[M+H]+",
            "[M+H]+",
            "[M+H]+",
            "[M+H]+"
        ]
    }
}