{
    "cand_form": "C24H36O5",
    "cand_ion": "[M+H]+",
    "output_tbl": {
        "mz": [
            79.0542,
            81.0699,
            97.0648,
            107.0855,
            131.0855,
            143.0855,
            145.1012,
            157.1012,
            159.1168,
            169.1012,
            171.1168,
            173.1325,
            183.1168,
            197.1325,
            199.1481,
            200.156,
            201.1638,
            223.1481,
            225.1638,
            239.1794,
            243.1743,
            249.1638,
            285.1849
        ],
        "ms2_inten": [
            0.13095495880061864,
            0.11720912930866251,
            0.07887891459671204,
            0.13592610434156024,
            0.0794931995405182,
            0.1347584828360731,
            0.13094015294364011,
            0.13250383831061205,
            0.26788099034911117,
            0.14852373243752245,
            0.1685780500956602,
            0.6968564894444877,
            0.11587489878831167,
            0.07173508141726379,
            1.0,
            0.08685142296647735,
            0.1811834404855723,
            0.12968129573500473,
            0.6025744596609683,
            0.12270164225990621,
            0.21277392129125933,
            0.12519303675083945,
            0.09140183061340637
        ],
        "mono_mass": [
            79.0542,
            81.0699,
            97.0648,
            107.0855,
            131.0855,
            143.0855,
            145.1012,
            157.1012,
            159.1168,
            169.1012,
            171.1168,
            173.1325,
            183.1168,
            197.1325,
            199.1481,
            200.156,
            201.1638,
            223.1481,
            225.1638,
            239.1794,
            243.1743,
            249.1638,
            285.1849
        ],
        "abs_mass_diff": [
            0.0,
            0.0,
            0.0,
            0.0,
            0.0,
            0.0,
            0.0,
            0.0,
            0.0,
            0.0,
            0.0,
            0.0,
            0.0,
            0.0,
            0.0,
            0.0,
            0.0,
            0.0,
            0.0,
            0.0,
            0.0,
            0.0,
            0.0
        ],
        "mass_diff": [
            0.0,
            0.0,
            0.0,
            0.0,
            0.0,
            0.0,
            0.0,
            0.0,
            0.0,
            0.0,
            0.0,
            0.0,
            0.0,
            0.0,
            0.0,
            0.0,
            0.0,
            0.0,
            0.0,
            0.0,
            0.0,
            0.0,
            0.0
        ],
        "formula": [
            "C24H36O5",
            "C24H36O5",
            "C24H36O5",
            "C24H36O5",
            "C24H36O5",
            "C24H36O5",
            "C24H36O5",
            "C24H36O5",
            "C24H36O5",
            "C24H36O5",
            "C24H36O5",
            "C24H36O5",
            "C24H36O5",
            "C24H36O5",
            "C24H36O5",
            "C24H36O5",
            "C24H36O5",
            "C24H36O5",
            "C24H36O5",
            "C24H36O5",
            "C24H36O5",
            "C24H36O5",
            "C24H36O5"
        ],
        "ions": [
            "[M+H]+",
            "[M+H]+",
            "[M+H]+",
            "[M+H]+",
            "[M+H]+",
            "[M+H]+",
            "[M+H]+",
            "[M+H]+",
            "[M+H]+",
            "[M+H]+",
            "[M+H]+",
            "[M+H]+",
            "[M+H]+",
            "[M+H]+",
            "[M+H]+",
            "[M+H]+",
            "[M+H]+",
            "[M+H]+",
            "[M+H]+",
            "[M+H]+",
            "[M+H]+",
            "[M+H]+",
            "[M+H]+"
        ]
    }
}