{
    "cand_form": "C24H32N6OS2",
    "cand_ion": "[M+H]+",
    "output_tbl": {
        "mz": [
            84.0808,
            86.0059,
            105.0335,
            137.0056,
            149.0056,
            150.9671,
            155.026,
            156.0305,
            157.0212,
            162.0008,
            173.0822,
            178.962,
            179.9664,
            182.0746,
            216.0478,
            241.043,
            299.0056,
            309.0805,
            313.0212,
            314.0291,
            341.0525,
            343.0682,
            344.0693
        ],
        "ms2_inten": [
            0.04095451717182494,
            0.06032170216555537,
            0.10899644056430341,
            0.14518104280199198,
            0.1645453218439104,
            0.09217266484271276,
            0.87073823492159,
            0.12265951543809218,
            0.20507598909125732,
            0.048499688962950885,
            0.06291387494882246,
            1.0,
            0.043256509259182334,
            0.6023006903302605,
            0.08453964949884994,
            0.07777094074423557,
            0.1526996602058704,
            0.1780390498707243,
            0.10032405097626135,
            0.166468825094714,
            0.2107456012816942,
            0.993387183262184,
            0.10469125018091599
        ],
        "mono_mass": [
            84.0808,
            86.0059,
            105.0335,
            137.0056,
            149.0056,
            150.9671,
            155.026,
            156.0305,
            157.0212,
            162.0008,
            173.0822,
            178.962,
            179.9664,
            182.0746,
            216.0478,
            241.043,
            299.0056,
            309.0805,
            313.0212,
            314.0291,
            341.0525,
            343.0682,
            344.0693
        ],
        "abs_mass_diff": [
            0.0,
            0.0,
            0.0,
            0.0,
            0.0,
            0.0,
            0.0,
            0.0,
            0.0,
            0.0,
            0.0,
            0.0,
            0.0,
            0.0,
            0.0,
            0.0,
            0.0,
            0.0,
            0.0,
            0.0,
            0.0,
            0.0,
            0.0
        ],
        "mass_diff": [
            0.0,
            0.0,
            0.0,
            0.0,
            0.0,
            0.0,
            0.0,
            0.0,
            0.0,
            0.0,
            0.0,
            0.0,
            0.0,
            0.0,
            0.0,
            0.0,
            0.0,
            0.0,
            0.0,
            0.0,
            0.0,
            0.0,
            0.0
        ],
        "formula": [
            "C24H32N6OS2",
            "C24H32N6OS2",
            "C24H32N6OS2",
            "C24H32N6OS2",
            "C24H32N6OS2",
            "C24H32N6OS2",
            "C24H32N6OS2",
            "C24H32N6OS2",
            "C24H32N6OS2",
            "C24H32N6OS2",
            "C24H32N6OS2",
            "C24H32N6OS2",
            "C24H32N6OS2",
            "C24H32N6OS2",
            "C24H32N6OS2",
            "C24H32N6OS2",
            "C24H32N6OS2",
            "C24H32N6OS2",
            "C24H32N6OS2",
            "C24H32N6OS2",
            "C24H32N6OS2",
            "C24H32N6OS2",
            "C24H32N6OS2"
        ],
        "ions": [
            "[M+H]+",
            "[M+H]+",
            "[M+H]+",
            "[M+H]+",
            "[M+H]+",
            "[M+H]+",
            "[M+H]+",
            "[M+H]+",
            "[M+H]+",
            "[M+H]+",
            "[M+H]+",
            "[M+H]+",
            "[M+H]+",
            "[M+H]+",
            "[M+H]+",
            "[M+H]+",
            "[M+H]+",
            "[M+H]+",
            "[M+H]+",
            "[M+H]+",
            "[M+H]+",
            "[M+H]+",
            "[M+H]+"
        ]
    }
}