{
    "cand_form": "C24H21F2NO3",
    "cand_ion": "[M-H]-",
    "output_tbl": {
        "mz": [
            56.9807,
            57.9756,
            65.9985,
            93.0346,
            99.6791,
            107.511,
            117.0357,
            119.0502,
            130.0436,
            227.7177,
            236.8103,
            383.698,
            428.8999
        ],
        "ms2_inten": [
            0.3271027967996484,
            0.37273486921404436,
            0.42498465938261115,
            1.0,
            0.1684598391360402,
            0.19442770866302203,
            0.25861552459343184,
            0.45631664073703265,
            0.31788060786337957,
            0.31785276645251054,
            0.1817472452780039,
            0.1709221335133002,
            0.19554396362946572
        ],
        "mono_mass": [
            56.9807,
            57.9756,
            65.9985,
            93.0346,
            99.6791,
            107.511,
            117.0357,
            119.0502,
            130.0436,
            227.7177,
            236.8103,
            383.698,
            428.8999
        ],
        "abs_mass_diff": [
            0.0,
            0.0,
            0.0,
            0.0,
            0.0,
            0.0,
            0.0,
            0.0,
            0.0,
            0.0,
            0.0,
            0.0,
            0.0
        ],
        "mass_diff": [
            0.0,
            0.0,
            0.0,
            0.0,
            0.0,
            0.0,
            0.0,
            0.0,
            0.0,
            0.0,
            0.0,
            0.0,
            0.0
        ],
        "formula": [
            "C24H21F2NO3",
            "C24H21F2NO3",
            "C24H21F2NO3",
            "C24H21F2NO3",
            "C24H21F2NO3",
            "C24H21F2NO3",
            "C24H21F2NO3",
            "C24H21F2NO3",
            "C24H21F2NO3",
            "C24H21F2NO3",
            "C24H21F2NO3",
            "C24H21F2NO3",
            "C24H21F2NO3"
        ],
        "ions": [
            "[M-H]-",
            "[M-H]-",
            "[M-H]-",
            "[M-H]-",
            "[M-H]-",
            "[M-H]-",
            "[M-H]-",
            "[M-H]-",
            "[M-H]-",
            "[M-H]-",
            "[M-H]-",
            "[M-H]-",
            "[M-H]-"
        ]
    }
}