{
    "cand_form": "C42H70O11",
    "cand_ion": "[M-H]-",
    "output_tbl": {
        "mz": [
            87.0452,
            99.0815,
            139.1128,
            165.0921,
            221.1183,
            241.1445,
            242.1524,
            341.2333,
            407.2439,
            408.2459,
            507.3327,
            731.474,
            749.4845,
            750.4924
        ],
        "ms2_inten": [
            0.12309616415636296,
            0.051703901383128484,
            0.0698040447229006,
            0.09491273383275614,
            0.1957315873597951,
            1.0,
            0.05566756374774429,
            0.06518067526853914,
            0.33464341723800084,
            0.03614825843848818,
            0.0975140762219827,
            0.11427840657668734,
            0.6440374667426092,
            0.13344088460479575
        ],
        "mono_mass": [
            87.0452,
            99.0815,
            139.1128,
            165.0921,
            221.1183,
            241.1445,
            242.1524,
            341.2333,
            407.2439,
            408.2459,
            507.3327,
            731.474,
            749.4845,
            750.4924
        ],
        "abs_mass_diff": [
            0.0,
            0.0,
            0.0,
            0.0,
            0.0,
            0.0,
            0.0,
            0.0,
            0.0,
            0.0,
            0.0,
            0.0,
            0.0,
            0.0
        ],
        "mass_diff": [
            0.0,
            0.0,
            0.0,
            0.0,
            0.0,
            0.0,
            0.0,
            0.0,
            0.0,
            0.0,
            0.0,
            0.0,
            0.0,
            0.0
        ],
        "formula": [
            "C42H70O11",
            "C42H70O11",
            "C42H70O11",
            "C42H70O11",
            "C42H70O11",
            "C42H70O11",
            "C42H70O11",
            "C42H70O11",
            "C42H70O11",
            "C42H70O11",
            "C42H70O11",
            "C42H70O11",
            "C42H70O11",
            "C42H70O11"
        ],
        "ions": [
            "[M-H]-",
            "[M-H]-",
            "[M-H]-",
            "[M-H]-",
            "[M-H]-",
            "[M-H]-",
            "[M-H]-",
            "[M-H]-",
            "[M-H]-",
            "[M-H]-",
            "[M-H]-",
            "[M-H]-",
            "[M-H]-",
            "[M-H]-"
        ]
    }
}