{
    "cand_form": "C23H30N6O3",
    "cand_ion": "[M+H]+",
    "output_tbl": {
        "mz": [
            56.0495,
            58.0651,
            68.0369,
            69.0447,
            70.0651,
            71.0604,
            83.0604,
            84.0682,
            97.076,
            99.0917,
            136.0492,
            154.0611,
            166.0975,
            227.7404
        ],
        "ms2_inten": [
            0.7646088249245883,
            0.0563713773732556,
            0.07203334139349976,
            0.41804671624575873,
            1.0,
            0.06626106336738155,
            0.19505287607015304,
            0.23932034297132632,
            0.2685802434003397,
            0.26359380439456087,
            0.049379015233388064,
            0.1428905360115866,
            0.2609872728085933,
            0.060167403435524416
        ],
        "mono_mass": [
            56.0495,
            58.0651,
            68.0369,
            69.0447,
            70.0651,
            71.0604,
            83.0604,
            84.0682,
            97.076,
            99.0917,
            136.0492,
            154.0611,
            166.0975,
            227.7404
        ],
        "abs_mass_diff": [
            0.0,
            0.0,
            0.0,
            0.0,
            0.0,
            0.0,
            0.0,
            0.0,
            0.0,
            0.0,
            0.0,
            0.0,
            0.0,
            0.0
        ],
        "mass_diff": [
            0.0,
            0.0,
            0.0,
            0.0,
            0.0,
            0.0,
            0.0,
            0.0,
            0.0,
            0.0,
            0.0,
            0.0,
            0.0,
            0.0
        ],
        "formula": [
            "C23H30N6O3",
            "C23H30N6O3",
            "C23H30N6O3",
            "C23H30N6O3",
            "C23H30N6O3",
            "C23H30N6O3",
            "C23H30N6O3",
            "C23H30N6O3",
            "C23H30N6O3",
            "C23H30N6O3",
            "C23H30N6O3",
            "C23H30N6O3",
            "C23H30N6O3",
            "C23H30N6O3"
        ],
        "ions": [
            "[M+H]+",
            "[M+H]+",
            "[M+H]+",
            "[M+H]+",
            "[M+H]+",
            "[M+H]+",
            "[M+H]+",
            "[M+H]+",
            "[M+H]+",
            "[M+H]+",
            "[M+H]+",
            "[M+H]+",
            "[M+H]+",
            "[M+H]+"
        ]
    }
}