{
    "cand_form": "C15H13N3O3S",
    "cand_ion": "[M-H]-",
    "output_tbl": {
        "mz": [
            0.0,
            61.9884,
            63.9624,
            114.0561,
            156.0125,
            173.0244
        ],
        "ms2_inten": [
            1.0,
            0.05070289815837722,
            0.075653878826345,
            0.06322137158939656,
            0.12338027438035545,
            0.03880580412012355
        ],
        "mono_mass": [
            0.0,
            61.9884,
            63.9624,
            114.0561,
            156.0125,
            173.0244
        ],
        "abs_mass_diff": [
            0.0,
            0.0,
            0.0,
            0.0,
            0.0,
            0.0
        ],
        "mass_diff": [
            0.0,
            0.0,
            0.0,
            0.0,
            0.0,
            0.0
        ],
        "formula": [
            "C15H13N3O3S",
            "C15H13N3O3S",
            "C15H13N3O3S",
            "C15H13N3O3S",
            "C15H13N3O3S",
            "C15H13N3O3S"
        ],
        "ions": [
            "[M-H]-",
            "[M-H]-",
            "[M-H]-",
            "[M-H]-",
            "[M-H]-",
            "[M-H]-"
        ]
    }
}