{
    "cand_form": "C9H9Cl2N3",
    "cand_ion": "[M+H]+",
    "output_tbl": {
        "mz": [
            72.9839,
            73.1107,
            74.0152,
            86.9635,
            90.0341,
            98.9999,
            108.984,
            123.9948,
            125.0026,
            131.0609,
            132.961,
            152.0128,
            159.9712,
            172.9669
        ],
        "ms2_inten": [
            0.3545616015755036,
            0.10241013867047498,
            0.41521015963644825,
            0.16896970837768527,
            0.22743399550053908,
            0.24840155499119257,
            0.9828340885158263,
            1.0,
            0.28779974668156394,
            0.2102126496936297,
            0.972166912161359,
            0.09644849311345768,
            0.21042453570432687,
            0.17281429572150483
        ],
        "mono_mass": [
            72.9839,
            73.1107,
            74.0152,
            86.9635,
            90.0341,
            98.9999,
            108.984,
            123.9948,
            125.0026,
            131.0609,
            132.961,
            152.0128,
            159.9712,
            172.9669
        ],
        "abs_mass_diff": [
            0.0,
            0.0,
            0.0,
            0.0,
            0.0,
            0.0,
            0.0,
            0.0,
            0.0,
            0.0,
            0.0,
            0.0,
            0.0,
            0.0
        ],
        "mass_diff": [
            0.0,
            0.0,
            0.0,
            0.0,
            0.0,
            0.0,
            0.0,
            0.0,
            0.0,
            0.0,
            0.0,
            0.0,
            0.0,
            0.0
        ],
        "formula": [
            "C9H9Cl2N3",
            "C9H9Cl2N3",
            "C9H9Cl2N3",
            "C9H9Cl2N3",
            "C9H9Cl2N3",
            "C9H9Cl2N3",
            "C9H9Cl2N3",
            "C9H9Cl2N3",
            "C9H9Cl2N3",
            "C9H9Cl2N3",
            "C9H9Cl2N3",
            "C9H9Cl2N3",
            "C9H9Cl2N3",
            "C9H9Cl2N3"
        ],
        "ions": [
            "[M+H]+",
            "[M+H]+",
            "[M+H]+",
            "[M+H]+",
            "[M+H]+",
            "[M+H]+",
            "[M+H]+",
            "[M+H]+",
            "[M+H]+",
            "[M+H]+",
            "[M+H]+",
            "[M+H]+",
            "[M+H]+",
            "[M+H]+"
        ]
    }
}