{
    "cand_form": "C12H13N3O2",
    "cand_ion": "[M+H]+",
    "output_tbl": {
        "mz": [
            56.0495,
            58.0651,
            77.0386,
            83.0604,
            85.076,
            94.0651,
            95.0491,
            104.0495,
            105.0447,
            146.06,
            159.0917
        ],
        "ms2_inten": [
            1.0,
            0.028198565470687238,
            0.11152370178522418,
            0.5693221990531656,
            0.02351147074615987,
            0.11841754988157692,
            0.11097542216532448,
            0.47187847985077386,
            0.04694277376112765,
            0.0283719839962248,
            0.03891315328465081
        ],
        "mono_mass": [
            56.0495,
            58.0651,
            77.0386,
            83.0604,
            85.076,
            94.0651,
            95.0491,
            104.0495,
            105.0447,
            146.06,
            159.0917
        ],
        "abs_mass_diff": [
            0.0,
            0.0,
            0.0,
            0.0,
            0.0,
            0.0,
            0.0,
            0.0,
            0.0,
            0.0,
            0.0
        ],
        "mass_diff": [
            0.0,
            0.0,
            0.0,
            0.0,
            0.0,
            0.0,
            0.0,
            0.0,
            0.0,
            0.0,
            0.0
        ],
        "formula": [
            "C12H13N3O2",
            "C12H13N3O2",
            "C12H13N3O2",
            "C12H13N3O2",
            "C12H13N3O2",
            "C12H13N3O2",
            "C12H13N3O2",
            "C12H13N3O2",
            "C12H13N3O2",
            "C12H13N3O2",
            "C12H13N3O2"
        ],
        "ions": [
            "[M+H]+",
            "[M+H]+",
            "[M+H]+",
            "[M+H]+",
            "[M+H]+",
            "[M+H]+",
            "[M+H]+",
            "[M+H]+",
            "[M+H]+",
            "[M+H]+",
            "[M+H]+"
        ]
    }
}