{
    "cand_form": "C16H19N3O4S",
    "cand_ion": "[M+H]+",
    "output_tbl": {
        "mz": [
            68.0495,
            88.0757,
            91.0542,
            93.0699,
            98.0237,
            106.0651,
            108.0808,
            114.0008,
            119.0491,
            120.057,
            136.0757,
            148.0757,
            158.027,
            174.1125,
            176.0706,
            213.9924,
            294.9065,
            349.1821,
            350.1847
        ],
        "ms2_inten": [
            0.05587486435570164,
            0.06817060718793642,
            0.19244286531587684,
            0.07844980403404853,
            0.09056453652345357,
            0.07765355926030762,
            0.9256979336403865,
            0.09596138520495119,
            0.19381438085804978,
            0.1135196851977038,
            0.1498442368471287,
            0.05725956729556096,
            1.0,
            0.16411595107128102,
            0.8967572250182337,
            0.06863168608917537,
            0.07922060786519788,
            0.16593948626995533,
            0.04915828095961106
        ],
        "mono_mass": [
            68.0495,
            88.0757,
            91.0542,
            93.0699,
            98.0237,
            106.0651,
            108.0808,
            114.0008,
            119.0491,
            120.057,
            136.0757,
            148.0757,
            158.027,
            174.1125,
            176.0706,
            213.9924,
            294.9065,
            349.1821,
            350.1847
        ],
        "abs_mass_diff": [
            0.0,
            0.0,
            0.0,
            0.0,
            0.0,
            0.0,
            0.0,
            0.0,
            0.0,
            0.0,
            0.0,
            0.0,
            0.0,
            0.0,
            0.0,
            0.0,
            0.0,
            0.0,
            0.0
        ],
        "mass_diff": [
            0.0,
            0.0,
            0.0,
            0.0,
            0.0,
            0.0,
            0.0,
            0.0,
            0.0,
            0.0,
            0.0,
            0.0,
            0.0,
            0.0,
            0.0,
            0.0,
            0.0,
            0.0,
            0.0
        ],
        "formula": [
            "C16H19N3O4S",
            "C16H19N3O4S",
            "C16H19N3O4S",
            "C16H19N3O4S",
            "C16H19N3O4S",
            "C16H19N3O4S",
            "C16H19N3O4S",
            "C16H19N3O4S",
            "C16H19N3O4S",
            "C16H19N3O4S",
            "C16H19N3O4S",
            "C16H19N3O4S",
            "C16H19N3O4S",
            "C16H19N3O4S",
            "C16H19N3O4S",
            "C16H19N3O4S",
            "C16H19N3O4S",
            "C16H19N3O4S",
            "C16H19N3O4S"
        ],
        "ions": [
            "[M+H]+",
            "[M+H]+",
            "[M+H]+",
            "[M+H]+",
            "[M+H]+",
            "[M+H]+",
            "[M+H]+",
            "[M+H]+",
            "[M+H]+",
            "[M+H]+",
            "[M+H]+",
            "[M+H]+",
            "[M+H]+",
            "[M+H]+",
            "[M+H]+",
            "[M+H]+",
            "[M+H]+",
            "[M+H]+",
            "[M+H]+"
        ]
    }
}