{
    "cand_form": "C16H17N3O4S",
    "cand_ion": "[M+H]+",
    "output_tbl": {
        "mz": [
            51.0229,
            58.995,
            63.0229,
            65.0386,
            67.0417,
            68.0495,
            77.0386,
            78.0464,
            79.0417,
            79.0542,
            80.0495,
            89.0386,
            90.0464,
            91.0417,
            91.0542,
            95.0491,
            96.0444,
            104.0495,
            105.0447,
            105.0573,
            106.0651,
            116.0495,
            117.0573,
            131.0604,
            132.0682,
            183.9791,
            185.973
        ],
        "ms2_inten": [
            0.10830698391121195,
            0.05009964498570209,
            0.19793736910466703,
            0.15717508574102798,
            0.0601071401285201,
            0.06204646559867482,
            0.23241252900835252,
            0.23048313818994481,
            0.055861625112047494,
            0.26673158520400486,
            0.09512534074274735,
            0.48034573831250643,
            0.14864155211711338,
            0.051213901379215804,
            0.16299448751145149,
            0.3524694516692749,
            0.043708063003010736,
            1.0,
            0.1339875764125561,
            0.27599317769138476,
            0.1686577105548966,
            0.04723493939214056,
            0.16940202709549268,
            0.15347809853509112,
            0.1774263214021881,
            0.05941861624919142,
            0.05681976708053583
        ],
        "mono_mass": [
            51.0229,
            58.995,
            63.0229,
            65.0386,
            67.0417,
            68.0495,
            77.0386,
            78.0464,
            79.0417,
            79.0542,
            80.0495,
            89.0386,
            90.0464,
            91.0417,
            91.0542,
            95.0491,
            96.0444,
            104.0495,
            105.0447,
            105.0573,
            106.0651,
            116.0495,
            117.0573,
            131.0604,
            132.0682,
            183.9791,
            185.973
        ],
        "abs_mass_diff": [
            0.0,
            0.0,
            0.0,
            0.0,
            0.0,
            0.0,
            0.0,
            0.0,
            0.0,
            0.0,
            0.0,
            0.0,
            0.0,
            0.0,
            0.0,
            0.0,
            0.0,
            0.0,
            0.0,
            0.0,
            0.0,
            0.0,
            0.0,
            0.0,
            0.0,
            0.0,
            0.0
        ],
        "mass_diff": [
            0.0,
            0.0,
            0.0,
            0.0,
            0.0,
            0.0,
            0.0,
            0.0,
            0.0,
            0.0,
            0.0,
            0.0,
            0.0,
            0.0,
            0.0,
            0.0,
            0.0,
            0.0,
            0.0,
            0.0,
            0.0,
            0.0,
            0.0,
            0.0,
            0.0,
            0.0,
            0.0
        ],
        "formula": [
            "C16H17N3O4S",
            "C16H17N3O4S",
            "C16H17N3O4S",
            "C16H17N3O4S",
            "C16H17N3O4S",
            "C16H17N3O4S",
            "C16H17N3O4S",
            "C16H17N3O4S",
            "C16H17N3O4S",
            "C16H17N3O4S",
            "C16H17N3O4S",
            "C16H17N3O4S",
            "C16H17N3O4S",
            "C16H17N3O4S",
            "C16H17N3O4S",
            "C16H17N3O4S",
            "C16H17N3O4S",
            "C16H17N3O4S",
            "C16H17N3O4S",
            "C16H17N3O4S",
            "C16H17N3O4S",
            "C16H17N3O4S",
            "C16H17N3O4S",
            "C16H17N3O4S",
            "C16H17N3O4S",
            "C16H17N3O4S",
            "C16H17N3O4S"
        ],
        "ions": [
            "[M+H]+",
            "[M+H]+",
            "[M+H]+",
            "[M+H]+",
            "[M+H]+",
            "[M+H]+",
            "[M+H]+",
            "[M+H]+",
            "[M+H]+",
            "[M+H]+",
            "[M+H]+",
            "[M+H]+",
            "[M+H]+",
            "[M+H]+",
            "[M+H]+",
            "[M+H]+",
            "[M+H]+",
            "[M+H]+",
            "[M+H]+",
            "[M+H]+",
            "[M+H]+",
            "[M+H]+",
            "[M+H]+",
            "[M+H]+",
            "[M+H]+",
            "[M+H]+",
            "[M+H]+"
        ]
    }
}