{
    "cand_form": "C16H15F6N5O",
    "cand_ion": "[M+H]+",
    "output_tbl": {
        "mz": [
            56.0495,
            70.0651,
            84.0808,
            85.084,
            91.0542,
            101.0197,
            107.0292,
            127.0352,
            128.038,
            145.026,
            151.0354,
            153.0383
        ],
        "ms2_inten": [
            0.23505345030732355,
            0.0586753290704679,
            0.2021996943412058,
            0.061557819539396916,
            0.06576063042133687,
            0.08540378663529952,
            0.10360388071430836,
            1.0,
            0.046069190938545106,
            0.09451414913964148,
            0.05612581885218508,
            0.05438463732150147
        ],
        "mono_mass": [
            56.0495,
            70.0651,
            84.0808,
            85.084,
            91.0542,
            101.0197,
            107.0292,
            127.0352,
            128.038,
            145.026,
            151.0354,
            153.0383
        ],
        "abs_mass_diff": [
            0.0,
            0.0,
            0.0,
            0.0,
            0.0,
            0.0,
            0.0,
            0.0,
            0.0,
            0.0,
            0.0,
            0.0
        ],
        "mass_diff": [
            0.0,
            0.0,
            0.0,
            0.0,
            0.0,
            0.0,
            0.0,
            0.0,
            0.0,
            0.0,
            0.0,
            0.0
        ],
        "formula": [
            "C16H15F6N5O",
            "C16H15F6N5O",
            "C16H15F6N5O",
            "C16H15F6N5O",
            "C16H15F6N5O",
            "C16H15F6N5O",
            "C16H15F6N5O",
            "C16H15F6N5O",
            "C16H15F6N5O",
            "C16H15F6N5O",
            "C16H15F6N5O",
            "C16H15F6N5O"
        ],
        "ions": [
            "[M+H]+",
            "[M+H]+",
            "[M+H]+",
            "[M+H]+",
            "[M+H]+",
            "[M+H]+",
            "[M+H]+",
            "[M+H]+",
            "[M+H]+",
            "[M+H]+",
            "[M+H]+",
            "[M+H]+"
        ]
    }
}