{
    "cand_form": "C20H26O2",
    "cand_ion": "[M+H]+",
    "output_tbl": {
        "mz": [
            0.0,
            51.0229,
            53.0386,
            55.0178,
            55.0542,
            65.0386,
            66.0464,
            67.0542,
            77.0386,
            78.0464,
            79.0542,
            81.0699,
            83.0491,
            91.0542,
            94.0413,
            95.0491,
            103.0542,
            105.0446,
            105.0699,
            115.0542,
            128.0621,
            129.0699,
            141.0699
        ],
        "ms2_inten": [
            0.06186034483039842,
            0.2155247806362963,
            0.2579619173845196,
            0.09597397263082888,
            0.2754899551847241,
            0.7138297755834223,
            0.0673705493756782,
            0.15425760558316365,
            0.5949577979582055,
            0.1105816805180891,
            0.5622983131998964,
            0.15607264115134226,
            0.09592811287680145,
            1.0,
            0.18476257026197818,
            0.5909843539160181,
            0.0928812863543042,
            0.19534168298336035,
            0.08715624437129407,
            0.5409265318876312,
            0.3401422762096431,
            0.06688990303654775,
            0.13597938434394308
        ],
        "mono_mass": [
            0.0,
            51.0229,
            53.0386,
            55.0178,
            55.0542,
            65.0386,
            66.0464,
            67.0542,
            77.0386,
            78.0464,
            79.0542,
            81.0699,
            83.0491,
            91.0542,
            94.0413,
            95.0491,
            103.0542,
            105.0446,
            105.0699,
            115.0542,
            128.0621,
            129.0699,
            141.0699
        ],
        "abs_mass_diff": [
            0.0,
            0.0,
            0.0,
            0.0,
            0.0,
            0.0,
            0.0,
            0.0,
            0.0,
            0.0,
            0.0,
            0.0,
            0.0,
            0.0,
            0.0,
            0.0,
            0.0,
            0.0,
            0.0,
            0.0,
            0.0,
            0.0,
            0.0
        ],
        "mass_diff": [
            0.0,
            0.0,
            0.0,
            0.0,
            0.0,
            0.0,
            0.0,
            0.0,
            0.0,
            0.0,
            0.0,
            0.0,
            0.0,
            0.0,
            0.0,
            0.0,
            0.0,
            0.0,
            0.0,
            0.0,
            0.0,
            0.0,
            0.0
        ],
        "formula": [
            "C20H26O2",
            "C20H26O2",
            "C20H26O2",
            "C20H26O2",
            "C20H26O2",
            "C20H26O2",
            "C20H26O2",
            "C20H26O2",
            "C20H26O2",
            "C20H26O2",
            "C20H26O2",
            "C20H26O2",
            "C20H26O2",
            "C20H26O2",
            "C20H26O2",
            "C20H26O2",
            "C20H26O2",
            "C20H26O2",
            "C20H26O2",
            "C20H26O2",
            "C20H26O2",
            "C20H26O2",
            "C20H26O2"
        ],
        "ions": [
            "[M+H]+",
            "[M+H]+",
            "[M+H]+",
            "[M+H]+",
            "[M+H]+",
            "[M+H]+",
            "[M+H]+",
            "[M+H]+",
            "[M+H]+",
            "[M+H]+",
            "[M+H]+",
            "[M+H]+",
            "[M+H]+",
            "[M+H]+",
            "[M+H]+",
            "[M+H]+",
            "[M+H]+",
            "[M+H]+",
            "[M+H]+",
            "[M+H]+",
            "[M+H]+",
            "[M+H]+",
            "[M+H]+"
        ]
    }
}