{
    "cand_form": "C17H15NO3",
    "cand_ion": "[M+H]+",
    "output_tbl": {
        "mz": [
            209.0835,
            236.107,
            237.1148,
            282.1125,
            283.1153
        ],
        "ms2_inten": [
            0.015196273206372752,
            1.0,
            0.08336777221546311,
            0.45324111965413577,
            0.0460776240971861
        ],
        "mono_mass": [
            209.0835,
            236.107,
            237.1148,
            282.1125,
            283.1153
        ],
        "abs_mass_diff": [
            0.0,
            0.0,
            0.0,
            0.0,
            0.0
        ],
        "mass_diff": [
            0.0,
            0.0,
            0.0,
            0.0,
            0.0
        ],
        "formula": [
            "C17H15NO3",
            "C17H15NO3",
            "C17H15NO3",
            "C17H15NO3",
            "C17H15NO3"
        ],
        "ions": [
            "[M+H]+",
            "[M+H]+",
            "[M+H]+",
            "[M+H]+",
            "[M+H]+"
        ]
    }
}