{
    "cand_form": "C22H30N6O3S2",
    "cand_ion": "[M+H]+",
    "output_tbl": {
        "mz": [
            0.0,
            58.0651,
            70.0651,
            85.076,
            99.0917,
            100.0995,
            271.1012,
            298.0883,
            299.0961,
            313.1118,
            315.089
        ],
        "ms2_inten": [
            0.06231074619672254,
            1.0,
            0.06839606718443142,
            0.040957965593431775,
            0.14045509244796786,
            0.08942380314487543,
            0.061716976563348645,
            0.042882254302681874,
            0.28323635808343145,
            0.04850341063905854,
            0.047444080720221646
        ],
        "mono_mass": [
            0.0,
            58.0651,
            70.0651,
            85.076,
            99.0917,
            100.0995,
            271.1012,
            298.0883,
            299.0961,
            313.1118,
            315.089
        ],
        "abs_mass_diff": [
            0.0,
            0.0,
            0.0,
            0.0,
            0.0,
            0.0,
            0.0,
            0.0,
            0.0,
            0.0,
            0.0
        ],
        "mass_diff": [
            0.0,
            0.0,
            0.0,
            0.0,
            0.0,
            0.0,
            0.0,
            0.0,
            0.0,
            0.0,
            0.0
        ],
        "formula": [
            "C22H30N6O3S2",
            "C22H30N6O3S2",
            "C22H30N6O3S2",
            "C22H30N6O3S2",
            "C22H30N6O3S2",
            "C22H30N6O3S2",
            "C22H30N6O3S2",
            "C22H30N6O3S2",
            "C22H30N6O3S2",
            "C22H30N6O3S2",
            "C22H30N6O3S2"
        ],
        "ions": [
            "[M+H]+",
            "[M+H]+",
            "[M+H]+",
            "[M+H]+",
            "[M+H]+",
            "[M+H]+",
            "[M+H]+",
            "[M+H]+",
            "[M+H]+",
            "[M+H]+",
            "[M+H]+"
        ]
    }
}