{
    "cand_form": "C14H11Cl2NO2",
    "cand_ion": "[M-H]-",
    "output_tbl": {
        "mz": [
            214.0429,
            250.0196,
            251.0274,
            293.1835
        ],
        "ms2_inten": [
            0.04211329641134042,
            1.0,
            0.060787562654027,
            0.010577486741049018
        ],
        "mono_mass": [
            214.0429,
            250.0196,
            251.0274,
            293.1835
        ],
        "abs_mass_diff": [
            0.0,
            0.0,
            0.0,
            0.0
        ],
        "mass_diff": [
            0.0,
            0.0,
            0.0,
            0.0
        ],
        "formula": [
            "C14H11Cl2NO2",
            "C14H11Cl2NO2",
            "C14H11Cl2NO2",
            "C14H11Cl2NO2"
        ],
        "ions": [
            "[M-H]-",
            "[M-H]-",
            "[M-H]-",
            "[M-H]-"
        ]
    }
}