{
    "cand_form": "C24H28N2O5",
    "cand_ion": "[M+H]+",
    "output_tbl": {
        "mz": [
            91.0542,
            92.058,
            117.0699,
            118.0651,
            119.0703,
            120.0808,
            130.0651,
            131.073,
            132.0808,
            144.0808,
            145.0859,
            146.0964,
            162.0913,
            164.0706,
            190.0863,
            191.0914,
            227.7498
        ],
        "ms2_inten": [
            0.6228915223203005,
            0.03790396391720998,
            0.18618152676730212,
            1.0,
            0.059828820918727973,
            0.03663255351464,
            0.30989152038991374,
            0.36123775182276774,
            0.08970578568419055,
            0.3977100227816122,
            0.024115299920640782,
            0.10847017405078563,
            0.139569213358236,
            0.04658866312281517,
            0.5687062253043839,
            0.04387989229864059,
            0.026344220528606962
        ],
        "mono_mass": [
            91.0542,
            92.058,
            117.0699,
            118.0651,
            119.0703,
            120.0808,
            130.0651,
            131.073,
            132.0808,
            144.0808,
            145.0859,
            146.0964,
            162.0913,
            164.0706,
            190.0863,
            191.0914,
            227.7498
        ],
        "abs_mass_diff": [
            0.0,
            0.0,
            0.0,
            0.0,
            0.0,
            0.0,
            0.0,
            0.0,
            0.0,
            0.0,
            0.0,
            0.0,
            0.0,
            0.0,
            0.0,
            0.0,
            0.0
        ],
        "mass_diff": [
            0.0,
            0.0,
            0.0,
            0.0,
            0.0,
            0.0,
            0.0,
            0.0,
            0.0,
            0.0,
            0.0,
            0.0,
            0.0,
            0.0,
            0.0,
            0.0,
            0.0
        ],
        "formula": [
            "C24H28N2O5",
            "C24H28N2O5",
            "C24H28N2O5",
            "C24H28N2O5",
            "C24H28N2O5",
            "C24H28N2O5",
            "C24H28N2O5",
            "C24H28N2O5",
            "C24H28N2O5",
            "C24H28N2O5",
            "C24H28N2O5",
            "C24H28N2O5",
            "C24H28N2O5",
            "C24H28N2O5",
            "C24H28N2O5",
            "C24H28N2O5",
            "C24H28N2O5"
        ],
        "ions": [
            "[M+H]+",
            "[M+H]+",
            "[M+H]+",
            "[M+H]+",
            "[M+H]+",
            "[M+H]+",
            "[M+H]+",
            "[M+H]+",
            "[M+H]+",
            "[M+H]+",
            "[M+H]+",
            "[M+H]+",
            "[M+H]+",
            "[M+H]+",
            "[M+H]+",
            "[M+H]+",
            "[M+H]+"
        ]
    }
}