{
    "cand_form": "C43H74N2O14",
    "cand_ion": "[M+H]+",
    "output_tbl": {
        "mz": [
            0.0,
            100.0757,
            101.0597,
            114.0913,
            115.0992,
            116.0706,
            119.9073,
            142.1226,
            156.1019,
            174.1125,
            227.7526,
            431.3479
        ],
        "ms2_inten": [
            0.6240920747755758,
            0.1501026041460624,
            0.6020220278317563,
            0.15881539404691514,
            0.17681180814551337,
            0.5440486276479742,
            0.15432438840415175,
            0.378412958522649,
            0.23225893468513975,
            1.0,
            0.48816660502541276,
            0.13038439450544112
        ],
        "mono_mass": [
            0.0,
            100.0757,
            101.0597,
            114.0913,
            115.0992,
            116.0706,
            119.9073,
            142.1226,
            156.1019,
            174.1125,
            227.7526,
            431.3479
        ],
        "abs_mass_diff": [
            0.0,
            0.0,
            0.0,
            0.0,
            0.0,
            0.0,
            0.0,
            0.0,
            0.0,
            0.0,
            0.0,
            0.0
        ],
        "mass_diff": [
            0.0,
            0.0,
            0.0,
            0.0,
            0.0,
            0.0,
            0.0,
            0.0,
            0.0,
            0.0,
            0.0,
            0.0
        ],
        "formula": [
            "C43H74N2O14",
            "C43H74N2O14",
            "C43H74N2O14",
            "C43H74N2O14",
            "C43H74N2O14",
            "C43H74N2O14",
            "C43H74N2O14",
            "C43H74N2O14",
            "C43H74N2O14",
            "C43H74N2O14",
            "C43H74N2O14",
            "C43H74N2O14"
        ],
        "ions": [
            "[M+H]+",
            "[M+H]+",
            "[M+H]+",
            "[M+H]+",
            "[M+H]+",
            "[M+H]+",
            "[M+H]+",
            "[M+H]+",
            "[M+H]+",
            "[M+H]+",
            "[M+H]+",
            "[M+H]+"
        ]
    }
}