{
    "cand_form": "C6H8N4O4",
    "cand_ion": "[M+H]+",
    "output_tbl": {
        "mz": [
            55.0543,
            56.9648,
            59.0495,
            82.998,
            87.0805,
            101.0083,
            101.0164,
            101.9501,
            102.0093,
            115.024,
            119.0084,
            119.0189,
            123.0528,
            132.0501,
            133.0346,
            137.0301,
            147.0502,
            151.0457,
            158.0665
        ],
        "ms2_inten": [
            0.1874009935544774,
            0.07770133495021138,
            0.060696868330008064,
            0.07788282015849789,
            0.15461513924793194,
            0.7824330914192812,
            0.05794101787495499,
            0.04787381928687423,
            0.06953952831767307,
            0.2641018892666947,
            0.06259094786975249,
            1.0,
            0.04827474103386641,
            0.06594749165830974,
            0.5240442559546388,
            0.09324864888600884,
            0.14796745284172141,
            0.08664978021679048,
            0.10930364295874898
        ],
        "mono_mass": [
            55.0543,
            56.9648,
            59.0495,
            82.998,
            87.0805,
            101.0083,
            101.0164,
            101.9501,
            102.0093,
            115.024,
            119.0084,
            119.0189,
            123.0528,
            132.0501,
            133.0346,
            137.0301,
            147.0502,
            151.0457,
            158.0665
        ],
        "abs_mass_diff": [
            0.0,
            0.0,
            0.0,
            0.0,
            0.0,
            0.0,
            0.0,
            0.0,
            0.0,
            0.0,
            0.0,
            0.0,
            0.0,
            0.0,
            0.0,
            0.0,
            0.0,
            0.0,
            0.0
        ],
        "mass_diff": [
            0.0,
            0.0,
            0.0,
            0.0,
            0.0,
            0.0,
            0.0,
            0.0,
            0.0,
            0.0,
            0.0,
            0.0,
            0.0,
            0.0,
            0.0,
            0.0,
            0.0,
            0.0,
            0.0
        ],
        "formula": [
            "C6H8N4O4",
            "C6H8N4O4",
            "C6H8N4O4",
            "C6H8N4O4",
            "C6H8N4O4",
            "C6H8N4O4",
            "C6H8N4O4",
            "C6H8N4O4",
            "C6H8N4O4",
            "C6H8N4O4",
            "C6H8N4O4",
            "C6H8N4O4",
            "C6H8N4O4",
            "C6H8N4O4",
            "C6H8N4O4",
            "C6H8N4O4",
            "C6H8N4O4",
            "C6H8N4O4",
            "C6H8N4O4"
        ],
        "ions": [
            "[M+H]+",
            "[M+H]+",
            "[M+H]+",
            "[M+H]+",
            "[M+H]+",
            "[M+H]+",
            "[M+H]+",
            "[M+H]+",
            "[M+H]+",
            "[M+H]+",
            "[M+H]+",
            "[M+H]+",
            "[M+H]+",
            "[M+H]+",
            "[M+H]+",
            "[M+H]+",
            "[M+H]+",
            "[M+H]+",
            "[M+H]+"
        ]
    }
}