{
    "cand_form": "C12H10N2O5",
    "cand_ion": "[M+H]+",
    "output_tbl": {
        "mz": [
            189.0295,
            207.04,
            217.0608,
            218.0634,
            234.0397,
            235.0713,
            244.0601,
            245.0607,
            249.0865,
            262.0698,
            263.0662,
            264.0686,
            276.0864,
            277.0836
        ],
        "ms2_inten": [
            0.29215954557894064,
            0.045639326022220005,
            1.0,
            0.07268373455940452,
            0.028178797954057658,
            0.06528582408988698,
            0.8811589815926907,
            0.29692982776696364,
            0.08020704670163463,
            0.833433269341805,
            0.7607598953397439,
            0.06305715974250718,
            0.052970065688765666,
            0.03529787173352888
        ],
        "mono_mass": [
            189.0295,
            207.04,
            217.0608,
            218.0634,
            234.0397,
            235.0713,
            244.0601,
            245.0607,
            249.0865,
            262.0698,
            263.0662,
            264.0686,
            276.0864,
            277.0836
        ],
        "abs_mass_diff": [
            0.0,
            0.0,
            0.0,
            0.0,
            0.0,
            0.0,
            0.0,
            0.0,
            0.0,
            0.0,
            0.0,
            0.0,
            0.0,
            0.0
        ],
        "mass_diff": [
            0.0,
            0.0,
            0.0,
            0.0,
            0.0,
            0.0,
            0.0,
            0.0,
            0.0,
            0.0,
            0.0,
            0.0,
            0.0,
            0.0
        ],
        "formula": [
            "C12H10N2O5",
            "C12H10N2O5",
            "C12H10N2O5",
            "C12H10N2O5",
            "C12H10N2O5",
            "C12H10N2O5",
            "C12H10N2O5",
            "C12H10N2O5",
            "C12H10N2O5",
            "C12H10N2O5",
            "C12H10N2O5",
            "C12H10N2O5",
            "C12H10N2O5",
            "C12H10N2O5"
        ],
        "ions": [
            "[M+H]+",
            "[M+H]+",
            "[M+H]+",
            "[M+H]+",
            "[M+H]+",
            "[M+H]+",
            "[M+H]+",
            "[M+H]+",
            "[M+H]+",
            "[M+H]+",
            "[M+H]+",
            "[M+H]+",
            "[M+H]+",
            "[M+H]+"
        ]
    }
}