{
    "cand_form": "C11H12Cl2N2O5",
    "cand_ion": "[M-H]-",
    "output_tbl": {
        "mz": [
            0.0,
            102.6899,
            227.7289,
            243.8827
        ],
        "ms2_inten": [
            1.0,
            0.42191603230155383,
            0.750288834720085,
            0.5717805346370161
        ],
        "mono_mass": [
            0.0,
            102.6899,
            227.7289,
            243.8827
        ],
        "abs_mass_diff": [
            0.0,
            0.0,
            0.0,
            0.0
        ],
        "mass_diff": [
            0.0,
            0.0,
            0.0,
            0.0
        ],
        "formula": [
            "C11H12Cl2N2O5",
            "C11H12Cl2N2O5",
            "C11H12Cl2N2O5",
            "C11H12Cl2N2O5"
        ],
        "ions": [
            "[M-H]-",
            "[M-H]-",
            "[M-H]-",
            "[M-H]-"
        ]
    }
}