{
    "cand_form": "C28H31N3O6",
    "cand_ion": "[M+H]+",
    "output_tbl": {
        "mz": [
            0.0,
            63.0229,
            65.0386,
            67.0178,
            89.0386,
            91.0542,
            115.0542,
            139.0542,
            152.0621
        ],
        "ms2_inten": [
            0.034819369001785457,
            0.1547270045150702,
            1.0,
            0.06661988759748011,
            0.044045266341798284,
            0.30620929715156636,
            0.061866950098789654,
            0.06043930146366711,
            0.057068183533948914
        ],
        "mono_mass": [
            0.0,
            63.0229,
            65.0386,
            67.0178,
            89.0386,
            91.0542,
            115.0542,
            139.0542,
            152.0621
        ],
        "abs_mass_diff": [
            0.0,
            0.0,
            0.0,
            0.0,
            0.0,
            0.0,
            0.0,
            0.0,
            0.0
        ],
        "mass_diff": [
            0.0,
            0.0,
            0.0,
            0.0,
            0.0,
            0.0,
            0.0,
            0.0,
            0.0
        ],
        "formula": [
            "C28H31N3O6",
            "C28H31N3O6",
            "C28H31N3O6",
            "C28H31N3O6",
            "C28H31N3O6",
            "C28H31N3O6",
            "C28H31N3O6",
            "C28H31N3O6",
            "C28H31N3O6"
        ],
        "ions": [
            "[M+H]+",
            "[M+H]+",
            "[M+H]+",
            "[M+H]+",
            "[M+H]+",
            "[M+H]+",
            "[M+H]+",
            "[M+H]+",
            "[M+H]+"
        ]
    }
}