{
    "cand_form": "C28H47NO4S",
    "cand_ion": "[M+H]+",
    "output_tbl": {
        "mz": [
            192.1053,
            193.1097,
            245.19,
            285.2213,
            303.2319,
            494.3299,
            495.3333
        ],
        "ms2_inten": [
            1.0,
            0.043619799074891136,
            0.02093340718542355,
            0.030215308612698884,
            0.026665235292713915,
            0.9376298307001493,
            0.17679679641863474
        ],
        "mono_mass": [
            192.1053,
            193.1097,
            245.19,
            285.2213,
            303.2319,
            494.3299,
            495.3333
        ],
        "abs_mass_diff": [
            0.0,
            0.0,
            0.0,
            0.0,
            0.0,
            0.0,
            0.0
        ],
        "mass_diff": [
            0.0,
            0.0,
            0.0,
            0.0,
            0.0,
            0.0,
            0.0
        ],
        "formula": [
            "C28H47NO4S",
            "C28H47NO4S",
            "C28H47NO4S",
            "C28H47NO4S",
            "C28H47NO4S",
            "C28H47NO4S",
            "C28H47NO4S"
        ],
        "ions": [
            "[M+H]+",
            "[M+H]+",
            "[M+H]+",
            "[M+H]+",
            "[M+H]+",
            "[M+H]+",
            "[M+H]+"
        ]
    }
}