{
    "cand_form": "C12H14N4O4S",
    "cand_ion": "[M+H]+",
    "output_tbl": {
        "mz": [
            55.0543,
            56.0495,
            65.0386,
            80.0493,
            82.0651,
            92.0495,
            94.0526,
            95.0604,
            105.0698,
            106.0733,
            108.0444,
            110.06,
            123.0916,
            140.0581,
            151.0865,
            154.0611,
            156.0769,
            164.1182,
            169.097,
            183.1127,
            202.0714,
            255.1237
        ],
        "ms2_inten": [
            0.01512107028188292,
            0.009671812304224021,
            0.013670671101675011,
            0.010283019525383602,
            0.024154184195005677,
            0.07135089312893901,
            0.011691148804578834,
            0.017874374463444767,
            0.17378956193383968,
            0.01580490235727586,
            0.06599183929534551,
            0.04213810806808792,
            0.06314035031124783,
            0.011950985767227012,
            0.06233478948498673,
            0.013676654440146534,
            0.03994559673922422,
            0.03375498387020409,
            1.0,
            0.029876856600542682,
            0.01364769042632077,
            0.008800214905884198
        ],
        "mono_mass": [
            55.0543,
            56.0495,
            65.0386,
            80.0493,
            82.0651,
            92.0495,
            94.0526,
            95.0604,
            105.0698,
            106.0733,
            108.0444,
            110.06,
            123.0916,
            140.0581,
            151.0865,
            154.0611,
            156.0769,
            164.1182,
            169.097,
            183.1127,
            202.0714,
            255.1237
        ],
        "abs_mass_diff": [
            0.0,
            0.0,
            0.0,
            0.0,
            0.0,
            0.0,
            0.0,
            0.0,
            0.0,
            0.0,
            0.0,
            0.0,
            0.0,
            0.0,
            0.0,
            0.0,
            0.0,
            0.0,
            0.0,
            0.0,
            0.0,
            0.0
        ],
        "mass_diff": [
            0.0,
            0.0,
            0.0,
            0.0,
            0.0,
            0.0,
            0.0,
            0.0,
            0.0,
            0.0,
            0.0,
            0.0,
            0.0,
            0.0,
            0.0,
            0.0,
            0.0,
            0.0,
            0.0,
            0.0,
            0.0,
            0.0
        ],
        "formula": [
            "C12H14N4O4S",
            "C12H14N4O4S",
            "C12H14N4O4S",
            "C12H14N4O4S",
            "C12H14N4O4S",
            "C12H14N4O4S",
            "C12H14N4O4S",
            "C12H14N4O4S",
            "C12H14N4O4S",
            "C12H14N4O4S",
            "C12H14N4O4S",
            "C12H14N4O4S",
            "C12H14N4O4S",
            "C12H14N4O4S",
            "C12H14N4O4S",
            "C12H14N4O4S",
            "C12H14N4O4S",
            "C12H14N4O4S",
            "C12H14N4O4S",
            "C12H14N4O4S",
            "C12H14N4O4S",
            "C12H14N4O4S"
        ],
        "ions": [
            "[M+H]+",
            "[M+H]+",
            "[M+H]+",
            "[M+H]+",
            "[M+H]+",
            "[M+H]+",
            "[M+H]+",
            "[M+H]+",
            "[M+H]+",
            "[M+H]+",
            "[M+H]+",
            "[M+H]+",
            "[M+H]+",
            "[M+H]+",
            "[M+H]+",
            "[M+H]+",
            "[M+H]+",
            "[M+H]+",
            "[M+H]+",
            "[M+H]+",
            "[M+H]+",
            "[M+H]+"
        ]
    }
}