{
    "cand_form": "C10H11ClN4",
    "cand_ion": "[M-H]-",
    "output_tbl": {
        "mz": [
            59.0138,
            140.0273,
            141.0332,
            220.1815
        ],
        "ms2_inten": [
            0.07752004404043364,
            1.0,
            0.0462612657448856,
            0.1785529188309272
        ],
        "mono_mass": [
            59.0138,
            140.0273,
            141.0332,
            220.1815
        ],
        "abs_mass_diff": [
            0.0,
            0.0,
            0.0,
            0.0
        ],
        "mass_diff": [
            0.0,
            0.0,
            0.0,
            0.0
        ],
        "formula": [
            "C10H11ClN4",
            "C10H11ClN4",
            "C10H11ClN4",
            "C10H11ClN4"
        ],
        "ions": [
            "[M-H]-",
            "[M-H]-",
            "[M-H]-",
            "[M-H]-"
        ]
    }
}