{
    "cand_form": "C8H11N",
    "cand_ion": "[M+H]+",
    "output_tbl": {
        "mz": [
            77.0386,
            79.0542,
            95.0492,
            103.0542,
            105.0699,
            106.0651,
            106.0734,
            107.073,
            108.0763,
            120.0808,
            122.0964,
            123.0807,
            123.0999
        ],
        "ms2_inten": [
            0.05251818898285441,
            0.33187835827033657,
            0.08438434419794073,
            0.18810507189483838,
            0.8279177191054083,
            0.07572446697622946,
            0.044535917509739266,
            1.0,
            0.041246266926878876,
            0.03315610130330424,
            0.5125305936277919,
            0.02775126943179524,
            0.02329330491935665
        ],
        "mono_mass": [
            77.0386,
            79.0542,
            95.0492,
            103.0542,
            105.0699,
            106.0651,
            106.0734,
            107.073,
            108.0763,
            120.0808,
            122.0964,
            123.0807,
            123.0999
        ],
        "abs_mass_diff": [
            0.0,
            0.0,
            0.0,
            0.0,
            0.0,
            0.0,
            0.0,
            0.0,
            0.0,
            0.0,
            0.0,
            0.0,
            0.0
        ],
        "mass_diff": [
            0.0,
            0.0,
            0.0,
            0.0,
            0.0,
            0.0,
            0.0,
            0.0,
            0.0,
            0.0,
            0.0,
            0.0,
            0.0
        ],
        "formula": [
            "C8H11N",
            "C8H11N",
            "C8H11N",
            "C8H11N",
            "C8H11N",
            "C8H11N",
            "C8H11N",
            "C8H11N",
            "C8H11N",
            "C8H11N",
            "C8H11N",
            "C8H11N",
            "C8H11N"
        ],
        "ions": [
            "[M+H]+",
            "[M+H]+",
            "[M+H]+",
            "[M+H]+",
            "[M+H]+",
            "[M+H]+",
            "[M+H]+",
            "[M+H]+",
            "[M+H]+",
            "[M+H]+",
            "[M+H]+",
            "[M+H]+",
            "[M+H]+"
        ]
    }
}