{
    "cand_form": "C16H15F6N5O",
    "cand_ion": "[M+H]+",
    "output_tbl": {
        "mz": [
            56.0495,
            70.0651,
            84.0808,
            85.084,
            91.054,
            126.1277,
            127.0352,
            128.038,
            134.0399,
            138.0274,
            145.0258,
            151.0352,
            153.0385,
            154.0461,
            168.0379,
            174.0523
        ],
        "ms2_inten": [
            0.3035019036668773,
            0.04577254431985968,
            0.48499997788319793,
            0.1329106448758171,
            0.04898342036049208,
            0.21162235000163665,
            1.0,
            0.05260394675807492,
            0.04711948705533064,
            0.0653540531398929,
            0.0705734179040526,
            0.0826246451359107,
            0.03618156655963117,
            0.30374285295540926,
            0.08703789669802044,
            0.13743707548641484
        ],
        "mono_mass": [
            56.0495,
            70.0651,
            84.0808,
            85.084,
            91.054,
            126.1277,
            127.0352,
            128.038,
            134.0399,
            138.0274,
            145.0258,
            151.0352,
            153.0385,
            154.0461,
            168.0379,
            174.0523
        ],
        "abs_mass_diff": [
            0.0,
            0.0,
            0.0,
            0.0,
            0.0,
            0.0,
            0.0,
            0.0,
            0.0,
            0.0,
            0.0,
            0.0,
            0.0,
            0.0,
            0.0,
            0.0
        ],
        "mass_diff": [
            0.0,
            0.0,
            0.0,
            0.0,
            0.0,
            0.0,
            0.0,
            0.0,
            0.0,
            0.0,
            0.0,
            0.0,
            0.0,
            0.0,
            0.0,
            0.0
        ],
        "formula": [
            "C16H15F6N5O",
            "C16H15F6N5O",
            "C16H15F6N5O",
            "C16H15F6N5O",
            "C16H15F6N5O",
            "C16H15F6N5O",
            "C16H15F6N5O",
            "C16H15F6N5O",
            "C16H15F6N5O",
            "C16H15F6N5O",
            "C16H15F6N5O",
            "C16H15F6N5O",
            "C16H15F6N5O",
            "C16H15F6N5O",
            "C16H15F6N5O",
            "C16H15F6N5O"
        ],
        "ions": [
            "[M+H]+",
            "[M+H]+",
            "[M+H]+",
            "[M+H]+",
            "[M+H]+",
            "[M+H]+",
            "[M+H]+",
            "[M+H]+",
            "[M+H]+",
            "[M+H]+",
            "[M+H]+",
            "[M+H]+",
            "[M+H]+",
            "[M+H]+",
            "[M+H]+",
            "[M+H]+"
        ]
    }
}