{
    "cand_form": "C20H17FO3S",
    "cand_ion": "[M+H]+",
    "output_tbl": {
        "mz": [
            233.0761,
            234.0839,
            235.0918,
            247.0918,
            248.0996,
            249.1074,
            280.0717,
            281.0795,
            282.0509,
            294.0873,
            295.0951,
            296.103,
            297.0744,
            298.0822,
            340.0928,
            341.1006,
            342.072,
            343.0799,
            357.0955,
            358.0988
        ],
        "ms2_inten": [
            0.9177475942366345,
            0.2247145478295273,
            0.029879792425063896,
            0.17269035988587148,
            0.1662955797172744,
            0.040911482352153104,
            0.16547797603970635,
            0.06090554094874054,
            0.0636736404323152,
            0.06838859907851465,
            0.3038683492182447,
            0.06142707506902767,
            0.1302116019861547,
            0.03503875335718338,
            1.0,
            0.15271828495291045,
            0.33495738496609845,
            0.04631902714425369,
            0.3308074300774324,
            0.050143439388579195
        ],
        "mono_mass": [
            233.0761,
            234.0839,
            235.0918,
            247.0918,
            248.0996,
            249.1074,
            280.0717,
            281.0795,
            282.0509,
            294.0873,
            295.0951,
            296.103,
            297.0744,
            298.0822,
            340.0928,
            341.1006,
            342.072,
            343.0799,
            357.0955,
            358.0988
        ],
        "abs_mass_diff": [
            0.0,
            0.0,
            0.0,
            0.0,
            0.0,
            0.0,
            0.0,
            0.0,
            0.0,
            0.0,
            0.0,
            0.0,
            0.0,
            0.0,
            0.0,
            0.0,
            0.0,
            0.0,
            0.0,
            0.0
        ],
        "mass_diff": [
            0.0,
            0.0,
            0.0,
            0.0,
            0.0,
            0.0,
            0.0,
            0.0,
            0.0,
            0.0,
            0.0,
            0.0,
            0.0,
            0.0,
            0.0,
            0.0,
            0.0,
            0.0,
            0.0,
            0.0
        ],
        "formula": [
            "C20H17FO3S",
            "C20H17FO3S",
            "C20H17FO3S",
            "C20H17FO3S",
            "C20H17FO3S",
            "C20H17FO3S",
            "C20H17FO3S",
            "C20H17FO3S",
            "C20H17FO3S",
            "C20H17FO3S",
            "C20H17FO3S",
            "C20H17FO3S",
            "C20H17FO3S",
            "C20H17FO3S",
            "C20H17FO3S",
            "C20H17FO3S",
            "C20H17FO3S",
            "C20H17FO3S",
            "C20H17FO3S",
            "C20H17FO3S"
        ],
        "ions": [
            "[M+H]+",
            "[M+H]+",
            "[M+H]+",
            "[M+H]+",
            "[M+H]+",
            "[M+H]+",
            "[M+H]+",
            "[M+H]+",
            "[M+H]+",
            "[M+H]+",
            "[M+H]+",
            "[M+H]+",
            "[M+H]+",
            "[M+H]+",
            "[M+H]+",
            "[M+H]+",
            "[M+H]+",
            "[M+H]+",
            "[M+H]+",
            "[M+H]+"
        ]
    }
}