{
    "cand_form": "C23H26ClN7O3",
    "cand_ion": "[M+H]+",
    "output_tbl": {
        "mz": [
            77.0386,
            105.0335,
            155.0258,
            156.0296,
            178.9643,
            343.07
        ],
        "ms2_inten": [
            0.039933836983107554,
            0.09515381981276691,
            1.0,
            0.03636441185920843,
            0.031984612011427146,
            0.02599325061219974
        ],
        "mono_mass": [
            77.0386,
            105.0335,
            155.0258,
            156.0296,
            178.9643,
            343.07
        ],
        "abs_mass_diff": [
            0.0,
            0.0,
            0.0,
            0.0,
            0.0,
            0.0
        ],
        "mass_diff": [
            0.0,
            0.0,
            0.0,
            0.0,
            0.0,
            0.0
        ],
        "formula": [
            "C23H26ClN7O3",
            "C23H26ClN7O3",
            "C23H26ClN7O3",
            "C23H26ClN7O3",
            "C23H26ClN7O3",
            "C23H26ClN7O3"
        ],
        "ions": [
            "[M+H]+",
            "[M+H]+",
            "[M+H]+",
            "[M+H]+",
            "[M+H]+",
            "[M+H]+"
        ]
    }
}