{
    "cand_form": "C23H21N3O5",
    "cand_ion": "[M+H]+",
    "output_tbl": {
        "mz": [
            74.06,
            130.0651,
            135.0441,
            136.0479,
            169.076,
            170.0812,
            197.0709,
            204.0808,
            205.0886,
            232.0757,
            233.0835,
            234.0887,
            250.0863,
            262.0863,
            263.0914,
            264.1019,
            270.1237,
            271.1288,
            274.0863,
            298.1186,
            302.0812
        ],
        "ms2_inten": [
            0.05818380815794969,
            0.1084527766849908,
            1.0,
            0.05374714921364437,
            0.8404186172046995,
            0.061556937670899745,
            0.28122281475560773,
            0.04041569894308418,
            0.08483650519091163,
            0.10740346736105473,
            0.16375062531699494,
            0.04328239558333663,
            0.11090762723683088,
            0.5792886685275268,
            0.10746618986462624,
            0.17968998153710375,
            0.3746462318970296,
            0.04636525173302138,
            0.22731663901742144,
            0.20466510762390644,
            0.1771883666407867
        ],
        "mono_mass": [
            74.06,
            130.0651,
            135.0441,
            136.0479,
            169.076,
            170.0812,
            197.0709,
            204.0808,
            205.0886,
            232.0757,
            233.0835,
            234.0887,
            250.0863,
            262.0863,
            263.0914,
            264.1019,
            270.1237,
            271.1288,
            274.0863,
            298.1186,
            302.0812
        ],
        "abs_mass_diff": [
            0.0,
            0.0,
            0.0,
            0.0,
            0.0,
            0.0,
            0.0,
            0.0,
            0.0,
            0.0,
            0.0,
            0.0,
            0.0,
            0.0,
            0.0,
            0.0,
            0.0,
            0.0,
            0.0,
            0.0,
            0.0
        ],
        "mass_diff": [
            0.0,
            0.0,
            0.0,
            0.0,
            0.0,
            0.0,
            0.0,
            0.0,
            0.0,
            0.0,
            0.0,
            0.0,
            0.0,
            0.0,
            0.0,
            0.0,
            0.0,
            0.0,
            0.0,
            0.0,
            0.0
        ],
        "formula": [
            "C23H21N3O5",
            "C23H21N3O5",
            "C23H21N3O5",
            "C23H21N3O5",
            "C23H21N3O5",
            "C23H21N3O5",
            "C23H21N3O5",
            "C23H21N3O5",
            "C23H21N3O5",
            "C23H21N3O5",
            "C23H21N3O5",
            "C23H21N3O5",
            "C23H21N3O5",
            "C23H21N3O5",
            "C23H21N3O5",
            "C23H21N3O5",
            "C23H21N3O5",
            "C23H21N3O5",
            "C23H21N3O5",
            "C23H21N3O5",
            "C23H21N3O5"
        ],
        "ions": [
            "[M+H]+",
            "[M+H]+",
            "[M+H]+",
            "[M+H]+",
            "[M+H]+",
            "[M+H]+",
            "[M+H]+",
            "[M+H]+",
            "[M+H]+",
            "[M+H]+",
            "[M+H]+",
            "[M+H]+",
            "[M+H]+",
            "[M+H]+",
            "[M+H]+",
            "[M+H]+",
            "[M+H]+",
            "[M+H]+",
            "[M+H]+",
            "[M+H]+",
            "[M+H]+"
        ]
    }
}