{
    "cand_form": "C6H8N4O4",
    "cand_ion": "[M+H]+",
    "output_tbl": {
        "mz": [
            0.0,
            56.9646,
            82.9968,
            87.0791,
            98.9759,
            101.0094,
            115.0251,
            119.02,
            133.0356,
            137.0305,
            147.0513,
            151.0462
        ],
        "ms2_inten": [
            0.19026688168181868,
            0.0701786493113402,
            0.10572453761853318,
            0.09509199853899633,
            0.06869361342582248,
            0.7280331719499622,
            0.2939956871109577,
            1.0,
            0.5267614688018691,
            0.12043041430550697,
            0.06990403687030819,
            0.06392974737581854
        ],
        "mono_mass": [
            0.0,
            56.9646,
            82.9968,
            87.0791,
            98.9759,
            101.0094,
            115.0251,
            119.02,
            133.0356,
            137.0305,
            147.0513,
            151.0462
        ],
        "abs_mass_diff": [
            0.0,
            0.0,
            0.0,
            0.0,
            0.0,
            0.0,
            0.0,
            0.0,
            0.0,
            0.0,
            0.0,
            0.0
        ],
        "mass_diff": [
            0.0,
            0.0,
            0.0,
            0.0,
            0.0,
            0.0,
            0.0,
            0.0,
            0.0,
            0.0,
            0.0,
            0.0
        ],
        "formula": [
            "C6H8N4O4",
            "C6H8N4O4",
            "C6H8N4O4",
            "C6H8N4O4",
            "C6H8N4O4",
            "C6H8N4O4",
            "C6H8N4O4",
            "C6H8N4O4",
            "C6H8N4O4",
            "C6H8N4O4",
            "C6H8N4O4",
            "C6H8N4O4"
        ],
        "ions": [
            "[M+H]+",
            "[M+H]+",
            "[M+H]+",
            "[M+H]+",
            "[M+H]+",
            "[M+H]+",
            "[M+H]+",
            "[M+H]+",
            "[M+H]+",
            "[M+H]+",
            "[M+H]+",
            "[M+H]+"
        ]
    }
}