{
    "cand_form": "C24H21F2NO3",
    "cand_ion": "[M-H]-",
    "output_tbl": {
        "mz": [
            93.0346,
            95.0303,
            119.0502,
            131.0514,
            132.0581,
            150.0561,
            175.0765,
            182.0259,
            227.7204,
            271.1151,
            272.1207
        ],
        "ms2_inten": [
            0.07239647327169918,
            0.06979912083713338,
            0.26901955043550496,
            0.07329992770950466,
            0.14621873674229266,
            0.11448206690013318,
            0.09879751885117836,
            0.14150130468585076,
            0.08012556896623774,
            1.0,
            0.07397326714078645
        ],
        "mono_mass": [
            93.0346,
            95.0303,
            119.0502,
            131.0514,
            132.0581,
            150.0561,
            175.0765,
            182.0259,
            227.7204,
            271.1151,
            272.1207
        ],
        "abs_mass_diff": [
            0.0,
            0.0,
            0.0,
            0.0,
            0.0,
            0.0,
            0.0,
            0.0,
            0.0,
            0.0,
            0.0
        ],
        "mass_diff": [
            0.0,
            0.0,
            0.0,
            0.0,
            0.0,
            0.0,
            0.0,
            0.0,
            0.0,
            0.0,
            0.0
        ],
        "formula": [
            "C24H21F2NO3",
            "C24H21F2NO3",
            "C24H21F2NO3",
            "C24H21F2NO3",
            "C24H21F2NO3",
            "C24H21F2NO3",
            "C24H21F2NO3",
            "C24H21F2NO3",
            "C24H21F2NO3",
            "C24H21F2NO3",
            "C24H21F2NO3"
        ],
        "ions": [
            "[M-H]-",
            "[M-H]-",
            "[M-H]-",
            "[M-H]-",
            "[M-H]-",
            "[M-H]-",
            "[M-H]-",
            "[M-H]-",
            "[M-H]-",
            "[M-H]-",
            "[M-H]-"
        ]
    }
}