{
    "cand_form": "C19H20F3N3O3",
    "cand_ion": "[M+H]+",
    "output_tbl": {
        "mz": [
            56.0496,
            58.0652,
            70.0652,
            84.0808,
            98.0963,
            199.0243,
            205.0573,
            206.0648,
            211.0486,
            212.0316,
            214.0546,
            224.0315,
            225.0261,
            225.064,
            226.0472,
            226.0719,
            227.0555,
            233.0524,
            234.0597,
            235.0681,
            238.0475,
            239.0429,
            253.0579,
            254.0662,
            255.0731,
            267.0378,
            267.0743,
            295.1056,
            296.1074,
            335.1262
        ],
        "ms2_inten": [
            0.0556022195418392,
            1.0,
            0.08969464248676745,
            0.1963207174527402,
            0.09783104778713282,
            0.06774946245220403,
            0.05867488831083415,
            0.09977251787663499,
            0.06401259573500317,
            0.08391918424095478,
            0.14791620611102418,
            0.069781069219784,
            0.10363012117738653,
            0.04908064403566267,
            0.2279077046590254,
            0.28526302095923306,
            0.4176729401885913,
            0.3158611460028512,
            0.29486632390207335,
            0.12979270774904844,
            0.09990814354462614,
            0.10184761798811921,
            0.22058775335826625,
            0.42910914616500717,
            0.2687231459661078,
            0.39532606791664676,
            0.1389100904538293,
            0.7631355817050836,
            0.0851234979119771,
            0.07684671261048126
        ],
        "mono_mass": [
            56.0496,
            58.0652,
            70.0652,
            84.0808,
            98.0963,
            199.0243,
            205.0573,
            206.0648,
            211.0486,
            212.0316,
            214.0546,
            224.0315,
            225.0261,
            225.064,
            226.0472,
            226.0719,
            227.0555,
            233.0524,
            234.0597,
            235.0681,
            238.0475,
            239.0429,
            253.0579,
            254.0662,
            255.0731,
            267.0378,
            267.0743,
            295.1056,
            296.1074,
            335.1262
        ],
        "abs_mass_diff": [
            0.0,
            0.0,
            0.0,
            0.0,
            0.0,
            0.0,
            0.0,
            0.0,
            0.0,
            0.0,
            0.0,
            0.0,
            0.0,
            0.0,
            0.0,
            0.0,
            0.0,
            0.0,
            0.0,
            0.0,
            0.0,
            0.0,
            0.0,
            0.0,
            0.0,
            0.0,
            0.0,
            0.0,
            0.0,
            0.0
        ],
        "mass_diff": [
            0.0,
            0.0,
            0.0,
            0.0,
            0.0,
            0.0,
            0.0,
            0.0,
            0.0,
            0.0,
            0.0,
            0.0,
            0.0,
            0.0,
            0.0,
            0.0,
            0.0,
            0.0,
            0.0,
            0.0,
            0.0,
            0.0,
            0.0,
            0.0,
            0.0,
            0.0,
            0.0,
            0.0,
            0.0,
            0.0
        ],
        "formula": [
            "C19H20F3N3O3",
            "C19H20F3N3O3",
            "C19H20F3N3O3",
            "C19H20F3N3O3",
            "C19H20F3N3O3",
            "C19H20F3N3O3",
            "C19H20F3N3O3",
            "C19H20F3N3O3",
            "C19H20F3N3O3",
            "C19H20F3N3O3",
            "C19H20F3N3O3",
            "C19H20F3N3O3",
            "C19H20F3N3O3",
            "C19H20F3N3O3",
            "C19H20F3N3O3",
            "C19H20F3N3O3",
            "C19H20F3N3O3",
            "C19H20F3N3O3",
            "C19H20F3N3O3",
            "C19H20F3N3O3",
            "C19H20F3N3O3",
            "C19H20F3N3O3",
            "C19H20F3N3O3",
            "C19H20F3N3O3",
            "C19H20F3N3O3",
            "C19H20F3N3O3",
            "C19H20F3N3O3",
            "C19H20F3N3O3",
            "C19H20F3N3O3",
            "C19H20F3N3O3"
        ],
        "ions": [
            "[M+H]+",
            "[M+H]+",
            "[M+H]+",
            "[M+H]+",
            "[M+H]+",
            "[M+H]+",
            "[M+H]+",
            "[M+H]+",
            "[M+H]+",
            "[M+H]+",
            "[M+H]+",
            "[M+H]+",
            "[M+H]+",
            "[M+H]+",
            "[M+H]+",
            "[M+H]+",
            "[M+H]+",
            "[M+H]+",
            "[M+H]+",
            "[M+H]+",
            "[M+H]+",
            "[M+H]+",
            "[M+H]+",
            "[M+H]+",
            "[M+H]+",
            "[M+H]+",
            "[M+H]+",
            "[M+H]+",
            "[M+H]+",
            "[M+H]+"
        ]
    }
}