{
    "cand_form": "C12H14N4O2S",
    "cand_ion": "[M+H]+",
    "output_tbl": {
        "mz": [
            53.0386,
            54.0338,
            65.0386,
            66.0338,
            66.0419,
            67.0291,
            67.0417,
            68.0495,
            80.0495,
            82.0651,
            95.0604
        ],
        "ms2_inten": [
            0.24766133639315904,
            0.03104685564772479,
            1.0,
            0.07827424458204392,
            0.030785319261291046,
            0.3166021892181345,
            0.04623916084730571,
            0.0327276999326906,
            0.40879040513197096,
            0.029417680675400917,
            0.08691997113003339
        ],
        "mono_mass": [
            53.0386,
            54.0338,
            65.0386,
            66.0338,
            66.0419,
            67.0291,
            67.0417,
            68.0495,
            80.0495,
            82.0651,
            95.0604
        ],
        "abs_mass_diff": [
            0.0,
            0.0,
            0.0,
            0.0,
            0.0,
            0.0,
            0.0,
            0.0,
            0.0,
            0.0,
            0.0
        ],
        "mass_diff": [
            0.0,
            0.0,
            0.0,
            0.0,
            0.0,
            0.0,
            0.0,
            0.0,
            0.0,
            0.0,
            0.0
        ],
        "formula": [
            "C12H14N4O2S",
            "C12H14N4O2S",
            "C12H14N4O2S",
            "C12H14N4O2S",
            "C12H14N4O2S",
            "C12H14N4O2S",
            "C12H14N4O2S",
            "C12H14N4O2S",
            "C12H14N4O2S",
            "C12H14N4O2S",
            "C12H14N4O2S"
        ],
        "ions": [
            "[M+H]+",
            "[M+H]+",
            "[M+H]+",
            "[M+H]+",
            "[M+H]+",
            "[M+H]+",
            "[M+H]+",
            "[M+H]+",
            "[M+H]+",
            "[M+H]+",
            "[M+H]+"
        ]
    }
}