{
    "cand_form": "C19H22N4O3",
    "cand_ion": "[M+H]+",
    "output_tbl": {
        "mz": [
            166.0975,
            285.1346,
            286.1339,
            298.106,
            311.1139,
            313.1659,
            326.1373,
            327.1452,
            328.153,
            355.1765,
            356.1783
        ],
        "ms2_inten": [
            0.028520758829096243,
            0.9838725782069646,
            0.10336043629534404,
            0.26629180527422086,
            0.152669974281584,
            0.08388558241603337,
            0.02902033337028719,
            1.0,
            0.13010519368103732,
            0.26387159073138533,
            0.04646715927870966
        ],
        "mono_mass": [
            166.0975,
            285.1346,
            286.1339,
            298.106,
            311.1139,
            313.1659,
            326.1373,
            327.1452,
            328.153,
            355.1765,
            356.1783
        ],
        "abs_mass_diff": [
            0.0,
            0.0,
            0.0,
            0.0,
            0.0,
            0.0,
            0.0,
            0.0,
            0.0,
            0.0,
            0.0
        ],
        "mass_diff": [
            0.0,
            0.0,
            0.0,
            0.0,
            0.0,
            0.0,
            0.0,
            0.0,
            0.0,
            0.0,
            0.0
        ],
        "formula": [
            "C19H22N4O3",
            "C19H22N4O3",
            "C19H22N4O3",
            "C19H22N4O3",
            "C19H22N4O3",
            "C19H22N4O3",
            "C19H22N4O3",
            "C19H22N4O3",
            "C19H22N4O3",
            "C19H22N4O3",
            "C19H22N4O3"
        ],
        "ions": [
            "[M+H]+",
            "[M+H]+",
            "[M+H]+",
            "[M+H]+",
            "[M+H]+",
            "[M+H]+",
            "[M+H]+",
            "[M+H]+",
            "[M+H]+",
            "[M+H]+",
            "[M+H]+"
        ]
    }
}