{
    "cand_form": "C11H13N3O3S",
    "cand_ion": "[M+H]+",
    "output_tbl": {
        "mz": [
            0.0,
            51.0229,
            53.0022,
            53.0386,
            54.0338,
            64.0182,
            65.0386,
            65.0427,
            66.0338,
            77.0386,
            80.0495,
            95.0491,
            227.7493
        ],
        "ms2_inten": [
            0.06453236989825412,
            0.250724796352542,
            0.056162783776272776,
            0.3443618799906474,
            0.08650821994834923,
            0.05940405615470492,
            1.0,
            0.07485533063768715,
            0.06123551414802311,
            0.12070015711848579,
            0.27882684625694854,
            0.08856769203065085,
            0.05677099377134241
        ],
        "mono_mass": [
            0.0,
            51.0229,
            53.0022,
            53.0386,
            54.0338,
            64.0182,
            65.0386,
            65.0427,
            66.0338,
            77.0386,
            80.0495,
            95.0491,
            227.7493
        ],
        "abs_mass_diff": [
            0.0,
            0.0,
            0.0,
            0.0,
            0.0,
            0.0,
            0.0,
            0.0,
            0.0,
            0.0,
            0.0,
            0.0,
            0.0
        ],
        "mass_diff": [
            0.0,
            0.0,
            0.0,
            0.0,
            0.0,
            0.0,
            0.0,
            0.0,
            0.0,
            0.0,
            0.0,
            0.0,
            0.0
        ],
        "formula": [
            "C11H13N3O3S",
            "C11H13N3O3S",
            "C11H13N3O3S",
            "C11H13N3O3S",
            "C11H13N3O3S",
            "C11H13N3O3S",
            "C11H13N3O3S",
            "C11H13N3O3S",
            "C11H13N3O3S",
            "C11H13N3O3S",
            "C11H13N3O3S",
            "C11H13N3O3S",
            "C11H13N3O3S"
        ],
        "ions": [
            "[M+H]+",
            "[M+H]+",
            "[M+H]+",
            "[M+H]+",
            "[M+H]+",
            "[M+H]+",
            "[M+H]+",
            "[M+H]+",
            "[M+H]+",
            "[M+H]+",
            "[M+H]+",
            "[M+H]+",
            "[M+H]+"
        ]
    }
}