{
    "cand_form": "C23H30O3",
    "cand_ion": "[M+H]+",
    "output_tbl": {
        "mz": [
            0.0,
            58.0651,
            65.0386,
            67.0542,
            68.037,
            70.065,
            73.0468,
            79.0542,
            81.0699,
            94.0292,
            95.0855,
            97.0108,
            121.0284,
            123.1168,
            154.0624,
            166.1609,
            227.7509
        ],
        "ms2_inten": [
            0.1528502405277384,
            0.19914353156893638,
            0.14147338388016292,
            0.4260252066747106,
            0.08467103287300241,
            0.19454465701745605,
            0.12236670864266483,
            0.20682013372604605,
            1.0,
            0.09501715044443625,
            0.08458356824085442,
            0.297686138963386,
            0.16596137330010383,
            0.11890869430057276,
            0.14469521737068672,
            0.09360322670727275,
            0.12150984504007041
        ],
        "mono_mass": [
            0.0,
            58.0651,
            65.0386,
            67.0542,
            68.037,
            70.065,
            73.0468,
            79.0542,
            81.0699,
            94.0292,
            95.0855,
            97.0108,
            121.0284,
            123.1168,
            154.0624,
            166.1609,
            227.7509
        ],
        "abs_mass_diff": [
            0.0,
            0.0,
            0.0,
            0.0,
            0.0,
            0.0,
            0.0,
            0.0,
            0.0,
            0.0,
            0.0,
            0.0,
            0.0,
            0.0,
            0.0,
            0.0,
            0.0
        ],
        "mass_diff": [
            0.0,
            0.0,
            0.0,
            0.0,
            0.0,
            0.0,
            0.0,
            0.0,
            0.0,
            0.0,
            0.0,
            0.0,
            0.0,
            0.0,
            0.0,
            0.0,
            0.0
        ],
        "formula": [
            "C23H30O3",
            "C23H30O3",
            "C23H30O3",
            "C23H30O3",
            "C23H30O3",
            "C23H30O3",
            "C23H30O3",
            "C23H30O3",
            "C23H30O3",
            "C23H30O3",
            "C23H30O3",
            "C23H30O3",
            "C23H30O3",
            "C23H30O3",
            "C23H30O3",
            "C23H30O3",
            "C23H30O3"
        ],
        "ions": [
            "[M+H]+",
            "[M+H]+",
            "[M+H]+",
            "[M+H]+",
            "[M+H]+",
            "[M+H]+",
            "[M+H]+",
            "[M+H]+",
            "[M+H]+",
            "[M+H]+",
            "[M+H]+",
            "[M+H]+",
            "[M+H]+",
            "[M+H]+",
            "[M+H]+",
            "[M+H]+",
            "[M+H]+"
        ]
    }
}