{
    "cand_form": "C28H47NO4S",
    "cand_ion": "[M+H]+",
    "output_tbl": {
        "mz": [
            67.0542,
            73.0106,
            74.0964,
            79.0542,
            81.0699,
            93.0699,
            95.0855,
            101.0056,
            105.0699,
            107.0855,
            119.0161,
            119.0855,
            121.1012,
            131.0855,
            133.1012,
            145.1012,
            147.1168,
            149.0961,
            163.1117
        ],
        "ms2_inten": [
            0.07457392219388899,
            0.5173004825957346,
            0.14430995260781806,
            0.10229264370091623,
            0.23558022057173425,
            0.14186945843490278,
            0.13175836055827253,
            0.0914994500410178,
            0.14819904716417967,
            0.14833330954246893,
            1.0,
            0.18787807486197203,
            0.12089950801272413,
            0.07296388519480466,
            0.1334468196567454,
            0.08220449581815106,
            0.0683316868885114,
            0.06120089204821168,
            0.0939917283454577
        ],
        "mono_mass": [
            67.0542,
            73.0106,
            74.0964,
            79.0542,
            81.0699,
            93.0699,
            95.0855,
            101.0056,
            105.0699,
            107.0855,
            119.0161,
            119.0855,
            121.1012,
            131.0855,
            133.1012,
            145.1012,
            147.1168,
            149.0961,
            163.1117
        ],
        "abs_mass_diff": [
            0.0,
            0.0,
            0.0,
            0.0,
            0.0,
            0.0,
            0.0,
            0.0,
            0.0,
            0.0,
            0.0,
            0.0,
            0.0,
            0.0,
            0.0,
            0.0,
            0.0,
            0.0,
            0.0
        ],
        "mass_diff": [
            0.0,
            0.0,
            0.0,
            0.0,
            0.0,
            0.0,
            0.0,
            0.0,
            0.0,
            0.0,
            0.0,
            0.0,
            0.0,
            0.0,
            0.0,
            0.0,
            0.0,
            0.0,
            0.0
        ],
        "formula": [
            "C28H47NO4S",
            "C28H47NO4S",
            "C28H47NO4S",
            "C28H47NO4S",
            "C28H47NO4S",
            "C28H47NO4S",
            "C28H47NO4S",
            "C28H47NO4S",
            "C28H47NO4S",
            "C28H47NO4S",
            "C28H47NO4S",
            "C28H47NO4S",
            "C28H47NO4S",
            "C28H47NO4S",
            "C28H47NO4S",
            "C28H47NO4S",
            "C28H47NO4S",
            "C28H47NO4S",
            "C28H47NO4S"
        ],
        "ions": [
            "[M+H]+",
            "[M+H]+",
            "[M+H]+",
            "[M+H]+",
            "[M+H]+",
            "[M+H]+",
            "[M+H]+",
            "[M+H]+",
            "[M+H]+",
            "[M+H]+",
            "[M+H]+",
            "[M+H]+",
            "[M+H]+",
            "[M+H]+",
            "[M+H]+",
            "[M+H]+",
            "[M+H]+",
            "[M+H]+",
            "[M+H]+"
        ]
    }
}