{
    "cand_form": "C11H11N3O2S",
    "cand_ion": "[M+H]+",
    "output_tbl": {
        "mz": [
            92.0495,
            93.0573,
            94.0525,
            95.0604,
            108.0444,
            110.06,
            156.0114,
            170.0396,
            184.0869
        ],
        "ms2_inten": [
            0.8958936634518262,
            0.044653634728225644,
            0.09125018882434324,
            0.47268142943046404,
            0.8866627020335088,
            0.054289577778221104,
            1.0,
            0.04014624019718134,
            0.5055948559979703
        ],
        "mono_mass": [
            92.0495,
            93.0573,
            94.0525,
            95.0604,
            108.0444,
            110.06,
            156.0114,
            170.0396,
            184.0869
        ],
        "abs_mass_diff": [
            0.0,
            0.0,
            0.0,
            0.0,
            0.0,
            0.0,
            0.0,
            0.0,
            0.0
        ],
        "mass_diff": [
            0.0,
            0.0,
            0.0,
            0.0,
            0.0,
            0.0,
            0.0,
            0.0,
            0.0
        ],
        "formula": [
            "C11H11N3O2S",
            "C11H11N3O2S",
            "C11H11N3O2S",
            "C11H11N3O2S",
            "C11H11N3O2S",
            "C11H11N3O2S",
            "C11H11N3O2S",
            "C11H11N3O2S",
            "C11H11N3O2S"
        ],
        "ions": [
            "[M+H]+",
            "[M+H]+",
            "[M+H]+",
            "[M+H]+",
            "[M+H]+",
            "[M+H]+",
            "[M+H]+",
            "[M+H]+",
            "[M+H]+"
        ]
    }
}