{
    "cand_form": "C24H26N6O3",
    "cand_ion": "[M+H]+",
    "output_tbl": {
        "mz": [
            178.0777,
            179.0855,
            195.1128,
            207.0917,
            208.0955,
            235.0978,
            429.2034
        ],
        "ms2_inten": [
            0.029410378129392213,
            0.05017617661784266,
            0.10744878122792108,
            1.0,
            0.0606006383479248,
            0.27795407301852304,
            0.07848446995506901
        ],
        "mono_mass": [
            178.0777,
            179.0855,
            195.1128,
            207.0917,
            208.0955,
            235.0978,
            429.2034
        ],
        "abs_mass_diff": [
            0.0,
            0.0,
            0.0,
            0.0,
            0.0,
            0.0,
            0.0
        ],
        "mass_diff": [
            0.0,
            0.0,
            0.0,
            0.0,
            0.0,
            0.0,
            0.0
        ],
        "formula": [
            "C24H26N6O3",
            "C24H26N6O3",
            "C24H26N6O3",
            "C24H26N6O3",
            "C24H26N6O3",
            "C24H26N6O3",
            "C24H26N6O3"
        ],
        "ions": [
            "[M+H]+",
            "[M+H]+",
            "[M+H]+",
            "[M+H]+",
            "[M+H]+",
            "[M+H]+",
            "[M+H]+"
        ]
    }
}