{
    "cand_form": "C25H34N6OS2",
    "cand_ion": "[M+H]+",
    "output_tbl": {
        "mz": [
            56.0495,
            57.0573,
            57.9872,
            58.995,
            63.0229,
            64.0182,
            65.0386,
            68.9793,
            75.0229,
            76.0182,
            77.0386,
            79.0178,
            81.9872,
            83.9902,
            89.0386,
            90.0338,
            92.9793,
            95.0491,
            106.995,
            114.0338,
            227.7285,
            227.7529
        ],
        "ms2_inten": [
            0.33690217709694736,
            0.1208940521282257,
            0.0885120169195799,
            0.23701812722906143,
            0.7376700601278835,
            0.2556988983946844,
            0.15702401960826945,
            1.0,
            0.14455468618870745,
            0.07255701467860996,
            0.10171973589681213,
            0.11036294620857852,
            0.09503794745971096,
            0.10183460092353734,
            0.09222539975163933,
            0.1565299705317791,
            0.13020292221845983,
            0.130997341906865,
            0.10705646801476945,
            0.11857171906230134,
            0.07517743548445627,
            0.08457269893816212
        ],
        "mono_mass": [
            56.0495,
            57.0573,
            57.9872,
            58.995,
            63.0229,
            64.0182,
            65.0386,
            68.9793,
            75.0229,
            76.0182,
            77.0386,
            79.0178,
            81.9872,
            83.9902,
            89.0386,
            90.0338,
            92.9793,
            95.0491,
            106.995,
            114.0338,
            227.7285,
            227.7529
        ],
        "abs_mass_diff": [
            0.0,
            0.0,
            0.0,
            0.0,
            0.0,
            0.0,
            0.0,
            0.0,
            0.0,
            0.0,
            0.0,
            0.0,
            0.0,
            0.0,
            0.0,
            0.0,
            0.0,
            0.0,
            0.0,
            0.0,
            0.0,
            0.0
        ],
        "mass_diff": [
            0.0,
            0.0,
            0.0,
            0.0,
            0.0,
            0.0,
            0.0,
            0.0,
            0.0,
            0.0,
            0.0,
            0.0,
            0.0,
            0.0,
            0.0,
            0.0,
            0.0,
            0.0,
            0.0,
            0.0,
            0.0,
            0.0
        ],
        "formula": [
            "C25H34N6OS2",
            "C25H34N6OS2",
            "C25H34N6OS2",
            "C25H34N6OS2",
            "C25H34N6OS2",
            "C25H34N6OS2",
            "C25H34N6OS2",
            "C25H34N6OS2",
            "C25H34N6OS2",
            "C25H34N6OS2",
            "C25H34N6OS2",
            "C25H34N6OS2",
            "C25H34N6OS2",
            "C25H34N6OS2",
            "C25H34N6OS2",
            "C25H34N6OS2",
            "C25H34N6OS2",
            "C25H34N6OS2",
            "C25H34N6OS2",
            "C25H34N6OS2",
            "C25H34N6OS2",
            "C25H34N6OS2"
        ],
        "ions": [
            "[M+H]+",
            "[M+H]+",
            "[M+H]+",
            "[M+H]+",
            "[M+H]+",
            "[M+H]+",
            "[M+H]+",
            "[M+H]+",
            "[M+H]+",
            "[M+H]+",
            "[M+H]+",
            "[M+H]+",
            "[M+H]+",
            "[M+H]+",
            "[M+H]+",
            "[M+H]+",
            "[M+H]+",
            "[M+H]+",
            "[M+H]+",
            "[M+H]+",
            "[M+H]+",
            "[M+H]+"
        ]
    }
}