{
    "cand_form": "C21H18N4O4",
    "cand_ion": "[M+H]+",
    "output_tbl": {
        "mz": [
            77.0386,
            79.0542,
            80.0621,
            90.0464,
            91.0542,
            95.0491,
            105.0335,
            106.0413,
            107.0491,
            108.057,
            130.0651,
            135.0441,
            136.0505,
            151.0754,
            152.0792,
            169.076,
            191.073,
            192.0808,
            193.0886,
            204.0808,
            205.0886,
            206.0964,
            216.0808,
            232.0757,
            233.0822,
            262.0863
        ],
        "ms2_inten": [
            0.06068847828548994,
            0.08772571541854424,
            0.03748848160323058,
            0.07017135413584018,
            0.0777416579814907,
            0.052438059113536564,
            0.07838361314652678,
            0.04262450999326007,
            0.42315859250792726,
            0.0873450456404376,
            0.07709135828915993,
            0.3146677825470868,
            0.03939972855966434,
            0.25842951879858467,
            0.043329097752722236,
            0.28961338798457703,
            0.0568692744654188,
            0.04708405209180475,
            0.04537113332176903,
            1.0,
            0.27140774704726206,
            0.07139647901703128,
            0.044028511270385415,
            0.10312997699495029,
            0.0311841507843487,
            0.10226687188872216
        ],
        "mono_mass": [
            77.0386,
            79.0542,
            80.0621,
            90.0464,
            91.0542,
            95.0491,
            105.0335,
            106.0413,
            107.0491,
            108.057,
            130.0651,
            135.0441,
            136.0505,
            151.0754,
            152.0792,
            169.076,
            191.073,
            192.0808,
            193.0886,
            204.0808,
            205.0886,
            206.0964,
            216.0808,
            232.0757,
            233.0822,
            262.0863
        ],
        "abs_mass_diff": [
            0.0,
            0.0,
            0.0,
            0.0,
            0.0,
            0.0,
            0.0,
            0.0,
            0.0,
            0.0,
            0.0,
            0.0,
            0.0,
            0.0,
            0.0,
            0.0,
            0.0,
            0.0,
            0.0,
            0.0,
            0.0,
            0.0,
            0.0,
            0.0,
            0.0,
            0.0
        ],
        "mass_diff": [
            0.0,
            0.0,
            0.0,
            0.0,
            0.0,
            0.0,
            0.0,
            0.0,
            0.0,
            0.0,
            0.0,
            0.0,
            0.0,
            0.0,
            0.0,
            0.0,
            0.0,
            0.0,
            0.0,
            0.0,
            0.0,
            0.0,
            0.0,
            0.0,
            0.0,
            0.0
        ],
        "formula": [
            "C21H18N4O4",
            "C21H18N4O4",
            "C21H18N4O4",
            "C21H18N4O4",
            "C21H18N4O4",
            "C21H18N4O4",
            "C21H18N4O4",
            "C21H18N4O4",
            "C21H18N4O4",
            "C21H18N4O4",
            "C21H18N4O4",
            "C21H18N4O4",
            "C21H18N4O4",
            "C21H18N4O4",
            "C21H18N4O4",
            "C21H18N4O4",
            "C21H18N4O4",
            "C21H18N4O4",
            "C21H18N4O4",
            "C21H18N4O4",
            "C21H18N4O4",
            "C21H18N4O4",
            "C21H18N4O4",
            "C21H18N4O4",
            "C21H18N4O4",
            "C21H18N4O4"
        ],
        "ions": [
            "[M+H]+",
            "[M+H]+",
            "[M+H]+",
            "[M+H]+",
            "[M+H]+",
            "[M+H]+",
            "[M+H]+",
            "[M+H]+",
            "[M+H]+",
            "[M+H]+",
            "[M+H]+",
            "[M+H]+",
            "[M+H]+",
            "[M+H]+",
            "[M+H]+",
            "[M+H]+",
            "[M+H]+",
            "[M+H]+",
            "[M+H]+",
            "[M+H]+",
            "[M+H]+",
            "[M+H]+",
            "[M+H]+",
            "[M+H]+",
            "[M+H]+",
            "[M+H]+"
        ]
    }
}