{
    "cand_form": "C8H10N2O3S",
    "cand_ion": "[M-H]-",
    "output_tbl": {
        "mz": [
            0.0,
            61.9706,
            63.9624,
            77.9655,
            78.9733,
            79.9574,
            173.0592,
            227.7261
        ],
        "ms2_inten": [
            0.13924186648962966,
            0.2525109090040381,
            1.0,
            0.04638566113658721,
            0.08123467170666543,
            0.19190030803305438,
            0.048293903982438255,
            0.042848320719155404
        ],
        "mono_mass": [
            0.0,
            61.9706,
            63.9624,
            77.9655,
            78.9733,
            79.9574,
            173.0592,
            227.7261
        ],
        "abs_mass_diff": [
            0.0,
            0.0,
            0.0,
            0.0,
            0.0,
            0.0,
            0.0,
            0.0
        ],
        "mass_diff": [
            0.0,
            0.0,
            0.0,
            0.0,
            0.0,
            0.0,
            0.0,
            0.0
        ],
        "formula": [
            "C8H10N2O3S",
            "C8H10N2O3S",
            "C8H10N2O3S",
            "C8H10N2O3S",
            "C8H10N2O3S",
            "C8H10N2O3S",
            "C8H10N2O3S",
            "C8H10N2O3S"
        ],
        "ions": [
            "[M-H]-",
            "[M-H]-",
            "[M-H]-",
            "[M-H]-",
            "[M-H]-",
            "[M-H]-",
            "[M-H]-",
            "[M-H]-"
        ]
    }
}