{
    "cand_form": "C12H15N3O",
    "cand_ion": "[M+H]+",
    "output_tbl": {
        "mz": [
            0.0,
            70.0651,
            83.0491,
            91.0542,
            98.06,
            119.0185,
            119.9747
        ],
        "ms2_inten": [
            1.0,
            0.17439198451048366,
            0.4188506005539564,
            0.10344757534455523,
            0.14321521905588372,
            0.09848546537366157,
            0.10644607051034516
        ],
        "mono_mass": [
            0.0,
            70.0651,
            83.0491,
            91.0542,
            98.06,
            119.0185,
            119.9747
        ],
        "abs_mass_diff": [
            0.0,
            0.0,
            0.0,
            0.0,
            0.0,
            0.0,
            0.0
        ],
        "mass_diff": [
            0.0,
            0.0,
            0.0,
            0.0,
            0.0,
            0.0,
            0.0
        ],
        "formula": [
            "C12H15N3O",
            "C12H15N3O",
            "C12H15N3O",
            "C12H15N3O",
            "C12H15N3O",
            "C12H15N3O",
            "C12H15N3O"
        ],
        "ions": [
            "[M+H]+",
            "[M+H]+",
            "[M+H]+",
            "[M+H]+",
            "[M+H]+",
            "[M+H]+",
            "[M+H]+"
        ]
    }
}