{
    "cand_form": "C24H35NO5",
    "cand_ion": "[M+H]+",
    "output_tbl": {
        "mz": [
            120.0444,
            121.0284,
            130.0286,
            136.0391,
            147.0315,
            148.0393,
            149.0428,
            158.0239,
            160.0393,
            175.0274,
            176.0342,
            204.0292,
            221.0317,
            222.0397,
            223.0436,
            234.0399,
            236.0556
        ],
        "ms2_inten": [
            0.0390485818629464,
            0.22762359797382814,
            0.05057883832097356,
            0.03169579397470145,
            0.18758073372699138,
            1.0,
            0.03804023166906514,
            0.11217503937367149,
            0.25429114480413306,
            0.028236356376128445,
            0.27373049815133244,
            0.19533165741291678,
            0.07502714184952275,
            0.4200107100458694,
            0.023766947488382255,
            0.040767830787198554,
            0.10097636848555121
        ],
        "mono_mass": [
            120.0444,
            121.0284,
            130.0286,
            136.0391,
            147.0315,
            148.0393,
            149.0428,
            158.0239,
            160.0393,
            175.0274,
            176.0342,
            204.0292,
            221.0317,
            222.0397,
            223.0436,
            234.0399,
            236.0556
        ],
        "abs_mass_diff": [
            0.0,
            0.0,
            0.0,
            0.0,
            0.0,
            0.0,
            0.0,
            0.0,
            0.0,
            0.0,
            0.0,
            0.0,
            0.0,
            0.0,
            0.0,
            0.0,
            0.0
        ],
        "mass_diff": [
            0.0,
            0.0,
            0.0,
            0.0,
            0.0,
            0.0,
            0.0,
            0.0,
            0.0,
            0.0,
            0.0,
            0.0,
            0.0,
            0.0,
            0.0,
            0.0,
            0.0
        ],
        "formula": [
            "C24H35NO5",
            "C24H35NO5",
            "C24H35NO5",
            "C24H35NO5",
            "C24H35NO5",
            "C24H35NO5",
            "C24H35NO5",
            "C24H35NO5",
            "C24H35NO5",
            "C24H35NO5",
            "C24H35NO5",
            "C24H35NO5",
            "C24H35NO5",
            "C24H35NO5",
            "C24H35NO5",
            "C24H35NO5",
            "C24H35NO5"
        ],
        "ions": [
            "[M+H]+",
            "[M+H]+",
            "[M+H]+",
            "[M+H]+",
            "[M+H]+",
            "[M+H]+",
            "[M+H]+",
            "[M+H]+",
            "[M+H]+",
            "[M+H]+",
            "[M+H]+",
            "[M+H]+",
            "[M+H]+",
            "[M+H]+",
            "[M+H]+",
            "[M+H]+",
            "[M+H]+"
        ]
    }
}