{
    "cand_form": "C10H8N2O2",
    "cand_ion": "[M+H]+",
    "output_tbl": {
        "mz": [
            44.0495,
            51.94,
            55.9344,
            56.9423,
            57.9348,
            70.9578,
            72.9371,
            88.9683,
            90.9476
        ],
        "ms2_inten": [
            0.11968156350246736,
            0.10129740918059536,
            1.0,
            0.04688552697995575,
            0.09509628571834626,
            0.30929204753085343,
            0.8925737557329354,
            0.050950853225523514,
            0.2657688928458147
        ],
        "mono_mass": [
            44.0495,
            51.94,
            55.9344,
            56.9423,
            57.9348,
            70.9578,
            72.9371,
            88.9683,
            90.9476
        ],
        "abs_mass_diff": [
            0.0,
            0.0,
            0.0,
            0.0,
            0.0,
            0.0,
            0.0,
            0.0,
            0.0
        ],
        "mass_diff": [
            0.0,
            0.0,
            0.0,
            0.0,
            0.0,
            0.0,
            0.0,
            0.0,
            0.0
        ],
        "formula": [
            "C10H8N2O2",
            "C10H8N2O2",
            "C10H8N2O2",
            "C10H8N2O2",
            "C10H8N2O2",
            "C10H8N2O2",
            "C10H8N2O2",
            "C10H8N2O2",
            "C10H8N2O2"
        ],
        "ions": [
            "[M+H]+",
            "[M+H]+",
            "[M+H]+",
            "[M+H]+",
            "[M+H]+",
            "[M+H]+",
            "[M+H]+",
            "[M+H]+",
            "[M+H]+"
        ]
    }
}