{
    "cand_form": "C14H10O5",
    "cand_ion": "[M-H]-",
    "output_tbl": {
        "mz": [
            137.0244,
            138.028,
            257.0455,
            258.0424
        ],
        "ms2_inten": [
            1.0,
            0.04466889474110802,
            0.041994905879375925,
            0.013471023259937005
        ],
        "mono_mass": [
            137.0244,
            138.028,
            257.0455,
            258.0424
        ],
        "abs_mass_diff": [
            0.0,
            0.0,
            0.0,
            0.0
        ],
        "mass_diff": [
            0.0,
            0.0,
            0.0,
            0.0
        ],
        "formula": [
            "C14H10O5",
            "C14H10O5",
            "C14H10O5",
            "C14H10O5"
        ],
        "ions": [
            "[M-H]-",
            "[M-H]-",
            "[M-H]-",
            "[M-H]-"
        ]
    }
}