{
    "cand_form": "C14H11Cl2NO2",
    "cand_ion": "[M-H]-",
    "output_tbl": {
        "mz": [
            250.0196,
            251.0274,
            293.0172,
            293.1799,
            294.0094,
            295.0172
        ],
        "ms2_inten": [
            1.0,
            0.05646008957596913,
            0.026774858994275348,
            0.010567923540009556,
            0.7373353227734398,
            0.07236450083749629
        ],
        "mono_mass": [
            250.0196,
            251.0274,
            293.0172,
            293.1799,
            294.0094,
            295.0172
        ],
        "abs_mass_diff": [
            0.0,
            0.0,
            0.0,
            0.0,
            0.0,
            0.0
        ],
        "mass_diff": [
            0.0,
            0.0,
            0.0,
            0.0,
            0.0,
            0.0
        ],
        "formula": [
            "C14H11Cl2NO2",
            "C14H11Cl2NO2",
            "C14H11Cl2NO2",
            "C14H11Cl2NO2",
            "C14H11Cl2NO2",
            "C14H11Cl2NO2"
        ],
        "ions": [
            "[M-H]-",
            "[M-H]-",
            "[M-H]-",
            "[M-H]-",
            "[M-H]-",
            "[M-H]-"
        ]
    }
}