{
    "cand_form": "C18H14F3N3O4S",
    "cand_ion": "[M-H]-",
    "output_tbl": {
        "mz": [
            59.0139,
            61.9884,
            96.9601,
            133.0169,
            197.9867,
            239.0586,
            254.0434,
            255.0501,
            255.0876,
            266.9632,
            269.0691,
            270.1111,
            281.1057,
            282.1111,
            283.0826,
            284.0854,
            298.106,
            299.1127
        ],
        "ms2_inten": [
            0.13351412198165408,
            0.13045671830295413,
            0.10187889541225069,
            0.09961788004172017,
            0.09271773745231414,
            0.15759839705833242,
            0.2768336451103813,
            0.1061002257992307,
            0.17612136882239915,
            0.11583463218787093,
            0.21136277957846875,
            0.1532317706787113,
            0.11795205203901624,
            0.10962639327213425,
            0.26216871651632356,
            0.08590290193791128,
            1.0,
            0.26891463562849516
        ],
        "mono_mass": [
            59.0139,
            61.9884,
            96.9601,
            133.0169,
            197.9867,
            239.0586,
            254.0434,
            255.0501,
            255.0876,
            266.9632,
            269.0691,
            270.1111,
            281.1057,
            282.1111,
            283.0826,
            284.0854,
            298.106,
            299.1127
        ],
        "abs_mass_diff": [
            0.0,
            0.0,
            0.0,
            0.0,
            0.0,
            0.0,
            0.0,
            0.0,
            0.0,
            0.0,
            0.0,
            0.0,
            0.0,
            0.0,
            0.0,
            0.0,
            0.0,
            0.0
        ],
        "mass_diff": [
            0.0,
            0.0,
            0.0,
            0.0,
            0.0,
            0.0,
            0.0,
            0.0,
            0.0,
            0.0,
            0.0,
            0.0,
            0.0,
            0.0,
            0.0,
            0.0,
            0.0,
            0.0
        ],
        "formula": [
            "C18H14F3N3O4S",
            "C18H14F3N3O4S",
            "C18H14F3N3O4S",
            "C18H14F3N3O4S",
            "C18H14F3N3O4S",
            "C18H14F3N3O4S",
            "C18H14F3N3O4S",
            "C18H14F3N3O4S",
            "C18H14F3N3O4S",
            "C18H14F3N3O4S",
            "C18H14F3N3O4S",
            "C18H14F3N3O4S",
            "C18H14F3N3O4S",
            "C18H14F3N3O4S",
            "C18H14F3N3O4S",
            "C18H14F3N3O4S",
            "C18H14F3N3O4S",
            "C18H14F3N3O4S"
        ],
        "ions": [
            "[M-H]-",
            "[M-H]-",
            "[M-H]-",
            "[M-H]-",
            "[M-H]-",
            "[M-H]-",
            "[M-H]-",
            "[M-H]-",
            "[M-H]-",
            "[M-H]-",
            "[M-H]-",
            "[M-H]-",
            "[M-H]-",
            "[M-H]-",
            "[M-H]-",
            "[M-H]-",
            "[M-H]-",
            "[M-H]-"
        ]
    }
}