{
    "cand_form": "C21H28O5",
    "cand_ion": "[M+H]+",
    "output_tbl": {
        "mz": [
            147.0804,
            171.0804,
            173.0961,
            223.1117,
            225.1076,
            225.611,
            265.1587,
            279.1743,
            289.1587,
            307.1693,
            325.1798,
            326.1876,
            343.1904,
            344.1982,
            361.201,
            362.3254
        ],
        "ms2_inten": [
            0.23945648571119837,
            0.06430492356506513,
            0.07467045479517814,
            0.05320447729941017,
            0.06407803608497277,
            0.051383844256440436,
            0.09012835788062015,
            0.1280286439857183,
            0.17203685890374165,
            0.31904137200187144,
            0.4329093394008975,
            0.06500070139985063,
            1.0,
            0.17326497759107182,
            0.15011358749285647,
            0.10153177016812076
        ],
        "mono_mass": [
            147.0804,
            171.0804,
            173.0961,
            223.1117,
            225.1076,
            225.611,
            265.1587,
            279.1743,
            289.1587,
            307.1693,
            325.1798,
            326.1876,
            343.1904,
            344.1982,
            361.201,
            362.3254
        ],
        "abs_mass_diff": [
            0.0,
            0.0,
            0.0,
            0.0,
            0.0,
            0.0,
            0.0,
            0.0,
            0.0,
            0.0,
            0.0,
            0.0,
            0.0,
            0.0,
            0.0,
            0.0
        ],
        "mass_diff": [
            0.0,
            0.0,
            0.0,
            0.0,
            0.0,
            0.0,
            0.0,
            0.0,
            0.0,
            0.0,
            0.0,
            0.0,
            0.0,
            0.0,
            0.0,
            0.0
        ],
        "formula": [
            "C21H28O5",
            "C21H28O5",
            "C21H28O5",
            "C21H28O5",
            "C21H28O5",
            "C21H28O5",
            "C21H28O5",
            "C21H28O5",
            "C21H28O5",
            "C21H28O5",
            "C21H28O5",
            "C21H28O5",
            "C21H28O5",
            "C21H28O5",
            "C21H28O5",
            "C21H28O5"
        ],
        "ions": [
            "[M+H]+",
            "[M+H]+",
            "[M+H]+",
            "[M+H]+",
            "[M+H]+",
            "[M+H]+",
            "[M+H]+",
            "[M+H]+",
            "[M+H]+",
            "[M+H]+",
            "[M+H]+",
            "[M+H]+",
            "[M+H]+",
            "[M+H]+",
            "[M+H]+",
            "[M+H]+"
        ]
    }
}