{
    "cand_form": "C22H18Cl2N2O5",
    "cand_ion": "[M+H]+",
    "output_tbl": {
        "mz": [
            135.0441,
            204.0808,
            205.0886,
            206.0942,
            216.0808,
            217.0886,
            232.0757,
            233.0835,
            234.0913,
            244.0757,
            245.0835,
            246.0891,
            262.0863,
            263.0914,
            272.0706,
            274.0863,
            275.0914,
            302.0812
        ],
        "ms2_inten": [
            0.532658489814304,
            0.17850119045829882,
            0.39054712675147235,
            0.06063889226387101,
            0.13453701351443437,
            0.04629745227377928,
            0.17024274943688097,
            0.17626620225303144,
            0.05387974726443868,
            0.14879049352338414,
            0.03459926971221432,
            0.05094430108566586,
            0.6516040661301743,
            0.06712742868189978,
            0.05433902569587655,
            1.0,
            0.2133538512127211,
            0.044847643247469565
        ],
        "mono_mass": [
            135.0441,
            204.0808,
            205.0886,
            206.0942,
            216.0808,
            217.0886,
            232.0757,
            233.0835,
            234.0913,
            244.0757,
            245.0835,
            246.0891,
            262.0863,
            263.0914,
            272.0706,
            274.0863,
            275.0914,
            302.0812
        ],
        "abs_mass_diff": [
            0.0,
            0.0,
            0.0,
            0.0,
            0.0,
            0.0,
            0.0,
            0.0,
            0.0,
            0.0,
            0.0,
            0.0,
            0.0,
            0.0,
            0.0,
            0.0,
            0.0,
            0.0
        ],
        "mass_diff": [
            0.0,
            0.0,
            0.0,
            0.0,
            0.0,
            0.0,
            0.0,
            0.0,
            0.0,
            0.0,
            0.0,
            0.0,
            0.0,
            0.0,
            0.0,
            0.0,
            0.0,
            0.0
        ],
        "formula": [
            "C22H18Cl2N2O5",
            "C22H18Cl2N2O5",
            "C22H18Cl2N2O5",
            "C22H18Cl2N2O5",
            "C22H18Cl2N2O5",
            "C22H18Cl2N2O5",
            "C22H18Cl2N2O5",
            "C22H18Cl2N2O5",
            "C22H18Cl2N2O5",
            "C22H18Cl2N2O5",
            "C22H18Cl2N2O5",
            "C22H18Cl2N2O5",
            "C22H18Cl2N2O5",
            "C22H18Cl2N2O5",
            "C22H18Cl2N2O5",
            "C22H18Cl2N2O5",
            "C22H18Cl2N2O5",
            "C22H18Cl2N2O5"
        ],
        "ions": [
            "[M+H]+",
            "[M+H]+",
            "[M+H]+",
            "[M+H]+",
            "[M+H]+",
            "[M+H]+",
            "[M+H]+",
            "[M+H]+",
            "[M+H]+",
            "[M+H]+",
            "[M+H]+",
            "[M+H]+",
            "[M+H]+",
            "[M+H]+",
            "[M+H]+",
            "[M+H]+",
            "[M+H]+",
            "[M+H]+"
        ]
    }
}