{
    "cand_form": "C18H20N4O4",
    "cand_ion": "[M+H]+",
    "output_tbl": {
        "mz": [
            0.0,
            51.0229,
            52.0182,
            53.0022,
            53.0386,
            54.0338,
            63.0229,
            64.0182,
            65.0386,
            66.0338,
            67.0291,
            75.0229,
            76.0182,
            77.0386,
            78.0338,
            80.0495,
            89.0386,
            90.0338,
            95.0491,
            102.0338,
            130.04
        ],
        "ms2_inten": [
            0.1647535673862543,
            0.3757178340807923,
            0.1345891683182451,
            0.08294716196561627,
            0.17765870622081156,
            0.18758014075805132,
            1.0,
            0.2869878639111726,
            0.4179256669194246,
            0.19514094982136998,
            0.16819359457936198,
            0.2732268281536496,
            0.1212750917483495,
            0.14256080558712456,
            0.08338498165959994,
            0.1553124704523502,
            0.1672416388262144,
            0.33236963576901757,
            0.12303057671914021,
            0.0984569046948087,
            0.07737627124418085
        ],
        "mono_mass": [
            0.0,
            51.0229,
            52.0182,
            53.0022,
            53.0386,
            54.0338,
            63.0229,
            64.0182,
            65.0386,
            66.0338,
            67.0291,
            75.0229,
            76.0182,
            77.0386,
            78.0338,
            80.0495,
            89.0386,
            90.0338,
            95.0491,
            102.0338,
            130.04
        ],
        "abs_mass_diff": [
            0.0,
            0.0,
            0.0,
            0.0,
            0.0,
            0.0,
            0.0,
            0.0,
            0.0,
            0.0,
            0.0,
            0.0,
            0.0,
            0.0,
            0.0,
            0.0,
            0.0,
            0.0,
            0.0,
            0.0,
            0.0
        ],
        "mass_diff": [
            0.0,
            0.0,
            0.0,
            0.0,
            0.0,
            0.0,
            0.0,
            0.0,
            0.0,
            0.0,
            0.0,
            0.0,
            0.0,
            0.0,
            0.0,
            0.0,
            0.0,
            0.0,
            0.0,
            0.0,
            0.0
        ],
        "formula": [
            "C18H20N4O4",
            "C18H20N4O4",
            "C18H20N4O4",
            "C18H20N4O4",
            "C18H20N4O4",
            "C18H20N4O4",
            "C18H20N4O4",
            "C18H20N4O4",
            "C18H20N4O4",
            "C18H20N4O4",
            "C18H20N4O4",
            "C18H20N4O4",
            "C18H20N4O4",
            "C18H20N4O4",
            "C18H20N4O4",
            "C18H20N4O4",
            "C18H20N4O4",
            "C18H20N4O4",
            "C18H20N4O4",
            "C18H20N4O4",
            "C18H20N4O4"
        ],
        "ions": [
            "[M+H]+",
            "[M+H]+",
            "[M+H]+",
            "[M+H]+",
            "[M+H]+",
            "[M+H]+",
            "[M+H]+",
            "[M+H]+",
            "[M+H]+",
            "[M+H]+",
            "[M+H]+",
            "[M+H]+",
            "[M+H]+",
            "[M+H]+",
            "[M+H]+",
            "[M+H]+",
            "[M+H]+",
            "[M+H]+",
            "[M+H]+",
            "[M+H]+",
            "[M+H]+"
        ]
    }
}