{
    "cand_form": "C19H17N5O7S3",
    "cand_ion": "[M+H]+",
    "output_tbl": {
        "mz": [
            71.9902,
            72.9981,
            82.9824,
            83.9902,
            95.0128,
            97.9934,
            99.0014,
            100.009,
            124.009,
            125.0043,
            126.0123,
            127.0201,
            140.9989
        ],
        "ms2_inten": [
            0.07541836782649876,
            0.06955882583318036,
            0.06040252827143469,
            0.09420904051251502,
            0.5143859857715943,
            0.1443143115137936,
            0.07836457487707504,
            0.12899515650965024,
            0.044314979512172385,
            1.0,
            0.29887476617044123,
            0.04913568922931946,
            0.06075722416346559
        ],
        "mono_mass": [
            71.9902,
            72.9981,
            82.9824,
            83.9902,
            95.0128,
            97.9934,
            99.0014,
            100.009,
            124.009,
            125.0043,
            126.0123,
            127.0201,
            140.9989
        ],
        "abs_mass_diff": [
            0.0,
            0.0,
            0.0,
            0.0,
            0.0,
            0.0,
            0.0,
            0.0,
            0.0,
            0.0,
            0.0,
            0.0,
            0.0
        ],
        "mass_diff": [
            0.0,
            0.0,
            0.0,
            0.0,
            0.0,
            0.0,
            0.0,
            0.0,
            0.0,
            0.0,
            0.0,
            0.0,
            0.0
        ],
        "formula": [
            "C19H17N5O7S3",
            "C19H17N5O7S3",
            "C19H17N5O7S3",
            "C19H17N5O7S3",
            "C19H17N5O7S3",
            "C19H17N5O7S3",
            "C19H17N5O7S3",
            "C19H17N5O7S3",
            "C19H17N5O7S3",
            "C19H17N5O7S3",
            "C19H17N5O7S3",
            "C19H17N5O7S3",
            "C19H17N5O7S3"
        ],
        "ions": [
            "[M+H]+",
            "[M+H]+",
            "[M+H]+",
            "[M+H]+",
            "[M+H]+",
            "[M+H]+",
            "[M+H]+",
            "[M+H]+",
            "[M+H]+",
            "[M+H]+",
            "[M+H]+",
            "[M+H]+",
            "[M+H]+"
        ]
    }
}