{
    "cand_form": "C22H19ClN2O5",
    "cand_ion": "[M+H]+",
    "output_tbl": {
        "mz": [
            77.0386,
            79.0542,
            95.0491,
            105.034,
            135.0441,
            189.0699,
            190.0629,
            191.073,
            192.0808,
            203.073,
            204.0808,
            205.0864,
            214.0651,
            215.073,
            216.0808,
            217.0886,
            218.0942,
            232.0757,
            244.0757,
            246.0918,
            274.0863
        ],
        "ms2_inten": [
            0.1425226910008511,
            0.0809878585052759,
            0.09404458015841413,
            0.07337477570944324,
            0.2690647952736135,
            0.31518133490619843,
            0.103320636455134,
            0.06627836354117189,
            0.05156743067716074,
            0.038081675849113754,
            1.0,
            0.1686972408553428,
            0.08476157615770531,
            0.29658426289355166,
            0.5858045640476665,
            0.38891638318191074,
            0.1043429015711897,
            0.058690985514991495,
            0.09120032011043787,
            0.05036827588692789,
            0.09258346619961319
        ],
        "mono_mass": [
            77.0386,
            79.0542,
            95.0491,
            105.034,
            135.0441,
            189.0699,
            190.0629,
            191.073,
            192.0808,
            203.073,
            204.0808,
            205.0864,
            214.0651,
            215.073,
            216.0808,
            217.0886,
            218.0942,
            232.0757,
            244.0757,
            246.0918,
            274.0863
        ],
        "abs_mass_diff": [
            0.0,
            0.0,
            0.0,
            0.0,
            0.0,
            0.0,
            0.0,
            0.0,
            0.0,
            0.0,
            0.0,
            0.0,
            0.0,
            0.0,
            0.0,
            0.0,
            0.0,
            0.0,
            0.0,
            0.0,
            0.0
        ],
        "mass_diff": [
            0.0,
            0.0,
            0.0,
            0.0,
            0.0,
            0.0,
            0.0,
            0.0,
            0.0,
            0.0,
            0.0,
            0.0,
            0.0,
            0.0,
            0.0,
            0.0,
            0.0,
            0.0,
            0.0,
            0.0,
            0.0
        ],
        "formula": [
            "C22H19ClN2O5",
            "C22H19ClN2O5",
            "C22H19ClN2O5",
            "C22H19ClN2O5",
            "C22H19ClN2O5",
            "C22H19ClN2O5",
            "C22H19ClN2O5",
            "C22H19ClN2O5",
            "C22H19ClN2O5",
            "C22H19ClN2O5",
            "C22H19ClN2O5",
            "C22H19ClN2O5",
            "C22H19ClN2O5",
            "C22H19ClN2O5",
            "C22H19ClN2O5",
            "C22H19ClN2O5",
            "C22H19ClN2O5",
            "C22H19ClN2O5",
            "C22H19ClN2O5",
            "C22H19ClN2O5",
            "C22H19ClN2O5"
        ],
        "ions": [
            "[M+H]+",
            "[M+H]+",
            "[M+H]+",
            "[M+H]+",
            "[M+H]+",
            "[M+H]+",
            "[M+H]+",
            "[M+H]+",
            "[M+H]+",
            "[M+H]+",
            "[M+H]+",
            "[M+H]+",
            "[M+H]+",
            "[M+H]+",
            "[M+H]+",
            "[M+H]+",
            "[M+H]+",
            "[M+H]+",
            "[M+H]+",
            "[M+H]+",
            "[M+H]+"
        ]
    }
}