{
    "cand_form": "C16H17N3O4S",
    "cand_ion": "[M+H]+",
    "output_tbl": {
        "mz": [
            0.0,
            58.0651,
            68.0495,
            88.0757,
            91.0542,
            106.0651,
            114.0008,
            118.0651,
            126.1277,
            132.0682,
            133.076,
            158.027,
            174.055,
            183.9791,
            210.9848,
            211.9927,
            213.0005,
            213.9924,
            261.1056,
            292.9119,
            334.1558
        ],
        "ms2_inten": [
            0.14039615149776058,
            0.0521914314688002,
            0.15745870256917593,
            0.08222968896987004,
            0.05127923816942707,
            0.5941624583240815,
            0.10249404531056683,
            0.14195360784937133,
            0.05542086704965772,
            0.16023155916085602,
            0.05963869365982961,
            0.5012013468919401,
            0.15547395297673494,
            0.0466636541687304,
            0.062103972481352986,
            1.0,
            0.1146565749970738,
            0.9417775384526996,
            0.11590977636168726,
            0.5906269455848168,
            0.06348314186559577
        ],
        "mono_mass": [
            0.0,
            58.0651,
            68.0495,
            88.0757,
            91.0542,
            106.0651,
            114.0008,
            118.0651,
            126.1277,
            132.0682,
            133.076,
            158.027,
            174.055,
            183.9791,
            210.9848,
            211.9927,
            213.0005,
            213.9924,
            261.1056,
            292.9119,
            334.1558
        ],
        "abs_mass_diff": [
            0.0,
            0.0,
            0.0,
            0.0,
            0.0,
            0.0,
            0.0,
            0.0,
            0.0,
            0.0,
            0.0,
            0.0,
            0.0,
            0.0,
            0.0,
            0.0,
            0.0,
            0.0,
            0.0,
            0.0,
            0.0
        ],
        "mass_diff": [
            0.0,
            0.0,
            0.0,
            0.0,
            0.0,
            0.0,
            0.0,
            0.0,
            0.0,
            0.0,
            0.0,
            0.0,
            0.0,
            0.0,
            0.0,
            0.0,
            0.0,
            0.0,
            0.0,
            0.0,
            0.0
        ],
        "formula": [
            "C16H17N3O4S",
            "C16H17N3O4S",
            "C16H17N3O4S",
            "C16H17N3O4S",
            "C16H17N3O4S",
            "C16H17N3O4S",
            "C16H17N3O4S",
            "C16H17N3O4S",
            "C16H17N3O4S",
            "C16H17N3O4S",
            "C16H17N3O4S",
            "C16H17N3O4S",
            "C16H17N3O4S",
            "C16H17N3O4S",
            "C16H17N3O4S",
            "C16H17N3O4S",
            "C16H17N3O4S",
            "C16H17N3O4S",
            "C16H17N3O4S",
            "C16H17N3O4S",
            "C16H17N3O4S"
        ],
        "ions": [
            "[M+H]+",
            "[M+H]+",
            "[M+H]+",
            "[M+H]+",
            "[M+H]+",
            "[M+H]+",
            "[M+H]+",
            "[M+H]+",
            "[M+H]+",
            "[M+H]+",
            "[M+H]+",
            "[M+H]+",
            "[M+H]+",
            "[M+H]+",
            "[M+H]+",
            "[M+H]+",
            "[M+H]+",
            "[M+H]+",
            "[M+H]+",
            "[M+H]+",
            "[M+H]+"
        ]
    }
}