{
    "cand_form": "C22H22N2O8",
    "cand_ion": "[M-H]-",
    "output_tbl": {
        "mz": [
            59.0139,
            96.96,
            106.0424,
            132.0329,
            133.0407,
            135.0452,
            197.0972,
            227.7264,
            241.087,
            294.1109,
            309.1033,
            310.1058,
            311.1136,
            315.1391,
            359.1249,
            411.246,
            441.2484,
            442.2526
        ],
        "ms2_inten": [
            0.11154852612734865,
            0.16649964934935838,
            0.06298057605197473,
            0.1742870301213005,
            0.133880366573555,
            0.046590152781539634,
            0.2523904706926285,
            0.047999357976458525,
            0.06074852284427372,
            0.12091043315613849,
            0.060954809385581656,
            0.30049612733953285,
            0.07958640551629545,
            0.07699784685002639,
            0.07580025407352081,
            0.04013073933935413,
            1.0,
            0.08757219344971834
        ],
        "mono_mass": [
            59.0139,
            96.96,
            106.0424,
            132.0329,
            133.0407,
            135.0452,
            197.0972,
            227.7264,
            241.087,
            294.1109,
            309.1033,
            310.1058,
            311.1136,
            315.1391,
            359.1249,
            411.246,
            441.2484,
            442.2526
        ],
        "abs_mass_diff": [
            0.0,
            0.0,
            0.0,
            0.0,
            0.0,
            0.0,
            0.0,
            0.0,
            0.0,
            0.0,
            0.0,
            0.0,
            0.0,
            0.0,
            0.0,
            0.0,
            0.0,
            0.0
        ],
        "mass_diff": [
            0.0,
            0.0,
            0.0,
            0.0,
            0.0,
            0.0,
            0.0,
            0.0,
            0.0,
            0.0,
            0.0,
            0.0,
            0.0,
            0.0,
            0.0,
            0.0,
            0.0,
            0.0
        ],
        "formula": [
            "C22H22N2O8",
            "C22H22N2O8",
            "C22H22N2O8",
            "C22H22N2O8",
            "C22H22N2O8",
            "C22H22N2O8",
            "C22H22N2O8",
            "C22H22N2O8",
            "C22H22N2O8",
            "C22H22N2O8",
            "C22H22N2O8",
            "C22H22N2O8",
            "C22H22N2O8",
            "C22H22N2O8",
            "C22H22N2O8",
            "C22H22N2O8",
            "C22H22N2O8",
            "C22H22N2O8"
        ],
        "ions": [
            "[M-H]-",
            "[M-H]-",
            "[M-H]-",
            "[M-H]-",
            "[M-H]-",
            "[M-H]-",
            "[M-H]-",
            "[M-H]-",
            "[M-H]-",
            "[M-H]-",
            "[M-H]-",
            "[M-H]-",
            "[M-H]-",
            "[M-H]-",
            "[M-H]-",
            "[M-H]-",
            "[M-H]-",
            "[M-H]-"
        ]
    }
}