{
    "cand_form": "C12H18N2O3S",
    "cand_ion": "[M-H]-",
    "output_tbl": {
        "mz": [
            61.9706,
            63.9625,
            77.9657,
            78.9735,
            79.9814
        ],
        "ms2_inten": [
            0.7377535713312003,
            1.0,
            0.08737902966952074,
            0.27579134964308444,
            0.0425666095155705
        ],
        "mono_mass": [
            61.9706,
            63.9625,
            77.9657,
            78.9735,
            79.9814
        ],
        "abs_mass_diff": [
            0.0,
            0.0,
            0.0,
            0.0,
            0.0
        ],
        "mass_diff": [
            0.0,
            0.0,
            0.0,
            0.0,
            0.0
        ],
        "formula": [
            "C12H18N2O3S",
            "C12H18N2O3S",
            "C12H18N2O3S",
            "C12H18N2O3S",
            "C12H18N2O3S"
        ],
        "ions": [
            "[M-H]-",
            "[M-H]-",
            "[M-H]-",
            "[M-H]-",
            "[M-H]-"
        ]
    }
}