{
    "cand_form": "C15H13Cl2N5",
    "cand_ion": "[M+H]+",
    "output_tbl": {
        "mz": [
            0.0,
            51.0229,
            63.0229,
            65.0386,
            72.984,
            74.0151,
            75.0229,
            84.984,
            89.0386,
            139.0058
        ],
        "ms2_inten": [
            0.068247414271337,
            0.08746421878687256,
            0.12838595630293506,
            0.06645231741509475,
            0.11720974253420725,
            0.3935247455772798,
            1.0,
            0.12580544291661672,
            0.14635117719556526,
            0.08166375494181959
        ],
        "mono_mass": [
            0.0,
            51.0229,
            63.0229,
            65.0386,
            72.984,
            74.0151,
            75.0229,
            84.984,
            89.0386,
            139.0058
        ],
        "abs_mass_diff": [
            0.0,
            0.0,
            0.0,
            0.0,
            0.0,
            0.0,
            0.0,
            0.0,
            0.0,
            0.0
        ],
        "mass_diff": [
            0.0,
            0.0,
            0.0,
            0.0,
            0.0,
            0.0,
            0.0,
            0.0,
            0.0,
            0.0
        ],
        "formula": [
            "C15H13Cl2N5",
            "C15H13Cl2N5",
            "C15H13Cl2N5",
            "C15H13Cl2N5",
            "C15H13Cl2N5",
            "C15H13Cl2N5",
            "C15H13Cl2N5",
            "C15H13Cl2N5",
            "C15H13Cl2N5",
            "C15H13Cl2N5"
        ],
        "ions": [
            "[M+H]+",
            "[M+H]+",
            "[M+H]+",
            "[M+H]+",
            "[M+H]+",
            "[M+H]+",
            "[M+H]+",
            "[M+H]+",
            "[M+H]+",
            "[M+H]+"
        ]
    }
}