{
    "cand_form": "C24H35NO5",
    "cand_ion": "[M+H]+",
    "output_tbl": {
        "mz": [
            0.0,
            51.0229,
            52.0182,
            52.0308,
            53.0022,
            63.0229,
            65.0386,
            68.0131,
            74.0151,
            75.0229,
            76.0182,
            76.0308,
            77.0386,
            79.0178,
            102.0338,
            103.0178,
            121.0284
        ],
        "ms2_inten": [
            0.07428541569151445,
            0.16742620257256227,
            0.09326252730547885,
            0.03342737103973832,
            0.15954623046422745,
            0.11626673624009724,
            0.16008239385355533,
            0.5036962588318497,
            0.23668431771269657,
            1.0,
            0.06803078752052383,
            0.0391203498561471,
            0.047237479227980196,
            0.03707069607837698,
            0.06411382825952447,
            0.07183430549257318,
            0.21301250058764631
        ],
        "mono_mass": [
            0.0,
            51.0229,
            52.0182,
            52.0308,
            53.0022,
            63.0229,
            65.0386,
            68.0131,
            74.0151,
            75.0229,
            76.0182,
            76.0308,
            77.0386,
            79.0178,
            102.0338,
            103.0178,
            121.0284
        ],
        "abs_mass_diff": [
            0.0,
            0.0,
            0.0,
            0.0,
            0.0,
            0.0,
            0.0,
            0.0,
            0.0,
            0.0,
            0.0,
            0.0,
            0.0,
            0.0,
            0.0,
            0.0,
            0.0
        ],
        "mass_diff": [
            0.0,
            0.0,
            0.0,
            0.0,
            0.0,
            0.0,
            0.0,
            0.0,
            0.0,
            0.0,
            0.0,
            0.0,
            0.0,
            0.0,
            0.0,
            0.0,
            0.0
        ],
        "formula": [
            "C24H35NO5",
            "C24H35NO5",
            "C24H35NO5",
            "C24H35NO5",
            "C24H35NO5",
            "C24H35NO5",
            "C24H35NO5",
            "C24H35NO5",
            "C24H35NO5",
            "C24H35NO5",
            "C24H35NO5",
            "C24H35NO5",
            "C24H35NO5",
            "C24H35NO5",
            "C24H35NO5",
            "C24H35NO5",
            "C24H35NO5"
        ],
        "ions": [
            "[M+H]+",
            "[M+H]+",
            "[M+H]+",
            "[M+H]+",
            "[M+H]+",
            "[M+H]+",
            "[M+H]+",
            "[M+H]+",
            "[M+H]+",
            "[M+H]+",
            "[M+H]+",
            "[M+H]+",
            "[M+H]+",
            "[M+H]+",
            "[M+H]+",
            "[M+H]+",
            "[M+H]+"
        ]
    }
}