{
    "cand_form": "C21H28N6O3S2",
    "cand_ion": "[M+H]+",
    "output_tbl": {
        "mz": [
            56.0495,
            85.076,
            86.0838,
            269.0505,
            270.057,
            271.1005,
            297.0805,
            298.0883,
            299.0961,
            300.0999,
            315.091,
            328.1346
        ],
        "ms2_inten": [
            0.10477057174438131,
            0.5575450444137682,
            0.0466169647483521,
            0.0529923685811883,
            0.13106252306615182,
            0.1719283394956023,
            0.06789915288080182,
            0.13477247644062681,
            1.0,
            0.12112748019438026,
            0.12174678885281229,
            0.05086781441523315
        ],
        "mono_mass": [
            56.0495,
            85.076,
            86.0838,
            269.0505,
            270.057,
            271.1005,
            297.0805,
            298.0883,
            299.0961,
            300.0999,
            315.091,
            328.1346
        ],
        "abs_mass_diff": [
            0.0,
            0.0,
            0.0,
            0.0,
            0.0,
            0.0,
            0.0,
            0.0,
            0.0,
            0.0,
            0.0,
            0.0
        ],
        "mass_diff": [
            0.0,
            0.0,
            0.0,
            0.0,
            0.0,
            0.0,
            0.0,
            0.0,
            0.0,
            0.0,
            0.0,
            0.0
        ],
        "formula": [
            "C21H28N6O3S2",
            "C21H28N6O3S2",
            "C21H28N6O3S2",
            "C21H28N6O3S2",
            "C21H28N6O3S2",
            "C21H28N6O3S2",
            "C21H28N6O3S2",
            "C21H28N6O3S2",
            "C21H28N6O3S2",
            "C21H28N6O3S2",
            "C21H28N6O3S2",
            "C21H28N6O3S2"
        ],
        "ions": [
            "[M+H]+",
            "[M+H]+",
            "[M+H]+",
            "[M+H]+",
            "[M+H]+",
            "[M+H]+",
            "[M+H]+",
            "[M+H]+",
            "[M+H]+",
            "[M+H]+",
            "[M+H]+",
            "[M+H]+"
        ]
    }
}