{
    "cand_form": "C17H20N2O5S",
    "cand_ion": "[M+H]+",
    "output_tbl": {
        "mz": [
            57.0699,
            91.0542,
            115.0542,
            128.0621,
            129.0699,
            139.0542,
            141.0699,
            145.0648,
            152.0621,
            154.0651,
            155.0485,
            155.0604,
            156.0808,
            157.0859,
            166.0651,
            167.073,
            168.057,
            168.0808,
            169.0648,
            182.06,
            183.0679,
            184.0757,
            194.06,
            195.0712,
            196.0757,
            240.0655
        ],
        "ms2_inten": [
            0.04404326059567793,
            0.05813174336365304,
            0.16527874673758233,
            0.2963244183444958,
            0.22906393764837926,
            0.268440809450106,
            0.22561818572907377,
            0.04023756204454715,
            0.049753724148355834,
            0.11892804215154582,
            0.05050943009351672,
            0.0495995250114408,
            1.0,
            0.06175913539797096,
            0.09907695015767919,
            0.10802510647567298,
            0.33031220076174356,
            0.058088864000451185,
            0.1276564952209864,
            0.05960423030332574,
            0.4154509052249288,
            0.10614971156724692,
            0.04668698813556006,
            0.07276810408870737,
            0.42930115868222535,
            0.09768942843874043
        ],
        "mono_mass": [
            57.0699,
            91.0542,
            115.0542,
            128.0621,
            129.0699,
            139.0542,
            141.0699,
            145.0648,
            152.0621,
            154.0651,
            155.0485,
            155.0604,
            156.0808,
            157.0859,
            166.0651,
            167.073,
            168.057,
            168.0808,
            169.0648,
            182.06,
            183.0679,
            184.0757,
            194.06,
            195.0712,
            196.0757,
            240.0655
        ],
        "abs_mass_diff": [
            0.0,
            0.0,
            0.0,
            0.0,
            0.0,
            0.0,
            0.0,
            0.0,
            0.0,
            0.0,
            0.0,
            0.0,
            0.0,
            0.0,
            0.0,
            0.0,
            0.0,
            0.0,
            0.0,
            0.0,
            0.0,
            0.0,
            0.0,
            0.0,
            0.0,
            0.0
        ],
        "mass_diff": [
            0.0,
            0.0,
            0.0,
            0.0,
            0.0,
            0.0,
            0.0,
            0.0,
            0.0,
            0.0,
            0.0,
            0.0,
            0.0,
            0.0,
            0.0,
            0.0,
            0.0,
            0.0,
            0.0,
            0.0,
            0.0,
            0.0,
            0.0,
            0.0,
            0.0,
            0.0
        ],
        "formula": [
            "C17H20N2O5S",
            "C17H20N2O5S",
            "C17H20N2O5S",
            "C17H20N2O5S",
            "C17H20N2O5S",
            "C17H20N2O5S",
            "C17H20N2O5S",
            "C17H20N2O5S",
            "C17H20N2O5S",
            "C17H20N2O5S",
            "C17H20N2O5S",
            "C17H20N2O5S",
            "C17H20N2O5S",
            "C17H20N2O5S",
            "C17H20N2O5S",
            "C17H20N2O5S",
            "C17H20N2O5S",
            "C17H20N2O5S",
            "C17H20N2O5S",
            "C17H20N2O5S",
            "C17H20N2O5S",
            "C17H20N2O5S",
            "C17H20N2O5S",
            "C17H20N2O5S",
            "C17H20N2O5S",
            "C17H20N2O5S"
        ],
        "ions": [
            "[M+H]+",
            "[M+H]+",
            "[M+H]+",
            "[M+H]+",
            "[M+H]+",
            "[M+H]+",
            "[M+H]+",
            "[M+H]+",
            "[M+H]+",
            "[M+H]+",
            "[M+H]+",
            "[M+H]+",
            "[M+H]+",
            "[M+H]+",
            "[M+H]+",
            "[M+H]+",
            "[M+H]+",
            "[M+H]+",
            "[M+H]+",
            "[M+H]+",
            "[M+H]+",
            "[M+H]+",
            "[M+H]+",
            "[M+H]+",
            "[M+H]+",
            "[M+H]+"
        ]
    }
}