{
    "cand_form": "C18H20N4O4",
    "cand_ion": "[M+H]+",
    "output_tbl": {
        "mz": [
            54.0338,
            55.0542,
            56.0495,
            65.0386,
            66.0338,
            67.0417,
            68.0131,
            68.0495,
            69.0447,
            70.0651,
            80.0495,
            82.0651,
            93.0447,
            94.0525,
            95.0604,
            107.0604,
            110.06,
            169.0972,
            227.7448
        ],
        "ms2_inten": [
            0.19072671498344096,
            0.18042911782536,
            0.11434442763273484,
            0.05280575384535431,
            0.09552161579010404,
            0.10485598651481344,
            1.0,
            0.13340399626399288,
            0.11951348973719213,
            0.06701070362610594,
            0.13143188863575328,
            0.0635876352462541,
            0.2978967746666955,
            0.20403149185976757,
            0.06339204441131639,
            0.05778909307253215,
            0.3387560879610455,
            0.06546619513052811,
            0.10030757525434764
        ],
        "mono_mass": [
            54.0338,
            55.0542,
            56.0495,
            65.0386,
            66.0338,
            67.0417,
            68.0131,
            68.0495,
            69.0447,
            70.0651,
            80.0495,
            82.0651,
            93.0447,
            94.0525,
            95.0604,
            107.0604,
            110.06,
            169.0972,
            227.7448
        ],
        "abs_mass_diff": [
            0.0,
            0.0,
            0.0,
            0.0,
            0.0,
            0.0,
            0.0,
            0.0,
            0.0,
            0.0,
            0.0,
            0.0,
            0.0,
            0.0,
            0.0,
            0.0,
            0.0,
            0.0,
            0.0
        ],
        "mass_diff": [
            0.0,
            0.0,
            0.0,
            0.0,
            0.0,
            0.0,
            0.0,
            0.0,
            0.0,
            0.0,
            0.0,
            0.0,
            0.0,
            0.0,
            0.0,
            0.0,
            0.0,
            0.0,
            0.0
        ],
        "formula": [
            "C18H20N4O4",
            "C18H20N4O4",
            "C18H20N4O4",
            "C18H20N4O4",
            "C18H20N4O4",
            "C18H20N4O4",
            "C18H20N4O4",
            "C18H20N4O4",
            "C18H20N4O4",
            "C18H20N4O4",
            "C18H20N4O4",
            "C18H20N4O4",
            "C18H20N4O4",
            "C18H20N4O4",
            "C18H20N4O4",
            "C18H20N4O4",
            "C18H20N4O4",
            "C18H20N4O4",
            "C18H20N4O4"
        ],
        "ions": [
            "[M+H]+",
            "[M+H]+",
            "[M+H]+",
            "[M+H]+",
            "[M+H]+",
            "[M+H]+",
            "[M+H]+",
            "[M+H]+",
            "[M+H]+",
            "[M+H]+",
            "[M+H]+",
            "[M+H]+",
            "[M+H]+",
            "[M+H]+",
            "[M+H]+",
            "[M+H]+",
            "[M+H]+",
            "[M+H]+",
            "[M+H]+"
        ]
    }
}