{
    "cand_form": "C16H17N5O7S2",
    "cand_ion": "[M+H]+",
    "output_tbl": {
        "mz": [
            71.9902,
            83.9902,
            85.0106,
            86.0059,
            97.9933,
            99.0011,
            100.009,
            125.0042,
            126.012,
            150.9671,
            178.962
        ],
        "ms2_inten": [
            0.06755459219946361,
            0.06411186243448042,
            0.05934579220570333,
            0.07219383212212509,
            0.1375549015640543,
            0.06633657169894709,
            0.062367111030886054,
            1.0,
            0.2521632253460836,
            0.12205654666925432,
            0.09042504138570692
        ],
        "mono_mass": [
            71.9902,
            83.9902,
            85.0106,
            86.0059,
            97.9933,
            99.0011,
            100.009,
            125.0042,
            126.012,
            150.9671,
            178.962
        ],
        "abs_mass_diff": [
            0.0,
            0.0,
            0.0,
            0.0,
            0.0,
            0.0,
            0.0,
            0.0,
            0.0,
            0.0,
            0.0
        ],
        "mass_diff": [
            0.0,
            0.0,
            0.0,
            0.0,
            0.0,
            0.0,
            0.0,
            0.0,
            0.0,
            0.0,
            0.0
        ],
        "formula": [
            "C16H17N5O7S2",
            "C16H17N5O7S2",
            "C16H17N5O7S2",
            "C16H17N5O7S2",
            "C16H17N5O7S2",
            "C16H17N5O7S2",
            "C16H17N5O7S2",
            "C16H17N5O7S2",
            "C16H17N5O7S2",
            "C16H17N5O7S2",
            "C16H17N5O7S2"
        ],
        "ions": [
            "[M+H]+",
            "[M+H]+",
            "[M+H]+",
            "[M+H]+",
            "[M+H]+",
            "[M+H]+",
            "[M+H]+",
            "[M+H]+",
            "[M+H]+",
            "[M+H]+",
            "[M+H]+"
        ]
    }
}