{
    "cand_form": "C23H36O7",
    "cand_ion": "[M-H]-",
    "output_tbl": {
        "mz": [
            59.0139,
            85.0295,
            101.0608,
            143.0866,
            303.1602,
            304.168,
            321.1707,
            322.1786,
            423.2388,
            424.2467
        ],
        "ms2_inten": [
            1.0,
            0.17310502113322984,
            0.8477232748712965,
            0.04198997027987898,
            0.38076860383658184,
            0.025936279087094713,
            0.5721414830200507,
            0.032577617802840644,
            0.607784681990994,
            0.05334473684661266
        ],
        "mono_mass": [
            59.0139,
            85.0295,
            101.0608,
            143.0866,
            303.1602,
            304.168,
            321.1707,
            322.1786,
            423.2388,
            424.2467
        ],
        "abs_mass_diff": [
            0.0,
            0.0,
            0.0,
            0.0,
            0.0,
            0.0,
            0.0,
            0.0,
            0.0,
            0.0
        ],
        "mass_diff": [
            0.0,
            0.0,
            0.0,
            0.0,
            0.0,
            0.0,
            0.0,
            0.0,
            0.0,
            0.0
        ],
        "formula": [
            "C23H36O7",
            "C23H36O7",
            "C23H36O7",
            "C23H36O7",
            "C23H36O7",
            "C23H36O7",
            "C23H36O7",
            "C23H36O7",
            "C23H36O7",
            "C23H36O7"
        ],
        "ions": [
            "[M-H]-",
            "[M-H]-",
            "[M-H]-",
            "[M-H]-",
            "[M-H]-",
            "[M-H]-",
            "[M-H]-",
            "[M-H]-",
            "[M-H]-",
            "[M-H]-"
        ]
    }
}