{
    "cand_form": "C27H38N2O4",
    "cand_ion": "[M+H]+",
    "output_tbl": {
        "mz": [
            0.0,
            51.0229,
            53.0386,
            55.0178,
            58.0651,
            63.0229,
            65.0386,
            66.0464,
            76.0308,
            77.0386,
            78.0464,
            79.0542,
            81.0335,
            89.0386,
            90.0464,
            91.0542,
            92.058,
            94.0413,
            95.0491,
            102.0464,
            103.0542,
            105.0335,
            105.0447,
            107.0491,
            115.0542,
            119.0491,
            227.74
        ],
        "ms2_inten": [
            0.14829262916809974,
            0.33065454080063966,
            0.06584867449276503,
            0.04656753533471299,
            0.07442671091867303,
            0.08979954259056987,
            0.7123015381404739,
            0.04389391372122251,
            0.03270092761018762,
            0.6939376653151151,
            0.19709380282790745,
            0.20633033204828646,
            0.0379976485079281,
            0.21145314585890654,
            0.06076252091489181,
            1.0,
            0.041054430913277186,
            0.12276582909903468,
            0.855692619867359,
            0.05460157089529431,
            0.15840518411988302,
            0.054745506816180387,
            0.2857616573425776,
            0.11214381617449642,
            0.06334895132419016,
            0.05152935351217864,
            0.03803895824685547
        ],
        "mono_mass": [
            0.0,
            51.0229,
            53.0386,
            55.0178,
            58.0651,
            63.0229,
            65.0386,
            66.0464,
            76.0308,
            77.0386,
            78.0464,
            79.0542,
            81.0335,
            89.0386,
            90.0464,
            91.0542,
            92.058,
            94.0413,
            95.0491,
            102.0464,
            103.0542,
            105.0335,
            105.0447,
            107.0491,
            115.0542,
            119.0491,
            227.74
        ],
        "abs_mass_diff": [
            0.0,
            0.0,
            0.0,
            0.0,
            0.0,
            0.0,
            0.0,
            0.0,
            0.0,
            0.0,
            0.0,
            0.0,
            0.0,
            0.0,
            0.0,
            0.0,
            0.0,
            0.0,
            0.0,
            0.0,
            0.0,
            0.0,
            0.0,
            0.0,
            0.0,
            0.0,
            0.0
        ],
        "mass_diff": [
            0.0,
            0.0,
            0.0,
            0.0,
            0.0,
            0.0,
            0.0,
            0.0,
            0.0,
            0.0,
            0.0,
            0.0,
            0.0,
            0.0,
            0.0,
            0.0,
            0.0,
            0.0,
            0.0,
            0.0,
            0.0,
            0.0,
            0.0,
            0.0,
            0.0,
            0.0,
            0.0
        ],
        "formula": [
            "C27H38N2O4",
            "C27H38N2O4",
            "C27H38N2O4",
            "C27H38N2O4",
            "C27H38N2O4",
            "C27H38N2O4",
            "C27H38N2O4",
            "C27H38N2O4",
            "C27H38N2O4",
            "C27H38N2O4",
            "C27H38N2O4",
            "C27H38N2O4",
            "C27H38N2O4",
            "C27H38N2O4",
            "C27H38N2O4",
            "C27H38N2O4",
            "C27H38N2O4",
            "C27H38N2O4",
            "C27H38N2O4",
            "C27H38N2O4",
            "C27H38N2O4",
            "C27H38N2O4",
            "C27H38N2O4",
            "C27H38N2O4",
            "C27H38N2O4",
            "C27H38N2O4",
            "C27H38N2O4"
        ],
        "ions": [
            "[M+H]+",
            "[M+H]+",
            "[M+H]+",
            "[M+H]+",
            "[M+H]+",
            "[M+H]+",
            "[M+H]+",
            "[M+H]+",
            "[M+H]+",
            "[M+H]+",
            "[M+H]+",
            "[M+H]+",
            "[M+H]+",
            "[M+H]+",
            "[M+H]+",
            "[M+H]+",
            "[M+H]+",
            "[M+H]+",
            "[M+H]+",
            "[M+H]+",
            "[M+H]+",
            "[M+H]+",
            "[M+H]+",
            "[M+H]+",
            "[M+H]+",
            "[M+H]+",
            "[M+H]+"
        ]
    }
}