{
    "cand_form": "C10H21NO7",
    "cand_ion": "[M+H]+",
    "output_tbl": {
        "mz": [
            0.0,
            51.0229,
            53.0386,
            54.0338,
            55.0178,
            55.0542,
            56.0495,
            57.0335,
            59.0366,
            60.0444,
            65.0386,
            67.0417,
            67.0542,
            68.0495,
            69.0335,
            77.0386,
            80.0495,
            81.0335,
            93.0573,
            94.0651,
            95.0491,
            96.0444,
            105.0448
        ],
        "ms2_inten": [
            0.08016484493013339,
            0.5280939089606481,
            0.5134311121793623,
            0.09931120844127012,
            0.17405801394406462,
            0.1402257948994601,
            0.3456495925666475,
            0.1357097292571379,
            0.08934791883235406,
            0.17131356138832582,
            1.0,
            0.23539596160711315,
            0.4612270322278464,
            0.2120719273797615,
            0.10848871754954977,
            0.29584478674160436,
            0.3811428058796916,
            0.09319833065854065,
            0.09571603881782303,
            0.10236604173160203,
            0.2098358538932077,
            0.07247293913409904,
            0.08217245235165338
        ],
        "mono_mass": [
            0.0,
            51.0229,
            53.0386,
            54.0338,
            55.0178,
            55.0542,
            56.0495,
            57.0335,
            59.0366,
            60.0444,
            65.0386,
            67.0417,
            67.0542,
            68.0495,
            69.0335,
            77.0386,
            80.0495,
            81.0335,
            93.0573,
            94.0651,
            95.0491,
            96.0444,
            105.0448
        ],
        "abs_mass_diff": [
            0.0,
            0.0,
            0.0,
            0.0,
            0.0,
            0.0,
            0.0,
            0.0,
            0.0,
            0.0,
            0.0,
            0.0,
            0.0,
            0.0,
            0.0,
            0.0,
            0.0,
            0.0,
            0.0,
            0.0,
            0.0,
            0.0,
            0.0
        ],
        "mass_diff": [
            0.0,
            0.0,
            0.0,
            0.0,
            0.0,
            0.0,
            0.0,
            0.0,
            0.0,
            0.0,
            0.0,
            0.0,
            0.0,
            0.0,
            0.0,
            0.0,
            0.0,
            0.0,
            0.0,
            0.0,
            0.0,
            0.0,
            0.0
        ],
        "formula": [
            "C10H21NO7",
            "C10H21NO7",
            "C10H21NO7",
            "C10H21NO7",
            "C10H21NO7",
            "C10H21NO7",
            "C10H21NO7",
            "C10H21NO7",
            "C10H21NO7",
            "C10H21NO7",
            "C10H21NO7",
            "C10H21NO7",
            "C10H21NO7",
            "C10H21NO7",
            "C10H21NO7",
            "C10H21NO7",
            "C10H21NO7",
            "C10H21NO7",
            "C10H21NO7",
            "C10H21NO7",
            "C10H21NO7",
            "C10H21NO7",
            "C10H21NO7"
        ],
        "ions": [
            "[M+H]+",
            "[M+H]+",
            "[M+H]+",
            "[M+H]+",
            "[M+H]+",
            "[M+H]+",
            "[M+H]+",
            "[M+H]+",
            "[M+H]+",
            "[M+H]+",
            "[M+H]+",
            "[M+H]+",
            "[M+H]+",
            "[M+H]+",
            "[M+H]+",
            "[M+H]+",
            "[M+H]+",
            "[M+H]+",
            "[M+H]+",
            "[M+H]+",
            "[M+H]+",
            "[M+H]+",
            "[M+H]+"
        ]
    }
}