{
    "cand_form": "C23H32N6O5S",
    "cand_ion": "[M+H]+",
    "output_tbl": {
        "mz": [
            0.0,
            58.0651,
            70.0651,
            83.0604,
            84.0682,
            88.0757,
            97.076,
            99.0917,
            155.0597,
            225.0778
        ],
        "ms2_inten": [
            0.6218573775735965,
            0.2457739411679979,
            1.0,
            0.09759005468133712,
            0.1919642258986757,
            0.09885344448040692,
            0.041751683315942936,
            0.4586613571539829,
            0.037315981986289784,
            0.04601856630177549
        ],
        "mono_mass": [
            0.0,
            58.0651,
            70.0651,
            83.0604,
            84.0682,
            88.0757,
            97.076,
            99.0917,
            155.0597,
            225.0778
        ],
        "abs_mass_diff": [
            0.0,
            0.0,
            0.0,
            0.0,
            0.0,
            0.0,
            0.0,
            0.0,
            0.0,
            0.0
        ],
        "mass_diff": [
            0.0,
            0.0,
            0.0,
            0.0,
            0.0,
            0.0,
            0.0,
            0.0,
            0.0,
            0.0
        ],
        "formula": [
            "C23H32N6O5S",
            "C23H32N6O5S",
            "C23H32N6O5S",
            "C23H32N6O5S",
            "C23H32N6O5S",
            "C23H32N6O5S",
            "C23H32N6O5S",
            "C23H32N6O5S",
            "C23H32N6O5S",
            "C23H32N6O5S"
        ],
        "ions": [
            "[M+H]+",
            "[M+H]+",
            "[M+H]+",
            "[M+H]+",
            "[M+H]+",
            "[M+H]+",
            "[M+H]+",
            "[M+H]+",
            "[M+H]+",
            "[M+H]+"
        ]
    }
}