{
    "cand_form": "C12H18Br2N2O",
    "cand_ion": "[M+H]+",
    "output_tbl": {
        "mz": [
            160.1353,
            174.1152,
            261.6592,
            290.9153,
            291.9174,
            321.1099,
            346.9778,
            347.9812,
            364.1533,
            364.9885,
            365.1556,
            365.9912
        ],
        "ms2_inten": [
            0.053675877548249165,
            0.06294676565186705,
            0.03442457648260693,
            0.7145804517255698,
            0.04303388297040865,
            0.046189273076941297,
            1.0,
            0.10223473221574321,
            0.29734864059166904,
            0.384885568592528,
            0.048352288786045756,
            0.03853920644469602
        ],
        "mono_mass": [
            160.1353,
            174.1152,
            261.6592,
            290.9153,
            291.9174,
            321.1099,
            346.9778,
            347.9812,
            364.1533,
            364.9885,
            365.1556,
            365.9912
        ],
        "abs_mass_diff": [
            0.0,
            0.0,
            0.0,
            0.0,
            0.0,
            0.0,
            0.0,
            0.0,
            0.0,
            0.0,
            0.0,
            0.0
        ],
        "mass_diff": [
            0.0,
            0.0,
            0.0,
            0.0,
            0.0,
            0.0,
            0.0,
            0.0,
            0.0,
            0.0,
            0.0,
            0.0
        ],
        "formula": [
            "C12H18Br2N2O",
            "C12H18Br2N2O",
            "C12H18Br2N2O",
            "C12H18Br2N2O",
            "C12H18Br2N2O",
            "C12H18Br2N2O",
            "C12H18Br2N2O",
            "C12H18Br2N2O",
            "C12H18Br2N2O",
            "C12H18Br2N2O",
            "C12H18Br2N2O",
            "C12H18Br2N2O"
        ],
        "ions": [
            "[M+H]+",
            "[M+H]+",
            "[M+H]+",
            "[M+H]+",
            "[M+H]+",
            "[M+H]+",
            "[M+H]+",
            "[M+H]+",
            "[M+H]+",
            "[M+H]+",
            "[M+H]+",
            "[M+H]+"
        ]
    }
}