{
    "cand_form": "C12H12N2O3",
    "cand_ion": "[M+H]+",
    "output_tbl": {
        "mz": [
            53.0386,
            77.0386,
            95.049,
            96.0444,
            104.0494,
            105.0446,
            105.0529,
            131.0603,
            159.0553,
            187.0508
        ],
        "ms2_inten": [
            0.10654214226476309,
            0.10765598604075881,
            0.10251781803507397,
            0.06540107506358601,
            1.0,
            0.07074943112644888,
            0.037643248950347916,
            0.3859822035705799,
            0.19509840637058826,
            0.037092334910656555
        ],
        "mono_mass": [
            53.0386,
            77.0386,
            95.049,
            96.0444,
            104.0494,
            105.0446,
            105.0529,
            131.0603,
            159.0553,
            187.0508
        ],
        "abs_mass_diff": [
            0.0,
            0.0,
            0.0,
            0.0,
            0.0,
            0.0,
            0.0,
            0.0,
            0.0,
            0.0
        ],
        "mass_diff": [
            0.0,
            0.0,
            0.0,
            0.0,
            0.0,
            0.0,
            0.0,
            0.0,
            0.0,
            0.0
        ],
        "formula": [
            "C12H12N2O3",
            "C12H12N2O3",
            "C12H12N2O3",
            "C12H12N2O3",
            "C12H12N2O3",
            "C12H12N2O3",
            "C12H12N2O3",
            "C12H12N2O3",
            "C12H12N2O3",
            "C12H12N2O3"
        ],
        "ions": [
            "[M+H]+",
            "[M+H]+",
            "[M+H]+",
            "[M+H]+",
            "[M+H]+",
            "[M+H]+",
            "[M+H]+",
            "[M+H]+",
            "[M+H]+",
            "[M+H]+"
        ]
    }
}