{
    "cand_form": "C8H7N3O5",
    "cand_ion": "[M+H]+",
    "output_tbl": {
        "mz": [
            0.0,
            53.0386,
            55.0178,
            55.9344,
            57.9347,
            63.9424,
            65.0386,
            67.0417,
            68.9971,
            72.9371,
            77.0386,
            79.0542,
            80.945,
            81.0335,
            82.0413,
            95.0491,
            105.0447,
            107.0491,
            110.0362,
            116.966
        ],
        "ms2_inten": [
            0.3239911954332165,
            0.1792765428991556,
            0.19967187406809017,
            0.09603728919517028,
            0.3575662723513932,
            0.06586369284065315,
            0.1223904729816024,
            0.09791261570514131,
            0.46119280083961267,
            0.11401907739406557,
            0.6955738284908111,
            0.21266932069376088,
            0.07598819521057297,
            0.10577983149665456,
            0.11835890819125107,
            1.0,
            0.44612555032445683,
            0.32495271557933053,
            0.3226123045975414,
            0.10196597645100015
        ],
        "mono_mass": [
            0.0,
            53.0386,
            55.0178,
            55.9344,
            57.9347,
            63.9424,
            65.0386,
            67.0417,
            68.9971,
            72.9371,
            77.0386,
            79.0542,
            80.945,
            81.0335,
            82.0413,
            95.0491,
            105.0447,
            107.0491,
            110.0362,
            116.966
        ],
        "abs_mass_diff": [
            0.0,
            0.0,
            0.0,
            0.0,
            0.0,
            0.0,
            0.0,
            0.0,
            0.0,
            0.0,
            0.0,
            0.0,
            0.0,
            0.0,
            0.0,
            0.0,
            0.0,
            0.0,
            0.0,
            0.0
        ],
        "mass_diff": [
            0.0,
            0.0,
            0.0,
            0.0,
            0.0,
            0.0,
            0.0,
            0.0,
            0.0,
            0.0,
            0.0,
            0.0,
            0.0,
            0.0,
            0.0,
            0.0,
            0.0,
            0.0,
            0.0,
            0.0
        ],
        "formula": [
            "C8H7N3O5",
            "C8H7N3O5",
            "C8H7N3O5",
            "C8H7N3O5",
            "C8H7N3O5",
            "C8H7N3O5",
            "C8H7N3O5",
            "C8H7N3O5",
            "C8H7N3O5",
            "C8H7N3O5",
            "C8H7N3O5",
            "C8H7N3O5",
            "C8H7N3O5",
            "C8H7N3O5",
            "C8H7N3O5",
            "C8H7N3O5",
            "C8H7N3O5",
            "C8H7N3O5",
            "C8H7N3O5",
            "C8H7N3O5"
        ],
        "ions": [
            "[M+H]+",
            "[M+H]+",
            "[M+H]+",
            "[M+H]+",
            "[M+H]+",
            "[M+H]+",
            "[M+H]+",
            "[M+H]+",
            "[M+H]+",
            "[M+H]+",
            "[M+H]+",
            "[M+H]+",
            "[M+H]+",
            "[M+H]+",
            "[M+H]+",
            "[M+H]+",
            "[M+H]+",
            "[M+H]+",
            "[M+H]+",
            "[M+H]+"
        ]
    }
}