{
    "cand_form": "C11H10BrN5",
    "cand_ion": "[M+H]+",
    "output_tbl": {
        "mz": [
            54.0338,
            68.0369,
            77.0386,
            81.0447,
            83.0478,
            104.0495,
            109.0509,
            110.0587,
            115.0542,
            117.0447,
            123.043,
            123.0665,
            129.0447,
            131.0604,
            135.0665,
            140.0495,
            142.04,
            143.0478,
            144.0556,
            146.0713,
            156.0556,
            161.0822,
            171.0665,
            185.0822,
            212.0931,
            227.7446,
            231.0862
        ],
        "ms2_inten": [
            0.2507146699449563,
            0.266919502160427,
            0.13837881664855348,
            1.0,
            0.17487343739457512,
            0.12421758010985821,
            0.11157433361166758,
            0.5199692025906796,
            0.237070863938492,
            0.16587189372618308,
            0.11140872764380229,
            0.5272148694344353,
            0.15162386228276567,
            0.12640669373147068,
            0.211701111660593,
            0.11277742367202907,
            0.12901109826659216,
            0.14155908513000873,
            0.14689488154495564,
            0.13654062046077828,
            0.22554343717210956,
            0.4961480423470171,
            0.10229678728302237,
            0.15382107450343363,
            0.16617597918032703,
            0.11459560287711858,
            0.17077902178464674
        ],
        "mono_mass": [
            54.0338,
            68.0369,
            77.0386,
            81.0447,
            83.0478,
            104.0495,
            109.0509,
            110.0587,
            115.0542,
            117.0447,
            123.043,
            123.0665,
            129.0447,
            131.0604,
            135.0665,
            140.0495,
            142.04,
            143.0478,
            144.0556,
            146.0713,
            156.0556,
            161.0822,
            171.0665,
            185.0822,
            212.0931,
            227.7446,
            231.0862
        ],
        "abs_mass_diff": [
            0.0,
            0.0,
            0.0,
            0.0,
            0.0,
            0.0,
            0.0,
            0.0,
            0.0,
            0.0,
            0.0,
            0.0,
            0.0,
            0.0,
            0.0,
            0.0,
            0.0,
            0.0,
            0.0,
            0.0,
            0.0,
            0.0,
            0.0,
            0.0,
            0.0,
            0.0,
            0.0
        ],
        "mass_diff": [
            0.0,
            0.0,
            0.0,
            0.0,
            0.0,
            0.0,
            0.0,
            0.0,
            0.0,
            0.0,
            0.0,
            0.0,
            0.0,
            0.0,
            0.0,
            0.0,
            0.0,
            0.0,
            0.0,
            0.0,
            0.0,
            0.0,
            0.0,
            0.0,
            0.0,
            0.0,
            0.0
        ],
        "formula": [
            "C11H10BrN5",
            "C11H10BrN5",
            "C11H10BrN5",
            "C11H10BrN5",
            "C11H10BrN5",
            "C11H10BrN5",
            "C11H10BrN5",
            "C11H10BrN5",
            "C11H10BrN5",
            "C11H10BrN5",
            "C11H10BrN5",
            "C11H10BrN5",
            "C11H10BrN5",
            "C11H10BrN5",
            "C11H10BrN5",
            "C11H10BrN5",
            "C11H10BrN5",
            "C11H10BrN5",
            "C11H10BrN5",
            "C11H10BrN5",
            "C11H10BrN5",
            "C11H10BrN5",
            "C11H10BrN5",
            "C11H10BrN5",
            "C11H10BrN5",
            "C11H10BrN5",
            "C11H10BrN5"
        ],
        "ions": [
            "[M+H]+",
            "[M+H]+",
            "[M+H]+",
            "[M+H]+",
            "[M+H]+",
            "[M+H]+",
            "[M+H]+",
            "[M+H]+",
            "[M+H]+",
            "[M+H]+",
            "[M+H]+",
            "[M+H]+",
            "[M+H]+",
            "[M+H]+",
            "[M+H]+",
            "[M+H]+",
            "[M+H]+",
            "[M+H]+",
            "[M+H]+",
            "[M+H]+",
            "[M+H]+",
            "[M+H]+",
            "[M+H]+",
            "[M+H]+",
            "[M+H]+",
            "[M+H]+",
            "[M+H]+"
        ]
    }
}