{
    "cand_form": "C18H22N2O2",
    "cand_ion": "[M+H]+",
    "output_tbl": {
        "mz": [
            57.0699,
            62.6789,
            64.0628,
            65.4424,
            69.0697,
            71.5421,
            74.3271,
            80.5706,
            81.1145,
            89.0598,
            171.1173,
            207.1012,
            227.7515,
            229.1287,
            231.1747,
            254.2478,
            257.1595,
            301.0604
        ],
        "ms2_inten": [
            0.5908890001028989,
            0.45965425954855427,
            0.45943559929280364,
            0.48379341633848133,
            0.49407629488966426,
            0.5235042235339239,
            0.4858467179914126,
            0.5023818766896474,
            0.5096409294580967,
            0.8420208884856082,
            0.516099007492914,
            0.7689626383289211,
            1.0,
            0.5693761049943407,
            0.7389395328387948,
            0.5932825698543512,
            0.6042319529284104,
            0.7382367798243235
        ],
        "mono_mass": [
            57.0699,
            62.6789,
            64.0628,
            65.4424,
            69.0697,
            71.5421,
            74.3271,
            80.5706,
            81.1145,
            89.0598,
            171.1173,
            207.1012,
            227.7515,
            229.1287,
            231.1747,
            254.2478,
            257.1595,
            301.0604
        ],
        "abs_mass_diff": [
            0.0,
            0.0,
            0.0,
            0.0,
            0.0,
            0.0,
            0.0,
            0.0,
            0.0,
            0.0,
            0.0,
            0.0,
            0.0,
            0.0,
            0.0,
            0.0,
            0.0,
            0.0
        ],
        "mass_diff": [
            0.0,
            0.0,
            0.0,
            0.0,
            0.0,
            0.0,
            0.0,
            0.0,
            0.0,
            0.0,
            0.0,
            0.0,
            0.0,
            0.0,
            0.0,
            0.0,
            0.0,
            0.0
        ],
        "formula": [
            "C18H22N2O2",
            "C18H22N2O2",
            "C18H22N2O2",
            "C18H22N2O2",
            "C18H22N2O2",
            "C18H22N2O2",
            "C18H22N2O2",
            "C18H22N2O2",
            "C18H22N2O2",
            "C18H22N2O2",
            "C18H22N2O2",
            "C18H22N2O2",
            "C18H22N2O2",
            "C18H22N2O2",
            "C18H22N2O2",
            "C18H22N2O2",
            "C18H22N2O2",
            "C18H22N2O2"
        ],
        "ions": [
            "[M+H]+",
            "[M+H]+",
            "[M+H]+",
            "[M+H]+",
            "[M+H]+",
            "[M+H]+",
            "[M+H]+",
            "[M+H]+",
            "[M+H]+",
            "[M+H]+",
            "[M+H]+",
            "[M+H]+",
            "[M+H]+",
            "[M+H]+",
            "[M+H]+",
            "[M+H]+",
            "[M+H]+",
            "[M+H]+"
        ]
    }
}