{
    "cand_form": "C19H22FN3O",
    "cand_ion": "[M+H]+",
    "output_tbl": {
        "mz": [
            65.0386,
            77.0386,
            91.054,
            95.0491,
            103.0542,
            105.0447,
            115.0542,
            152.0619,
            163.0542,
            164.0621,
            165.0699,
            189.0699,
            190.0651,
            191.073,
            192.0808,
            193.0886,
            202.0788,
            208.1132,
            215.0855,
            226.0777,
            227.0855,
            228.0945,
            239.0855,
            240.0945,
            241.1012,
            254.0964,
            268.1132
        ],
        "ms2_inten": [
            0.058481138702323,
            0.14616940045597387,
            0.15350338283319984,
            0.18264228233409327,
            0.052238092303900426,
            0.06501640273584323,
            0.11030091810955696,
            0.11387713352640336,
            0.084567970916261,
            0.2547614763694621,
            1.0,
            0.06020274816686179,
            0.06949160145418695,
            0.09055966479758457,
            0.28663266991188613,
            0.07190244623821554,
            0.09651537371372235,
            0.06394079733809847,
            0.21846773060570585,
            0.2190274693449997,
            0.07755006469899563,
            0.11282725984349004,
            0.7305978680140489,
            0.14086699118861298,
            0.4200775402058044,
            0.08759322200998214,
            0.27617647421282887
        ],
        "mono_mass": [
            65.0386,
            77.0386,
            91.054,
            95.0491,
            103.0542,
            105.0447,
            115.0542,
            152.0619,
            163.0542,
            164.0621,
            165.0699,
            189.0699,
            190.0651,
            191.073,
            192.0808,
            193.0886,
            202.0788,
            208.1132,
            215.0855,
            226.0777,
            227.0855,
            228.0945,
            239.0855,
            240.0945,
            241.1012,
            254.0964,
            268.1132
        ],
        "abs_mass_diff": [
            0.0,
            0.0,
            0.0,
            0.0,
            0.0,
            0.0,
            0.0,
            0.0,
            0.0,
            0.0,
            0.0,
            0.0,
            0.0,
            0.0,
            0.0,
            0.0,
            0.0,
            0.0,
            0.0,
            0.0,
            0.0,
            0.0,
            0.0,
            0.0,
            0.0,
            0.0,
            0.0
        ],
        "mass_diff": [
            0.0,
            0.0,
            0.0,
            0.0,
            0.0,
            0.0,
            0.0,
            0.0,
            0.0,
            0.0,
            0.0,
            0.0,
            0.0,
            0.0,
            0.0,
            0.0,
            0.0,
            0.0,
            0.0,
            0.0,
            0.0,
            0.0,
            0.0,
            0.0,
            0.0,
            0.0,
            0.0
        ],
        "formula": [
            "C19H22FN3O",
            "C19H22FN3O",
            "C19H22FN3O",
            "C19H22FN3O",
            "C19H22FN3O",
            "C19H22FN3O",
            "C19H22FN3O",
            "C19H22FN3O",
            "C19H22FN3O",
            "C19H22FN3O",
            "C19H22FN3O",
            "C19H22FN3O",
            "C19H22FN3O",
            "C19H22FN3O",
            "C19H22FN3O",
            "C19H22FN3O",
            "C19H22FN3O",
            "C19H22FN3O",
            "C19H22FN3O",
            "C19H22FN3O",
            "C19H22FN3O",
            "C19H22FN3O",
            "C19H22FN3O",
            "C19H22FN3O",
            "C19H22FN3O",
            "C19H22FN3O",
            "C19H22FN3O"
        ],
        "ions": [
            "[M+H]+",
            "[M+H]+",
            "[M+H]+",
            "[M+H]+",
            "[M+H]+",
            "[M+H]+",
            "[M+H]+",
            "[M+H]+",
            "[M+H]+",
            "[M+H]+",
            "[M+H]+",
            "[M+H]+",
            "[M+H]+",
            "[M+H]+",
            "[M+H]+",
            "[M+H]+",
            "[M+H]+",
            "[M+H]+",
            "[M+H]+",
            "[M+H]+",
            "[M+H]+",
            "[M+H]+",
            "[M+H]+",
            "[M+H]+",
            "[M+H]+",
            "[M+H]+",
            "[M+H]+"
        ]
    }
}