{
    "cand_form": "C20H21ClO4",
    "cand_ion": "[M+H]+",
    "output_tbl": {
        "mz": [
            0.0,
            51.0229,
            53.0022,
            59.0491,
            65.0386,
            74.0151,
            75.0229,
            76.026,
            76.0308,
            84.984,
            110.9996,
            129.0102,
            139.0058
        ],
        "ms2_inten": [
            0.04789741916796709,
            0.035473225212500126,
            0.028867843682282825,
            0.022433047758233602,
            0.21989672082968065,
            0.2706971295029633,
            1.0,
            0.02464296875080154,
            0.03536422717182997,
            0.11244801694684607,
            0.05428486582549886,
            0.046070165940976855,
            0.09304216854265947
        ],
        "mono_mass": [
            0.0,
            51.0229,
            53.0022,
            59.0491,
            65.0386,
            74.0151,
            75.0229,
            76.026,
            76.0308,
            84.984,
            110.9996,
            129.0102,
            139.0058
        ],
        "abs_mass_diff": [
            0.0,
            0.0,
            0.0,
            0.0,
            0.0,
            0.0,
            0.0,
            0.0,
            0.0,
            0.0,
            0.0,
            0.0,
            0.0
        ],
        "mass_diff": [
            0.0,
            0.0,
            0.0,
            0.0,
            0.0,
            0.0,
            0.0,
            0.0,
            0.0,
            0.0,
            0.0,
            0.0,
            0.0
        ],
        "formula": [
            "C20H21ClO4",
            "C20H21ClO4",
            "C20H21ClO4",
            "C20H21ClO4",
            "C20H21ClO4",
            "C20H21ClO4",
            "C20H21ClO4",
            "C20H21ClO4",
            "C20H21ClO4",
            "C20H21ClO4",
            "C20H21ClO4",
            "C20H21ClO4",
            "C20H21ClO4"
        ],
        "ions": [
            "[M+H]+",
            "[M+H]+",
            "[M+H]+",
            "[M+H]+",
            "[M+H]+",
            "[M+H]+",
            "[M+H]+",
            "[M+H]+",
            "[M+H]+",
            "[M+H]+",
            "[M+H]+",
            "[M+H]+",
            "[M+H]+"
        ]
    }
}