{
    "cand_form": "C27H36N2O4",
    "cand_ion": "[M+H]+",
    "output_tbl": {
        "mz": [
            86.0964,
            91.0542,
            106.0651,
            118.0651,
            130.0651,
            131.073,
            132.0808,
            144.0808,
            146.0964,
            158.0964,
            162.1277,
            172.1121,
            174.1277,
            230.1903,
            231.1955,
            292.1543,
            453.2748,
            454.2779
        ],
        "ms2_inten": [
            0.30790431948083385,
            0.025758469882598396,
            0.03877198958872751,
            0.08216373483829163,
            0.05738066012336683,
            0.044500406149141546,
            0.048047394644226964,
            0.0532890184719903,
            0.1180054956390959,
            0.03011210231845116,
            0.28595284555661477,
            0.09708171994013348,
            0.21492579700981734,
            1.0,
            0.06720956194553973,
            0.05825370309213912,
            0.8550970778784285,
            0.129745330548692
        ],
        "mono_mass": [
            86.0964,
            91.0542,
            106.0651,
            118.0651,
            130.0651,
            131.073,
            132.0808,
            144.0808,
            146.0964,
            158.0964,
            162.1277,
            172.1121,
            174.1277,
            230.1903,
            231.1955,
            292.1543,
            453.2748,
            454.2779
        ],
        "abs_mass_diff": [
            0.0,
            0.0,
            0.0,
            0.0,
            0.0,
            0.0,
            0.0,
            0.0,
            0.0,
            0.0,
            0.0,
            0.0,
            0.0,
            0.0,
            0.0,
            0.0,
            0.0,
            0.0
        ],
        "mass_diff": [
            0.0,
            0.0,
            0.0,
            0.0,
            0.0,
            0.0,
            0.0,
            0.0,
            0.0,
            0.0,
            0.0,
            0.0,
            0.0,
            0.0,
            0.0,
            0.0,
            0.0,
            0.0
        ],
        "formula": [
            "C27H36N2O4",
            "C27H36N2O4",
            "C27H36N2O4",
            "C27H36N2O4",
            "C27H36N2O4",
            "C27H36N2O4",
            "C27H36N2O4",
            "C27H36N2O4",
            "C27H36N2O4",
            "C27H36N2O4",
            "C27H36N2O4",
            "C27H36N2O4",
            "C27H36N2O4",
            "C27H36N2O4",
            "C27H36N2O4",
            "C27H36N2O4",
            "C27H36N2O4",
            "C27H36N2O4"
        ],
        "ions": [
            "[M+H]+",
            "[M+H]+",
            "[M+H]+",
            "[M+H]+",
            "[M+H]+",
            "[M+H]+",
            "[M+H]+",
            "[M+H]+",
            "[M+H]+",
            "[M+H]+",
            "[M+H]+",
            "[M+H]+",
            "[M+H]+",
            "[M+H]+",
            "[M+H]+",
            "[M+H]+",
            "[M+H]+",
            "[M+H]+"
        ]
    }
}