{
    "cand_form": "C10H11ClN4",
    "cand_ion": "[M-H]-",
    "output_tbl": {
        "mz": [
            59.0139,
            77.9572,
            111.0698,
            140.0273,
            177.9497,
            204.6127,
            209.1494
        ],
        "ms2_inten": [
            1.0,
            0.30927620031869935,
            0.33822183667813677,
            0.4389578185261311,
            0.34520926191081036,
            0.35858366434955313,
            0.3057233089305097
        ],
        "mono_mass": [
            59.0139,
            77.9572,
            111.0698,
            140.0273,
            177.9497,
            204.6127,
            209.1494
        ],
        "abs_mass_diff": [
            0.0,
            0.0,
            0.0,
            0.0,
            0.0,
            0.0,
            0.0
        ],
        "mass_diff": [
            0.0,
            0.0,
            0.0,
            0.0,
            0.0,
            0.0,
            0.0
        ],
        "formula": [
            "C10H11ClN4",
            "C10H11ClN4",
            "C10H11ClN4",
            "C10H11ClN4",
            "C10H11ClN4",
            "C10H11ClN4",
            "C10H11ClN4"
        ],
        "ions": [
            "[M-H]-",
            "[M-H]-",
            "[M-H]-",
            "[M-H]-",
            "[M-H]-",
            "[M-H]-",
            "[M-H]-"
        ]
    }
}