{
    "cand_form": "C11H17NO",
    "cand_ion": "[M+H]+",
    "output_tbl": {
        "mz": [
            43.0178,
            43.0202,
            46.0651,
            51.0229,
            56.0495,
            57.9348,
            65.0386,
            70.0651,
            77.0386,
            78.0464,
            91.0542,
            95.0491,
            103.0542,
            115.0542
        ],
        "ms2_inten": [
            1.0,
            0.0507006719386363,
            0.6687317116816581,
            0.055107944296364376,
            0.12731692019472193,
            0.06516807965615476,
            0.1965731460933556,
            0.05092264255360983,
            0.09836384764677877,
            0.08349955318234689,
            0.6487239462228167,
            0.08602761542973475,
            0.058770901290303344,
            0.32637991540841566
        ],
        "mono_mass": [
            43.0178,
            43.0202,
            46.0651,
            51.0229,
            56.0495,
            57.9348,
            65.0386,
            70.0651,
            77.0386,
            78.0464,
            91.0542,
            95.0491,
            103.0542,
            115.0542
        ],
        "abs_mass_diff": [
            0.0,
            0.0,
            0.0,
            0.0,
            0.0,
            0.0,
            0.0,
            0.0,
            0.0,
            0.0,
            0.0,
            0.0,
            0.0,
            0.0
        ],
        "mass_diff": [
            0.0,
            0.0,
            0.0,
            0.0,
            0.0,
            0.0,
            0.0,
            0.0,
            0.0,
            0.0,
            0.0,
            0.0,
            0.0,
            0.0
        ],
        "formula": [
            "C11H17NO",
            "C11H17NO",
            "C11H17NO",
            "C11H17NO",
            "C11H17NO",
            "C11H17NO",
            "C11H17NO",
            "C11H17NO",
            "C11H17NO",
            "C11H17NO",
            "C11H17NO",
            "C11H17NO",
            "C11H17NO",
            "C11H17NO"
        ],
        "ions": [
            "[M+H]+",
            "[M+H]+",
            "[M+H]+",
            "[M+H]+",
            "[M+H]+",
            "[M+H]+",
            "[M+H]+",
            "[M+H]+",
            "[M+H]+",
            "[M+H]+",
            "[M+H]+",
            "[M+H]+",
            "[M+H]+",
            "[M+H]+"
        ]
    }
}