{
    "cand_form": "C22H28N6OS2",
    "cand_ion": "[M+H]+",
    "output_tbl": {
        "mz": [
            68.0495,
            79.0178,
            86.0059,
            113.0168,
            121.0106,
            125.0042,
            126.0134,
            137.0056,
            149.0056,
            150.9671,
            153.0355,
            159.0665,
            162.0008,
            173.0822,
            178.962,
            179.9664,
            182.0746,
            216.0478,
            241.043,
            271.9933,
            299.0056,
            300.0134,
            309.0805,
            313.0212,
            314.0291,
            341.0525,
            343.0682
        ],
        "ms2_inten": [
            0.049664504678775694,
            0.03255788216849914,
            0.1481062218787485,
            0.04098304862418234,
            0.036868215143081556,
            0.15426382573871872,
            0.04021420748446071,
            0.1625162662721987,
            0.18924972066421072,
            0.2223295419525216,
            0.03904398807745859,
            0.046255742780335396,
            0.07615405586083625,
            0.10960884297298622,
            1.0,
            0.04548411618472353,
            0.5533943684008401,
            0.06376955548074993,
            0.07780183674146703,
            0.05694023399409878,
            0.24833277229115402,
            0.04968581637958692,
            0.06904122632757594,
            0.14428079924014345,
            0.10585302117262557,
            0.12605952420462394,
            0.20782745503365463
        ],
        "mono_mass": [
            68.0495,
            79.0178,
            86.0059,
            113.0168,
            121.0106,
            125.0042,
            126.0134,
            137.0056,
            149.0056,
            150.9671,
            153.0355,
            159.0665,
            162.0008,
            173.0822,
            178.962,
            179.9664,
            182.0746,
            216.0478,
            241.043,
            271.9933,
            299.0056,
            300.0134,
            309.0805,
            313.0212,
            314.0291,
            341.0525,
            343.0682
        ],
        "abs_mass_diff": [
            0.0,
            0.0,
            0.0,
            0.0,
            0.0,
            0.0,
            0.0,
            0.0,
            0.0,
            0.0,
            0.0,
            0.0,
            0.0,
            0.0,
            0.0,
            0.0,
            0.0,
            0.0,
            0.0,
            0.0,
            0.0,
            0.0,
            0.0,
            0.0,
            0.0,
            0.0,
            0.0
        ],
        "mass_diff": [
            0.0,
            0.0,
            0.0,
            0.0,
            0.0,
            0.0,
            0.0,
            0.0,
            0.0,
            0.0,
            0.0,
            0.0,
            0.0,
            0.0,
            0.0,
            0.0,
            0.0,
            0.0,
            0.0,
            0.0,
            0.0,
            0.0,
            0.0,
            0.0,
            0.0,
            0.0,
            0.0
        ],
        "formula": [
            "C22H28N6OS2",
            "C22H28N6OS2",
            "C22H28N6OS2",
            "C22H28N6OS2",
            "C22H28N6OS2",
            "C22H28N6OS2",
            "C22H28N6OS2",
            "C22H28N6OS2",
            "C22H28N6OS2",
            "C22H28N6OS2",
            "C22H28N6OS2",
            "C22H28N6OS2",
            "C22H28N6OS2",
            "C22H28N6OS2",
            "C22H28N6OS2",
            "C22H28N6OS2",
            "C22H28N6OS2",
            "C22H28N6OS2",
            "C22H28N6OS2",
            "C22H28N6OS2",
            "C22H28N6OS2",
            "C22H28N6OS2",
            "C22H28N6OS2",
            "C22H28N6OS2",
            "C22H28N6OS2",
            "C22H28N6OS2",
            "C22H28N6OS2"
        ],
        "ions": [
            "[M+H]+",
            "[M+H]+",
            "[M+H]+",
            "[M+H]+",
            "[M+H]+",
            "[M+H]+",
            "[M+H]+",
            "[M+H]+",
            "[M+H]+",
            "[M+H]+",
            "[M+H]+",
            "[M+H]+",
            "[M+H]+",
            "[M+H]+",
            "[M+H]+",
            "[M+H]+",
            "[M+H]+",
            "[M+H]+",
            "[M+H]+",
            "[M+H]+",
            "[M+H]+",
            "[M+H]+",
            "[M+H]+",
            "[M+H]+",
            "[M+H]+",
            "[M+H]+",
            "[M+H]+"
        ]
    }
}