{
    "cand_form": "C17H23ClN4O3",
    "cand_ion": "[M+H]+",
    "output_tbl": {
        "mz": [
            79.0542,
            84.0808,
            87.0441,
            88.0757,
            93.0699,
            95.0855,
            98.0964,
            100.0757,
            105.0699,
            107.0855,
            114.0913,
            115.039,
            116.0706,
            132.1019,
            142.1226,
            156.1019,
            160.1332,
            174.1125,
            175.1122,
            192.1217
        ],
        "ms2_inten": [
            0.05622160782415721,
            0.048509958020398154,
            0.05171637841488277,
            0.28470116301291265,
            0.1915115124809336,
            0.11636743928189705,
            0.17658018212081258,
            0.06578383607857535,
            0.06586427876486557,
            0.08193313668886508,
            0.057864627713401014,
            0.06930415854040081,
            0.1534262303521054,
            0.07493833636288202,
            0.10216250717818517,
            0.14794836125822686,
            0.24692727837301834,
            1.0,
            0.07882564067726809,
            0.25140543165603757
        ],
        "mono_mass": [
            79.0542,
            84.0808,
            87.0441,
            88.0757,
            93.0699,
            95.0855,
            98.0964,
            100.0757,
            105.0699,
            107.0855,
            114.0913,
            115.039,
            116.0706,
            132.1019,
            142.1226,
            156.1019,
            160.1332,
            174.1125,
            175.1122,
            192.1217
        ],
        "abs_mass_diff": [
            0.0,
            0.0,
            0.0,
            0.0,
            0.0,
            0.0,
            0.0,
            0.0,
            0.0,
            0.0,
            0.0,
            0.0,
            0.0,
            0.0,
            0.0,
            0.0,
            0.0,
            0.0,
            0.0,
            0.0
        ],
        "mass_diff": [
            0.0,
            0.0,
            0.0,
            0.0,
            0.0,
            0.0,
            0.0,
            0.0,
            0.0,
            0.0,
            0.0,
            0.0,
            0.0,
            0.0,
            0.0,
            0.0,
            0.0,
            0.0,
            0.0,
            0.0
        ],
        "formula": [
            "C17H23ClN4O3",
            "C17H23ClN4O3",
            "C17H23ClN4O3",
            "C17H23ClN4O3",
            "C17H23ClN4O3",
            "C17H23ClN4O3",
            "C17H23ClN4O3",
            "C17H23ClN4O3",
            "C17H23ClN4O3",
            "C17H23ClN4O3",
            "C17H23ClN4O3",
            "C17H23ClN4O3",
            "C17H23ClN4O3",
            "C17H23ClN4O3",
            "C17H23ClN4O3",
            "C17H23ClN4O3",
            "C17H23ClN4O3",
            "C17H23ClN4O3",
            "C17H23ClN4O3",
            "C17H23ClN4O3"
        ],
        "ions": [
            "[M+H]+",
            "[M+H]+",
            "[M+H]+",
            "[M+H]+",
            "[M+H]+",
            "[M+H]+",
            "[M+H]+",
            "[M+H]+",
            "[M+H]+",
            "[M+H]+",
            "[M+H]+",
            "[M+H]+",
            "[M+H]+",
            "[M+H]+",
            "[M+H]+",
            "[M+H]+",
            "[M+H]+",
            "[M+H]+",
            "[M+H]+",
            "[M+H]+"
        ]
    }
}