{
    "cand_form": "C12H15Cl2NO5S",
    "cand_ion": "[M+H]+",
    "output_tbl": {
        "mz": [
            55.9346,
            70.9578,
            72.0444,
            72.937,
            74.06,
            88.9692,
            90.9485,
            129.9957,
            144.0114,
            145.9906,
            146.9985,
            168.9231,
            185.927,
            186.9348,
            203.9376,
            204.9454,
            223.9693,
            241.977
        ],
        "ms2_inten": [
            0.05390367558660155,
            0.3529010079166853,
            0.09755748558817508,
            0.05395877380087195,
            0.13524158616786233,
            0.05779215275959935,
            0.05494283495655335,
            0.03318063805047903,
            0.4093885430441465,
            0.3648711125889598,
            0.043776459331420645,
            0.5861867296573575,
            0.1264123381654428,
            1.0,
            0.09393998824681077,
            0.07799879432419314,
            0.08614874830837321,
            0.06219420637930179
        ],
        "mono_mass": [
            55.9346,
            70.9578,
            72.0444,
            72.937,
            74.06,
            88.9692,
            90.9485,
            129.9957,
            144.0114,
            145.9906,
            146.9985,
            168.9231,
            185.927,
            186.9348,
            203.9376,
            204.9454,
            223.9693,
            241.977
        ],
        "abs_mass_diff": [
            0.0,
            0.0,
            0.0,
            0.0,
            0.0,
            0.0,
            0.0,
            0.0,
            0.0,
            0.0,
            0.0,
            0.0,
            0.0,
            0.0,
            0.0,
            0.0,
            0.0,
            0.0
        ],
        "mass_diff": [
            0.0,
            0.0,
            0.0,
            0.0,
            0.0,
            0.0,
            0.0,
            0.0,
            0.0,
            0.0,
            0.0,
            0.0,
            0.0,
            0.0,
            0.0,
            0.0,
            0.0,
            0.0
        ],
        "formula": [
            "C12H15Cl2NO5S",
            "C12H15Cl2NO5S",
            "C12H15Cl2NO5S",
            "C12H15Cl2NO5S",
            "C12H15Cl2NO5S",
            "C12H15Cl2NO5S",
            "C12H15Cl2NO5S",
            "C12H15Cl2NO5S",
            "C12H15Cl2NO5S",
            "C12H15Cl2NO5S",
            "C12H15Cl2NO5S",
            "C12H15Cl2NO5S",
            "C12H15Cl2NO5S",
            "C12H15Cl2NO5S",
            "C12H15Cl2NO5S",
            "C12H15Cl2NO5S",
            "C12H15Cl2NO5S",
            "C12H15Cl2NO5S"
        ],
        "ions": [
            "[M+H]+",
            "[M+H]+",
            "[M+H]+",
            "[M+H]+",
            "[M+H]+",
            "[M+H]+",
            "[M+H]+",
            "[M+H]+",
            "[M+H]+",
            "[M+H]+",
            "[M+H]+",
            "[M+H]+",
            "[M+H]+",
            "[M+H]+",
            "[M+H]+",
            "[M+H]+",
            "[M+H]+",
            "[M+H]+"
        ]
    }
}