{
    "cand_form": "C16H15N3O3",
    "cand_ion": "[M+H]+",
    "output_tbl": {
        "mz": [
            111.0553,
            156.0106,
            199.0992,
            200.0818,
            200.107,
            217.1097,
            218.1119,
            219.0189,
            223.98,
            224.9822,
            281.0492,
            297.0654,
            297.576,
            298.0681,
            298.5496,
            298.6748,
            299.0606,
            300.0625
        ],
        "ms2_inten": [
            0.0600044357288649,
            0.19283441264905893,
            0.054732590726562974,
            0.04853635588456089,
            0.14172591308254762,
            0.1958888867356934,
            0.05247873246991365,
            0.0486622355658925,
            0.11761241975129187,
            0.062164295488503135,
            0.0692649162898474,
            1.0,
            0.14297589239596903,
            0.3364541470429313,
            0.051513545242641304,
            0.0654813863070741,
            0.42158378551260417,
            0.10583974134719487
        ],
        "mono_mass": [
            111.0553,
            156.0106,
            199.0992,
            200.0818,
            200.107,
            217.1097,
            218.1119,
            219.0189,
            223.98,
            224.9822,
            281.0492,
            297.0654,
            297.576,
            298.0681,
            298.5496,
            298.6748,
            299.0606,
            300.0625
        ],
        "abs_mass_diff": [
            0.0,
            0.0,
            0.0,
            0.0,
            0.0,
            0.0,
            0.0,
            0.0,
            0.0,
            0.0,
            0.0,
            0.0,
            0.0,
            0.0,
            0.0,
            0.0,
            0.0,
            0.0
        ],
        "mass_diff": [
            0.0,
            0.0,
            0.0,
            0.0,
            0.0,
            0.0,
            0.0,
            0.0,
            0.0,
            0.0,
            0.0,
            0.0,
            0.0,
            0.0,
            0.0,
            0.0,
            0.0,
            0.0
        ],
        "formula": [
            "C16H15N3O3",
            "C16H15N3O3",
            "C16H15N3O3",
            "C16H15N3O3",
            "C16H15N3O3",
            "C16H15N3O3",
            "C16H15N3O3",
            "C16H15N3O3",
            "C16H15N3O3",
            "C16H15N3O3",
            "C16H15N3O3",
            "C16H15N3O3",
            "C16H15N3O3",
            "C16H15N3O3",
            "C16H15N3O3",
            "C16H15N3O3",
            "C16H15N3O3",
            "C16H15N3O3"
        ],
        "ions": [
            "[M+H]+",
            "[M+H]+",
            "[M+H]+",
            "[M+H]+",
            "[M+H]+",
            "[M+H]+",
            "[M+H]+",
            "[M+H]+",
            "[M+H]+",
            "[M+H]+",
            "[M+H]+",
            "[M+H]+",
            "[M+H]+",
            "[M+H]+",
            "[M+H]+",
            "[M+H]+",
            "[M+H]+",
            "[M+H]+"
        ]
    }
}