{
    "cand_form": "C19H17N3O4S2",
    "cand_ion": "[M+H]+",
    "output_tbl": {
        "mz": [
            58.0651,
            59.073,
            80.0495,
            97.0106,
            98.0237,
            118.0863,
            227.7265,
            227.752,
            396.8142
        ],
        "ms2_inten": [
            0.12391745968082579,
            0.14186419976298398,
            0.954548899754536,
            1.0,
            0.18727187601898337,
            0.5208490416325525,
            0.12929591553955097,
            0.1870800209382582,
            0.10767669023931356
        ],
        "mono_mass": [
            58.0651,
            59.073,
            80.0495,
            97.0106,
            98.0237,
            118.0863,
            227.7265,
            227.752,
            396.8142
        ],
        "abs_mass_diff": [
            0.0,
            0.0,
            0.0,
            0.0,
            0.0,
            0.0,
            0.0,
            0.0,
            0.0
        ],
        "mass_diff": [
            0.0,
            0.0,
            0.0,
            0.0,
            0.0,
            0.0,
            0.0,
            0.0,
            0.0
        ],
        "formula": [
            "C19H17N3O4S2",
            "C19H17N3O4S2",
            "C19H17N3O4S2",
            "C19H17N3O4S2",
            "C19H17N3O4S2",
            "C19H17N3O4S2",
            "C19H17N3O4S2",
            "C19H17N3O4S2",
            "C19H17N3O4S2"
        ],
        "ions": [
            "[M+H]+",
            "[M+H]+",
            "[M+H]+",
            "[M+H]+",
            "[M+H]+",
            "[M+H]+",
            "[M+H]+",
            "[M+H]+",
            "[M+H]+"
        ]
    }
}