{
    "cand_form": "C12H13N3O2",
    "cand_ion": "[M+H]+",
    "output_tbl": {
        "mz": [
            0.0,
            53.0386,
            56.0495,
            77.0386,
            83.0604,
            94.0413,
            94.0651,
            95.0491,
            104.0495,
            105.0447
        ],
        "ms2_inten": [
            0.03607978039892597,
            0.017226521097046414,
            1.0,
            0.22480017261219792,
            0.19004612581511315,
            0.030250496355964707,
            0.040929579018028385,
            0.25584978902953587,
            0.021548259493670886,
            0.08667926735711545
        ],
        "mono_mass": [
            0.0,
            53.0386,
            56.0495,
            77.0386,
            83.0604,
            94.0413,
            94.0651,
            95.0491,
            104.0495,
            105.0447
        ],
        "abs_mass_diff": [
            0.0,
            0.0,
            0.0,
            0.0,
            0.0,
            0.0,
            0.0,
            0.0,
            0.0,
            0.0
        ],
        "mass_diff": [
            0.0,
            0.0,
            0.0,
            0.0,
            0.0,
            0.0,
            0.0,
            0.0,
            0.0,
            0.0
        ],
        "formula": [
            "C12H13N3O2",
            "C12H13N3O2",
            "C12H13N3O2",
            "C12H13N3O2",
            "C12H13N3O2",
            "C12H13N3O2",
            "C12H13N3O2",
            "C12H13N3O2",
            "C12H13N3O2",
            "C12H13N3O2"
        ],
        "ions": [
            "[M+H]+",
            "[M+H]+",
            "[M+H]+",
            "[M+H]+",
            "[M+H]+",
            "[M+H]+",
            "[M+H]+",
            "[M+H]+",
            "[M+H]+",
            "[M+H]+"
        ]
    }
}