{
    "cand_form": "C11H10BrN5",
    "cand_ion": "[M+H]+",
    "output_tbl": {
        "mz": [
            51.0229,
            52.0182,
            54.0338,
            63.0229,
            65.0386,
            75.0229,
            89.0386,
            90.0338,
            95.0478,
            117.0447,
            227.7379
        ],
        "ms2_inten": [
            1.0,
            0.5261501619679807,
            0.692518338328636,
            0.4624134268112101,
            0.46085902411749063,
            0.3296524644989441,
            0.3878226756857405,
            0.3586287291324921,
            0.5162716319576903,
            0.3570252427359369,
            0.37325206590485804
        ],
        "mono_mass": [
            51.0229,
            52.0182,
            54.0338,
            63.0229,
            65.0386,
            75.0229,
            89.0386,
            90.0338,
            95.0478,
            117.0447,
            227.7379
        ],
        "abs_mass_diff": [
            0.0,
            0.0,
            0.0,
            0.0,
            0.0,
            0.0,
            0.0,
            0.0,
            0.0,
            0.0,
            0.0
        ],
        "mass_diff": [
            0.0,
            0.0,
            0.0,
            0.0,
            0.0,
            0.0,
            0.0,
            0.0,
            0.0,
            0.0,
            0.0
        ],
        "formula": [
            "C11H10BrN5",
            "C11H10BrN5",
            "C11H10BrN5",
            "C11H10BrN5",
            "C11H10BrN5",
            "C11H10BrN5",
            "C11H10BrN5",
            "C11H10BrN5",
            "C11H10BrN5",
            "C11H10BrN5",
            "C11H10BrN5"
        ],
        "ions": [
            "[M+H]+",
            "[M+H]+",
            "[M+H]+",
            "[M+H]+",
            "[M+H]+",
            "[M+H]+",
            "[M+H]+",
            "[M+H]+",
            "[M+H]+",
            "[M+H]+",
            "[M+H]+"
        ]
    }
}