{
    "cand_form": "C13H11NO5",
    "cand_ion": "[M+H]+",
    "output_tbl": {
        "mz": [
            0.0,
            51.0229,
            52.0182,
            52.0308,
            53.0022,
            62.0151,
            63.0229,
            64.0182,
            65.0386,
            68.0131,
            74.0151,
            75.0104,
            75.0229,
            76.0182,
            76.0308,
            77.0022,
            77.0133,
            77.0386,
            78.0338,
            80.5531,
            87.0229,
            88.0182,
            89.0386,
            95.0491,
            102.0338,
            114.0338,
            119.0128
        ],
        "ms2_inten": [
            0.45004653383624027,
            0.7421101619228622,
            0.6026529692415862,
            0.0635832064161573,
            0.14462659410070414,
            0.16742461846419376,
            0.5068584901697604,
            0.11560270933092479,
            0.3181828603412434,
            0.10417403637030052,
            0.5564259762844925,
            0.2769550866507708,
            1.0,
            0.5506551957053106,
            0.1360365773144934,
            0.07773629148277486,
            0.13582937546115112,
            0.21344712308168667,
            0.09974305453028297,
            0.04912193814712915,
            0.15478634048021928,
            0.07422752325318217,
            0.14257704757298262,
            0.13898551806046333,
            0.08936897601278665,
            0.0878992954966838,
            0.05786569117236023
        ],
        "mono_mass": [
            0.0,
            51.0229,
            52.0182,
            52.0308,
            53.0022,
            62.0151,
            63.0229,
            64.0182,
            65.0386,
            68.0131,
            74.0151,
            75.0104,
            75.0229,
            76.0182,
            76.0308,
            77.0022,
            77.0133,
            77.0386,
            78.0338,
            80.5531,
            87.0229,
            88.0182,
            89.0386,
            95.0491,
            102.0338,
            114.0338,
            119.0128
        ],
        "abs_mass_diff": [
            0.0,
            0.0,
            0.0,
            0.0,
            0.0,
            0.0,
            0.0,
            0.0,
            0.0,
            0.0,
            0.0,
            0.0,
            0.0,
            0.0,
            0.0,
            0.0,
            0.0,
            0.0,
            0.0,
            0.0,
            0.0,
            0.0,
            0.0,
            0.0,
            0.0,
            0.0,
            0.0
        ],
        "mass_diff": [
            0.0,
            0.0,
            0.0,
            0.0,
            0.0,
            0.0,
            0.0,
            0.0,
            0.0,
            0.0,
            0.0,
            0.0,
            0.0,
            0.0,
            0.0,
            0.0,
            0.0,
            0.0,
            0.0,
            0.0,
            0.0,
            0.0,
            0.0,
            0.0,
            0.0,
            0.0,
            0.0
        ],
        "formula": [
            "C13H11NO5",
            "C13H11NO5",
            "C13H11NO5",
            "C13H11NO5",
            "C13H11NO5",
            "C13H11NO5",
            "C13H11NO5",
            "C13H11NO5",
            "C13H11NO5",
            "C13H11NO5",
            "C13H11NO5",
            "C13H11NO5",
            "C13H11NO5",
            "C13H11NO5",
            "C13H11NO5",
            "C13H11NO5",
            "C13H11NO5",
            "C13H11NO5",
            "C13H11NO5",
            "C13H11NO5",
            "C13H11NO5",
            "C13H11NO5",
            "C13H11NO5",
            "C13H11NO5",
            "C13H11NO5",
            "C13H11NO5",
            "C13H11NO5"
        ],
        "ions": [
            "[M+H]+",
            "[M+H]+",
            "[M+H]+",
            "[M+H]+",
            "[M+H]+",
            "[M+H]+",
            "[M+H]+",
            "[M+H]+",
            "[M+H]+",
            "[M+H]+",
            "[M+H]+",
            "[M+H]+",
            "[M+H]+",
            "[M+H]+",
            "[M+H]+",
            "[M+H]+",
            "[M+H]+",
            "[M+H]+",
            "[M+H]+",
            "[M+H]+",
            "[M+H]+",
            "[M+H]+",
            "[M+H]+",
            "[M+H]+",
            "[M+H]+",
            "[M+H]+",
            "[M+H]+"
        ]
    }
}