{
    "cand_form": "C10H9ClN4S",
    "cand_ion": "[M-H]-",
    "output_tbl": {
        "mz": [
            58.0062,
            59.0139,
            88.9334,
            130.9443,
            147.947,
            227.7127
        ],
        "ms2_inten": [
            0.0844175596800593,
            1.0,
            0.1049209412927334,
            0.401372100923381,
            0.07622000555881535,
            0.08074024891139865
        ],
        "mono_mass": [
            58.0062,
            59.0139,
            88.9334,
            130.9443,
            147.947,
            227.7127
        ],
        "abs_mass_diff": [
            0.0,
            0.0,
            0.0,
            0.0,
            0.0,
            0.0
        ],
        "mass_diff": [
            0.0,
            0.0,
            0.0,
            0.0,
            0.0,
            0.0
        ],
        "formula": [
            "C10H9ClN4S",
            "C10H9ClN4S",
            "C10H9ClN4S",
            "C10H9ClN4S",
            "C10H9ClN4S",
            "C10H9ClN4S"
        ],
        "ions": [
            "[M-H]-",
            "[M-H]-",
            "[M-H]-",
            "[M-H]-",
            "[M-H]-",
            "[M-H]-"
        ]
    }
}