{
    "cand_form": "C18H18N6O5S2",
    "cand_ion": "[M+H]+",
    "output_tbl": {
        "mz": [
            156.0114,
            158.027,
            159.0301,
            185.0379,
            261.1029,
            261.6043,
            262.1029,
            301.0641,
            395.1835
        ],
        "ms2_inten": [
            0.04375392742736509,
            1.0,
            0.040256467377169015,
            0.20154542313939822,
            0.30656606796054553,
            0.13029794009476786,
            0.04629233341357548,
            0.044404541851850714,
            0.08572959513512586
        ],
        "mono_mass": [
            156.0114,
            158.027,
            159.0301,
            185.0379,
            261.1029,
            261.6043,
            262.1029,
            301.0641,
            395.1835
        ],
        "abs_mass_diff": [
            0.0,
            0.0,
            0.0,
            0.0,
            0.0,
            0.0,
            0.0,
            0.0,
            0.0
        ],
        "mass_diff": [
            0.0,
            0.0,
            0.0,
            0.0,
            0.0,
            0.0,
            0.0,
            0.0,
            0.0
        ],
        "formula": [
            "C18H18N6O5S2",
            "C18H18N6O5S2",
            "C18H18N6O5S2",
            "C18H18N6O5S2",
            "C18H18N6O5S2",
            "C18H18N6O5S2",
            "C18H18N6O5S2",
            "C18H18N6O5S2",
            "C18H18N6O5S2"
        ],
        "ions": [
            "[M+H]+",
            "[M+H]+",
            "[M+H]+",
            "[M+H]+",
            "[M+H]+",
            "[M+H]+",
            "[M+H]+",
            "[M+H]+",
            "[M+H]+"
        ]
    }
}