{
    "cand_form": "C9H10Cl2N4",
    "cand_ion": "[M+H]+",
    "output_tbl": {
        "mz": [
            71.0604,
            133.0634,
            146.0713,
            147.0791,
            147.9715,
            154.0167,
            167.0245,
            173.0822,
            174.09,
            174.9824,
            175.0978,
            175.9884,
            181.0276,
            199.9777,
            209.0589
        ],
        "ms2_inten": [
            0.09395052836260155,
            0.10758517060347543,
            0.14163974368783722,
            0.26512026526830607,
            0.1667591289478721,
            0.05662408452587821,
            0.14198113921188973,
            0.2919452647860355,
            1.0,
            0.7415420042470153,
            0.26634509806131573,
            0.08731348430604954,
            0.12605206831205093,
            0.3793466393762952,
            0.16891983753226608
        ],
        "mono_mass": [
            71.0604,
            133.0634,
            146.0713,
            147.0791,
            147.9715,
            154.0167,
            167.0245,
            173.0822,
            174.09,
            174.9824,
            175.0978,
            175.9884,
            181.0276,
            199.9777,
            209.0589
        ],
        "abs_mass_diff": [
            0.0,
            0.0,
            0.0,
            0.0,
            0.0,
            0.0,
            0.0,
            0.0,
            0.0,
            0.0,
            0.0,
            0.0,
            0.0,
            0.0,
            0.0
        ],
        "mass_diff": [
            0.0,
            0.0,
            0.0,
            0.0,
            0.0,
            0.0,
            0.0,
            0.0,
            0.0,
            0.0,
            0.0,
            0.0,
            0.0,
            0.0,
            0.0
        ],
        "formula": [
            "C9H10Cl2N4",
            "C9H10Cl2N4",
            "C9H10Cl2N4",
            "C9H10Cl2N4",
            "C9H10Cl2N4",
            "C9H10Cl2N4",
            "C9H10Cl2N4",
            "C9H10Cl2N4",
            "C9H10Cl2N4",
            "C9H10Cl2N4",
            "C9H10Cl2N4",
            "C9H10Cl2N4",
            "C9H10Cl2N4",
            "C9H10Cl2N4",
            "C9H10Cl2N4"
        ],
        "ions": [
            "[M+H]+",
            "[M+H]+",
            "[M+H]+",
            "[M+H]+",
            "[M+H]+",
            "[M+H]+",
            "[M+H]+",
            "[M+H]+",
            "[M+H]+",
            "[M+H]+",
            "[M+H]+",
            "[M+H]+",
            "[M+H]+",
            "[M+H]+",
            "[M+H]+"
        ]
    }
}