{
    "cand_form": "C34H54O8",
    "cand_ion": "[M-H]-",
    "output_tbl": {
        "mz": [
            66.8514,
            70.3656,
            70.5363,
            95.7277,
            106.0424,
            157.0659,
            227.7326
        ],
        "ms2_inten": [
            0.3522115853881184,
            0.3703031888566904,
            0.4509488137802773,
            0.4160810263054255,
            0.983354579602264,
            0.9863523018783142,
            1.0
        ],
        "mono_mass": [
            66.8514,
            70.3656,
            70.5363,
            95.7277,
            106.0424,
            157.0659,
            227.7326
        ],
        "abs_mass_diff": [
            0.0,
            0.0,
            0.0,
            0.0,
            0.0,
            0.0,
            0.0
        ],
        "mass_diff": [
            0.0,
            0.0,
            0.0,
            0.0,
            0.0,
            0.0,
            0.0
        ],
        "formula": [
            "C34H54O8",
            "C34H54O8",
            "C34H54O8",
            "C34H54O8",
            "C34H54O8",
            "C34H54O8",
            "C34H54O8"
        ],
        "ions": [
            "[M-H]-",
            "[M-H]-",
            "[M-H]-",
            "[M-H]-",
            "[M-H]-",
            "[M-H]-",
            "[M-H]-"
        ]
    }
}