{
    "cand_form": "C23H30N6OS2",
    "cand_ion": "[M+H]+",
    "output_tbl": {
        "mz": [
            0.0,
            56.9793,
            57.9872,
            58.995,
            63.0229,
            64.0182,
            65.0386,
            68.9793,
            75.0229,
            77.0386,
            79.0178,
            83.9902,
            89.0386,
            90.0338,
            92.9793,
            106.995,
            227.7393
        ],
        "ms2_inten": [
            0.2812903967646859,
            0.06983256648425218,
            0.08368230988517435,
            0.2005563185445421,
            0.6637705706841979,
            0.2605885649370579,
            0.15822977094027707,
            1.0,
            0.12133192068513499,
            0.11971889635819231,
            0.10096125263869397,
            0.1020463551318937,
            0.08596711575227085,
            0.17076876562423124,
            0.174309952972089,
            0.09611051090503982,
            0.08199045054894206
        ],
        "mono_mass": [
            0.0,
            56.9793,
            57.9872,
            58.995,
            63.0229,
            64.0182,
            65.0386,
            68.9793,
            75.0229,
            77.0386,
            79.0178,
            83.9902,
            89.0386,
            90.0338,
            92.9793,
            106.995,
            227.7393
        ],
        "abs_mass_diff": [
            0.0,
            0.0,
            0.0,
            0.0,
            0.0,
            0.0,
            0.0,
            0.0,
            0.0,
            0.0,
            0.0,
            0.0,
            0.0,
            0.0,
            0.0,
            0.0,
            0.0
        ],
        "mass_diff": [
            0.0,
            0.0,
            0.0,
            0.0,
            0.0,
            0.0,
            0.0,
            0.0,
            0.0,
            0.0,
            0.0,
            0.0,
            0.0,
            0.0,
            0.0,
            0.0,
            0.0
        ],
        "formula": [
            "C23H30N6OS2",
            "C23H30N6OS2",
            "C23H30N6OS2",
            "C23H30N6OS2",
            "C23H30N6OS2",
            "C23H30N6OS2",
            "C23H30N6OS2",
            "C23H30N6OS2",
            "C23H30N6OS2",
            "C23H30N6OS2",
            "C23H30N6OS2",
            "C23H30N6OS2",
            "C23H30N6OS2",
            "C23H30N6OS2",
            "C23H30N6OS2",
            "C23H30N6OS2",
            "C23H30N6OS2"
        ],
        "ions": [
            "[M+H]+",
            "[M+H]+",
            "[M+H]+",
            "[M+H]+",
            "[M+H]+",
            "[M+H]+",
            "[M+H]+",
            "[M+H]+",
            "[M+H]+",
            "[M+H]+",
            "[M+H]+",
            "[M+H]+",
            "[M+H]+",
            "[M+H]+",
            "[M+H]+",
            "[M+H]+",
            "[M+H]+"
        ]
    }
}