{
    "cand_form": "C15H13N3O2S",
    "cand_ion": "[M+H]+",
    "output_tbl": {
        "mz": [
            55.9344,
            61.0106,
            62.9899,
            63.0263,
            73.0466,
            75.0263,
            79.0212,
            83.3849,
            91.0576,
            93.0369,
            151.0217,
            153.001,
            155.0161,
            169.0318,
            171.0137,
            171.0315,
            196.9729,
            214.9824,
            215.9862,
            227.024,
            227.7484,
            229.0033,
            230.0019
        ],
        "ms2_inten": [
            0.13590030888133336,
            1.0,
            0.38086913731530136,
            0.11571628266561816,
            0.4971209268610974,
            0.3906537164056874,
            0.26128683268184016,
            0.12046757952096254,
            0.42073352381618606,
            0.13407765573420524,
            0.3879243198519878,
            0.16048417540986176,
            0.15697539924811937,
            0.5305532003169622,
            0.38535895243275703,
            0.11565718393334626,
            0.24330369149979314,
            0.22488225482167257,
            0.16245397233938108,
            0.14143195022198207,
            0.17413863597713722,
            0.23407295195755504,
            0.12288097877149413
        ],
        "mono_mass": [
            55.9344,
            61.0106,
            62.9899,
            63.0263,
            73.0466,
            75.0263,
            79.0212,
            83.3849,
            91.0576,
            93.0369,
            151.0217,
            153.001,
            155.0161,
            169.0318,
            171.0137,
            171.0315,
            196.9729,
            214.9824,
            215.9862,
            227.024,
            227.7484,
            229.0033,
            230.0019
        ],
        "abs_mass_diff": [
            0.0,
            0.0,
            0.0,
            0.0,
            0.0,
            0.0,
            0.0,
            0.0,
            0.0,
            0.0,
            0.0,
            0.0,
            0.0,
            0.0,
            0.0,
            0.0,
            0.0,
            0.0,
            0.0,
            0.0,
            0.0,
            0.0,
            0.0
        ],
        "mass_diff": [
            0.0,
            0.0,
            0.0,
            0.0,
            0.0,
            0.0,
            0.0,
            0.0,
            0.0,
            0.0,
            0.0,
            0.0,
            0.0,
            0.0,
            0.0,
            0.0,
            0.0,
            0.0,
            0.0,
            0.0,
            0.0,
            0.0,
            0.0
        ],
        "formula": [
            "C15H13N3O2S",
            "C15H13N3O2S",
            "C15H13N3O2S",
            "C15H13N3O2S",
            "C15H13N3O2S",
            "C15H13N3O2S",
            "C15H13N3O2S",
            "C15H13N3O2S",
            "C15H13N3O2S",
            "C15H13N3O2S",
            "C15H13N3O2S",
            "C15H13N3O2S",
            "C15H13N3O2S",
            "C15H13N3O2S",
            "C15H13N3O2S",
            "C15H13N3O2S",
            "C15H13N3O2S",
            "C15H13N3O2S",
            "C15H13N3O2S",
            "C15H13N3O2S",
            "C15H13N3O2S",
            "C15H13N3O2S",
            "C15H13N3O2S"
        ],
        "ions": [
            "[M+H]+",
            "[M+H]+",
            "[M+H]+",
            "[M+H]+",
            "[M+H]+",
            "[M+H]+",
            "[M+H]+",
            "[M+H]+",
            "[M+H]+",
            "[M+H]+",
            "[M+H]+",
            "[M+H]+",
            "[M+H]+",
            "[M+H]+",
            "[M+H]+",
            "[M+H]+",
            "[M+H]+",
            "[M+H]+",
            "[M+H]+",
            "[M+H]+",
            "[M+H]+",
            "[M+H]+",
            "[M+H]+"
        ]
    }
}