{
    "cand_form": "C47H62N12O11S2",
    "cand_ion": "[M+H]+",
    "output_tbl": {
        "mz": [
            109.1457,
            110.0587,
            112.0995,
            141.9192,
            193.3829,
            227.7312,
            487.2135,
            599.2429,
            802.5602
        ],
        "ms2_inten": [
            0.15479580652097527,
            0.15247250586069636,
            1.0,
            0.16814036302228377,
            0.16786765052942934,
            0.8824575441340966,
            0.6027418094473901,
            0.2205944383134081,
            0.1798819844179274
        ],
        "mono_mass": [
            109.1457,
            110.0587,
            112.0995,
            141.9192,
            193.3829,
            227.7312,
            487.2135,
            599.2429,
            802.5602
        ],
        "abs_mass_diff": [
            0.0,
            0.0,
            0.0,
            0.0,
            0.0,
            0.0,
            0.0,
            0.0,
            0.0
        ],
        "mass_diff": [
            0.0,
            0.0,
            0.0,
            0.0,
            0.0,
            0.0,
            0.0,
            0.0,
            0.0
        ],
        "formula": [
            "C47H62N12O11S2",
            "C47H62N12O11S2",
            "C47H62N12O11S2",
            "C47H62N12O11S2",
            "C47H62N12O11S2",
            "C47H62N12O11S2",
            "C47H62N12O11S2",
            "C47H62N12O11S2",
            "C47H62N12O11S2"
        ],
        "ions": [
            "[M+H]+",
            "[M+H]+",
            "[M+H]+",
            "[M+H]+",
            "[M+H]+",
            "[M+H]+",
            "[M+H]+",
            "[M+H]+",
            "[M+H]+"
        ]
    }
}