{
    "cand_form": "C12H18ClNO",
    "cand_ion": "[M+H]+",
    "output_tbl": {
        "mz": [
            57.0699,
            118.0651,
            154.0418,
            155.0453,
            172.0524,
            228.115
        ],
        "ms2_inten": [
            0.07589663088710998,
            0.019243651678043948,
            1.0,
            0.05452458998522169,
            0.083236163981383,
            0.04430558356629563
        ],
        "mono_mass": [
            57.0699,
            118.0651,
            154.0418,
            155.0453,
            172.0524,
            228.115
        ],
        "abs_mass_diff": [
            0.0,
            0.0,
            0.0,
            0.0,
            0.0,
            0.0
        ],
        "mass_diff": [
            0.0,
            0.0,
            0.0,
            0.0,
            0.0,
            0.0
        ],
        "formula": [
            "C12H18ClNO",
            "C12H18ClNO",
            "C12H18ClNO",
            "C12H18ClNO",
            "C12H18ClNO",
            "C12H18ClNO"
        ],
        "ions": [
            "[M+H]+",
            "[M+H]+",
            "[M+H]+",
            "[M+H]+",
            "[M+H]+",
            "[M+H]+"
        ]
    }
}