{
    "cand_form": "C9H10Cl2N4",
    "cand_ion": "[M+H]+",
    "output_tbl": {
        "mz": [
            0.0,
            69.0447,
            71.0604,
            147.0791,
            167.0245,
            173.0822,
            174.09,
            174.9824,
            175.0978,
            175.9884,
            181.0276,
            186.9824,
            199.9777,
            201.9933,
            209.0589,
            228.009,
            245.0355
        ],
        "ms2_inten": [
            0.08012472212675224,
            0.0636650945820139,
            0.06078101485883605,
            0.14298286278684091,
            0.0901407802140233,
            0.2145985645022974,
            1.0,
            0.48038813829095023,
            0.2114029477421443,
            0.06472490031265954,
            0.09386218020801704,
            0.06347436625545987,
            0.20798746692382386,
            0.0852586865629807,
            0.33465095249376847,
            0.0520798699976976,
            0.14379587769906602
        ],
        "mono_mass": [
            0.0,
            69.0447,
            71.0604,
            147.0791,
            167.0245,
            173.0822,
            174.09,
            174.9824,
            175.0978,
            175.9884,
            181.0276,
            186.9824,
            199.9777,
            201.9933,
            209.0589,
            228.009,
            245.0355
        ],
        "abs_mass_diff": [
            0.0,
            0.0,
            0.0,
            0.0,
            0.0,
            0.0,
            0.0,
            0.0,
            0.0,
            0.0,
            0.0,
            0.0,
            0.0,
            0.0,
            0.0,
            0.0,
            0.0
        ],
        "mass_diff": [
            0.0,
            0.0,
            0.0,
            0.0,
            0.0,
            0.0,
            0.0,
            0.0,
            0.0,
            0.0,
            0.0,
            0.0,
            0.0,
            0.0,
            0.0,
            0.0,
            0.0
        ],
        "formula": [
            "C9H10Cl2N4",
            "C9H10Cl2N4",
            "C9H10Cl2N4",
            "C9H10Cl2N4",
            "C9H10Cl2N4",
            "C9H10Cl2N4",
            "C9H10Cl2N4",
            "C9H10Cl2N4",
            "C9H10Cl2N4",
            "C9H10Cl2N4",
            "C9H10Cl2N4",
            "C9H10Cl2N4",
            "C9H10Cl2N4",
            "C9H10Cl2N4",
            "C9H10Cl2N4",
            "C9H10Cl2N4",
            "C9H10Cl2N4"
        ],
        "ions": [
            "[M+H]+",
            "[M+H]+",
            "[M+H]+",
            "[M+H]+",
            "[M+H]+",
            "[M+H]+",
            "[M+H]+",
            "[M+H]+",
            "[M+H]+",
            "[M+H]+",
            "[M+H]+",
            "[M+H]+",
            "[M+H]+",
            "[M+H]+",
            "[M+H]+",
            "[M+H]+",
            "[M+H]+"
        ]
    }
}