{
    "cand_form": "C36H62N2O11",
    "cand_ion": "[M+H]+",
    "output_tbl": {
        "mz": [
            85.8041,
            88.0757,
            98.0964,
            162.0338,
            227.7517,
            352.4717,
            643.4896
        ],
        "ms2_inten": [
            0.32743757779089094,
            0.9970757354759049,
            0.45881696215103457,
            0.3910877938166823,
            1.0,
            0.32471166454265504,
            0.35822452939388805
        ],
        "mono_mass": [
            85.8041,
            88.0757,
            98.0964,
            162.0338,
            227.7517,
            352.4717,
            643.4896
        ],
        "abs_mass_diff": [
            0.0,
            0.0,
            0.0,
            0.0,
            0.0,
            0.0,
            0.0
        ],
        "mass_diff": [
            0.0,
            0.0,
            0.0,
            0.0,
            0.0,
            0.0,
            0.0
        ],
        "formula": [
            "C36H62N2O11",
            "C36H62N2O11",
            "C36H62N2O11",
            "C36H62N2O11",
            "C36H62N2O11",
            "C36H62N2O11",
            "C36H62N2O11"
        ],
        "ions": [
            "[M+H]+",
            "[M+H]+",
            "[M+H]+",
            "[M+H]+",
            "[M+H]+",
            "[M+H]+",
            "[M+H]+"
        ]
    }
}