{
    "cand_form": "C15H25NO3",
    "cand_ion": "[M+H]+",
    "output_tbl": {
        "mz": [
            0.0,
            56.0495,
            58.0651,
            65.0386,
            72.0808,
            74.06,
            77.0386,
            79.0542,
            91.0542,
            93.0699,
            95.0491,
            103.0542,
            104.0575,
            105.0448,
            105.0699,
            115.0542,
            116.0621,
            121.0648,
            133.0648,
            144.057
        ],
        "ms2_inten": [
            0.06445312105234613,
            1.0,
            0.20745435582223845,
            0.10634314376709958,
            0.19402210771573333,
            0.42804320457127876,
            0.23366039763395602,
            0.4517503535761259,
            0.5464524877520895,
            0.10975072842373892,
            0.32085179627782034,
            0.8013824947468717,
            0.045506560204867666,
            0.13002579062678327,
            0.3964120957245478,
            0.12820912412681115,
            0.08480758376731187,
            0.22258035546314314,
            0.12104643902396024,
            0.06808001229619096
        ],
        "mono_mass": [
            0.0,
            56.0495,
            58.0651,
            65.0386,
            72.0808,
            74.06,
            77.0386,
            79.0542,
            91.0542,
            93.0699,
            95.0491,
            103.0542,
            104.0575,
            105.0448,
            105.0699,
            115.0542,
            116.0621,
            121.0648,
            133.0648,
            144.057
        ],
        "abs_mass_diff": [
            0.0,
            0.0,
            0.0,
            0.0,
            0.0,
            0.0,
            0.0,
            0.0,
            0.0,
            0.0,
            0.0,
            0.0,
            0.0,
            0.0,
            0.0,
            0.0,
            0.0,
            0.0,
            0.0,
            0.0
        ],
        "mass_diff": [
            0.0,
            0.0,
            0.0,
            0.0,
            0.0,
            0.0,
            0.0,
            0.0,
            0.0,
            0.0,
            0.0,
            0.0,
            0.0,
            0.0,
            0.0,
            0.0,
            0.0,
            0.0,
            0.0,
            0.0
        ],
        "formula": [
            "C15H25NO3",
            "C15H25NO3",
            "C15H25NO3",
            "C15H25NO3",
            "C15H25NO3",
            "C15H25NO3",
            "C15H25NO3",
            "C15H25NO3",
            "C15H25NO3",
            "C15H25NO3",
            "C15H25NO3",
            "C15H25NO3",
            "C15H25NO3",
            "C15H25NO3",
            "C15H25NO3",
            "C15H25NO3",
            "C15H25NO3",
            "C15H25NO3",
            "C15H25NO3",
            "C15H25NO3"
        ],
        "ions": [
            "[M+H]+",
            "[M+H]+",
            "[M+H]+",
            "[M+H]+",
            "[M+H]+",
            "[M+H]+",
            "[M+H]+",
            "[M+H]+",
            "[M+H]+",
            "[M+H]+",
            "[M+H]+",
            "[M+H]+",
            "[M+H]+",
            "[M+H]+",
            "[M+H]+",
            "[M+H]+",
            "[M+H]+",
            "[M+H]+",
            "[M+H]+",
            "[M+H]+"
        ]
    }
}