{
    "cand_form": "C17H20N4O5S",
    "cand_ion": "[M-H]-",
    "output_tbl": {
        "mz": [
            283.1214,
            298.1071,
            299.1098,
            311.1513,
            334.0377,
            362.069,
            363.0769,
            391.1082,
            392.116
        ],
        "ms2_inten": [
            0.033755663830658915,
            0.8297223751651945,
            0.07748338976182136,
            0.011820486135204955,
            0.01916018768127746,
            1.0,
            0.08671576636563978,
            0.2396976700114748,
            0.025041280165479626
        ],
        "mono_mass": [
            283.1214,
            298.1071,
            299.1098,
            311.1513,
            334.0377,
            362.069,
            363.0769,
            391.1082,
            392.116
        ],
        "abs_mass_diff": [
            0.0,
            0.0,
            0.0,
            0.0,
            0.0,
            0.0,
            0.0,
            0.0,
            0.0
        ],
        "mass_diff": [
            0.0,
            0.0,
            0.0,
            0.0,
            0.0,
            0.0,
            0.0,
            0.0,
            0.0
        ],
        "formula": [
            "C17H20N4O5S",
            "C17H20N4O5S",
            "C17H20N4O5S",
            "C17H20N4O5S",
            "C17H20N4O5S",
            "C17H20N4O5S",
            "C17H20N4O5S",
            "C17H20N4O5S",
            "C17H20N4O5S"
        ],
        "ions": [
            "[M-H]-",
            "[M-H]-",
            "[M-H]-",
            "[M-H]-",
            "[M-H]-",
            "[M-H]-",
            "[M-H]-",
            "[M-H]-",
            "[M-H]-"
        ]
    }
}