{
    "cand_form": "C21H29FO5",
    "cand_ion": "[M+H]+",
    "output_tbl": {
        "mz": [
            51.4777,
            53.2146,
            71.3281,
            91.0542,
            140.9908,
            148.0155,
            192.0792,
            227.7334,
            341.4373
        ],
        "ms2_inten": [
            0.34350055937551066,
            0.2962092357715401,
            0.3145973962850762,
            1.0,
            0.3286830442877355,
            0.29668131797529806,
            0.36038308493149923,
            0.5524220750107894,
            0.3184271282457397
        ],
        "mono_mass": [
            51.4777,
            53.2146,
            71.3281,
            91.0542,
            140.9908,
            148.0155,
            192.0792,
            227.7334,
            341.4373
        ],
        "abs_mass_diff": [
            0.0,
            0.0,
            0.0,
            0.0,
            0.0,
            0.0,
            0.0,
            0.0,
            0.0
        ],
        "mass_diff": [
            0.0,
            0.0,
            0.0,
            0.0,
            0.0,
            0.0,
            0.0,
            0.0,
            0.0
        ],
        "formula": [
            "C21H29FO5",
            "C21H29FO5",
            "C21H29FO5",
            "C21H29FO5",
            "C21H29FO5",
            "C21H29FO5",
            "C21H29FO5",
            "C21H29FO5",
            "C21H29FO5"
        ],
        "ions": [
            "[M+H]+",
            "[M+H]+",
            "[M+H]+",
            "[M+H]+",
            "[M+H]+",
            "[M+H]+",
            "[M+H]+",
            "[M+H]+",
            "[M+H]+"
        ]
    }
}