{
    "cand_form": "C20H26N6O4S",
    "cand_ion": "[M+H]+",
    "output_tbl": {
        "mz": [
            0.0,
            58.0651,
            70.0651,
            99.0917,
            100.0995,
            101.1073,
            255.124,
            256.0955,
            283.119,
            284.1229,
            299.1139,
            300.1165
        ],
        "ms2_inten": [
            0.026738661503710574,
            0.3214509323272034,
            0.034171487472235,
            0.16056485082042954,
            0.09480983653258393,
            0.23290239573461802,
            0.3058354855215416,
            0.07305418037934093,
            1.0,
            0.09312881370388253,
            0.9953834428923556,
            0.08096884823866453
        ],
        "mono_mass": [
            0.0,
            58.0651,
            70.0651,
            99.0917,
            100.0995,
            101.1073,
            255.124,
            256.0955,
            283.119,
            284.1229,
            299.1139,
            300.1165
        ],
        "abs_mass_diff": [
            0.0,
            0.0,
            0.0,
            0.0,
            0.0,
            0.0,
            0.0,
            0.0,
            0.0,
            0.0,
            0.0,
            0.0
        ],
        "mass_diff": [
            0.0,
            0.0,
            0.0,
            0.0,
            0.0,
            0.0,
            0.0,
            0.0,
            0.0,
            0.0,
            0.0,
            0.0
        ],
        "formula": [
            "C20H26N6O4S",
            "C20H26N6O4S",
            "C20H26N6O4S",
            "C20H26N6O4S",
            "C20H26N6O4S",
            "C20H26N6O4S",
            "C20H26N6O4S",
            "C20H26N6O4S",
            "C20H26N6O4S",
            "C20H26N6O4S",
            "C20H26N6O4S",
            "C20H26N6O4S"
        ],
        "ions": [
            "[M+H]+",
            "[M+H]+",
            "[M+H]+",
            "[M+H]+",
            "[M+H]+",
            "[M+H]+",
            "[M+H]+",
            "[M+H]+",
            "[M+H]+",
            "[M+H]+",
            "[M+H]+",
            "[M+H]+"
        ]
    }
}