{
    "cand_form": "C14H13N3O5S",
    "cand_ion": "[M-H]-",
    "output_tbl": {
        "mz": [
            0.0,
            58.0298,
            63.9624,
            65.9985,
            89.0271,
            91.0427,
            92.0506,
            105.022,
            107.0377,
            227.7104
        ],
        "ms2_inten": [
            0.7339753533756205,
            0.4629353341724351,
            0.7755644999787284,
            0.7602339454348681,
            1.0,
            0.6749436753831557,
            0.9971633657732965,
            0.5750283534064037,
            0.3110774847839313,
            0.3050927041384732
        ],
        "mono_mass": [
            0.0,
            58.0298,
            63.9624,
            65.9985,
            89.0271,
            91.0427,
            92.0506,
            105.022,
            107.0377,
            227.7104
        ],
        "abs_mass_diff": [
            0.0,
            0.0,
            0.0,
            0.0,
            0.0,
            0.0,
            0.0,
            0.0,
            0.0,
            0.0
        ],
        "mass_diff": [
            0.0,
            0.0,
            0.0,
            0.0,
            0.0,
            0.0,
            0.0,
            0.0,
            0.0,
            0.0
        ],
        "formula": [
            "C14H13N3O5S",
            "C14H13N3O5S",
            "C14H13N3O5S",
            "C14H13N3O5S",
            "C14H13N3O5S",
            "C14H13N3O5S",
            "C14H13N3O5S",
            "C14H13N3O5S",
            "C14H13N3O5S",
            "C14H13N3O5S"
        ],
        "ions": [
            "[M-H]-",
            "[M-H]-",
            "[M-H]-",
            "[M-H]-",
            "[M-H]-",
            "[M-H]-",
            "[M-H]-",
            "[M-H]-",
            "[M-H]-",
            "[M-H]-"
        ]
    }
}