{
    "cand_form": "C16H17N3O4S",
    "cand_ion": "[M+H]+",
    "output_tbl": {
        "mz": [
            50.0152,
            51.023,
            52.0183,
            52.0308,
            53.0386,
            58.9952,
            62.0151,
            63.023,
            64.0309,
            65.0386,
            67.0417,
            74.0151,
            75.023,
            77.0386,
            78.0339,
            78.0465,
            79.0418,
            79.0545,
            80.0496,
            89.0386,
            90.047,
            91.042,
            91.0544,
            95.0492,
            96.0446,
            104.0495,
            105.045,
            105.0579,
            117.0572,
            131.0603
        ],
        "ms2_inten": [
            0.19096204870404299,
            0.5322116414467472,
            0.046618859017688516,
            0.0745098692764208,
            0.07321104171121341,
            0.06336456563072408,
            0.08010581726003077,
            0.5447130658204901,
            0.05420279538832516,
            0.221830571758976,
            0.06385079528341844,
            0.0384593417094033,
            0.0970289831917016,
            0.4494612363207393,
            0.0741187039442931,
            0.2711624418644974,
            0.07485849765427346,
            0.09854514291994818,
            0.08440101359908203,
            0.6044592818261336,
            0.10950996792248907,
            0.05296368828606134,
            0.09274537573058957,
            0.5708949311920362,
            0.0767682796159733,
            1.0,
            0.19594581384049772,
            0.04858873145759179,
            0.05294489151085977,
            0.08312474216411654
        ],
        "mono_mass": [
            50.0152,
            51.023,
            52.0183,
            52.0308,
            53.0386,
            58.9952,
            62.0151,
            63.023,
            64.0309,
            65.0386,
            67.0417,
            74.0151,
            75.023,
            77.0386,
            78.0339,
            78.0465,
            79.0418,
            79.0545,
            80.0496,
            89.0386,
            90.047,
            91.042,
            91.0544,
            95.0492,
            96.0446,
            104.0495,
            105.045,
            105.0579,
            117.0572,
            131.0603
        ],
        "abs_mass_diff": [
            0.0,
            0.0,
            0.0,
            0.0,
            0.0,
            0.0,
            0.0,
            0.0,
            0.0,
            0.0,
            0.0,
            0.0,
            0.0,
            0.0,
            0.0,
            0.0,
            0.0,
            0.0,
            0.0,
            0.0,
            0.0,
            0.0,
            0.0,
            0.0,
            0.0,
            0.0,
            0.0,
            0.0,
            0.0,
            0.0
        ],
        "mass_diff": [
            0.0,
            0.0,
            0.0,
            0.0,
            0.0,
            0.0,
            0.0,
            0.0,
            0.0,
            0.0,
            0.0,
            0.0,
            0.0,
            0.0,
            0.0,
            0.0,
            0.0,
            0.0,
            0.0,
            0.0,
            0.0,
            0.0,
            0.0,
            0.0,
            0.0,
            0.0,
            0.0,
            0.0,
            0.0,
            0.0
        ],
        "formula": [
            "C16H17N3O4S",
            "C16H17N3O4S",
            "C16H17N3O4S",
            "C16H17N3O4S",
            "C16H17N3O4S",
            "C16H17N3O4S",
            "C16H17N3O4S",
            "C16H17N3O4S",
            "C16H17N3O4S",
            "C16H17N3O4S",
            "C16H17N3O4S",
            "C16H17N3O4S",
            "C16H17N3O4S",
            "C16H17N3O4S",
            "C16H17N3O4S",
            "C16H17N3O4S",
            "C16H17N3O4S",
            "C16H17N3O4S",
            "C16H17N3O4S",
            "C16H17N3O4S",
            "C16H17N3O4S",
            "C16H17N3O4S",
            "C16H17N3O4S",
            "C16H17N3O4S",
            "C16H17N3O4S",
            "C16H17N3O4S",
            "C16H17N3O4S",
            "C16H17N3O4S",
            "C16H17N3O4S",
            "C16H17N3O4S"
        ],
        "ions": [
            "[M+H]+",
            "[M+H]+",
            "[M+H]+",
            "[M+H]+",
            "[M+H]+",
            "[M+H]+",
            "[M+H]+",
            "[M+H]+",
            "[M+H]+",
            "[M+H]+",
            "[M+H]+",
            "[M+H]+",
            "[M+H]+",
            "[M+H]+",
            "[M+H]+",
            "[M+H]+",
            "[M+H]+",
            "[M+H]+",
            "[M+H]+",
            "[M+H]+",
            "[M+H]+",
            "[M+H]+",
            "[M+H]+",
            "[M+H]+",
            "[M+H]+",
            "[M+H]+",
            "[M+H]+",
            "[M+H]+",
            "[M+H]+",
            "[M+H]+"
        ]
    }
}