{
    "cand_form": "C25H30ClN3",
    "cand_ion": "[M+H]+",
    "output_tbl": {
        "mz": [
            56.0495,
            84.0808,
            127.0355,
            128.0387,
            134.0402,
            138.0272,
            145.0256,
            151.0351,
            154.0459,
            155.0496,
            168.0366,
            171.0402,
            174.0508,
            175.0542,
            193.0678
        ],
        "ms2_inten": [
            0.4038350302293052,
            0.048412739634833155,
            0.5972338367596299,
            0.02421788701776682,
            0.0362345142448403,
            0.17140843619553472,
            0.033978435927395655,
            0.08710376181765116,
            0.6543565752042342,
            0.035340727605998365,
            0.10007357909919545,
            0.09505395913136055,
            1.0,
            0.05824944727662326,
            0.36143954129312866
        ],
        "mono_mass": [
            56.0495,
            84.0808,
            127.0355,
            128.0387,
            134.0402,
            138.0272,
            145.0256,
            151.0351,
            154.0459,
            155.0496,
            168.0366,
            171.0402,
            174.0508,
            175.0542,
            193.0678
        ],
        "abs_mass_diff": [
            0.0,
            0.0,
            0.0,
            0.0,
            0.0,
            0.0,
            0.0,
            0.0,
            0.0,
            0.0,
            0.0,
            0.0,
            0.0,
            0.0,
            0.0
        ],
        "mass_diff": [
            0.0,
            0.0,
            0.0,
            0.0,
            0.0,
            0.0,
            0.0,
            0.0,
            0.0,
            0.0,
            0.0,
            0.0,
            0.0,
            0.0,
            0.0
        ],
        "formula": [
            "C25H30ClN3",
            "C25H30ClN3",
            "C25H30ClN3",
            "C25H30ClN3",
            "C25H30ClN3",
            "C25H30ClN3",
            "C25H30ClN3",
            "C25H30ClN3",
            "C25H30ClN3",
            "C25H30ClN3",
            "C25H30ClN3",
            "C25H30ClN3",
            "C25H30ClN3",
            "C25H30ClN3",
            "C25H30ClN3"
        ],
        "ions": [
            "[M+H]+",
            "[M+H]+",
            "[M+H]+",
            "[M+H]+",
            "[M+H]+",
            "[M+H]+",
            "[M+H]+",
            "[M+H]+",
            "[M+H]+",
            "[M+H]+",
            "[M+H]+",
            "[M+H]+",
            "[M+H]+",
            "[M+H]+",
            "[M+H]+"
        ]
    }
}