{
    "cand_form": "C21H28O5",
    "cand_ion": "[M+H]+",
    "output_tbl": {
        "mz": [
            147.0804,
            171.0804,
            173.0961,
            223.1117,
            265.1587,
            267.1743,
            279.1743,
            289.1587,
            307.1693,
            308.1771,
            325.1798,
            326.1876,
            343.1904,
            344.1982,
            361.201,
            362.3272
        ],
        "ms2_inten": [
            0.2653986956078896,
            0.05358421940732782,
            0.07405487646810299,
            0.06013459104545884,
            0.08870548441101772,
            0.05963449103005205,
            0.13158952610714666,
            0.15527430971903391,
            0.31187995963348764,
            0.05361432514788124,
            0.4197297763883481,
            0.08054066968404323,
            1.0,
            0.1581909354786638,
            0.12696384801555827,
            0.06494209264221217
        ],
        "mono_mass": [
            147.0804,
            171.0804,
            173.0961,
            223.1117,
            265.1587,
            267.1743,
            279.1743,
            289.1587,
            307.1693,
            308.1771,
            325.1798,
            326.1876,
            343.1904,
            344.1982,
            361.201,
            362.3272
        ],
        "abs_mass_diff": [
            0.0,
            0.0,
            0.0,
            0.0,
            0.0,
            0.0,
            0.0,
            0.0,
            0.0,
            0.0,
            0.0,
            0.0,
            0.0,
            0.0,
            0.0,
            0.0
        ],
        "mass_diff": [
            0.0,
            0.0,
            0.0,
            0.0,
            0.0,
            0.0,
            0.0,
            0.0,
            0.0,
            0.0,
            0.0,
            0.0,
            0.0,
            0.0,
            0.0,
            0.0
        ],
        "formula": [
            "C21H28O5",
            "C21H28O5",
            "C21H28O5",
            "C21H28O5",
            "C21H28O5",
            "C21H28O5",
            "C21H28O5",
            "C21H28O5",
            "C21H28O5",
            "C21H28O5",
            "C21H28O5",
            "C21H28O5",
            "C21H28O5",
            "C21H28O5",
            "C21H28O5",
            "C21H28O5"
        ],
        "ions": [
            "[M+H]+",
            "[M+H]+",
            "[M+H]+",
            "[M+H]+",
            "[M+H]+",
            "[M+H]+",
            "[M+H]+",
            "[M+H]+",
            "[M+H]+",
            "[M+H]+",
            "[M+H]+",
            "[M+H]+",
            "[M+H]+",
            "[M+H]+",
            "[M+H]+",
            "[M+H]+"
        ]
    }
}