{
    "cand_form": "C17H25N3O2",
    "cand_ion": "[M+H]+",
    "output_tbl": {
        "mz": [
            59.0491,
            61.0106,
            70.0651,
            79.0542,
            81.0699,
            91.0542,
            92.058,
            93.0699,
            94.0731,
            95.0491,
            97.076,
            107.0491,
            107.0855,
            108.0525,
            109.0648,
            119.0491,
            120.0525,
            121.0648,
            122.0683,
            133.1012,
            151.1117,
            162.0298
        ],
        "ms2_inten": [
            0.054904914321809266,
            0.05884970648132179,
            0.23634759411746822,
            0.046703224489105535,
            0.07475852284795026,
            0.5071654144166831,
            0.22924785620744154,
            0.7887252995075308,
            0.05845722214125107,
            0.4174789058198742,
            1.0,
            0.928502957109677,
            0.20920934719104042,
            0.5976412778088733,
            0.11908197640165534,
            0.07005401865787363,
            0.057292036417077565,
            0.14908055425563868,
            0.13382349464184942,
            0.07063027431317777,
            0.12395000357111205,
            0.06904810806417015
        ],
        "mono_mass": [
            59.0491,
            61.0106,
            70.0651,
            79.0542,
            81.0699,
            91.0542,
            92.058,
            93.0699,
            94.0731,
            95.0491,
            97.076,
            107.0491,
            107.0855,
            108.0525,
            109.0648,
            119.0491,
            120.0525,
            121.0648,
            122.0683,
            133.1012,
            151.1117,
            162.0298
        ],
        "abs_mass_diff": [
            0.0,
            0.0,
            0.0,
            0.0,
            0.0,
            0.0,
            0.0,
            0.0,
            0.0,
            0.0,
            0.0,
            0.0,
            0.0,
            0.0,
            0.0,
            0.0,
            0.0,
            0.0,
            0.0,
            0.0,
            0.0,
            0.0
        ],
        "mass_diff": [
            0.0,
            0.0,
            0.0,
            0.0,
            0.0,
            0.0,
            0.0,
            0.0,
            0.0,
            0.0,
            0.0,
            0.0,
            0.0,
            0.0,
            0.0,
            0.0,
            0.0,
            0.0,
            0.0,
            0.0,
            0.0,
            0.0
        ],
        "formula": [
            "C17H25N3O2",
            "C17H25N3O2",
            "C17H25N3O2",
            "C17H25N3O2",
            "C17H25N3O2",
            "C17H25N3O2",
            "C17H25N3O2",
            "C17H25N3O2",
            "C17H25N3O2",
            "C17H25N3O2",
            "C17H25N3O2",
            "C17H25N3O2",
            "C17H25N3O2",
            "C17H25N3O2",
            "C17H25N3O2",
            "C17H25N3O2",
            "C17H25N3O2",
            "C17H25N3O2",
            "C17H25N3O2",
            "C17H25N3O2",
            "C17H25N3O2",
            "C17H25N3O2"
        ],
        "ions": [
            "[M+H]+",
            "[M+H]+",
            "[M+H]+",
            "[M+H]+",
            "[M+H]+",
            "[M+H]+",
            "[M+H]+",
            "[M+H]+",
            "[M+H]+",
            "[M+H]+",
            "[M+H]+",
            "[M+H]+",
            "[M+H]+",
            "[M+H]+",
            "[M+H]+",
            "[M+H]+",
            "[M+H]+",
            "[M+H]+",
            "[M+H]+",
            "[M+H]+",
            "[M+H]+",
            "[M+H]+"
        ]
    }
}