{
    "cand_form": "C17H19N5O4",
    "cand_ion": "[M+H]+",
    "output_tbl": {
        "mz": [
            67.0291,
            68.0369,
            69.0447,
            69.0573,
            81.0447,
            94.0287,
            95.0478,
            95.0604,
            96.0682,
            120.0444,
            136.0505,
            140.0455,
            154.0611,
            166.0975,
            168.0768,
            213.0771,
            214.0849,
            215.0927,
            217.1084,
            225.0771,
            226.0822,
            227.0927,
            241.072,
            241.1084,
            255.0877,
            255.124,
            256.0955,
            269.1033,
            283.119,
            284.1268
        ],
        "ms2_inten": [
            0.0683259594025118,
            0.25570905797546306,
            0.10954353626903696,
            0.10032274436712921,
            0.08753923886022354,
            0.060513729214017,
            0.07081944628163694,
            0.17530663386206638,
            0.1260323059135153,
            0.09122914104410551,
            0.3151849538683861,
            0.15418934811107912,
            1.0,
            0.07513664754622254,
            0.08604235329725152,
            0.11280305037145523,
            0.06309160172271641,
            0.06167214851444551,
            0.12988636092488864,
            0.1157565560938047,
            0.12654373879779116,
            0.25617617140616,
            0.10095102076345407,
            0.08055968505591461,
            0.27038135984882794,
            0.19314705996820236,
            0.07926151309655056,
            0.08215192042664358,
            0.09361812030613406,
            0.15695077873667
        ],
        "mono_mass": [
            67.0291,
            68.0369,
            69.0447,
            69.0573,
            81.0447,
            94.0287,
            95.0478,
            95.0604,
            96.0682,
            120.0444,
            136.0505,
            140.0455,
            154.0611,
            166.0975,
            168.0768,
            213.0771,
            214.0849,
            215.0927,
            217.1084,
            225.0771,
            226.0822,
            227.0927,
            241.072,
            241.1084,
            255.0877,
            255.124,
            256.0955,
            269.1033,
            283.119,
            284.1268
        ],
        "abs_mass_diff": [
            0.0,
            0.0,
            0.0,
            0.0,
            0.0,
            0.0,
            0.0,
            0.0,
            0.0,
            0.0,
            0.0,
            0.0,
            0.0,
            0.0,
            0.0,
            0.0,
            0.0,
            0.0,
            0.0,
            0.0,
            0.0,
            0.0,
            0.0,
            0.0,
            0.0,
            0.0,
            0.0,
            0.0,
            0.0,
            0.0
        ],
        "mass_diff": [
            0.0,
            0.0,
            0.0,
            0.0,
            0.0,
            0.0,
            0.0,
            0.0,
            0.0,
            0.0,
            0.0,
            0.0,
            0.0,
            0.0,
            0.0,
            0.0,
            0.0,
            0.0,
            0.0,
            0.0,
            0.0,
            0.0,
            0.0,
            0.0,
            0.0,
            0.0,
            0.0,
            0.0,
            0.0,
            0.0
        ],
        "formula": [
            "C17H19N5O4",
            "C17H19N5O4",
            "C17H19N5O4",
            "C17H19N5O4",
            "C17H19N5O4",
            "C17H19N5O4",
            "C17H19N5O4",
            "C17H19N5O4",
            "C17H19N5O4",
            "C17H19N5O4",
            "C17H19N5O4",
            "C17H19N5O4",
            "C17H19N5O4",
            "C17H19N5O4",
            "C17H19N5O4",
            "C17H19N5O4",
            "C17H19N5O4",
            "C17H19N5O4",
            "C17H19N5O4",
            "C17H19N5O4",
            "C17H19N5O4",
            "C17H19N5O4",
            "C17H19N5O4",
            "C17H19N5O4",
            "C17H19N5O4",
            "C17H19N5O4",
            "C17H19N5O4",
            "C17H19N5O4",
            "C17H19N5O4",
            "C17H19N5O4"
        ],
        "ions": [
            "[M+H]+",
            "[M+H]+",
            "[M+H]+",
            "[M+H]+",
            "[M+H]+",
            "[M+H]+",
            "[M+H]+",
            "[M+H]+",
            "[M+H]+",
            "[M+H]+",
            "[M+H]+",
            "[M+H]+",
            "[M+H]+",
            "[M+H]+",
            "[M+H]+",
            "[M+H]+",
            "[M+H]+",
            "[M+H]+",
            "[M+H]+",
            "[M+H]+",
            "[M+H]+",
            "[M+H]+",
            "[M+H]+",
            "[M+H]+",
            "[M+H]+",
            "[M+H]+",
            "[M+H]+",
            "[M+H]+",
            "[M+H]+",
            "[M+H]+"
        ]
    }
}