{
    "cand_form": "C17H20N4O2",
    "cand_ion": "[M+H]+",
    "output_tbl": {
        "mz": [
            68.0369,
            69.0447,
            120.0444,
            121.0284,
            154.0611,
            155.0689,
            166.0975,
            201.0533,
            216.0768,
            241.072,
            255.0877,
            256.0955,
            257.0947,
            257.1397,
            268.1081,
            269.1033,
            283.119,
            285.1346,
            286.1424
        ],
        "ms2_inten": [
            0.06148165340934361,
            0.10536676892773598,
            0.1231681197809108,
            0.08640133168421246,
            0.06605361780789348,
            0.06561189094558198,
            0.10264174892620799,
            0.1084771362237739,
            0.0901714392328294,
            0.20675372896901092,
            0.2686925679349985,
            1.0,
            0.07073051449944812,
            0.14781163657591834,
            0.11842153426140037,
            0.21990547278228637,
            0.09331194395407517,
            0.9809306552991769,
            0.09677533540786684
        ],
        "mono_mass": [
            68.0369,
            69.0447,
            120.0444,
            121.0284,
            154.0611,
            155.0689,
            166.0975,
            201.0533,
            216.0768,
            241.072,
            255.0877,
            256.0955,
            257.0947,
            257.1397,
            268.1081,
            269.1033,
            283.119,
            285.1346,
            286.1424
        ],
        "abs_mass_diff": [
            0.0,
            0.0,
            0.0,
            0.0,
            0.0,
            0.0,
            0.0,
            0.0,
            0.0,
            0.0,
            0.0,
            0.0,
            0.0,
            0.0,
            0.0,
            0.0,
            0.0,
            0.0,
            0.0
        ],
        "mass_diff": [
            0.0,
            0.0,
            0.0,
            0.0,
            0.0,
            0.0,
            0.0,
            0.0,
            0.0,
            0.0,
            0.0,
            0.0,
            0.0,
            0.0,
            0.0,
            0.0,
            0.0,
            0.0,
            0.0
        ],
        "formula": [
            "C17H20N4O2",
            "C17H20N4O2",
            "C17H20N4O2",
            "C17H20N4O2",
            "C17H20N4O2",
            "C17H20N4O2",
            "C17H20N4O2",
            "C17H20N4O2",
            "C17H20N4O2",
            "C17H20N4O2",
            "C17H20N4O2",
            "C17H20N4O2",
            "C17H20N4O2",
            "C17H20N4O2",
            "C17H20N4O2",
            "C17H20N4O2",
            "C17H20N4O2",
            "C17H20N4O2",
            "C17H20N4O2"
        ],
        "ions": [
            "[M+H]+",
            "[M+H]+",
            "[M+H]+",
            "[M+H]+",
            "[M+H]+",
            "[M+H]+",
            "[M+H]+",
            "[M+H]+",
            "[M+H]+",
            "[M+H]+",
            "[M+H]+",
            "[M+H]+",
            "[M+H]+",
            "[M+H]+",
            "[M+H]+",
            "[M+H]+",
            "[M+H]+",
            "[M+H]+",
            "[M+H]+"
        ]
    }
}