{
    "cand_form": "C38H72N2O12",
    "cand_ion": "[M+H]+",
    "output_tbl": {
        "mz": [
            0.0,
            81.0699,
            83.0491,
            84.0808,
            88.0757,
            98.0964,
            227.7294,
            227.7584
        ],
        "ms2_inten": [
            0.06648163869458212,
            0.07519880228022549,
            1.0,
            0.1840417498456475,
            0.08132374546210362,
            0.32551155972422674,
            0.04202013637116575,
            0.04779867964228394
        ],
        "mono_mass": [
            0.0,
            81.0699,
            83.0491,
            84.0808,
            88.0757,
            98.0964,
            227.7294,
            227.7584
        ],
        "abs_mass_diff": [
            0.0,
            0.0,
            0.0,
            0.0,
            0.0,
            0.0,
            0.0,
            0.0
        ],
        "mass_diff": [
            0.0,
            0.0,
            0.0,
            0.0,
            0.0,
            0.0,
            0.0,
            0.0
        ],
        "formula": [
            "C38H72N2O12",
            "C38H72N2O12",
            "C38H72N2O12",
            "C38H72N2O12",
            "C38H72N2O12",
            "C38H72N2O12",
            "C38H72N2O12",
            "C38H72N2O12"
        ],
        "ions": [
            "[M+H]+",
            "[M+H]+",
            "[M+H]+",
            "[M+H]+",
            "[M+H]+",
            "[M+H]+",
            "[M+H]+",
            "[M+H]+"
        ]
    }
}