{
    "cand_form": "C21H30N6O4S",
    "cand_ion": "[M+H]+",
    "output_tbl": {
        "mz": [
            0.0,
            51.0229,
            52.0182,
            54.0338,
            56.0495,
            57.0573,
            58.0651,
            62.0151,
            63.0229,
            64.0182,
            65.0386,
            70.0651,
            72.0808,
            75.0229,
            76.0182,
            77.0386,
            78.0338,
            89.0386,
            90.0338,
            95.0491,
            102.0338,
            103.0417,
            104.0495,
            105.0447,
            114.0338,
            129.0447,
            227.7392
        ],
        "ms2_inten": [
            0.08193381823707453,
            0.19569264272044914,
            0.06689627998214295,
            0.07708784579599237,
            0.30540727553746067,
            0.05513634251456891,
            1.0,
            0.07293183307202751,
            0.32739282827241967,
            0.04773662712587743,
            0.12528775298490458,
            0.06805099211839007,
            0.09116502291922152,
            0.21686089156212418,
            0.08775924875594686,
            0.10334789204240478,
            0.07064347499752137,
            0.10018173164521889,
            0.10420426700107156,
            0.09009811078966729,
            0.07360917537995953,
            0.06140973513269419,
            0.05940968544311366,
            0.06610214843861219,
            0.056480628201106914,
            0.11766917800562873,
            0.06041464160824501
        ],
        "mono_mass": [
            0.0,
            51.0229,
            52.0182,
            54.0338,
            56.0495,
            57.0573,
            58.0651,
            62.0151,
            63.0229,
            64.0182,
            65.0386,
            70.0651,
            72.0808,
            75.0229,
            76.0182,
            77.0386,
            78.0338,
            89.0386,
            90.0338,
            95.0491,
            102.0338,
            103.0417,
            104.0495,
            105.0447,
            114.0338,
            129.0447,
            227.7392
        ],
        "abs_mass_diff": [
            0.0,
            0.0,
            0.0,
            0.0,
            0.0,
            0.0,
            0.0,
            0.0,
            0.0,
            0.0,
            0.0,
            0.0,
            0.0,
            0.0,
            0.0,
            0.0,
            0.0,
            0.0,
            0.0,
            0.0,
            0.0,
            0.0,
            0.0,
            0.0,
            0.0,
            0.0,
            0.0
        ],
        "mass_diff": [
            0.0,
            0.0,
            0.0,
            0.0,
            0.0,
            0.0,
            0.0,
            0.0,
            0.0,
            0.0,
            0.0,
            0.0,
            0.0,
            0.0,
            0.0,
            0.0,
            0.0,
            0.0,
            0.0,
            0.0,
            0.0,
            0.0,
            0.0,
            0.0,
            0.0,
            0.0,
            0.0
        ],
        "formula": [
            "C21H30N6O4S",
            "C21H30N6O4S",
            "C21H30N6O4S",
            "C21H30N6O4S",
            "C21H30N6O4S",
            "C21H30N6O4S",
            "C21H30N6O4S",
            "C21H30N6O4S",
            "C21H30N6O4S",
            "C21H30N6O4S",
            "C21H30N6O4S",
            "C21H30N6O4S",
            "C21H30N6O4S",
            "C21H30N6O4S",
            "C21H30N6O4S",
            "C21H30N6O4S",
            "C21H30N6O4S",
            "C21H30N6O4S",
            "C21H30N6O4S",
            "C21H30N6O4S",
            "C21H30N6O4S",
            "C21H30N6O4S",
            "C21H30N6O4S",
            "C21H30N6O4S",
            "C21H30N6O4S",
            "C21H30N6O4S",
            "C21H30N6O4S"
        ],
        "ions": [
            "[M+H]+",
            "[M+H]+",
            "[M+H]+",
            "[M+H]+",
            "[M+H]+",
            "[M+H]+",
            "[M+H]+",
            "[M+H]+",
            "[M+H]+",
            "[M+H]+",
            "[M+H]+",
            "[M+H]+",
            "[M+H]+",
            "[M+H]+",
            "[M+H]+",
            "[M+H]+",
            "[M+H]+",
            "[M+H]+",
            "[M+H]+",
            "[M+H]+",
            "[M+H]+",
            "[M+H]+",
            "[M+H]+",
            "[M+H]+",
            "[M+H]+",
            "[M+H]+",
            "[M+H]+"
        ]
    }
}