{
    "cand_form": "C14H10O5",
    "cand_ion": "[M-H]-",
    "output_tbl": {
        "mz": [
            93.0347,
            94.038,
            137.0247,
            138.0279
        ],
        "ms2_inten": [
            0.7990164568321475,
            0.03152747410681671,
            1.0,
            0.041355220170120374
        ],
        "mono_mass": [
            93.0347,
            94.038,
            137.0247,
            138.0279
        ],
        "abs_mass_diff": [
            0.0,
            0.0,
            0.0,
            0.0
        ],
        "mass_diff": [
            0.0,
            0.0,
            0.0,
            0.0
        ],
        "formula": [
            "C14H10O5",
            "C14H10O5",
            "C14H10O5",
            "C14H10O5"
        ],
        "ions": [
            "[M-H]-",
            "[M-H]-",
            "[M-H]-",
            "[M-H]-"
        ]
    }
}