{
    "cand_form": "C19H18N6O6",
    "cand_ion": "[M-H]-",
    "output_tbl": {
        "mz": [
            59.0139,
            61.9884,
            63.9927,
            110.0069,
            227.7139
        ],
        "ms2_inten": [
            1.0,
            0.20363369257685557,
            0.046343773978546825,
            0.03259526004594469,
            0.022909824434015985
        ],
        "mono_mass": [
            59.0139,
            61.9884,
            63.9927,
            110.0069,
            227.7139
        ],
        "abs_mass_diff": [
            0.0,
            0.0,
            0.0,
            0.0,
            0.0
        ],
        "mass_diff": [
            0.0,
            0.0,
            0.0,
            0.0,
            0.0
        ],
        "formula": [
            "C19H18N6O6",
            "C19H18N6O6",
            "C19H18N6O6",
            "C19H18N6O6",
            "C19H18N6O6"
        ],
        "ions": [
            "[M-H]-",
            "[M-H]-",
            "[M-H]-",
            "[M-H]-",
            "[M-H]-"
        ]
    }
}