{
    "cand_form": "C25H34N6O3",
    "cand_ion": "[M+H]+",
    "output_tbl": {
        "mz": [
            0.0,
            64.4497,
            65.0386,
            116.1833,
            227.7454,
            450.2374
        ],
        "ms2_inten": [
            0.36494967502528824,
            0.3381064285195348,
            0.3417054605810984,
            0.3294106305571235,
            1.0,
            0.3343467253837943
        ],
        "mono_mass": [
            0.0,
            64.4497,
            65.0386,
            116.1833,
            227.7454,
            450.2374
        ],
        "abs_mass_diff": [
            0.0,
            0.0,
            0.0,
            0.0,
            0.0,
            0.0
        ],
        "mass_diff": [
            0.0,
            0.0,
            0.0,
            0.0,
            0.0,
            0.0
        ],
        "formula": [
            "C25H34N6O3",
            "C25H34N6O3",
            "C25H34N6O3",
            "C25H34N6O3",
            "C25H34N6O3",
            "C25H34N6O3"
        ],
        "ions": [
            "[M+H]+",
            "[M+H]+",
            "[M+H]+",
            "[M+H]+",
            "[M+H]+",
            "[M+H]+"
        ]
    }
}