{
    "cand_form": "C11H12Cl2N2O5",
    "cand_ion": "[M-H]-",
    "output_tbl": {
        "mz": [
            141.0193,
            237.9917,
            238.991,
            259.9285,
            260.8628,
            261.8867,
            277.9371,
            279.9024,
            303.8988,
            319.9472,
            319.9972,
            320.9081,
            320.9629,
            321.0051,
            321.9159,
            321.9624,
            338.9181
        ],
        "ms2_inten": [
            0.04248688340338613,
            0.10432062242028894,
            0.21941316006981873,
            0.09657960557946883,
            0.05000271529827481,
            0.09489043416055631,
            0.06378932242361554,
            0.1426032005263414,
            0.15573557714588887,
            0.06237168083218348,
            0.4710078646979665,
            0.22212191888280974,
            0.4252000719909449,
            0.705514671282579,
            1.0,
            0.059383999756618296,
            0.049586464337613656
        ],
        "mono_mass": [
            141.0193,
            237.9917,
            238.991,
            259.9285,
            260.8628,
            261.8867,
            277.9371,
            279.9024,
            303.8988,
            319.9472,
            319.9972,
            320.9081,
            320.9629,
            321.0051,
            321.9159,
            321.9624,
            338.9181
        ],
        "abs_mass_diff": [
            0.0,
            0.0,
            0.0,
            0.0,
            0.0,
            0.0,
            0.0,
            0.0,
            0.0,
            0.0,
            0.0,
            0.0,
            0.0,
            0.0,
            0.0,
            0.0,
            0.0
        ],
        "mass_diff": [
            0.0,
            0.0,
            0.0,
            0.0,
            0.0,
            0.0,
            0.0,
            0.0,
            0.0,
            0.0,
            0.0,
            0.0,
            0.0,
            0.0,
            0.0,
            0.0,
            0.0
        ],
        "formula": [
            "C11H12Cl2N2O5",
            "C11H12Cl2N2O5",
            "C11H12Cl2N2O5",
            "C11H12Cl2N2O5",
            "C11H12Cl2N2O5",
            "C11H12Cl2N2O5",
            "C11H12Cl2N2O5",
            "C11H12Cl2N2O5",
            "C11H12Cl2N2O5",
            "C11H12Cl2N2O5",
            "C11H12Cl2N2O5",
            "C11H12Cl2N2O5",
            "C11H12Cl2N2O5",
            "C11H12Cl2N2O5",
            "C11H12Cl2N2O5",
            "C11H12Cl2N2O5",
            "C11H12Cl2N2O5"
        ],
        "ions": [
            "[M-H]-",
            "[M-H]-",
            "[M-H]-",
            "[M-H]-",
            "[M-H]-",
            "[M-H]-",
            "[M-H]-",
            "[M-H]-",
            "[M-H]-",
            "[M-H]-",
            "[M-H]-",
            "[M-H]-",
            "[M-H]-",
            "[M-H]-",
            "[M-H]-",
            "[M-H]-",
            "[M-H]-"
        ]
    }
}