{
    "cand_form": "C12H21N",
    "cand_ion": "[M+H]+",
    "output_tbl": {
        "mz": [
            67.0542,
            79.0542,
            81.0699,
            93.0699,
            95.0855,
            107.0855,
            121.1012,
            135.1168,
            163.1481,
            164.1514,
            180.1747
        ],
        "ms2_inten": [
            0.0619862041999956,
            0.057292465637847456,
            0.4046514965288886,
            0.1260241956675396,
            0.092971262916839,
            0.20291624529780455,
            0.14804214832308854,
            0.08563174531724332,
            1.0,
            0.08622613596283117,
            0.024907688089574862
        ],
        "mono_mass": [
            67.0542,
            79.0542,
            81.0699,
            93.0699,
            95.0855,
            107.0855,
            121.1012,
            135.1168,
            163.1481,
            164.1514,
            180.1747
        ],
        "abs_mass_diff": [
            0.0,
            0.0,
            0.0,
            0.0,
            0.0,
            0.0,
            0.0,
            0.0,
            0.0,
            0.0,
            0.0
        ],
        "mass_diff": [
            0.0,
            0.0,
            0.0,
            0.0,
            0.0,
            0.0,
            0.0,
            0.0,
            0.0,
            0.0,
            0.0
        ],
        "formula": [
            "C12H21N",
            "C12H21N",
            "C12H21N",
            "C12H21N",
            "C12H21N",
            "C12H21N",
            "C12H21N",
            "C12H21N",
            "C12H21N",
            "C12H21N",
            "C12H21N"
        ],
        "ions": [
            "[M+H]+",
            "[M+H]+",
            "[M+H]+",
            "[M+H]+",
            "[M+H]+",
            "[M+H]+",
            "[M+H]+",
            "[M+H]+",
            "[M+H]+",
            "[M+H]+",
            "[M+H]+"
        ]
    }
}