{
    "cand_form": "C16H17N3O7S2",
    "cand_ion": "[M-H]-",
    "output_tbl": {
        "mz": [
            57.9757,
            59.0139,
            60.0091,
            65.0145,
            65.9985,
            81.9757,
            90.0349,
            96.9866,
            96.9992,
            98.0248,
            108.9866,
            122.991,
            123.9988,
            134.0229,
            135.0308,
            147.0326,
            150.0019
        ],
        "ms2_inten": [
            1.0,
            0.06247862146376436,
            0.26534327119360374,
            0.07018542186064704,
            0.057553288243122114,
            0.5456611091731932,
            0.11755377402875593,
            0.19246730972664733,
            0.06851089901400191,
            0.09420446657427954,
            0.07108145975168687,
            0.1085326868890261,
            0.06029603033770217,
            0.08225428973123745,
            0.06122689983738161,
            0.05778989160361462,
            0.06917590420594819
        ],
        "mono_mass": [
            57.9757,
            59.0139,
            60.0091,
            65.0145,
            65.9985,
            81.9757,
            90.0349,
            96.9866,
            96.9992,
            98.0248,
            108.9866,
            122.991,
            123.9988,
            134.0229,
            135.0308,
            147.0326,
            150.0019
        ],
        "abs_mass_diff": [
            0.0,
            0.0,
            0.0,
            0.0,
            0.0,
            0.0,
            0.0,
            0.0,
            0.0,
            0.0,
            0.0,
            0.0,
            0.0,
            0.0,
            0.0,
            0.0,
            0.0
        ],
        "mass_diff": [
            0.0,
            0.0,
            0.0,
            0.0,
            0.0,
            0.0,
            0.0,
            0.0,
            0.0,
            0.0,
            0.0,
            0.0,
            0.0,
            0.0,
            0.0,
            0.0,
            0.0
        ],
        "formula": [
            "C16H17N3O7S2",
            "C16H17N3O7S2",
            "C16H17N3O7S2",
            "C16H17N3O7S2",
            "C16H17N3O7S2",
            "C16H17N3O7S2",
            "C16H17N3O7S2",
            "C16H17N3O7S2",
            "C16H17N3O7S2",
            "C16H17N3O7S2",
            "C16H17N3O7S2",
            "C16H17N3O7S2",
            "C16H17N3O7S2",
            "C16H17N3O7S2",
            "C16H17N3O7S2",
            "C16H17N3O7S2",
            "C16H17N3O7S2"
        ],
        "ions": [
            "[M-H]-",
            "[M-H]-",
            "[M-H]-",
            "[M-H]-",
            "[M-H]-",
            "[M-H]-",
            "[M-H]-",
            "[M-H]-",
            "[M-H]-",
            "[M-H]-",
            "[M-H]-",
            "[M-H]-",
            "[M-H]-",
            "[M-H]-",
            "[M-H]-",
            "[M-H]-",
            "[M-H]-"
        ]
    }
}