{
    "cand_form": "C14H10O5",
    "cand_ion": "[M-H]-",
    "output_tbl": {
        "mz": [
            93.0346,
            94.0382,
            137.0247,
            138.0281
        ],
        "ms2_inten": [
            1.0,
            0.03218923882255251,
            0.6332899488603196,
            0.025235093739153353
        ],
        "mono_mass": [
            93.0346,
            94.0382,
            137.0247,
            138.0281
        ],
        "abs_mass_diff": [
            0.0,
            0.0,
            0.0,
            0.0
        ],
        "mass_diff": [
            0.0,
            0.0,
            0.0,
            0.0
        ],
        "formula": [
            "C14H10O5",
            "C14H10O5",
            "C14H10O5",
            "C14H10O5"
        ],
        "ions": [
            "[M-H]-",
            "[M-H]-",
            "[M-H]-",
            "[M-H]-"
        ]
    }
}