{
    "cand_form": "C23H32N6O4S2",
    "cand_ion": "[M+H]+",
    "output_tbl": {
        "mz": [
            0.0,
            58.0651,
            70.0651,
            83.0604,
            84.0682,
            88.0757,
            99.0917,
            227.0386,
            241.0542
        ],
        "ms2_inten": [
            0.570557538356038,
            0.25628872473064157,
            1.0,
            0.10294924441029646,
            0.22107319741700848,
            0.1057883414823247,
            0.5300904703457632,
            0.06534803887807798,
            0.05605021910316315
        ],
        "mono_mass": [
            0.0,
            58.0651,
            70.0651,
            83.0604,
            84.0682,
            88.0757,
            99.0917,
            227.0386,
            241.0542
        ],
        "abs_mass_diff": [
            0.0,
            0.0,
            0.0,
            0.0,
            0.0,
            0.0,
            0.0,
            0.0,
            0.0
        ],
        "mass_diff": [
            0.0,
            0.0,
            0.0,
            0.0,
            0.0,
            0.0,
            0.0,
            0.0,
            0.0
        ],
        "formula": [
            "C23H32N6O4S2",
            "C23H32N6O4S2",
            "C23H32N6O4S2",
            "C23H32N6O4S2",
            "C23H32N6O4S2",
            "C23H32N6O4S2",
            "C23H32N6O4S2",
            "C23H32N6O4S2",
            "C23H32N6O4S2"
        ],
        "ions": [
            "[M+H]+",
            "[M+H]+",
            "[M+H]+",
            "[M+H]+",
            "[M+H]+",
            "[M+H]+",
            "[M+H]+",
            "[M+H]+",
            "[M+H]+"
        ]
    }
}