{
    "cand_form": "C24H23N3O5",
    "cand_ion": "[M+H]+",
    "output_tbl": {
        "mz": [
            0.0,
            51.0229,
            65.0386,
            75.0229,
            77.0386,
            89.0386,
            95.0491,
            103.0542,
            105.0447,
            115.0542,
            130.0651,
            139.0542,
            140.0495,
            141.0573,
            150.0464,
            151.0542,
            152.0621,
            163.0542,
            169.0648,
            176.0621,
            177.0573,
            179.0604,
            190.0651,
            191.073,
            202.0651,
            203.073,
            204.0808,
            214.0651,
            220.0757
        ],
        "ms2_inten": [
            0.18466997962136703,
            0.5732128744615778,
            0.11201782845018314,
            0.10203564750000839,
            0.5864812781800907,
            0.21138715843967487,
            0.38985828960488284,
            0.143019967031602,
            0.16378784197998394,
            1.0,
            0.09853132837128728,
            0.12128235116379789,
            0.17128882263874762,
            0.09938102134888421,
            0.10036374281963735,
            0.09306675798442897,
            0.13887844598655077,
            0.17615330640802254,
            0.26400468674985983,
            0.6757529183075327,
            0.13822546489805648,
            0.11612828534114907,
            0.166223238356146,
            0.14834906214643742,
            0.3235850950611191,
            0.9640840526285751,
            0.898949912878826,
            0.12212704852263304,
            0.10071718821866577
        ],
        "mono_mass": [
            0.0,
            51.0229,
            65.0386,
            75.0229,
            77.0386,
            89.0386,
            95.0491,
            103.0542,
            105.0447,
            115.0542,
            130.0651,
            139.0542,
            140.0495,
            141.0573,
            150.0464,
            151.0542,
            152.0621,
            163.0542,
            169.0648,
            176.0621,
            177.0573,
            179.0604,
            190.0651,
            191.073,
            202.0651,
            203.073,
            204.0808,
            214.0651,
            220.0757
        ],
        "abs_mass_diff": [
            0.0,
            0.0,
            0.0,
            0.0,
            0.0,
            0.0,
            0.0,
            0.0,
            0.0,
            0.0,
            0.0,
            0.0,
            0.0,
            0.0,
            0.0,
            0.0,
            0.0,
            0.0,
            0.0,
            0.0,
            0.0,
            0.0,
            0.0,
            0.0,
            0.0,
            0.0,
            0.0,
            0.0,
            0.0
        ],
        "mass_diff": [
            0.0,
            0.0,
            0.0,
            0.0,
            0.0,
            0.0,
            0.0,
            0.0,
            0.0,
            0.0,
            0.0,
            0.0,
            0.0,
            0.0,
            0.0,
            0.0,
            0.0,
            0.0,
            0.0,
            0.0,
            0.0,
            0.0,
            0.0,
            0.0,
            0.0,
            0.0,
            0.0,
            0.0,
            0.0
        ],
        "formula": [
            "C24H23N3O5",
            "C24H23N3O5",
            "C24H23N3O5",
            "C24H23N3O5",
            "C24H23N3O5",
            "C24H23N3O5",
            "C24H23N3O5",
            "C24H23N3O5",
            "C24H23N3O5",
            "C24H23N3O5",
            "C24H23N3O5",
            "C24H23N3O5",
            "C24H23N3O5",
            "C24H23N3O5",
            "C24H23N3O5",
            "C24H23N3O5",
            "C24H23N3O5",
            "C24H23N3O5",
            "C24H23N3O5",
            "C24H23N3O5",
            "C24H23N3O5",
            "C24H23N3O5",
            "C24H23N3O5",
            "C24H23N3O5",
            "C24H23N3O5",
            "C24H23N3O5",
            "C24H23N3O5",
            "C24H23N3O5",
            "C24H23N3O5"
        ],
        "ions": [
            "[M+H]+",
            "[M+H]+",
            "[M+H]+",
            "[M+H]+",
            "[M+H]+",
            "[M+H]+",
            "[M+H]+",
            "[M+H]+",
            "[M+H]+",
            "[M+H]+",
            "[M+H]+",
            "[M+H]+",
            "[M+H]+",
            "[M+H]+",
            "[M+H]+",
            "[M+H]+",
            "[M+H]+",
            "[M+H]+",
            "[M+H]+",
            "[M+H]+",
            "[M+H]+",
            "[M+H]+",
            "[M+H]+",
            "[M+H]+",
            "[M+H]+",
            "[M+H]+",
            "[M+H]+",
            "[M+H]+",
            "[M+H]+"
        ]
    }
}