{
    "cand_form": "C16H16N2O6S2",
    "cand_ion": "[M-H]-",
    "output_tbl": {
        "mz": [
            59.0139,
            70.9835,
            74.007,
            82.9961,
            96.9992,
            97.0117,
            98.007,
            109.0117,
            110.007,
            121.0407,
            122.007,
            122.991,
            124.0226,
            130.9442,
            133.0407,
            140.0176,
            167.0285,
            180.0125
        ],
        "ms2_inten": [
            1.0,
            0.10886207853815662,
            0.09393684859420863,
            0.13600806896073092,
            0.09745755273503681,
            0.17029972320994813,
            0.08155779115006676,
            0.06862005054072039,
            0.12807745222513892,
            0.07629485080689608,
            0.07159064465954415,
            0.09781782887189683,
            0.06611812158350037,
            0.0858728378328727,
            0.15602860367991966,
            0.17301496013488413,
            0.06320963172226282,
            0.32384512616809075
        ],
        "mono_mass": [
            59.0139,
            70.9835,
            74.007,
            82.9961,
            96.9992,
            97.0117,
            98.007,
            109.0117,
            110.007,
            121.0407,
            122.007,
            122.991,
            124.0226,
            130.9442,
            133.0407,
            140.0176,
            167.0285,
            180.0125
        ],
        "abs_mass_diff": [
            0.0,
            0.0,
            0.0,
            0.0,
            0.0,
            0.0,
            0.0,
            0.0,
            0.0,
            0.0,
            0.0,
            0.0,
            0.0,
            0.0,
            0.0,
            0.0,
            0.0,
            0.0
        ],
        "mass_diff": [
            0.0,
            0.0,
            0.0,
            0.0,
            0.0,
            0.0,
            0.0,
            0.0,
            0.0,
            0.0,
            0.0,
            0.0,
            0.0,
            0.0,
            0.0,
            0.0,
            0.0,
            0.0
        ],
        "formula": [
            "C16H16N2O6S2",
            "C16H16N2O6S2",
            "C16H16N2O6S2",
            "C16H16N2O6S2",
            "C16H16N2O6S2",
            "C16H16N2O6S2",
            "C16H16N2O6S2",
            "C16H16N2O6S2",
            "C16H16N2O6S2",
            "C16H16N2O6S2",
            "C16H16N2O6S2",
            "C16H16N2O6S2",
            "C16H16N2O6S2",
            "C16H16N2O6S2",
            "C16H16N2O6S2",
            "C16H16N2O6S2",
            "C16H16N2O6S2",
            "C16H16N2O6S2"
        ],
        "ions": [
            "[M-H]-",
            "[M-H]-",
            "[M-H]-",
            "[M-H]-",
            "[M-H]-",
            "[M-H]-",
            "[M-H]-",
            "[M-H]-",
            "[M-H]-",
            "[M-H]-",
            "[M-H]-",
            "[M-H]-",
            "[M-H]-",
            "[M-H]-",
            "[M-H]-",
            "[M-H]-",
            "[M-H]-",
            "[M-H]-"
        ]
    }
}