{
    "cand_form": "C16H16ClN3O3S",
    "cand_ion": "[M+H]+",
    "output_tbl": {
        "mz": [
            91.0542,
            109.0648,
            117.0573,
            132.0808,
            133.0846
        ],
        "ms2_inten": [
            0.2170934031082296,
            0.037555710769763835,
            0.17978060037026586,
            1.0,
            0.0695978626065374
        ],
        "mono_mass": [
            91.0542,
            109.0648,
            117.0573,
            132.0808,
            133.0846
        ],
        "abs_mass_diff": [
            0.0,
            0.0,
            0.0,
            0.0,
            0.0
        ],
        "mass_diff": [
            0.0,
            0.0,
            0.0,
            0.0,
            0.0
        ],
        "formula": [
            "C16H16ClN3O3S",
            "C16H16ClN3O3S",
            "C16H16ClN3O3S",
            "C16H16ClN3O3S",
            "C16H16ClN3O3S"
        ],
        "ions": [
            "[M+H]+",
            "[M+H]+",
            "[M+H]+",
            "[M+H]+",
            "[M+H]+"
        ]
    }
}