{
    "cand_form": "C12H18Br2N2O",
    "cand_ion": "[M+H]+",
    "output_tbl": {
        "mz": [
            57.0699,
            70.0651,
            72.0808,
            73.0841,
            88.0757,
            106.0651,
            117.0573,
            132.0682,
            133.076,
            183.9755,
            184.9819,
            194.9677,
            195.9755,
            210.9866,
            211.9944,
            212.9981,
            290.912
        ],
        "ms2_inten": [
            0.15453047211166743,
            0.040411584739286556,
            0.1630067554286424,
            0.04427310589945668,
            0.05041126324212228,
            0.05141871977875786,
            0.03514868429930751,
            0.18271265958976798,
            0.18409914419082707,
            0.31643806210625247,
            0.046079913451335545,
            0.0579064511620983,
            0.05174483673519385,
            0.19693890748101112,
            1.0,
            0.06308417357363306,
            0.02551412564939375
        ],
        "mono_mass": [
            57.0699,
            70.0651,
            72.0808,
            73.0841,
            88.0757,
            106.0651,
            117.0573,
            132.0682,
            133.076,
            183.9755,
            184.9819,
            194.9677,
            195.9755,
            210.9866,
            211.9944,
            212.9981,
            290.912
        ],
        "abs_mass_diff": [
            0.0,
            0.0,
            0.0,
            0.0,
            0.0,
            0.0,
            0.0,
            0.0,
            0.0,
            0.0,
            0.0,
            0.0,
            0.0,
            0.0,
            0.0,
            0.0,
            0.0
        ],
        "mass_diff": [
            0.0,
            0.0,
            0.0,
            0.0,
            0.0,
            0.0,
            0.0,
            0.0,
            0.0,
            0.0,
            0.0,
            0.0,
            0.0,
            0.0,
            0.0,
            0.0,
            0.0
        ],
        "formula": [
            "C12H18Br2N2O",
            "C12H18Br2N2O",
            "C12H18Br2N2O",
            "C12H18Br2N2O",
            "C12H18Br2N2O",
            "C12H18Br2N2O",
            "C12H18Br2N2O",
            "C12H18Br2N2O",
            "C12H18Br2N2O",
            "C12H18Br2N2O",
            "C12H18Br2N2O",
            "C12H18Br2N2O",
            "C12H18Br2N2O",
            "C12H18Br2N2O",
            "C12H18Br2N2O",
            "C12H18Br2N2O",
            "C12H18Br2N2O"
        ],
        "ions": [
            "[M+H]+",
            "[M+H]+",
            "[M+H]+",
            "[M+H]+",
            "[M+H]+",
            "[M+H]+",
            "[M+H]+",
            "[M+H]+",
            "[M+H]+",
            "[M+H]+",
            "[M+H]+",
            "[M+H]+",
            "[M+H]+",
            "[M+H]+",
            "[M+H]+",
            "[M+H]+",
            "[M+H]+"
        ]
    }
}