{
    "cand_form": "C17H17N3O6S2",
    "cand_ion": "[M+H]+",
    "output_tbl": {
        "mz": [
            79.0417,
            80.0495,
            85.0106,
            107.0604,
            108.0682,
            111.0137,
            112.0215,
            112.0393,
            114.0372,
            124.0215,
            125.0294,
            126.1277,
            141.0481,
            152.0165,
            181.043,
            193.043
        ],
        "ms2_inten": [
            0.1428874246306844,
            0.19766619555703843,
            0.050997787277886605,
            0.07289908699243931,
            0.31010017676791557,
            0.8007575531168226,
            0.5665205322653039,
            0.05097333200170149,
            0.04866605206381425,
            1.0,
            0.3496418432591556,
            0.36499020015130634,
            0.08142564072761486,
            0.42548505230600653,
            0.08557531430641249,
            0.28732257725426025
        ],
        "mono_mass": [
            79.0417,
            80.0495,
            85.0106,
            107.0604,
            108.0682,
            111.0137,
            112.0215,
            112.0393,
            114.0372,
            124.0215,
            125.0294,
            126.1277,
            141.0481,
            152.0165,
            181.043,
            193.043
        ],
        "abs_mass_diff": [
            0.0,
            0.0,
            0.0,
            0.0,
            0.0,
            0.0,
            0.0,
            0.0,
            0.0,
            0.0,
            0.0,
            0.0,
            0.0,
            0.0,
            0.0,
            0.0
        ],
        "mass_diff": [
            0.0,
            0.0,
            0.0,
            0.0,
            0.0,
            0.0,
            0.0,
            0.0,
            0.0,
            0.0,
            0.0,
            0.0,
            0.0,
            0.0,
            0.0,
            0.0
        ],
        "formula": [
            "C17H17N3O6S2",
            "C17H17N3O6S2",
            "C17H17N3O6S2",
            "C17H17N3O6S2",
            "C17H17N3O6S2",
            "C17H17N3O6S2",
            "C17H17N3O6S2",
            "C17H17N3O6S2",
            "C17H17N3O6S2",
            "C17H17N3O6S2",
            "C17H17N3O6S2",
            "C17H17N3O6S2",
            "C17H17N3O6S2",
            "C17H17N3O6S2",
            "C17H17N3O6S2",
            "C17H17N3O6S2"
        ],
        "ions": [
            "[M+H]+",
            "[M+H]+",
            "[M+H]+",
            "[M+H]+",
            "[M+H]+",
            "[M+H]+",
            "[M+H]+",
            "[M+H]+",
            "[M+H]+",
            "[M+H]+",
            "[M+H]+",
            "[M+H]+",
            "[M+H]+",
            "[M+H]+",
            "[M+H]+",
            "[M+H]+"
        ]
    }
}