{
    "cand_form": "C42H70O11",
    "cand_ion": "[M-H]-",
    "output_tbl": {
        "mz": [
            0.0,
            84.0217,
            85.0295,
            85.0659,
            87.0452,
            95.0502,
            97.0659,
            99.0815,
            109.0659,
            111.0452,
            113.0608,
            121.0659,
            123.0815,
            135.0815,
            137.0972,
            139.1128,
            151.0765,
            163.0765,
            165.0921,
            227.7108
        ],
        "ms2_inten": [
            0.06908258831138146,
            0.051059131382827486,
            0.08858107257131186,
            0.04347263458450301,
            1.0,
            0.24036824274266858,
            0.07492154743645706,
            0.3794365932090039,
            0.03481115720847533,
            0.04729267949606148,
            0.0934220425047955,
            0.053282224493718784,
            0.08596879868088565,
            0.042274496622122196,
            0.11874096462739224,
            0.534722060925943,
            0.07244760735324152,
            0.036509591010480034,
            0.10116830371266214,
            0.048952616603861236
        ],
        "mono_mass": [
            0.0,
            84.0217,
            85.0295,
            85.0659,
            87.0452,
            95.0502,
            97.0659,
            99.0815,
            109.0659,
            111.0452,
            113.0608,
            121.0659,
            123.0815,
            135.0815,
            137.0972,
            139.1128,
            151.0765,
            163.0765,
            165.0921,
            227.7108
        ],
        "abs_mass_diff": [
            0.0,
            0.0,
            0.0,
            0.0,
            0.0,
            0.0,
            0.0,
            0.0,
            0.0,
            0.0,
            0.0,
            0.0,
            0.0,
            0.0,
            0.0,
            0.0,
            0.0,
            0.0,
            0.0,
            0.0
        ],
        "mass_diff": [
            0.0,
            0.0,
            0.0,
            0.0,
            0.0,
            0.0,
            0.0,
            0.0,
            0.0,
            0.0,
            0.0,
            0.0,
            0.0,
            0.0,
            0.0,
            0.0,
            0.0,
            0.0,
            0.0,
            0.0
        ],
        "formula": [
            "C42H70O11",
            "C42H70O11",
            "C42H70O11",
            "C42H70O11",
            "C42H70O11",
            "C42H70O11",
            "C42H70O11",
            "C42H70O11",
            "C42H70O11",
            "C42H70O11",
            "C42H70O11",
            "C42H70O11",
            "C42H70O11",
            "C42H70O11",
            "C42H70O11",
            "C42H70O11",
            "C42H70O11",
            "C42H70O11",
            "C42H70O11",
            "C42H70O11"
        ],
        "ions": [
            "[M-H]-",
            "[M-H]-",
            "[M-H]-",
            "[M-H]-",
            "[M-H]-",
            "[M-H]-",
            "[M-H]-",
            "[M-H]-",
            "[M-H]-",
            "[M-H]-",
            "[M-H]-",
            "[M-H]-",
            "[M-H]-",
            "[M-H]-",
            "[M-H]-",
            "[M-H]-",
            "[M-H]-",
            "[M-H]-",
            "[M-H]-",
            "[M-H]-"
        ]
    }
}