{
    "cand_form": "C25H28N6O",
    "cand_ion": "[M+H]+",
    "output_tbl": {
        "mz": [
            84.0808,
            152.0624,
            153.0697,
            165.0704,
            179.0735,
            180.0808,
            190.0652,
            192.0817,
            195.1492,
            205.0762,
            206.0837,
            207.0917,
            208.0954,
            401.235,
            429.2399,
            430.2429
        ],
        "ms2_inten": [
            0.12062303301972502,
            0.04235283754937654,
            0.037981432592299094,
            0.045281176100642,
            0.0655426078735768,
            0.20232514038314087,
            0.06723643024961731,
            0.04874894885624292,
            0.1411006316106372,
            0.1564006600641292,
            0.14507096580953577,
            1.0,
            0.04952544079666277,
            0.04908924075122032,
            0.9796132534856075,
            0.19869194615212193
        ],
        "mono_mass": [
            84.0808,
            152.0624,
            153.0697,
            165.0704,
            179.0735,
            180.0808,
            190.0652,
            192.0817,
            195.1492,
            205.0762,
            206.0837,
            207.0917,
            208.0954,
            401.235,
            429.2399,
            430.2429
        ],
        "abs_mass_diff": [
            0.0,
            0.0,
            0.0,
            0.0,
            0.0,
            0.0,
            0.0,
            0.0,
            0.0,
            0.0,
            0.0,
            0.0,
            0.0,
            0.0,
            0.0,
            0.0
        ],
        "mass_diff": [
            0.0,
            0.0,
            0.0,
            0.0,
            0.0,
            0.0,
            0.0,
            0.0,
            0.0,
            0.0,
            0.0,
            0.0,
            0.0,
            0.0,
            0.0,
            0.0
        ],
        "formula": [
            "C25H28N6O",
            "C25H28N6O",
            "C25H28N6O",
            "C25H28N6O",
            "C25H28N6O",
            "C25H28N6O",
            "C25H28N6O",
            "C25H28N6O",
            "C25H28N6O",
            "C25H28N6O",
            "C25H28N6O",
            "C25H28N6O",
            "C25H28N6O",
            "C25H28N6O",
            "C25H28N6O",
            "C25H28N6O"
        ],
        "ions": [
            "[M+H]+",
            "[M+H]+",
            "[M+H]+",
            "[M+H]+",
            "[M+H]+",
            "[M+H]+",
            "[M+H]+",
            "[M+H]+",
            "[M+H]+",
            "[M+H]+",
            "[M+H]+",
            "[M+H]+",
            "[M+H]+",
            "[M+H]+",
            "[M+H]+",
            "[M+H]+"
        ]
    }
}