{
    "cand_form": "C28H31N3O6",
    "cand_ion": "[M+H]+",
    "output_tbl": {
        "mz": [
            65.0386,
            67.0178,
            91.0542,
            92.058,
            115.0542,
            139.0542,
            152.0621
        ],
        "ms2_inten": [
            0.5313398797442346,
            0.07517031419334104,
            1.0,
            0.04086513918387938,
            0.038483098255765194,
            0.038063500373361314,
            0.05971165812303235
        ],
        "mono_mass": [
            65.0386,
            67.0178,
            91.0542,
            92.058,
            115.0542,
            139.0542,
            152.0621
        ],
        "abs_mass_diff": [
            0.0,
            0.0,
            0.0,
            0.0,
            0.0,
            0.0,
            0.0
        ],
        "mass_diff": [
            0.0,
            0.0,
            0.0,
            0.0,
            0.0,
            0.0,
            0.0
        ],
        "formula": [
            "C28H31N3O6",
            "C28H31N3O6",
            "C28H31N3O6",
            "C28H31N3O6",
            "C28H31N3O6",
            "C28H31N3O6",
            "C28H31N3O6"
        ],
        "ions": [
            "[M+H]+",
            "[M+H]+",
            "[M+H]+",
            "[M+H]+",
            "[M+H]+",
            "[M+H]+",
            "[M+H]+"
        ]
    }
}