{
    "cand_form": "C25H32N6O4",
    "cand_ion": "[M+H]+",
    "output_tbl": {
        "mz": [
            51.5693,
            54.0338,
            56.0495,
            58.0651,
            63.0229,
            65.0386,
            66.0338,
            67.0291,
            68.0369,
            69.0447,
            70.0651,
            75.0229,
            76.0308,
            77.0386,
            89.0386,
            90.0338,
            95.0491,
            105.0447,
            129.0447,
            140.0495,
            227.741,
            479.6481
        ],
        "ms2_inten": [
            0.20282235223354977,
            0.32296405255532856,
            0.5151641810601204,
            0.2973754454308368,
            1.0,
            0.6616767063252053,
            0.26049966992174645,
            0.33879424230434296,
            0.24512235848094385,
            0.4294231055993523,
            0.24157968019118545,
            0.4548708241072801,
            0.2857003229948335,
            0.4357029906777024,
            0.7593442242689827,
            0.3361500821661524,
            0.4759189559464475,
            0.21554700951230346,
            0.2840087004462707,
            0.2194947803858579,
            0.5526610478627908,
            0.2178301964372221
        ],
        "mono_mass": [
            51.5693,
            54.0338,
            56.0495,
            58.0651,
            63.0229,
            65.0386,
            66.0338,
            67.0291,
            68.0369,
            69.0447,
            70.0651,
            75.0229,
            76.0308,
            77.0386,
            89.0386,
            90.0338,
            95.0491,
            105.0447,
            129.0447,
            140.0495,
            227.741,
            479.6481
        ],
        "abs_mass_diff": [
            0.0,
            0.0,
            0.0,
            0.0,
            0.0,
            0.0,
            0.0,
            0.0,
            0.0,
            0.0,
            0.0,
            0.0,
            0.0,
            0.0,
            0.0,
            0.0,
            0.0,
            0.0,
            0.0,
            0.0,
            0.0,
            0.0
        ],
        "mass_diff": [
            0.0,
            0.0,
            0.0,
            0.0,
            0.0,
            0.0,
            0.0,
            0.0,
            0.0,
            0.0,
            0.0,
            0.0,
            0.0,
            0.0,
            0.0,
            0.0,
            0.0,
            0.0,
            0.0,
            0.0,
            0.0,
            0.0
        ],
        "formula": [
            "C25H32N6O4",
            "C25H32N6O4",
            "C25H32N6O4",
            "C25H32N6O4",
            "C25H32N6O4",
            "C25H32N6O4",
            "C25H32N6O4",
            "C25H32N6O4",
            "C25H32N6O4",
            "C25H32N6O4",
            "C25H32N6O4",
            "C25H32N6O4",
            "C25H32N6O4",
            "C25H32N6O4",
            "C25H32N6O4",
            "C25H32N6O4",
            "C25H32N6O4",
            "C25H32N6O4",
            "C25H32N6O4",
            "C25H32N6O4",
            "C25H32N6O4",
            "C25H32N6O4"
        ],
        "ions": [
            "[M+H]+",
            "[M+H]+",
            "[M+H]+",
            "[M+H]+",
            "[M+H]+",
            "[M+H]+",
            "[M+H]+",
            "[M+H]+",
            "[M+H]+",
            "[M+H]+",
            "[M+H]+",
            "[M+H]+",
            "[M+H]+",
            "[M+H]+",
            "[M+H]+",
            "[M+H]+",
            "[M+H]+",
            "[M+H]+",
            "[M+H]+",
            "[M+H]+",
            "[M+H]+",
            "[M+H]+"
        ]
    }
}