{
    "cand_form": "C10H9ClN4O2S",
    "cand_ion": "[M-H]-",
    "output_tbl": {
        "mz": [
            55.57,
            56.1283,
            63.9624,
            64.0067,
            65.0145,
            68.7721,
            111.5526,
            227.7193
        ],
        "ms2_inten": [
            0.14102605467576015,
            0.14235604417374587,
            1.0,
            0.5808934253788548,
            0.7141376473011625,
            0.14903080028050397,
            0.1541715689198909,
            0.2684928585177189
        ],
        "mono_mass": [
            55.57,
            56.1283,
            63.9624,
            64.0067,
            65.0145,
            68.7721,
            111.5526,
            227.7193
        ],
        "abs_mass_diff": [
            0.0,
            0.0,
            0.0,
            0.0,
            0.0,
            0.0,
            0.0,
            0.0
        ],
        "mass_diff": [
            0.0,
            0.0,
            0.0,
            0.0,
            0.0,
            0.0,
            0.0,
            0.0
        ],
        "formula": [
            "C10H9ClN4O2S",
            "C10H9ClN4O2S",
            "C10H9ClN4O2S",
            "C10H9ClN4O2S",
            "C10H9ClN4O2S",
            "C10H9ClN4O2S",
            "C10H9ClN4O2S",
            "C10H9ClN4O2S"
        ],
        "ions": [
            "[M-H]-",
            "[M-H]-",
            "[M-H]-",
            "[M-H]-",
            "[M-H]-",
            "[M-H]-",
            "[M-H]-",
            "[M-H]-"
        ]
    }
}