{
    "cand_form": "C9H6N2O2",
    "cand_ion": "[M+H]+",
    "output_tbl": {
        "mz": [
            0.0,
            43.0178,
            55.0542,
            63.9423,
            80.9451,
            81.953,
            88.0219,
            91.0542,
            99.9632,
            100.076,
            101.0087,
            106.0651,
            116.9665,
            117.0573,
            118.0652,
            119.0192,
            130.0654,
            130.9819,
            131.073,
            133.0352,
            144.0803,
            144.9977,
            158.0968
        ],
        "ms2_inten": [
            0.12191828865870229,
            0.23289386613492388,
            0.7128059432846884,
            0.14871755280664917,
            0.16867026063632676,
            0.2019519049215621,
            0.18226720076232159,
            0.6568644232296318,
            0.1496938361361591,
            0.3191981065485539,
            0.3772018211014841,
            0.28809710776615083,
            0.13936279094390233,
            0.42674941325945404,
            0.24362239496020754,
            0.35433879193209694,
            0.47159800772909355,
            0.20083489209267855,
            0.15374984559459318,
            0.14148299775891582,
            1.0,
            0.22242892939702485,
            0.26082845118142195
        ],
        "mono_mass": [
            0.0,
            43.0178,
            55.0542,
            63.9423,
            80.9451,
            81.953,
            88.0219,
            91.0542,
            99.9632,
            100.076,
            101.0087,
            106.0651,
            116.9665,
            117.0573,
            118.0652,
            119.0192,
            130.0654,
            130.9819,
            131.073,
            133.0352,
            144.0803,
            144.9977,
            158.0968
        ],
        "abs_mass_diff": [
            0.0,
            0.0,
            0.0,
            0.0,
            0.0,
            0.0,
            0.0,
            0.0,
            0.0,
            0.0,
            0.0,
            0.0,
            0.0,
            0.0,
            0.0,
            0.0,
            0.0,
            0.0,
            0.0,
            0.0,
            0.0,
            0.0,
            0.0
        ],
        "mass_diff": [
            0.0,
            0.0,
            0.0,
            0.0,
            0.0,
            0.0,
            0.0,
            0.0,
            0.0,
            0.0,
            0.0,
            0.0,
            0.0,
            0.0,
            0.0,
            0.0,
            0.0,
            0.0,
            0.0,
            0.0,
            0.0,
            0.0,
            0.0
        ],
        "formula": [
            "C9H6N2O2",
            "C9H6N2O2",
            "C9H6N2O2",
            "C9H6N2O2",
            "C9H6N2O2",
            "C9H6N2O2",
            "C9H6N2O2",
            "C9H6N2O2",
            "C9H6N2O2",
            "C9H6N2O2",
            "C9H6N2O2",
            "C9H6N2O2",
            "C9H6N2O2",
            "C9H6N2O2",
            "C9H6N2O2",
            "C9H6N2O2",
            "C9H6N2O2",
            "C9H6N2O2",
            "C9H6N2O2",
            "C9H6N2O2",
            "C9H6N2O2",
            "C9H6N2O2",
            "C9H6N2O2"
        ],
        "ions": [
            "[M+H]+",
            "[M+H]+",
            "[M+H]+",
            "[M+H]+",
            "[M+H]+",
            "[M+H]+",
            "[M+H]+",
            "[M+H]+",
            "[M+H]+",
            "[M+H]+",
            "[M+H]+",
            "[M+H]+",
            "[M+H]+",
            "[M+H]+",
            "[M+H]+",
            "[M+H]+",
            "[M+H]+",
            "[M+H]+",
            "[M+H]+",
            "[M+H]+",
            "[M+H]+",
            "[M+H]+",
            "[M+H]+"
        ]
    }
}