{
    "cand_form": "C10H7N3S",
    "cand_ion": "[M+H]+",
    "output_tbl": {
        "mz": [
            0.0,
            58.029,
            62.3271,
            67.0417,
            76.0215,
            100.0754,
            101.0787
        ],
        "ms2_inten": [
            0.3097915769571523,
            0.3188625081047906,
            0.11814928653095164,
            0.11367964918011692,
            0.1665936616825298,
            1.0,
            0.9977234818675418
        ],
        "mono_mass": [
            0.0,
            58.029,
            62.3271,
            67.0417,
            76.0215,
            100.0754,
            101.0787
        ],
        "abs_mass_diff": [
            0.0,
            0.0,
            0.0,
            0.0,
            0.0,
            0.0,
            0.0
        ],
        "mass_diff": [
            0.0,
            0.0,
            0.0,
            0.0,
            0.0,
            0.0,
            0.0
        ],
        "formula": [
            "C10H7N3S",
            "C10H7N3S",
            "C10H7N3S",
            "C10H7N3S",
            "C10H7N3S",
            "C10H7N3S",
            "C10H7N3S"
        ],
        "ions": [
            "[M+H]+",
            "[M+H]+",
            "[M+H]+",
            "[M+H]+",
            "[M+H]+",
            "[M+H]+",
            "[M+H]+"
        ]
    }
}