{
    "cand_form": "C20H22N4O6S",
    "cand_ion": "[M+H]+",
    "output_tbl": {
        "mz": [
            83.024,
            109.0106,
            118.0525,
            159.0427,
            171.0427,
            227.0637,
            266.0383,
            267.0461,
            268.0553,
            280.0539,
            281.0557,
            282.0696,
            312.0801,
            323.0597,
            383.0809,
            384.0887,
            415.1071,
            416.1149,
            447.1333
        ],
        "ms2_inten": [
            0.06501134706398139,
            0.12913302063874935,
            0.03597077065905376,
            0.05517080178592127,
            0.05698521330873674,
            0.10071251745588422,
            0.06079960984965269,
            0.10479451832010327,
            0.07036203513728545,
            0.40050673318104363,
            0.03621801512304476,
            0.04695421556154131,
            0.04807592676354699,
            0.06343283269476273,
            0.8320163389441861,
            0.07589763139125862,
            1.0,
            0.1139775109860692,
            0.14239893821701202
        ],
        "mono_mass": [
            83.024,
            109.0106,
            118.0525,
            159.0427,
            171.0427,
            227.0637,
            266.0383,
            267.0461,
            268.0553,
            280.0539,
            281.0557,
            282.0696,
            312.0801,
            323.0597,
            383.0809,
            384.0887,
            415.1071,
            416.1149,
            447.1333
        ],
        "abs_mass_diff": [
            0.0,
            0.0,
            0.0,
            0.0,
            0.0,
            0.0,
            0.0,
            0.0,
            0.0,
            0.0,
            0.0,
            0.0,
            0.0,
            0.0,
            0.0,
            0.0,
            0.0,
            0.0,
            0.0
        ],
        "mass_diff": [
            0.0,
            0.0,
            0.0,
            0.0,
            0.0,
            0.0,
            0.0,
            0.0,
            0.0,
            0.0,
            0.0,
            0.0,
            0.0,
            0.0,
            0.0,
            0.0,
            0.0,
            0.0,
            0.0
        ],
        "formula": [
            "C20H22N4O6S",
            "C20H22N4O6S",
            "C20H22N4O6S",
            "C20H22N4O6S",
            "C20H22N4O6S",
            "C20H22N4O6S",
            "C20H22N4O6S",
            "C20H22N4O6S",
            "C20H22N4O6S",
            "C20H22N4O6S",
            "C20H22N4O6S",
            "C20H22N4O6S",
            "C20H22N4O6S",
            "C20H22N4O6S",
            "C20H22N4O6S",
            "C20H22N4O6S",
            "C20H22N4O6S",
            "C20H22N4O6S",
            "C20H22N4O6S"
        ],
        "ions": [
            "[M+H]+",
            "[M+H]+",
            "[M+H]+",
            "[M+H]+",
            "[M+H]+",
            "[M+H]+",
            "[M+H]+",
            "[M+H]+",
            "[M+H]+",
            "[M+H]+",
            "[M+H]+",
            "[M+H]+",
            "[M+H]+",
            "[M+H]+",
            "[M+H]+",
            "[M+H]+",
            "[M+H]+",
            "[M+H]+",
            "[M+H]+"
        ]
    }
}