{
    "cand_form": "C8H11NO",
    "cand_ion": "[M+H]+",
    "output_tbl": {
        "mz": [
            65.0386,
            82.0651,
            92.0495,
            93.0335,
            110.06,
            111.0441,
            111.0636,
            138.0913
        ],
        "ms2_inten": [
            0.13396592437517857,
            0.046409351401872696,
            0.10454501358120075,
            0.14917100713345632,
            1.0,
            0.079373123472881,
            0.04382065455637651,
            0.16505892428439473
        ],
        "mono_mass": [
            65.0386,
            82.0651,
            92.0495,
            93.0335,
            110.06,
            111.0441,
            111.0636,
            138.0913
        ],
        "abs_mass_diff": [
            0.0,
            0.0,
            0.0,
            0.0,
            0.0,
            0.0,
            0.0,
            0.0
        ],
        "mass_diff": [
            0.0,
            0.0,
            0.0,
            0.0,
            0.0,
            0.0,
            0.0,
            0.0
        ],
        "formula": [
            "C8H11NO",
            "C8H11NO",
            "C8H11NO",
            "C8H11NO",
            "C8H11NO",
            "C8H11NO",
            "C8H11NO",
            "C8H11NO"
        ],
        "ions": [
            "[M+H]+",
            "[M+H]+",
            "[M+H]+",
            "[M+H]+",
            "[M+H]+",
            "[M+H]+",
            "[M+H]+",
            "[M+H]+"
        ]
    }
}