{
    "cand_form": "C23H30O3",
    "cand_ion": "[M+H]+",
    "output_tbl": {
        "mz": [
            0.0,
            58.0652,
            65.0386,
            66.9385,
            67.0542,
            68.0371,
            70.0652,
            73.047,
            75.0258,
            79.0542,
            81.0699,
            97.0105,
            121.0284,
            227.7358
        ],
        "ms2_inten": [
            0.15780988783591907,
            0.13795276690751257,
            0.14144393419523574,
            0.08866352153296486,
            0.3721941760087535,
            0.09153207436146964,
            0.1792677010938925,
            0.0797702943778234,
            0.07876958492697378,
            0.145381952200134,
            1.0,
            0.31289340820778544,
            0.10319459518498363,
            0.14122561324203292
        ],
        "mono_mass": [
            0.0,
            58.0652,
            65.0386,
            66.9385,
            67.0542,
            68.0371,
            70.0652,
            73.047,
            75.0258,
            79.0542,
            81.0699,
            97.0105,
            121.0284,
            227.7358
        ],
        "abs_mass_diff": [
            0.0,
            0.0,
            0.0,
            0.0,
            0.0,
            0.0,
            0.0,
            0.0,
            0.0,
            0.0,
            0.0,
            0.0,
            0.0,
            0.0
        ],
        "mass_diff": [
            0.0,
            0.0,
            0.0,
            0.0,
            0.0,
            0.0,
            0.0,
            0.0,
            0.0,
            0.0,
            0.0,
            0.0,
            0.0,
            0.0
        ],
        "formula": [
            "C23H30O3",
            "C23H30O3",
            "C23H30O3",
            "C23H30O3",
            "C23H30O3",
            "C23H30O3",
            "C23H30O3",
            "C23H30O3",
            "C23H30O3",
            "C23H30O3",
            "C23H30O3",
            "C23H30O3",
            "C23H30O3",
            "C23H30O3"
        ],
        "ions": [
            "[M+H]+",
            "[M+H]+",
            "[M+H]+",
            "[M+H]+",
            "[M+H]+",
            "[M+H]+",
            "[M+H]+",
            "[M+H]+",
            "[M+H]+",
            "[M+H]+",
            "[M+H]+",
            "[M+H]+",
            "[M+H]+",
            "[M+H]+"
        ]
    }
}