{
    "cand_form": "C17H18F3NO",
    "cand_ion": "[M+H]+",
    "output_tbl": {
        "mz": [
            59.9692,
            60.1775,
            72.862,
            87.9091,
            227.7302
        ],
        "ms2_inten": [
            0.9204963946391165,
            0.7804324674055414,
            0.8081075571609011,
            0.9063781783465239,
            1.0
        ],
        "mono_mass": [
            59.9692,
            60.1775,
            72.862,
            87.9091,
            227.7302
        ],
        "abs_mass_diff": [
            0.0,
            0.0,
            0.0,
            0.0,
            0.0
        ],
        "mass_diff": [
            0.0,
            0.0,
            0.0,
            0.0,
            0.0
        ],
        "formula": [
            "C17H18F3NO",
            "C17H18F3NO",
            "C17H18F3NO",
            "C17H18F3NO",
            "C17H18F3NO"
        ],
        "ions": [
            "[M+H]+",
            "[M+H]+",
            "[M+H]+",
            "[M+H]+",
            "[M+H]+"
        ]
    }
}