{
    "cand_form": "C17H23ClN4O3",
    "cand_ion": "[M+H]+",
    "output_tbl": {
        "mz": [
            0.0,
            51.0229,
            53.0386,
            55.0178,
            55.0417,
            56.0495,
            58.0287,
            58.0651,
            63.0229,
            65.0386,
            67.0542,
            68.0495,
            70.0651,
            72.0444,
            73.0522,
            77.0386,
            78.0464,
            79.0542,
            89.0386,
            91.0542,
            95.0491,
            102.0464,
            103.0542,
            105.0447,
            115.0542,
            128.0621,
            152.0621,
            227.7333
        ],
        "ms2_inten": [
            0.3078749097984993,
            1.0,
            0.25407292056783326,
            0.09292195086188698,
            0.20899750133713857,
            0.2523927716100334,
            0.6652346109098298,
            0.485225864824055,
            0.18184178618492672,
            0.8570676858565979,
            0.1398212488200364,
            0.19188591236730132,
            0.17282451049031997,
            0.1496836014021349,
            0.6182021207016215,
            0.7716460795310941,
            0.13607754944105424,
            0.2751470386284937,
            0.1548103960072001,
            0.672119445553563,
            0.6840650197032195,
            0.11498259494749075,
            0.08395419429570271,
            0.19689187785746293,
            0.707800030705855,
            0.37531329838080446,
            0.13001774875654495,
            0.0918421797188339
        ],
        "mono_mass": [
            0.0,
            51.0229,
            53.0386,
            55.0178,
            55.0417,
            56.0495,
            58.0287,
            58.0651,
            63.0229,
            65.0386,
            67.0542,
            68.0495,
            70.0651,
            72.0444,
            73.0522,
            77.0386,
            78.0464,
            79.0542,
            89.0386,
            91.0542,
            95.0491,
            102.0464,
            103.0542,
            105.0447,
            115.0542,
            128.0621,
            152.0621,
            227.7333
        ],
        "abs_mass_diff": [
            0.0,
            0.0,
            0.0,
            0.0,
            0.0,
            0.0,
            0.0,
            0.0,
            0.0,
            0.0,
            0.0,
            0.0,
            0.0,
            0.0,
            0.0,
            0.0,
            0.0,
            0.0,
            0.0,
            0.0,
            0.0,
            0.0,
            0.0,
            0.0,
            0.0,
            0.0,
            0.0,
            0.0
        ],
        "mass_diff": [
            0.0,
            0.0,
            0.0,
            0.0,
            0.0,
            0.0,
            0.0,
            0.0,
            0.0,
            0.0,
            0.0,
            0.0,
            0.0,
            0.0,
            0.0,
            0.0,
            0.0,
            0.0,
            0.0,
            0.0,
            0.0,
            0.0,
            0.0,
            0.0,
            0.0,
            0.0,
            0.0,
            0.0
        ],
        "formula": [
            "C17H23ClN4O3",
            "C17H23ClN4O3",
            "C17H23ClN4O3",
            "C17H23ClN4O3",
            "C17H23ClN4O3",
            "C17H23ClN4O3",
            "C17H23ClN4O3",
            "C17H23ClN4O3",
            "C17H23ClN4O3",
            "C17H23ClN4O3",
            "C17H23ClN4O3",
            "C17H23ClN4O3",
            "C17H23ClN4O3",
            "C17H23ClN4O3",
            "C17H23ClN4O3",
            "C17H23ClN4O3",
            "C17H23ClN4O3",
            "C17H23ClN4O3",
            "C17H23ClN4O3",
            "C17H23ClN4O3",
            "C17H23ClN4O3",
            "C17H23ClN4O3",
            "C17H23ClN4O3",
            "C17H23ClN4O3",
            "C17H23ClN4O3",
            "C17H23ClN4O3",
            "C17H23ClN4O3",
            "C17H23ClN4O3"
        ],
        "ions": [
            "[M+H]+",
            "[M+H]+",
            "[M+H]+",
            "[M+H]+",
            "[M+H]+",
            "[M+H]+",
            "[M+H]+",
            "[M+H]+",
            "[M+H]+",
            "[M+H]+",
            "[M+H]+",
            "[M+H]+",
            "[M+H]+",
            "[M+H]+",
            "[M+H]+",
            "[M+H]+",
            "[M+H]+",
            "[M+H]+",
            "[M+H]+",
            "[M+H]+",
            "[M+H]+",
            "[M+H]+",
            "[M+H]+",
            "[M+H]+",
            "[M+H]+",
            "[M+H]+",
            "[M+H]+",
            "[M+H]+"
        ]
    }
}