{
    "cand_form": "C15H25NO3",
    "cand_ion": "[M+H]+",
    "output_tbl": {
        "mz": [
            56.0495,
            58.0651,
            72.0808,
            74.06,
            91.0542,
            98.0964,
            105.0699,
            116.107,
            121.0648,
            131.0855,
            133.0648,
            147.0804,
            148.0757,
            159.0804,
            163.0866,
            165.091,
            191.1067
        ],
        "ms2_inten": [
            0.8748062026789128,
            0.14728775770235192,
            0.7534867958698029,
            1.0,
            0.09133929483983654,
            0.36901560292174995,
            0.17730733888931888,
            0.43689070229453647,
            0.5812707858386317,
            0.1265922223216021,
            0.6870617543422376,
            0.07213944341962504,
            0.14439720272285378,
            0.3538957723829321,
            0.06390416737124073,
            0.09605174089909378,
            0.10508354263517705
        ],
        "mono_mass": [
            56.0495,
            58.0651,
            72.0808,
            74.06,
            91.0542,
            98.0964,
            105.0699,
            116.107,
            121.0648,
            131.0855,
            133.0648,
            147.0804,
            148.0757,
            159.0804,
            163.0866,
            165.091,
            191.1067
        ],
        "abs_mass_diff": [
            0.0,
            0.0,
            0.0,
            0.0,
            0.0,
            0.0,
            0.0,
            0.0,
            0.0,
            0.0,
            0.0,
            0.0,
            0.0,
            0.0,
            0.0,
            0.0,
            0.0
        ],
        "mass_diff": [
            0.0,
            0.0,
            0.0,
            0.0,
            0.0,
            0.0,
            0.0,
            0.0,
            0.0,
            0.0,
            0.0,
            0.0,
            0.0,
            0.0,
            0.0,
            0.0,
            0.0
        ],
        "formula": [
            "C15H25NO3",
            "C15H25NO3",
            "C15H25NO3",
            "C15H25NO3",
            "C15H25NO3",
            "C15H25NO3",
            "C15H25NO3",
            "C15H25NO3",
            "C15H25NO3",
            "C15H25NO3",
            "C15H25NO3",
            "C15H25NO3",
            "C15H25NO3",
            "C15H25NO3",
            "C15H25NO3",
            "C15H25NO3",
            "C15H25NO3"
        ],
        "ions": [
            "[M+H]+",
            "[M+H]+",
            "[M+H]+",
            "[M+H]+",
            "[M+H]+",
            "[M+H]+",
            "[M+H]+",
            "[M+H]+",
            "[M+H]+",
            "[M+H]+",
            "[M+H]+",
            "[M+H]+",
            "[M+H]+",
            "[M+H]+",
            "[M+H]+",
            "[M+H]+",
            "[M+H]+"
        ]
    }
}