{
    "cand_form": "C16H24ClN",
    "cand_ion": "[M+H]+",
    "output_tbl": {
        "mz": [
            55.0542,
            77.0386,
            89.0386,
            90.0464,
            95.0488,
            98.9996,
            103.0542,
            115.0542,
            116.0621,
            125.0153
        ],
        "ms2_inten": [
            0.10410688727588611,
            0.036272580555579935,
            0.36754311804031886,
            0.12637265786331706,
            0.05094135351584052,
            0.1945646945969201,
            0.10098385133224365,
            0.1269531191115995,
            0.1115012527417649,
            1.0
        ],
        "mono_mass": [
            55.0542,
            77.0386,
            89.0386,
            90.0464,
            95.0488,
            98.9996,
            103.0542,
            115.0542,
            116.0621,
            125.0153
        ],
        "abs_mass_diff": [
            0.0,
            0.0,
            0.0,
            0.0,
            0.0,
            0.0,
            0.0,
            0.0,
            0.0,
            0.0
        ],
        "mass_diff": [
            0.0,
            0.0,
            0.0,
            0.0,
            0.0,
            0.0,
            0.0,
            0.0,
            0.0,
            0.0
        ],
        "formula": [
            "C16H24ClN",
            "C16H24ClN",
            "C16H24ClN",
            "C16H24ClN",
            "C16H24ClN",
            "C16H24ClN",
            "C16H24ClN",
            "C16H24ClN",
            "C16H24ClN",
            "C16H24ClN"
        ],
        "ions": [
            "[M+H]+",
            "[M+H]+",
            "[M+H]+",
            "[M+H]+",
            "[M+H]+",
            "[M+H]+",
            "[M+H]+",
            "[M+H]+",
            "[M+H]+",
            "[M+H]+"
        ]
    }
}