{
    "cand_form": "C16H12FN3O3",
    "cand_ion": "[M+H]+",
    "output_tbl": {
        "mz": [
            57.0699,
            59.0313,
            61.0107,
            73.0481,
            74.0475,
            75.0441,
            77.0424,
            91.0578,
            93.0546,
            105.071,
            107.0508,
            211.0138,
            223.0264,
            225.0447,
            226.0425,
            227.0451,
            227.7404,
            229.0197,
            267.0003,
            268.0004,
            268.9982,
            283.0299
        ],
        "ms2_inten": [
            0.16238854333878217,
            0.14433766330552045,
            0.10656938529561451,
            1.0,
            0.09788856246034726,
            0.1311774912702701,
            0.08950265299458418,
            0.5580958500320163,
            0.12053143732392226,
            0.20325120539404645,
            0.14448438454546078,
            0.16916922192880698,
            0.13259506114488165,
            0.19224294487792107,
            0.10890233881256062,
            0.1375976793284114,
            0.0973890728590466,
            0.2464242673253637,
            0.5720552054293477,
            0.351810321918903,
            0.10437494055154439,
            0.11899852518800422
        ],
        "mono_mass": [
            57.0699,
            59.0313,
            61.0107,
            73.0481,
            74.0475,
            75.0441,
            77.0424,
            91.0578,
            93.0546,
            105.071,
            107.0508,
            211.0138,
            223.0264,
            225.0447,
            226.0425,
            227.0451,
            227.7404,
            229.0197,
            267.0003,
            268.0004,
            268.9982,
            283.0299
        ],
        "abs_mass_diff": [
            0.0,
            0.0,
            0.0,
            0.0,
            0.0,
            0.0,
            0.0,
            0.0,
            0.0,
            0.0,
            0.0,
            0.0,
            0.0,
            0.0,
            0.0,
            0.0,
            0.0,
            0.0,
            0.0,
            0.0,
            0.0,
            0.0
        ],
        "mass_diff": [
            0.0,
            0.0,
            0.0,
            0.0,
            0.0,
            0.0,
            0.0,
            0.0,
            0.0,
            0.0,
            0.0,
            0.0,
            0.0,
            0.0,
            0.0,
            0.0,
            0.0,
            0.0,
            0.0,
            0.0,
            0.0,
            0.0
        ],
        "formula": [
            "C16H12FN3O3",
            "C16H12FN3O3",
            "C16H12FN3O3",
            "C16H12FN3O3",
            "C16H12FN3O3",
            "C16H12FN3O3",
            "C16H12FN3O3",
            "C16H12FN3O3",
            "C16H12FN3O3",
            "C16H12FN3O3",
            "C16H12FN3O3",
            "C16H12FN3O3",
            "C16H12FN3O3",
            "C16H12FN3O3",
            "C16H12FN3O3",
            "C16H12FN3O3",
            "C16H12FN3O3",
            "C16H12FN3O3",
            "C16H12FN3O3",
            "C16H12FN3O3",
            "C16H12FN3O3",
            "C16H12FN3O3"
        ],
        "ions": [
            "[M+H]+",
            "[M+H]+",
            "[M+H]+",
            "[M+H]+",
            "[M+H]+",
            "[M+H]+",
            "[M+H]+",
            "[M+H]+",
            "[M+H]+",
            "[M+H]+",
            "[M+H]+",
            "[M+H]+",
            "[M+H]+",
            "[M+H]+",
            "[M+H]+",
            "[M+H]+",
            "[M+H]+",
            "[M+H]+",
            "[M+H]+",
            "[M+H]+",
            "[M+H]+",
            "[M+H]+"
        ]
    }
}