{
    "cand_form": "C17H9Cl3N4O2",
    "cand_ion": "[M-H]-",
    "output_tbl": {
        "mz": [
            55.8028,
            59.0139,
            61.9883,
            76.9577,
            76.9703,
            78.2607,
            92.1008,
            114.0561,
            116.9735,
            120.6079,
            127.8701,
            135.0452,
            136.2572,
            154.8068,
            227.7243,
            312.0829
        ],
        "ms2_inten": [
            0.12090904939663973,
            1.0,
            0.2629649820674328,
            0.16068544524527403,
            0.12162130101738207,
            0.1338035588601219,
            0.11946439290370854,
            0.1739376111458195,
            0.36389705719161125,
            0.12637262137423239,
            0.13916381353599513,
            0.11899142925583737,
            0.13194588826476167,
            0.10591247927595235,
            0.2944415546779396,
            0.271762003876057
        ],
        "mono_mass": [
            55.8028,
            59.0139,
            61.9883,
            76.9577,
            76.9703,
            78.2607,
            92.1008,
            114.0561,
            116.9735,
            120.6079,
            127.8701,
            135.0452,
            136.2572,
            154.8068,
            227.7243,
            312.0829
        ],
        "abs_mass_diff": [
            0.0,
            0.0,
            0.0,
            0.0,
            0.0,
            0.0,
            0.0,
            0.0,
            0.0,
            0.0,
            0.0,
            0.0,
            0.0,
            0.0,
            0.0,
            0.0
        ],
        "mass_diff": [
            0.0,
            0.0,
            0.0,
            0.0,
            0.0,
            0.0,
            0.0,
            0.0,
            0.0,
            0.0,
            0.0,
            0.0,
            0.0,
            0.0,
            0.0,
            0.0
        ],
        "formula": [
            "C17H9Cl3N4O2",
            "C17H9Cl3N4O2",
            "C17H9Cl3N4O2",
            "C17H9Cl3N4O2",
            "C17H9Cl3N4O2",
            "C17H9Cl3N4O2",
            "C17H9Cl3N4O2",
            "C17H9Cl3N4O2",
            "C17H9Cl3N4O2",
            "C17H9Cl3N4O2",
            "C17H9Cl3N4O2",
            "C17H9Cl3N4O2",
            "C17H9Cl3N4O2",
            "C17H9Cl3N4O2",
            "C17H9Cl3N4O2",
            "C17H9Cl3N4O2"
        ],
        "ions": [
            "[M-H]-",
            "[M-H]-",
            "[M-H]-",
            "[M-H]-",
            "[M-H]-",
            "[M-H]-",
            "[M-H]-",
            "[M-H]-",
            "[M-H]-",
            "[M-H]-",
            "[M-H]-",
            "[M-H]-",
            "[M-H]-",
            "[M-H]-",
            "[M-H]-",
            "[M-H]-"
        ]
    }
}