{
    "cand_form": "C7H6ClN3O4S2",
    "cand_ion": "[M-H]-",
    "output_tbl": {
        "mz": [
            0.0,
            60.0005,
            64.0067,
            64.0193,
            64.2974,
            65.0145,
            86.0036,
            87.0114,
            88.0193,
            92.2477,
            113.0145,
            115.0302,
            119.7584,
            192.3142,
            227.7326,
            269.5297
        ],
        "ms2_inten": [
            0.7472053086682923,
            0.18397237292416674,
            0.21204576144932155,
            0.4159223198349825,
            0.18359099588806252,
            1.0,
            0.43646574901289825,
            0.26996484094872,
            0.31823292733472625,
            0.1970511880993287,
            0.2416966454561493,
            0.3156750037163075,
            0.1869394677212542,
            0.16969045303331126,
            0.26398322449917605,
            0.17888427670476958
        ],
        "mono_mass": [
            0.0,
            60.0005,
            64.0067,
            64.0193,
            64.2974,
            65.0145,
            86.0036,
            87.0114,
            88.0193,
            92.2477,
            113.0145,
            115.0302,
            119.7584,
            192.3142,
            227.7326,
            269.5297
        ],
        "abs_mass_diff": [
            0.0,
            0.0,
            0.0,
            0.0,
            0.0,
            0.0,
            0.0,
            0.0,
            0.0,
            0.0,
            0.0,
            0.0,
            0.0,
            0.0,
            0.0,
            0.0
        ],
        "mass_diff": [
            0.0,
            0.0,
            0.0,
            0.0,
            0.0,
            0.0,
            0.0,
            0.0,
            0.0,
            0.0,
            0.0,
            0.0,
            0.0,
            0.0,
            0.0,
            0.0
        ],
        "formula": [
            "C7H6ClN3O4S2",
            "C7H6ClN3O4S2",
            "C7H6ClN3O4S2",
            "C7H6ClN3O4S2",
            "C7H6ClN3O4S2",
            "C7H6ClN3O4S2",
            "C7H6ClN3O4S2",
            "C7H6ClN3O4S2",
            "C7H6ClN3O4S2",
            "C7H6ClN3O4S2",
            "C7H6ClN3O4S2",
            "C7H6ClN3O4S2",
            "C7H6ClN3O4S2",
            "C7H6ClN3O4S2",
            "C7H6ClN3O4S2",
            "C7H6ClN3O4S2"
        ],
        "ions": [
            "[M-H]-",
            "[M-H]-",
            "[M-H]-",
            "[M-H]-",
            "[M-H]-",
            "[M-H]-",
            "[M-H]-",
            "[M-H]-",
            "[M-H]-",
            "[M-H]-",
            "[M-H]-",
            "[M-H]-",
            "[M-H]-",
            "[M-H]-",
            "[M-H]-",
            "[M-H]-"
        ]
    }
}