{
    "cand_form": "C12H15N3O3",
    "cand_ion": "[M+H]+",
    "output_tbl": {
        "mz": [
            57.0699,
            149.0233,
            177.0546,
            220.5825,
            234.5979
        ],
        "ms2_inten": [
            0.03204048906619954,
            1.0,
            0.2576031789388462,
            0.031959486996007945,
            0.06503096310715967
        ],
        "mono_mass": [
            57.0699,
            149.0233,
            177.0546,
            220.5825,
            234.5979
        ],
        "abs_mass_diff": [
            0.0,
            0.0,
            0.0,
            0.0,
            0.0
        ],
        "mass_diff": [
            0.0,
            0.0,
            0.0,
            0.0,
            0.0
        ],
        "formula": [
            "C12H15N3O3",
            "C12H15N3O3",
            "C12H15N3O3",
            "C12H15N3O3",
            "C12H15N3O3"
        ],
        "ions": [
            "[M+H]+",
            "[M+H]+",
            "[M+H]+",
            "[M+H]+",
            "[M+H]+"
        ]
    }
}