{
    "cand_form": "C24H34N6O4S",
    "cand_ion": "[M+H]+",
    "output_tbl": {
        "mz": [
            56.0495,
            58.0652,
            70.0651,
            71.073,
            72.0808,
            84.0807,
            99.0917,
            113.1073,
            115.123,
            255.1236,
            283.1189,
            284.1232,
            285.1359,
            299.1139,
            300.1164,
            325.1656,
            326.1704,
            349.0958
        ],
        "ms2_inten": [
            0.11653181234033314,
            0.0908626984440305,
            0.20874686120527638,
            0.5817301109239926,
            0.06876723285311635,
            0.11354486671355596,
            0.8802592278227336,
            0.4957978849951847,
            0.10139970505458931,
            0.10879290422014003,
            1.0,
            0.11066885027390756,
            0.0463872693498838,
            0.5498922654487918,
            0.043505844105922696,
            0.13791909467654181,
            0.04811230781537809,
            0.0567201504128093
        ],
        "mono_mass": [
            56.0495,
            58.0652,
            70.0651,
            71.073,
            72.0808,
            84.0807,
            99.0917,
            113.1073,
            115.123,
            255.1236,
            283.1189,
            284.1232,
            285.1359,
            299.1139,
            300.1164,
            325.1656,
            326.1704,
            349.0958
        ],
        "abs_mass_diff": [
            0.0,
            0.0,
            0.0,
            0.0,
            0.0,
            0.0,
            0.0,
            0.0,
            0.0,
            0.0,
            0.0,
            0.0,
            0.0,
            0.0,
            0.0,
            0.0,
            0.0,
            0.0
        ],
        "mass_diff": [
            0.0,
            0.0,
            0.0,
            0.0,
            0.0,
            0.0,
            0.0,
            0.0,
            0.0,
            0.0,
            0.0,
            0.0,
            0.0,
            0.0,
            0.0,
            0.0,
            0.0,
            0.0
        ],
        "formula": [
            "C24H34N6O4S",
            "C24H34N6O4S",
            "C24H34N6O4S",
            "C24H34N6O4S",
            "C24H34N6O4S",
            "C24H34N6O4S",
            "C24H34N6O4S",
            "C24H34N6O4S",
            "C24H34N6O4S",
            "C24H34N6O4S",
            "C24H34N6O4S",
            "C24H34N6O4S",
            "C24H34N6O4S",
            "C24H34N6O4S",
            "C24H34N6O4S",
            "C24H34N6O4S",
            "C24H34N6O4S",
            "C24H34N6O4S"
        ],
        "ions": [
            "[M+H]+",
            "[M+H]+",
            "[M+H]+",
            "[M+H]+",
            "[M+H]+",
            "[M+H]+",
            "[M+H]+",
            "[M+H]+",
            "[M+H]+",
            "[M+H]+",
            "[M+H]+",
            "[M+H]+",
            "[M+H]+",
            "[M+H]+",
            "[M+H]+",
            "[M+H]+",
            "[M+H]+",
            "[M+H]+"
        ]
    }
}