{
    "cand_form": "C24H29N5O3",
    "cand_ion": "[M-H]-",
    "output_tbl": {
        "mz": [
            100.0768,
            101.0608,
            116.0717,
            125.0972,
            156.1394,
            178.0788,
            179.0866,
            180.0904,
            192.0581,
            192.0819,
            204.0819,
            206.0849,
            207.0928,
            227.7138
        ],
        "ms2_inten": [
            0.06507224620395048,
            0.054462559845604434,
            0.24592546230769527,
            0.041739193465392524,
            0.1005034826260078,
            0.8330334904407434,
            1.0,
            0.07891915726610009,
            0.032060828862423445,
            0.12587350361928765,
            0.04689460115976322,
            0.04711707314412862,
            0.055327044759571765,
            0.03962543324303828
        ],
        "mono_mass": [
            100.0768,
            101.0608,
            116.0717,
            125.0972,
            156.1394,
            178.0788,
            179.0866,
            180.0904,
            192.0581,
            192.0819,
            204.0819,
            206.0849,
            207.0928,
            227.7138
        ],
        "abs_mass_diff": [
            0.0,
            0.0,
            0.0,
            0.0,
            0.0,
            0.0,
            0.0,
            0.0,
            0.0,
            0.0,
            0.0,
            0.0,
            0.0,
            0.0
        ],
        "mass_diff": [
            0.0,
            0.0,
            0.0,
            0.0,
            0.0,
            0.0,
            0.0,
            0.0,
            0.0,
            0.0,
            0.0,
            0.0,
            0.0,
            0.0
        ],
        "formula": [
            "C24H29N5O3",
            "C24H29N5O3",
            "C24H29N5O3",
            "C24H29N5O3",
            "C24H29N5O3",
            "C24H29N5O3",
            "C24H29N5O3",
            "C24H29N5O3",
            "C24H29N5O3",
            "C24H29N5O3",
            "C24H29N5O3",
            "C24H29N5O3",
            "C24H29N5O3",
            "C24H29N5O3"
        ],
        "ions": [
            "[M-H]-",
            "[M-H]-",
            "[M-H]-",
            "[M-H]-",
            "[M-H]-",
            "[M-H]-",
            "[M-H]-",
            "[M-H]-",
            "[M-H]-",
            "[M-H]-",
            "[M-H]-",
            "[M-H]-",
            "[M-H]-",
            "[M-H]-"
        ]
    }
}