{
    "cand_form": "C16H19N3O5S",
    "cand_ion": "[M-H]-",
    "output_tbl": {
        "mz": [
            0.0,
            64.0193,
            65.0033,
            65.9985,
            67.0189,
            88.0193,
            89.0397,
            114.0349,
            144.0455,
            227.7184
        ],
        "ms2_inten": [
            0.04319985308819929,
            0.042555108112564966,
            0.048087974048520846,
            1.0,
            0.12780261468288667,
            0.030364908578952073,
            0.04572334981498949,
            0.06059155970764772,
            0.0797684733943473,
            0.043720582682179106
        ],
        "mono_mass": [
            0.0,
            64.0193,
            65.0033,
            65.9985,
            67.0189,
            88.0193,
            89.0397,
            114.0349,
            144.0455,
            227.7184
        ],
        "abs_mass_diff": [
            0.0,
            0.0,
            0.0,
            0.0,
            0.0,
            0.0,
            0.0,
            0.0,
            0.0,
            0.0
        ],
        "mass_diff": [
            0.0,
            0.0,
            0.0,
            0.0,
            0.0,
            0.0,
            0.0,
            0.0,
            0.0,
            0.0
        ],
        "formula": [
            "C16H19N3O5S",
            "C16H19N3O5S",
            "C16H19N3O5S",
            "C16H19N3O5S",
            "C16H19N3O5S",
            "C16H19N3O5S",
            "C16H19N3O5S",
            "C16H19N3O5S",
            "C16H19N3O5S",
            "C16H19N3O5S"
        ],
        "ions": [
            "[M-H]-",
            "[M-H]-",
            "[M-H]-",
            "[M-H]-",
            "[M-H]-",
            "[M-H]-",
            "[M-H]-",
            "[M-H]-",
            "[M-H]-",
            "[M-H]-"
        ]
    }
}