{
    "cand_form": "C21H26N6O5S",
    "cand_ion": "[M+H]+",
    "output_tbl": {
        "mz": [
            151.0866,
            169.0972,
            183.1128,
            283.1183,
            284.1268,
            299.1139,
            312.1581,
            313.1619,
            344.1479,
            349.0965,
            377.1278,
            447.1445,
            475.1758
        ],
        "ms2_inten": [
            0.046619016280338474,
            0.5929925747990548,
            0.043847973200946466,
            0.054772764471149954,
            0.21060988583208057,
            0.12483273784603144,
            1.0,
            0.10625521714356614,
            0.05111220262476028,
            0.028497009286865386,
            0.04698599792003571,
            0.04835016143408697,
            0.1571203456186256
        ],
        "mono_mass": [
            151.0866,
            169.0972,
            183.1128,
            283.1183,
            284.1268,
            299.1139,
            312.1581,
            313.1619,
            344.1479,
            349.0965,
            377.1278,
            447.1445,
            475.1758
        ],
        "abs_mass_diff": [
            0.0,
            0.0,
            0.0,
            0.0,
            0.0,
            0.0,
            0.0,
            0.0,
            0.0,
            0.0,
            0.0,
            0.0,
            0.0
        ],
        "mass_diff": [
            0.0,
            0.0,
            0.0,
            0.0,
            0.0,
            0.0,
            0.0,
            0.0,
            0.0,
            0.0,
            0.0,
            0.0,
            0.0
        ],
        "formula": [
            "C21H26N6O5S",
            "C21H26N6O5S",
            "C21H26N6O5S",
            "C21H26N6O5S",
            "C21H26N6O5S",
            "C21H26N6O5S",
            "C21H26N6O5S",
            "C21H26N6O5S",
            "C21H26N6O5S",
            "C21H26N6O5S",
            "C21H26N6O5S",
            "C21H26N6O5S",
            "C21H26N6O5S"
        ],
        "ions": [
            "[M+H]+",
            "[M+H]+",
            "[M+H]+",
            "[M+H]+",
            "[M+H]+",
            "[M+H]+",
            "[M+H]+",
            "[M+H]+",
            "[M+H]+",
            "[M+H]+",
            "[M+H]+",
            "[M+H]+",
            "[M+H]+"
        ]
    }
}