{
    "cand_form": "C16H19N3O4S",
    "cand_ion": "[M+H]+",
    "output_tbl": {
        "mz": [
            68.0495,
            88.0757,
            91.0542,
            93.0699,
            98.0237,
            106.0651,
            108.0808,
            112.0215,
            114.0008,
            118.0651,
            119.0491,
            120.057,
            130.0651,
            136.0757,
            158.027,
            176.0706,
            213.9924
        ],
        "ms2_inten": [
            0.38028466887373424,
            0.15887944719680178,
            1.0,
            0.08744878040804269,
            0.14468325380682354,
            0.1110493602999252,
            0.8084428196778171,
            0.08939511130531,
            0.09731604726698138,
            0.06946674643792447,
            0.2895362921286073,
            0.2876785681036853,
            0.07644850972718191,
            0.0703953538661891,
            0.5909729142203198,
            0.1855828529859932,
            0.11237993303023851
        ],
        "mono_mass": [
            68.0495,
            88.0757,
            91.0542,
            93.0699,
            98.0237,
            106.0651,
            108.0808,
            112.0215,
            114.0008,
            118.0651,
            119.0491,
            120.057,
            130.0651,
            136.0757,
            158.027,
            176.0706,
            213.9924
        ],
        "abs_mass_diff": [
            0.0,
            0.0,
            0.0,
            0.0,
            0.0,
            0.0,
            0.0,
            0.0,
            0.0,
            0.0,
            0.0,
            0.0,
            0.0,
            0.0,
            0.0,
            0.0,
            0.0
        ],
        "mass_diff": [
            0.0,
            0.0,
            0.0,
            0.0,
            0.0,
            0.0,
            0.0,
            0.0,
            0.0,
            0.0,
            0.0,
            0.0,
            0.0,
            0.0,
            0.0,
            0.0,
            0.0
        ],
        "formula": [
            "C16H19N3O4S",
            "C16H19N3O4S",
            "C16H19N3O4S",
            "C16H19N3O4S",
            "C16H19N3O4S",
            "C16H19N3O4S",
            "C16H19N3O4S",
            "C16H19N3O4S",
            "C16H19N3O4S",
            "C16H19N3O4S",
            "C16H19N3O4S",
            "C16H19N3O4S",
            "C16H19N3O4S",
            "C16H19N3O4S",
            "C16H19N3O4S",
            "C16H19N3O4S",
            "C16H19N3O4S"
        ],
        "ions": [
            "[M+H]+",
            "[M+H]+",
            "[M+H]+",
            "[M+H]+",
            "[M+H]+",
            "[M+H]+",
            "[M+H]+",
            "[M+H]+",
            "[M+H]+",
            "[M+H]+",
            "[M+H]+",
            "[M+H]+",
            "[M+H]+",
            "[M+H]+",
            "[M+H]+",
            "[M+H]+",
            "[M+H]+"
        ]
    }
}