{
    "cand_form": "C25H27N9O8S2",
    "cand_ion": "[M-H]-",
    "output_tbl": {
        "mz": [
            71.9788,
            99.9257,
            115.0085,
            117.0348,
            118.0294,
            144.0457,
            227.7052,
            227.7343
        ],
        "ms2_inten": [
            0.05070196520034596,
            0.04074694869083897,
            0.1082976032662967,
            1.0,
            0.06701617922915339,
            0.044762023553477866,
            0.06123031327217032,
            0.06795533936688519
        ],
        "mono_mass": [
            71.9788,
            99.9257,
            115.0085,
            117.0348,
            118.0294,
            144.0457,
            227.7052,
            227.7343
        ],
        "abs_mass_diff": [
            0.0,
            0.0,
            0.0,
            0.0,
            0.0,
            0.0,
            0.0,
            0.0
        ],
        "mass_diff": [
            0.0,
            0.0,
            0.0,
            0.0,
            0.0,
            0.0,
            0.0,
            0.0
        ],
        "formula": [
            "C25H27N9O8S2",
            "C25H27N9O8S2",
            "C25H27N9O8S2",
            "C25H27N9O8S2",
            "C25H27N9O8S2",
            "C25H27N9O8S2",
            "C25H27N9O8S2",
            "C25H27N9O8S2"
        ],
        "ions": [
            "[M-H]-",
            "[M-H]-",
            "[M-H]-",
            "[M-H]-",
            "[M-H]-",
            "[M-H]-",
            "[M-H]-",
            "[M-H]-"
        ]
    }
}