{
    "cand_form": "C18H18N6O5S2",
    "cand_ion": "[M+H]+",
    "output_tbl": {
        "mz": [
            56.0495,
            58.0651,
            66.0338,
            68.0495,
            70.0651,
            72.9981,
            74.0059,
            79.0542,
            80.0495,
            82.0525,
            85.0106,
            88.0757,
            91.0542,
            93.0447,
            95.0604,
            99.0917,
            106.0525,
            106.0651,
            107.0491,
            107.0604,
            108.0682,
            112.0215,
            112.0393,
            139.0324,
            150.1026,
            156.0114,
            158.027,
            167.0637,
            300.1039
        ],
        "ms2_inten": [
            0.10843038130241343,
            0.08465322303517177,
            0.06174099655223422,
            1.0,
            0.1679576892004142,
            0.0857168189524709,
            0.08868066861622839,
            0.26994122640328616,
            0.11454041395946885,
            0.1307939692545771,
            0.14288043876517642,
            0.0686989747732781,
            0.10807004767702513,
            0.07583954120819726,
            0.06414517483472344,
            0.3440728605077205,
            0.07434704777943403,
            0.06500670209255488,
            0.20825306373246247,
            0.38460356610493496,
            0.9808468076874935,
            0.29539495920712766,
            0.2844376819180046,
            0.11087825404230625,
            0.07371580851814344,
            0.19199792451327335,
            0.11478355540889591,
            0.4725435226380529,
            0.06249275969186305
        ],
        "mono_mass": [
            56.0495,
            58.0651,
            66.0338,
            68.0495,
            70.0651,
            72.9981,
            74.0059,
            79.0542,
            80.0495,
            82.0525,
            85.0106,
            88.0757,
            91.0542,
            93.0447,
            95.0604,
            99.0917,
            106.0525,
            106.0651,
            107.0491,
            107.0604,
            108.0682,
            112.0215,
            112.0393,
            139.0324,
            150.1026,
            156.0114,
            158.027,
            167.0637,
            300.1039
        ],
        "abs_mass_diff": [
            0.0,
            0.0,
            0.0,
            0.0,
            0.0,
            0.0,
            0.0,
            0.0,
            0.0,
            0.0,
            0.0,
            0.0,
            0.0,
            0.0,
            0.0,
            0.0,
            0.0,
            0.0,
            0.0,
            0.0,
            0.0,
            0.0,
            0.0,
            0.0,
            0.0,
            0.0,
            0.0,
            0.0,
            0.0
        ],
        "mass_diff": [
            0.0,
            0.0,
            0.0,
            0.0,
            0.0,
            0.0,
            0.0,
            0.0,
            0.0,
            0.0,
            0.0,
            0.0,
            0.0,
            0.0,
            0.0,
            0.0,
            0.0,
            0.0,
            0.0,
            0.0,
            0.0,
            0.0,
            0.0,
            0.0,
            0.0,
            0.0,
            0.0,
            0.0,
            0.0
        ],
        "formula": [
            "C18H18N6O5S2",
            "C18H18N6O5S2",
            "C18H18N6O5S2",
            "C18H18N6O5S2",
            "C18H18N6O5S2",
            "C18H18N6O5S2",
            "C18H18N6O5S2",
            "C18H18N6O5S2",
            "C18H18N6O5S2",
            "C18H18N6O5S2",
            "C18H18N6O5S2",
            "C18H18N6O5S2",
            "C18H18N6O5S2",
            "C18H18N6O5S2",
            "C18H18N6O5S2",
            "C18H18N6O5S2",
            "C18H18N6O5S2",
            "C18H18N6O5S2",
            "C18H18N6O5S2",
            "C18H18N6O5S2",
            "C18H18N6O5S2",
            "C18H18N6O5S2",
            "C18H18N6O5S2",
            "C18H18N6O5S2",
            "C18H18N6O5S2",
            "C18H18N6O5S2",
            "C18H18N6O5S2",
            "C18H18N6O5S2",
            "C18H18N6O5S2"
        ],
        "ions": [
            "[M+H]+",
            "[M+H]+",
            "[M+H]+",
            "[M+H]+",
            "[M+H]+",
            "[M+H]+",
            "[M+H]+",
            "[M+H]+",
            "[M+H]+",
            "[M+H]+",
            "[M+H]+",
            "[M+H]+",
            "[M+H]+",
            "[M+H]+",
            "[M+H]+",
            "[M+H]+",
            "[M+H]+",
            "[M+H]+",
            "[M+H]+",
            "[M+H]+",
            "[M+H]+",
            "[M+H]+",
            "[M+H]+",
            "[M+H]+",
            "[M+H]+",
            "[M+H]+",
            "[M+H]+",
            "[M+H]+",
            "[M+H]+"
        ]
    }
}