{
    "cand_form": "C25H30ClN3",
    "cand_ion": "[M+H]+",
    "output_tbl": {
        "mz": [
            55.0291,
            56.0495,
            96.0192,
            127.0353,
            128.0387,
            134.04,
            138.0274,
            145.0259,
            151.0354,
            153.0385,
            154.0463,
            157.026,
            168.038,
            174.0526,
            193.0696
        ],
        "ms2_inten": [
            0.023711364289262186,
            0.2265440416425877,
            0.018556657828518865,
            1.0,
            0.05349395415680299,
            0.05153567983639489,
            0.07496966511719416,
            0.06695149953472002,
            0.08089742960629205,
            0.03905878526345434,
            0.3097473937343525,
            0.02625049806120845,
            0.07725251533163582,
            0.14020290393758686,
            0.02505745406333182
        ],
        "mono_mass": [
            55.0291,
            56.0495,
            96.0192,
            127.0353,
            128.0387,
            134.04,
            138.0274,
            145.0259,
            151.0354,
            153.0385,
            154.0463,
            157.026,
            168.038,
            174.0526,
            193.0696
        ],
        "abs_mass_diff": [
            0.0,
            0.0,
            0.0,
            0.0,
            0.0,
            0.0,
            0.0,
            0.0,
            0.0,
            0.0,
            0.0,
            0.0,
            0.0,
            0.0,
            0.0
        ],
        "mass_diff": [
            0.0,
            0.0,
            0.0,
            0.0,
            0.0,
            0.0,
            0.0,
            0.0,
            0.0,
            0.0,
            0.0,
            0.0,
            0.0,
            0.0,
            0.0
        ],
        "formula": [
            "C25H30ClN3",
            "C25H30ClN3",
            "C25H30ClN3",
            "C25H30ClN3",
            "C25H30ClN3",
            "C25H30ClN3",
            "C25H30ClN3",
            "C25H30ClN3",
            "C25H30ClN3",
            "C25H30ClN3",
            "C25H30ClN3",
            "C25H30ClN3",
            "C25H30ClN3",
            "C25H30ClN3",
            "C25H30ClN3"
        ],
        "ions": [
            "[M+H]+",
            "[M+H]+",
            "[M+H]+",
            "[M+H]+",
            "[M+H]+",
            "[M+H]+",
            "[M+H]+",
            "[M+H]+",
            "[M+H]+",
            "[M+H]+",
            "[M+H]+",
            "[M+H]+",
            "[M+H]+",
            "[M+H]+",
            "[M+H]+"
        ]
    }
}