{
    "cand_form": "C9H10N4O2S2",
    "cand_ion": "[M+H]+",
    "output_tbl": {
        "mz": [
            53.0386,
            65.0386,
            66.0419,
            80.0495,
            92.0495,
            108.0444
        ],
        "ms2_inten": [
            0.05268312336827182,
            1.0,
            0.03821073189405405,
            0.27132072789906236,
            0.07449442693553032,
            0.050062810714479114
        ],
        "mono_mass": [
            53.0386,
            65.0386,
            66.0419,
            80.0495,
            92.0495,
            108.0444
        ],
        "abs_mass_diff": [
            0.0,
            0.0,
            0.0,
            0.0,
            0.0,
            0.0
        ],
        "mass_diff": [
            0.0,
            0.0,
            0.0,
            0.0,
            0.0,
            0.0
        ],
        "formula": [
            "C9H10N4O2S2",
            "C9H10N4O2S2",
            "C9H10N4O2S2",
            "C9H10N4O2S2",
            "C9H10N4O2S2",
            "C9H10N4O2S2"
        ],
        "ions": [
            "[M+H]+",
            "[M+H]+",
            "[M+H]+",
            "[M+H]+",
            "[M+H]+",
            "[M+H]+"
        ]
    }
}