{
    "cand_form": "C19H22FN3O3",
    "cand_ion": "[M+H]+",
    "output_tbl": {
        "mz": [
            160.1332,
            174.1125,
            192.1257,
            245.1085,
            314.1663,
            316.182,
            317.1851,
            342.1612,
            359.164,
            360.1718,
            361.1752
        ],
        "ms2_inten": [
            0.02369419094627133,
            0.05371947017091006,
            0.01965449057438774,
            0.056993923149327004,
            0.021030962604923705,
            1.0,
            0.15496660700834813,
            0.08218877885674808,
            0.05584702039765465,
            0.9295092184788002,
            0.14952802790229125
        ],
        "mono_mass": [
            160.1332,
            174.1125,
            192.1257,
            245.1085,
            314.1663,
            316.182,
            317.1851,
            342.1612,
            359.164,
            360.1718,
            361.1752
        ],
        "abs_mass_diff": [
            0.0,
            0.0,
            0.0,
            0.0,
            0.0,
            0.0,
            0.0,
            0.0,
            0.0,
            0.0,
            0.0
        ],
        "mass_diff": [
            0.0,
            0.0,
            0.0,
            0.0,
            0.0,
            0.0,
            0.0,
            0.0,
            0.0,
            0.0,
            0.0
        ],
        "formula": [
            "C19H22FN3O3",
            "C19H22FN3O3",
            "C19H22FN3O3",
            "C19H22FN3O3",
            "C19H22FN3O3",
            "C19H22FN3O3",
            "C19H22FN3O3",
            "C19H22FN3O3",
            "C19H22FN3O3",
            "C19H22FN3O3",
            "C19H22FN3O3"
        ],
        "ions": [
            "[M+H]+",
            "[M+H]+",
            "[M+H]+",
            "[M+H]+",
            "[M+H]+",
            "[M+H]+",
            "[M+H]+",
            "[M+H]+",
            "[M+H]+",
            "[M+H]+",
            "[M+H]+"
        ]
    }
}