{
    "cand_form": "C26H36N6O4S",
    "cand_ion": "[M+H]+",
    "output_tbl": {
        "mz": [
            65.0386,
            66.0338,
            67.0417,
            67.0542,
            68.0131,
            68.0495,
            69.0447,
            69.0699,
            70.0651,
            78.0338,
            80.0495,
            82.0651,
            85.076,
            93.0447,
            94.0525,
            95.0604,
            96.0808,
            98.0964,
            108.0682,
            110.06,
            110.0964,
            123.0917,
            140.058,
            169.0972,
            227.7395
        ],
        "ms2_inten": [
            0.16043128434499668,
            0.07060466540137404,
            0.08388489540899985,
            0.23327237503770787,
            1.0,
            0.2815237061265778,
            0.08835334254524595,
            0.15757737422226745,
            0.126608460987299,
            0.06818808319572929,
            0.29019107541786104,
            0.18071321312926916,
            0.4639591582436035,
            0.24103390917469886,
            0.48479430100416393,
            0.2686382098150067,
            0.10192515855740138,
            0.25735662872297166,
            0.11429655128206515,
            0.8245610987631337,
            0.07678435993920966,
            0.06737484205859456,
            0.07521885445017504,
            0.2827509198848246,
            0.13231942933202714
        ],
        "mono_mass": [
            65.0386,
            66.0338,
            67.0417,
            67.0542,
            68.0131,
            68.0495,
            69.0447,
            69.0699,
            70.0651,
            78.0338,
            80.0495,
            82.0651,
            85.076,
            93.0447,
            94.0525,
            95.0604,
            96.0808,
            98.0964,
            108.0682,
            110.06,
            110.0964,
            123.0917,
            140.058,
            169.0972,
            227.7395
        ],
        "abs_mass_diff": [
            0.0,
            0.0,
            0.0,
            0.0,
            0.0,
            0.0,
            0.0,
            0.0,
            0.0,
            0.0,
            0.0,
            0.0,
            0.0,
            0.0,
            0.0,
            0.0,
            0.0,
            0.0,
            0.0,
            0.0,
            0.0,
            0.0,
            0.0,
            0.0,
            0.0
        ],
        "mass_diff": [
            0.0,
            0.0,
            0.0,
            0.0,
            0.0,
            0.0,
            0.0,
            0.0,
            0.0,
            0.0,
            0.0,
            0.0,
            0.0,
            0.0,
            0.0,
            0.0,
            0.0,
            0.0,
            0.0,
            0.0,
            0.0,
            0.0,
            0.0,
            0.0,
            0.0
        ],
        "formula": [
            "C26H36N6O4S",
            "C26H36N6O4S",
            "C26H36N6O4S",
            "C26H36N6O4S",
            "C26H36N6O4S",
            "C26H36N6O4S",
            "C26H36N6O4S",
            "C26H36N6O4S",
            "C26H36N6O4S",
            "C26H36N6O4S",
            "C26H36N6O4S",
            "C26H36N6O4S",
            "C26H36N6O4S",
            "C26H36N6O4S",
            "C26H36N6O4S",
            "C26H36N6O4S",
            "C26H36N6O4S",
            "C26H36N6O4S",
            "C26H36N6O4S",
            "C26H36N6O4S",
            "C26H36N6O4S",
            "C26H36N6O4S",
            "C26H36N6O4S",
            "C26H36N6O4S",
            "C26H36N6O4S"
        ],
        "ions": [
            "[M+H]+",
            "[M+H]+",
            "[M+H]+",
            "[M+H]+",
            "[M+H]+",
            "[M+H]+",
            "[M+H]+",
            "[M+H]+",
            "[M+H]+",
            "[M+H]+",
            "[M+H]+",
            "[M+H]+",
            "[M+H]+",
            "[M+H]+",
            "[M+H]+",
            "[M+H]+",
            "[M+H]+",
            "[M+H]+",
            "[M+H]+",
            "[M+H]+",
            "[M+H]+",
            "[M+H]+",
            "[M+H]+",
            "[M+H]+",
            "[M+H]+"
        ]
    }
}