{
    "cand_form": "C24H26N2O4",
    "cand_ion": "[M+H]+",
    "output_tbl": {
        "mz": [
            56.0495,
            58.0651,
            82.0651,
            86.06,
            100.0757,
            123.0441,
            151.0754,
            180.1019,
            183.0679,
            184.0757,
            194.0964,
            196.0757,
            206.1176,
            210.0913,
            222.0913,
            223.0965,
            224.1281
        ],
        "ms2_inten": [
            0.24839500673562323,
            0.047310219331313776,
            0.07594944629270246,
            0.04657986158068886,
            1.0,
            0.046325503053945845,
            0.0751123946079702,
            0.11617004828386238,
            0.04874232874311693,
            0.07586942437469149,
            0.21281632165850353,
            0.07974404537849093,
            0.05540758573738357,
            0.06770346146419601,
            0.3162376745232659,
            0.037943141107925495,
            0.13241035948618426
        ],
        "mono_mass": [
            56.0495,
            58.0651,
            82.0651,
            86.06,
            100.0757,
            123.0441,
            151.0754,
            180.1019,
            183.0679,
            184.0757,
            194.0964,
            196.0757,
            206.1176,
            210.0913,
            222.0913,
            223.0965,
            224.1281
        ],
        "abs_mass_diff": [
            0.0,
            0.0,
            0.0,
            0.0,
            0.0,
            0.0,
            0.0,
            0.0,
            0.0,
            0.0,
            0.0,
            0.0,
            0.0,
            0.0,
            0.0,
            0.0,
            0.0
        ],
        "mass_diff": [
            0.0,
            0.0,
            0.0,
            0.0,
            0.0,
            0.0,
            0.0,
            0.0,
            0.0,
            0.0,
            0.0,
            0.0,
            0.0,
            0.0,
            0.0,
            0.0,
            0.0
        ],
        "formula": [
            "C24H26N2O4",
            "C24H26N2O4",
            "C24H26N2O4",
            "C24H26N2O4",
            "C24H26N2O4",
            "C24H26N2O4",
            "C24H26N2O4",
            "C24H26N2O4",
            "C24H26N2O4",
            "C24H26N2O4",
            "C24H26N2O4",
            "C24H26N2O4",
            "C24H26N2O4",
            "C24H26N2O4",
            "C24H26N2O4",
            "C24H26N2O4",
            "C24H26N2O4"
        ],
        "ions": [
            "[M+H]+",
            "[M+H]+",
            "[M+H]+",
            "[M+H]+",
            "[M+H]+",
            "[M+H]+",
            "[M+H]+",
            "[M+H]+",
            "[M+H]+",
            "[M+H]+",
            "[M+H]+",
            "[M+H]+",
            "[M+H]+",
            "[M+H]+",
            "[M+H]+",
            "[M+H]+",
            "[M+H]+"
        ]
    }
}