{
    "cand_form": "C26H33NO6",
    "cand_ion": "[M-H]-",
    "output_tbl": {
        "mz": [
            57.0346,
            101.0397,
            227.711,
            227.7361
        ],
        "ms2_inten": [
            0.636319694040466,
            1.0,
            0.062369584222459494,
            0.0663275130893118
        ],
        "mono_mass": [
            57.0346,
            101.0397,
            227.711,
            227.7361
        ],
        "abs_mass_diff": [
            0.0,
            0.0,
            0.0,
            0.0
        ],
        "mass_diff": [
            0.0,
            0.0,
            0.0,
            0.0
        ],
        "formula": [
            "C26H33NO6",
            "C26H33NO6",
            "C26H33NO6",
            "C26H33NO6"
        ],
        "ions": [
            "[M-H]-",
            "[M-H]-",
            "[M-H]-",
            "[M-H]-"
        ]
    }
}