{
    "cand_form": "C11H12N4O3S",
    "cand_ion": "[M+H]+",
    "output_tbl": {
        "mz": [
            92.0495,
            108.0444,
            126.0662,
            156.0114,
            174.0662,
            188.0117,
            215.0927
        ],
        "ms2_inten": [
            0.9479981023127663,
            0.9959330296727186,
            0.6381415764139968,
            1.0,
            0.08244526434157479,
            0.07911830285056508,
            0.24238441237643799
        ],
        "mono_mass": [
            92.0495,
            108.0444,
            126.0662,
            156.0114,
            174.0662,
            188.0117,
            215.0927
        ],
        "abs_mass_diff": [
            0.0,
            0.0,
            0.0,
            0.0,
            0.0,
            0.0,
            0.0
        ],
        "mass_diff": [
            0.0,
            0.0,
            0.0,
            0.0,
            0.0,
            0.0,
            0.0
        ],
        "formula": [
            "C11H12N4O3S",
            "C11H12N4O3S",
            "C11H12N4O3S",
            "C11H12N4O3S",
            "C11H12N4O3S",
            "C11H12N4O3S",
            "C11H12N4O3S"
        ],
        "ions": [
            "[M+H]+",
            "[M+H]+",
            "[M+H]+",
            "[M+H]+",
            "[M+H]+",
            "[M+H]+",
            "[M+H]+"
        ]
    }
}