{
    "cand_form": "C35H59NO13",
    "cand_ion": "[M+H]+",
    "output_tbl": {
        "mz": [
            0.0,
            84.0808,
            88.0757,
            88.0821,
            97.076,
            98.0964,
            100.0757,
            116.0706,
            165.0182,
            166.0988,
            227.7532,
            255.1227,
            283.1203,
            311.1152,
            312.1145
        ],
        "ms2_inten": [
            0.1969936135367151,
            0.10299935453878171,
            1.0,
            0.0791804465619315,
            0.07930969072988336,
            0.19408013963144902,
            0.0892812418205045,
            0.1159348401040204,
            0.48574657117718323,
            0.6027356573699126,
            0.1484937357272551,
            0.4106615695342305,
            0.16803239373221127,
            0.8109632043698636,
            0.11348430122854665
        ],
        "mono_mass": [
            0.0,
            84.0808,
            88.0757,
            88.0821,
            97.076,
            98.0964,
            100.0757,
            116.0706,
            165.0182,
            166.0988,
            227.7532,
            255.1227,
            283.1203,
            311.1152,
            312.1145
        ],
        "abs_mass_diff": [
            0.0,
            0.0,
            0.0,
            0.0,
            0.0,
            0.0,
            0.0,
            0.0,
            0.0,
            0.0,
            0.0,
            0.0,
            0.0,
            0.0,
            0.0
        ],
        "mass_diff": [
            0.0,
            0.0,
            0.0,
            0.0,
            0.0,
            0.0,
            0.0,
            0.0,
            0.0,
            0.0,
            0.0,
            0.0,
            0.0,
            0.0,
            0.0
        ],
        "formula": [
            "C35H59NO13",
            "C35H59NO13",
            "C35H59NO13",
            "C35H59NO13",
            "C35H59NO13",
            "C35H59NO13",
            "C35H59NO13",
            "C35H59NO13",
            "C35H59NO13",
            "C35H59NO13",
            "C35H59NO13",
            "C35H59NO13",
            "C35H59NO13",
            "C35H59NO13",
            "C35H59NO13"
        ],
        "ions": [
            "[M+H]+",
            "[M+H]+",
            "[M+H]+",
            "[M+H]+",
            "[M+H]+",
            "[M+H]+",
            "[M+H]+",
            "[M+H]+",
            "[M+H]+",
            "[M+H]+",
            "[M+H]+",
            "[M+H]+",
            "[M+H]+",
            "[M+H]+",
            "[M+H]+"
        ]
    }
}