{
    "cand_form": "C16H19N3O5S",
    "cand_ion": "[M-H]-",
    "output_tbl": {
        "mz": [
            200.0353,
            201.0431,
            230.0459,
            231.0537,
            232.0563,
            242.0823,
            243.0901,
            244.0615,
            245.0694,
            258.0772,
            272.0928,
            273.1007,
            274.1033,
            364.1542
        ],
        "ms2_inten": [
            0.049603059728465966,
            0.15393734319924932,
            0.032157094581186756,
            1.0,
            0.04934023776119261,
            0.023340396364807094,
            0.04199194040027545,
            0.577066110942575,
            0.05914714524141725,
            0.0536658343324506,
            0.020316511492929967,
            0.40131532586194313,
            0.02282436447720435,
            0.015004579032031057
        ],
        "mono_mass": [
            200.0353,
            201.0431,
            230.0459,
            231.0537,
            232.0563,
            242.0823,
            243.0901,
            244.0615,
            245.0694,
            258.0772,
            272.0928,
            273.1007,
            274.1033,
            364.1542
        ],
        "abs_mass_diff": [
            0.0,
            0.0,
            0.0,
            0.0,
            0.0,
            0.0,
            0.0,
            0.0,
            0.0,
            0.0,
            0.0,
            0.0,
            0.0,
            0.0
        ],
        "mass_diff": [
            0.0,
            0.0,
            0.0,
            0.0,
            0.0,
            0.0,
            0.0,
            0.0,
            0.0,
            0.0,
            0.0,
            0.0,
            0.0,
            0.0
        ],
        "formula": [
            "C16H19N3O5S",
            "C16H19N3O5S",
            "C16H19N3O5S",
            "C16H19N3O5S",
            "C16H19N3O5S",
            "C16H19N3O5S",
            "C16H19N3O5S",
            "C16H19N3O5S",
            "C16H19N3O5S",
            "C16H19N3O5S",
            "C16H19N3O5S",
            "C16H19N3O5S",
            "C16H19N3O5S",
            "C16H19N3O5S"
        ],
        "ions": [
            "[M-H]-",
            "[M-H]-",
            "[M-H]-",
            "[M-H]-",
            "[M-H]-",
            "[M-H]-",
            "[M-H]-",
            "[M-H]-",
            "[M-H]-",
            "[M-H]-",
            "[M-H]-",
            "[M-H]-",
            "[M-H]-",
            "[M-H]-"
        ]
    }
}