{
    "cand_form": "C21H28O2",
    "cand_ion": "[M+H]+",
    "output_tbl": {
        "mz": [
            51.0229,
            53.0386,
            55.0178,
            55.0542,
            65.0386,
            67.0542,
            77.0386,
            78.0464,
            79.0542,
            81.0699,
            83.0491,
            91.0542,
            94.0413,
            95.0491,
            103.0542,
            105.0446,
            105.0699,
            107.0491,
            115.0542,
            128.0621,
            129.0699,
            141.0699,
            145.0648,
            152.0621,
            165.0699
        ],
        "ms2_inten": [
            0.20588838471909202,
            0.22498065573868636,
            0.09061582086411878,
            0.24363016020169118,
            0.5927109629562258,
            0.19120651744627679,
            0.4915023541948541,
            0.07149834723011347,
            0.5348745658172998,
            0.14196512599882163,
            0.07848276963037641,
            1.0,
            0.165376813232656,
            0.6846299884259772,
            0.11079092597613929,
            0.2717073604342938,
            0.07470924276127947,
            0.06122329869491505,
            0.5770925299648062,
            0.37964297001302955,
            0.07605889116060961,
            0.10633441901153302,
            0.052497906220211374,
            0.06739568066982599,
            0.07164112022000198
        ],
        "mono_mass": [
            51.0229,
            53.0386,
            55.0178,
            55.0542,
            65.0386,
            67.0542,
            77.0386,
            78.0464,
            79.0542,
            81.0699,
            83.0491,
            91.0542,
            94.0413,
            95.0491,
            103.0542,
            105.0446,
            105.0699,
            107.0491,
            115.0542,
            128.0621,
            129.0699,
            141.0699,
            145.0648,
            152.0621,
            165.0699
        ],
        "abs_mass_diff": [
            0.0,
            0.0,
            0.0,
            0.0,
            0.0,
            0.0,
            0.0,
            0.0,
            0.0,
            0.0,
            0.0,
            0.0,
            0.0,
            0.0,
            0.0,
            0.0,
            0.0,
            0.0,
            0.0,
            0.0,
            0.0,
            0.0,
            0.0,
            0.0,
            0.0
        ],
        "mass_diff": [
            0.0,
            0.0,
            0.0,
            0.0,
            0.0,
            0.0,
            0.0,
            0.0,
            0.0,
            0.0,
            0.0,
            0.0,
            0.0,
            0.0,
            0.0,
            0.0,
            0.0,
            0.0,
            0.0,
            0.0,
            0.0,
            0.0,
            0.0,
            0.0,
            0.0
        ],
        "formula": [
            "C21H28O2",
            "C21H28O2",
            "C21H28O2",
            "C21H28O2",
            "C21H28O2",
            "C21H28O2",
            "C21H28O2",
            "C21H28O2",
            "C21H28O2",
            "C21H28O2",
            "C21H28O2",
            "C21H28O2",
            "C21H28O2",
            "C21H28O2",
            "C21H28O2",
            "C21H28O2",
            "C21H28O2",
            "C21H28O2",
            "C21H28O2",
            "C21H28O2",
            "C21H28O2",
            "C21H28O2",
            "C21H28O2",
            "C21H28O2",
            "C21H28O2"
        ],
        "ions": [
            "[M+H]+",
            "[M+H]+",
            "[M+H]+",
            "[M+H]+",
            "[M+H]+",
            "[M+H]+",
            "[M+H]+",
            "[M+H]+",
            "[M+H]+",
            "[M+H]+",
            "[M+H]+",
            "[M+H]+",
            "[M+H]+",
            "[M+H]+",
            "[M+H]+",
            "[M+H]+",
            "[M+H]+",
            "[M+H]+",
            "[M+H]+",
            "[M+H]+",
            "[M+H]+",
            "[M+H]+",
            "[M+H]+",
            "[M+H]+",
            "[M+H]+"
        ]
    }
}