{
    "cand_form": "C10H7N3OS",
    "cand_ion": "[M+H]+",
    "output_tbl": {
        "mz": [
            145.9927,
            147.0005,
            159.0007,
            160.9804,
            161.0165,
            163.0165,
            163.9775,
            164.0005,
            177.0117,
            188.0039,
            189.0117,
            199.0929,
            206.0143,
            218.064,
            219.0225
        ],
        "ms2_inten": [
            0.8782873665505984,
            1.0,
            0.6707654479010893,
            0.059029326935690164,
            0.44634400009345215,
            0.13101339870388745,
            0.07166156988527024,
            0.17304866425644347,
            0.08238791724810955,
            0.6711720031107314,
            0.19469670464309793,
            0.08449061389836655,
            0.2830843656637603,
            0.37277782916370084,
            0.17772857240522313
        ],
        "mono_mass": [
            145.9927,
            147.0005,
            159.0007,
            160.9804,
            161.0165,
            163.0165,
            163.9775,
            164.0005,
            177.0117,
            188.0039,
            189.0117,
            199.0929,
            206.0143,
            218.064,
            219.0225
        ],
        "abs_mass_diff": [
            0.0,
            0.0,
            0.0,
            0.0,
            0.0,
            0.0,
            0.0,
            0.0,
            0.0,
            0.0,
            0.0,
            0.0,
            0.0,
            0.0,
            0.0
        ],
        "mass_diff": [
            0.0,
            0.0,
            0.0,
            0.0,
            0.0,
            0.0,
            0.0,
            0.0,
            0.0,
            0.0,
            0.0,
            0.0,
            0.0,
            0.0,
            0.0
        ],
        "formula": [
            "C10H7N3OS",
            "C10H7N3OS",
            "C10H7N3OS",
            "C10H7N3OS",
            "C10H7N3OS",
            "C10H7N3OS",
            "C10H7N3OS",
            "C10H7N3OS",
            "C10H7N3OS",
            "C10H7N3OS",
            "C10H7N3OS",
            "C10H7N3OS",
            "C10H7N3OS",
            "C10H7N3OS",
            "C10H7N3OS"
        ],
        "ions": [
            "[M+H]+",
            "[M+H]+",
            "[M+H]+",
            "[M+H]+",
            "[M+H]+",
            "[M+H]+",
            "[M+H]+",
            "[M+H]+",
            "[M+H]+",
            "[M+H]+",
            "[M+H]+",
            "[M+H]+",
            "[M+H]+",
            "[M+H]+",
            "[M+H]+"
        ]
    }
}