{
    "cand_form": "C25H34N6O3",
    "cand_ion": "[M+H]+",
    "output_tbl": {
        "mz": [
            56.0495,
            58.0651,
            66.0338,
            67.0291,
            68.0369,
            68.0495,
            69.0447,
            70.0651,
            72.0808,
            81.0447,
            83.0604,
            84.0808,
            94.0287,
            95.0604,
            96.0682,
            97.076,
            98.0838,
            111.0917,
            154.0611,
            227.7463
        ],
        "ms2_inten": [
            0.5196092816773148,
            0.2676599787914801,
            0.09081971843741408,
            0.08780939849615876,
            0.1431801775010738,
            0.2570157705439304,
            0.5642842168075888,
            1.0,
            0.531409487057295,
            0.13906942121988394,
            0.2926980385275775,
            0.5220867293923918,
            0.06849445632975917,
            0.1942623660670648,
            0.06864575262488633,
            0.7485881486999821,
            0.09360230258954243,
            0.07550927442784128,
            0.12573413219774213,
            0.1179487037701834
        ],
        "mono_mass": [
            56.0495,
            58.0651,
            66.0338,
            67.0291,
            68.0369,
            68.0495,
            69.0447,
            70.0651,
            72.0808,
            81.0447,
            83.0604,
            84.0808,
            94.0287,
            95.0604,
            96.0682,
            97.076,
            98.0838,
            111.0917,
            154.0611,
            227.7463
        ],
        "abs_mass_diff": [
            0.0,
            0.0,
            0.0,
            0.0,
            0.0,
            0.0,
            0.0,
            0.0,
            0.0,
            0.0,
            0.0,
            0.0,
            0.0,
            0.0,
            0.0,
            0.0,
            0.0,
            0.0,
            0.0,
            0.0
        ],
        "mass_diff": [
            0.0,
            0.0,
            0.0,
            0.0,
            0.0,
            0.0,
            0.0,
            0.0,
            0.0,
            0.0,
            0.0,
            0.0,
            0.0,
            0.0,
            0.0,
            0.0,
            0.0,
            0.0,
            0.0,
            0.0
        ],
        "formula": [
            "C25H34N6O3",
            "C25H34N6O3",
            "C25H34N6O3",
            "C25H34N6O3",
            "C25H34N6O3",
            "C25H34N6O3",
            "C25H34N6O3",
            "C25H34N6O3",
            "C25H34N6O3",
            "C25H34N6O3",
            "C25H34N6O3",
            "C25H34N6O3",
            "C25H34N6O3",
            "C25H34N6O3",
            "C25H34N6O3",
            "C25H34N6O3",
            "C25H34N6O3",
            "C25H34N6O3",
            "C25H34N6O3",
            "C25H34N6O3"
        ],
        "ions": [
            "[M+H]+",
            "[M+H]+",
            "[M+H]+",
            "[M+H]+",
            "[M+H]+",
            "[M+H]+",
            "[M+H]+",
            "[M+H]+",
            "[M+H]+",
            "[M+H]+",
            "[M+H]+",
            "[M+H]+",
            "[M+H]+",
            "[M+H]+",
            "[M+H]+",
            "[M+H]+",
            "[M+H]+",
            "[M+H]+",
            "[M+H]+",
            "[M+H]+"
        ]
    }
}