{
    "cand_form": "C19H22FN3O4",
    "cand_ion": "[M+H]+",
    "output_tbl": {
        "mz": [
            0.0,
            72.0808,
            83.0491,
            98.0964,
            116.0706,
            116.107,
            192.0455,
            219.0564,
            220.0631,
            231.0564,
            233.0721,
            245.0721,
            259.0877,
            261.067,
            261.1034
        ],
        "ms2_inten": [
            0.19582647567382713,
            0.4610191306098687,
            1.0,
            0.1725161860482559,
            0.0802215854603704,
            0.09738473886240943,
            0.1127060060261834,
            0.32229257593669697,
            0.1487369843054933,
            0.07860249232998734,
            0.10493755837335014,
            0.2285711487428858,
            0.10190473190225242,
            0.23629359138744188,
            0.2081208881946094
        ],
        "mono_mass": [
            0.0,
            72.0808,
            83.0491,
            98.0964,
            116.0706,
            116.107,
            192.0455,
            219.0564,
            220.0631,
            231.0564,
            233.0721,
            245.0721,
            259.0877,
            261.067,
            261.1034
        ],
        "abs_mass_diff": [
            0.0,
            0.0,
            0.0,
            0.0,
            0.0,
            0.0,
            0.0,
            0.0,
            0.0,
            0.0,
            0.0,
            0.0,
            0.0,
            0.0,
            0.0
        ],
        "mass_diff": [
            0.0,
            0.0,
            0.0,
            0.0,
            0.0,
            0.0,
            0.0,
            0.0,
            0.0,
            0.0,
            0.0,
            0.0,
            0.0,
            0.0,
            0.0
        ],
        "formula": [
            "C19H22FN3O4",
            "C19H22FN3O4",
            "C19H22FN3O4",
            "C19H22FN3O4",
            "C19H22FN3O4",
            "C19H22FN3O4",
            "C19H22FN3O4",
            "C19H22FN3O4",
            "C19H22FN3O4",
            "C19H22FN3O4",
            "C19H22FN3O4",
            "C19H22FN3O4",
            "C19H22FN3O4",
            "C19H22FN3O4",
            "C19H22FN3O4"
        ],
        "ions": [
            "[M+H]+",
            "[M+H]+",
            "[M+H]+",
            "[M+H]+",
            "[M+H]+",
            "[M+H]+",
            "[M+H]+",
            "[M+H]+",
            "[M+H]+",
            "[M+H]+",
            "[M+H]+",
            "[M+H]+",
            "[M+H]+",
            "[M+H]+",
            "[M+H]+"
        ]
    }
}