{
    "cand_form": "C10H8N2O2",
    "cand_ion": "[M+H]+",
    "output_tbl": {
        "mz": [
            44.0495,
            55.9344,
            57.9349,
            70.0651,
            70.9579,
            72.0444,
            72.9371,
            74.06,
            88.9684,
            90.9477,
            98.06,
            131.9742,
            132.9583,
            145.99,
            146.9981,
            150.9688,
            168.9249
        ],
        "ms2_inten": [
            0.13614799109956938,
            0.40376790412153707,
            0.06069085773648455,
            0.0424599069444775,
            1.0,
            0.12881579297347992,
            0.6260413353183747,
            0.0911627734252183,
            0.16603892260182332,
            0.17913269051459654,
            0.08026291156632932,
            0.09120868292230376,
            0.12286056918592268,
            0.07299343830277148,
            0.08262747805079035,
            0.048273242767135655,
            0.04891803882525905
        ],
        "mono_mass": [
            44.0495,
            55.9344,
            57.9349,
            70.0651,
            70.9579,
            72.0444,
            72.9371,
            74.06,
            88.9684,
            90.9477,
            98.06,
            131.9742,
            132.9583,
            145.99,
            146.9981,
            150.9688,
            168.9249
        ],
        "abs_mass_diff": [
            0.0,
            0.0,
            0.0,
            0.0,
            0.0,
            0.0,
            0.0,
            0.0,
            0.0,
            0.0,
            0.0,
            0.0,
            0.0,
            0.0,
            0.0,
            0.0,
            0.0
        ],
        "mass_diff": [
            0.0,
            0.0,
            0.0,
            0.0,
            0.0,
            0.0,
            0.0,
            0.0,
            0.0,
            0.0,
            0.0,
            0.0,
            0.0,
            0.0,
            0.0,
            0.0,
            0.0
        ],
        "formula": [
            "C10H8N2O2",
            "C10H8N2O2",
            "C10H8N2O2",
            "C10H8N2O2",
            "C10H8N2O2",
            "C10H8N2O2",
            "C10H8N2O2",
            "C10H8N2O2",
            "C10H8N2O2",
            "C10H8N2O2",
            "C10H8N2O2",
            "C10H8N2O2",
            "C10H8N2O2",
            "C10H8N2O2",
            "C10H8N2O2",
            "C10H8N2O2",
            "C10H8N2O2"
        ],
        "ions": [
            "[M+H]+",
            "[M+H]+",
            "[M+H]+",
            "[M+H]+",
            "[M+H]+",
            "[M+H]+",
            "[M+H]+",
            "[M+H]+",
            "[M+H]+",
            "[M+H]+",
            "[M+H]+",
            "[M+H]+",
            "[M+H]+",
            "[M+H]+",
            "[M+H]+",
            "[M+H]+",
            "[M+H]+"
        ]
    }
}