{
    "cand_form": "C16H16ClN3O3S",
    "cand_ion": "[M+H]+",
    "output_tbl": {
        "mz": [
            0.0,
            51.0229,
            62.0151,
            63.0229,
            64.0308,
            65.0386,
            66.0421,
            74.0151,
            75.0229,
            77.0386,
            89.0386,
            90.0464,
            91.0542,
            95.0491,
            117.0573,
            227.7381
        ],
        "ms2_inten": [
            0.12460414190832657,
            0.247620711948051,
            0.09154706537312438,
            0.4403075263502782,
            0.09101269940876158,
            1.0,
            0.03862176336765256,
            0.06795648825853075,
            0.0680759993113942,
            0.10532546342059375,
            0.8568884643720545,
            0.2223761573945526,
            0.3672784059146055,
            0.08426161143011576,
            0.0865958231060564,
            0.03889002345332104
        ],
        "mono_mass": [
            0.0,
            51.0229,
            62.0151,
            63.0229,
            64.0308,
            65.0386,
            66.0421,
            74.0151,
            75.0229,
            77.0386,
            89.0386,
            90.0464,
            91.0542,
            95.0491,
            117.0573,
            227.7381
        ],
        "abs_mass_diff": [
            0.0,
            0.0,
            0.0,
            0.0,
            0.0,
            0.0,
            0.0,
            0.0,
            0.0,
            0.0,
            0.0,
            0.0,
            0.0,
            0.0,
            0.0,
            0.0
        ],
        "mass_diff": [
            0.0,
            0.0,
            0.0,
            0.0,
            0.0,
            0.0,
            0.0,
            0.0,
            0.0,
            0.0,
            0.0,
            0.0,
            0.0,
            0.0,
            0.0,
            0.0
        ],
        "formula": [
            "C16H16ClN3O3S",
            "C16H16ClN3O3S",
            "C16H16ClN3O3S",
            "C16H16ClN3O3S",
            "C16H16ClN3O3S",
            "C16H16ClN3O3S",
            "C16H16ClN3O3S",
            "C16H16ClN3O3S",
            "C16H16ClN3O3S",
            "C16H16ClN3O3S",
            "C16H16ClN3O3S",
            "C16H16ClN3O3S",
            "C16H16ClN3O3S",
            "C16H16ClN3O3S",
            "C16H16ClN3O3S",
            "C16H16ClN3O3S"
        ],
        "ions": [
            "[M+H]+",
            "[M+H]+",
            "[M+H]+",
            "[M+H]+",
            "[M+H]+",
            "[M+H]+",
            "[M+H]+",
            "[M+H]+",
            "[M+H]+",
            "[M+H]+",
            "[M+H]+",
            "[M+H]+",
            "[M+H]+",
            "[M+H]+",
            "[M+H]+",
            "[M+H]+"
        ]
    }
}