{
    "cand_form": "C46H77NO17",
    "cand_ion": "[M+H]+",
    "output_tbl": {
        "mz": [
            0.0,
            101.0597,
            116.0706,
            127.0754,
            132.1019,
            145.0859,
            156.1019,
            174.1125,
            175.1157,
            772.4478,
            773.4471,
            916.5264
        ],
        "ms2_inten": [
            0.038328999132044295,
            0.10255486212053082,
            0.034236591130120154,
            0.08159037196607653,
            0.11215956267581331,
            0.06865431624959478,
            0.08294412143014002,
            1.0,
            0.035900576197099146,
            0.0887651761531785,
            0.02451155949679484,
            0.032036634005040414
        ],
        "mono_mass": [
            0.0,
            101.0597,
            116.0706,
            127.0754,
            132.1019,
            145.0859,
            156.1019,
            174.1125,
            175.1157,
            772.4478,
            773.4471,
            916.5264
        ],
        "abs_mass_diff": [
            0.0,
            0.0,
            0.0,
            0.0,
            0.0,
            0.0,
            0.0,
            0.0,
            0.0,
            0.0,
            0.0,
            0.0
        ],
        "mass_diff": [
            0.0,
            0.0,
            0.0,
            0.0,
            0.0,
            0.0,
            0.0,
            0.0,
            0.0,
            0.0,
            0.0,
            0.0
        ],
        "formula": [
            "C46H77NO17",
            "C46H77NO17",
            "C46H77NO17",
            "C46H77NO17",
            "C46H77NO17",
            "C46H77NO17",
            "C46H77NO17",
            "C46H77NO17",
            "C46H77NO17",
            "C46H77NO17",
            "C46H77NO17",
            "C46H77NO17"
        ],
        "ions": [
            "[M+H]+",
            "[M+H]+",
            "[M+H]+",
            "[M+H]+",
            "[M+H]+",
            "[M+H]+",
            "[M+H]+",
            "[M+H]+",
            "[M+H]+",
            "[M+H]+",
            "[M+H]+",
            "[M+H]+"
        ]
    }
}