{
    "cand_form": "C23H32N6O4S",
    "cand_ion": "[M+H]+",
    "output_tbl": {
        "mz": [
            56.0495,
            58.0651,
            70.0651,
            99.0917,
            100.0995,
            101.1073,
            255.1234,
            283.119,
            284.1229,
            299.1139,
            325.1659
        ],
        "ms2_inten": [
            0.03009527246014172,
            1.0,
            0.04823504258759213,
            0.24095133612709135,
            0.2702224029286141,
            0.040918730544175774,
            0.03828266669552162,
            0.4002649755488327,
            0.03781721474738376,
            0.2089333495574372,
            0.0527177126381822
        ],
        "mono_mass": [
            56.0495,
            58.0651,
            70.0651,
            99.0917,
            100.0995,
            101.1073,
            255.1234,
            283.119,
            284.1229,
            299.1139,
            325.1659
        ],
        "abs_mass_diff": [
            0.0,
            0.0,
            0.0,
            0.0,
            0.0,
            0.0,
            0.0,
            0.0,
            0.0,
            0.0,
            0.0
        ],
        "mass_diff": [
            0.0,
            0.0,
            0.0,
            0.0,
            0.0,
            0.0,
            0.0,
            0.0,
            0.0,
            0.0,
            0.0
        ],
        "formula": [
            "C23H32N6O4S",
            "C23H32N6O4S",
            "C23H32N6O4S",
            "C23H32N6O4S",
            "C23H32N6O4S",
            "C23H32N6O4S",
            "C23H32N6O4S",
            "C23H32N6O4S",
            "C23H32N6O4S",
            "C23H32N6O4S",
            "C23H32N6O4S"
        ],
        "ions": [
            "[M+H]+",
            "[M+H]+",
            "[M+H]+",
            "[M+H]+",
            "[M+H]+",
            "[M+H]+",
            "[M+H]+",
            "[M+H]+",
            "[M+H]+",
            "[M+H]+",
            "[M+H]+"
        ]
    }
}