{
    "cand_form": "C20H30O2",
    "cand_ion": "[M+H]+",
    "output_tbl": {
        "mz": [
            79.0542,
            81.0699,
            83.0491,
            91.0542,
            93.0699,
            95.0855,
            97.0648,
            105.0699,
            107.0855,
            109.0648,
            109.1012,
            119.0855,
            121.1012,
            123.0804,
            133.1012,
            159.1168
        ],
        "ms2_inten": [
            0.04598496633046542,
            0.08104359459250207,
            0.06808260770562427,
            0.05687212982317504,
            0.07194296085147356,
            0.13646089689540214,
            1.0,
            0.0640580944329519,
            0.08923493261469706,
            0.9120589288688613,
            0.05709844050161011,
            0.07182264565060952,
            0.07818619916067096,
            0.12036521924147259,
            0.06420953188153528,
            0.05181187244097855
        ],
        "mono_mass": [
            79.0542,
            81.0699,
            83.0491,
            91.0542,
            93.0699,
            95.0855,
            97.0648,
            105.0699,
            107.0855,
            109.0648,
            109.1012,
            119.0855,
            121.1012,
            123.0804,
            133.1012,
            159.1168
        ],
        "abs_mass_diff": [
            0.0,
            0.0,
            0.0,
            0.0,
            0.0,
            0.0,
            0.0,
            0.0,
            0.0,
            0.0,
            0.0,
            0.0,
            0.0,
            0.0,
            0.0,
            0.0
        ],
        "mass_diff": [
            0.0,
            0.0,
            0.0,
            0.0,
            0.0,
            0.0,
            0.0,
            0.0,
            0.0,
            0.0,
            0.0,
            0.0,
            0.0,
            0.0,
            0.0,
            0.0
        ],
        "formula": [
            "C20H30O2",
            "C20H30O2",
            "C20H30O2",
            "C20H30O2",
            "C20H30O2",
            "C20H30O2",
            "C20H30O2",
            "C20H30O2",
            "C20H30O2",
            "C20H30O2",
            "C20H30O2",
            "C20H30O2",
            "C20H30O2",
            "C20H30O2",
            "C20H30O2",
            "C20H30O2"
        ],
        "ions": [
            "[M+H]+",
            "[M+H]+",
            "[M+H]+",
            "[M+H]+",
            "[M+H]+",
            "[M+H]+",
            "[M+H]+",
            "[M+H]+",
            "[M+H]+",
            "[M+H]+",
            "[M+H]+",
            "[M+H]+",
            "[M+H]+",
            "[M+H]+",
            "[M+H]+",
            "[M+H]+"
        ]
    }
}