{
    "cand_form": "C15H13N3O2S",
    "cand_ion": "[M+H]+",
    "output_tbl": {
        "mz": [
            73.0478,
            74.0475,
            75.0441,
            91.0576,
            93.0533,
            225.0425,
            226.0433,
            227.0399,
            227.7365,
            265.0192,
            266.0202,
            266.9967,
            267.9988,
            268.9975,
            269.9951,
            281.0501,
            282.0519,
            283.0291,
            284.0298,
            285.0284,
            286.029,
            299.0605,
            300.0614,
            301.0589
        ],
        "ms2_inten": [
            1.0,
            0.06582884894208657,
            0.09397026149989797,
            0.6671669158937038,
            0.08822607196049227,
            0.16141594466621229,
            0.0768064073389035,
            0.13189595454354153,
            0.07078057828252153,
            0.11673369567493852,
            0.07922228398877351,
            0.7809122806597625,
            0.3673197631754736,
            0.6075909828281674,
            0.13436957527284824,
            0.09457931692842984,
            0.07164105482376487,
            0.852822109739282,
            0.39018133236634434,
            0.5497918520411186,
            0.08113172810776341,
            0.4480309268912083,
            0.1866403337707522,
            0.23769268221947099
        ],
        "mono_mass": [
            73.0478,
            74.0475,
            75.0441,
            91.0576,
            93.0533,
            225.0425,
            226.0433,
            227.0399,
            227.7365,
            265.0192,
            266.0202,
            266.9967,
            267.9988,
            268.9975,
            269.9951,
            281.0501,
            282.0519,
            283.0291,
            284.0298,
            285.0284,
            286.029,
            299.0605,
            300.0614,
            301.0589
        ],
        "abs_mass_diff": [
            0.0,
            0.0,
            0.0,
            0.0,
            0.0,
            0.0,
            0.0,
            0.0,
            0.0,
            0.0,
            0.0,
            0.0,
            0.0,
            0.0,
            0.0,
            0.0,
            0.0,
            0.0,
            0.0,
            0.0,
            0.0,
            0.0,
            0.0,
            0.0
        ],
        "mass_diff": [
            0.0,
            0.0,
            0.0,
            0.0,
            0.0,
            0.0,
            0.0,
            0.0,
            0.0,
            0.0,
            0.0,
            0.0,
            0.0,
            0.0,
            0.0,
            0.0,
            0.0,
            0.0,
            0.0,
            0.0,
            0.0,
            0.0,
            0.0,
            0.0
        ],
        "formula": [
            "C15H13N3O2S",
            "C15H13N3O2S",
            "C15H13N3O2S",
            "C15H13N3O2S",
            "C15H13N3O2S",
            "C15H13N3O2S",
            "C15H13N3O2S",
            "C15H13N3O2S",
            "C15H13N3O2S",
            "C15H13N3O2S",
            "C15H13N3O2S",
            "C15H13N3O2S",
            "C15H13N3O2S",
            "C15H13N3O2S",
            "C15H13N3O2S",
            "C15H13N3O2S",
            "C15H13N3O2S",
            "C15H13N3O2S",
            "C15H13N3O2S",
            "C15H13N3O2S",
            "C15H13N3O2S",
            "C15H13N3O2S",
            "C15H13N3O2S",
            "C15H13N3O2S"
        ],
        "ions": [
            "[M+H]+",
            "[M+H]+",
            "[M+H]+",
            "[M+H]+",
            "[M+H]+",
            "[M+H]+",
            "[M+H]+",
            "[M+H]+",
            "[M+H]+",
            "[M+H]+",
            "[M+H]+",
            "[M+H]+",
            "[M+H]+",
            "[M+H]+",
            "[M+H]+",
            "[M+H]+",
            "[M+H]+",
            "[M+H]+",
            "[M+H]+",
            "[M+H]+",
            "[M+H]+",
            "[M+H]+",
            "[M+H]+",
            "[M+H]+"
        ]
    }
}