{
    "cand_form": "C17H18F3N3O3",
    "cand_ion": "[M+H]+",
    "output_tbl": {
        "mz": [
            56.0495,
            58.0651,
            70.0651,
            72.0808,
            82.0651,
            134.0401,
            139.0228,
            147.0479,
            148.0557,
            152.0306,
            153.0385,
            155.0604,
            162.035,
            166.0337,
            166.0474,
            167.0389,
            173.051,
            174.0588,
            175.0666,
            180.0494,
            181.0334,
            193.0334,
            193.0572,
            194.0423,
            194.065,
            195.0679,
            203.0615,
            221.0521,
            222.0599,
            223.0666
        ],
        "ms2_inten": [
            0.09086046049901952,
            0.7168417367140885,
            0.1322033103400868,
            0.06479938094760285,
            0.05346736103890057,
            0.05068925174156004,
            0.06285754675224385,
            0.09808186731950898,
            0.07438144534416258,
            0.10598838001713942,
            0.08897551690851403,
            0.06471325625694888,
            0.057168395984459074,
            0.37690833505648713,
            0.23239635160763317,
            0.09273427559156575,
            0.1310102960780756,
            0.28766050573527085,
            0.09498477275871679,
            0.11544702990985774,
            0.07438521186396718,
            0.04564722012069177,
            0.13649823105825032,
            0.051594114567300446,
            1.0,
            0.07279203417491081,
            0.12078977014488192,
            0.051035917282600096,
            0.06285600719915299,
            0.11115909895279504
        ],
        "mono_mass": [
            56.0495,
            58.0651,
            70.0651,
            72.0808,
            82.0651,
            134.0401,
            139.0228,
            147.0479,
            148.0557,
            152.0306,
            153.0385,
            155.0604,
            162.035,
            166.0337,
            166.0474,
            167.0389,
            173.051,
            174.0588,
            175.0666,
            180.0494,
            181.0334,
            193.0334,
            193.0572,
            194.0423,
            194.065,
            195.0679,
            203.0615,
            221.0521,
            222.0599,
            223.0666
        ],
        "abs_mass_diff": [
            0.0,
            0.0,
            0.0,
            0.0,
            0.0,
            0.0,
            0.0,
            0.0,
            0.0,
            0.0,
            0.0,
            0.0,
            0.0,
            0.0,
            0.0,
            0.0,
            0.0,
            0.0,
            0.0,
            0.0,
            0.0,
            0.0,
            0.0,
            0.0,
            0.0,
            0.0,
            0.0,
            0.0,
            0.0,
            0.0
        ],
        "mass_diff": [
            0.0,
            0.0,
            0.0,
            0.0,
            0.0,
            0.0,
            0.0,
            0.0,
            0.0,
            0.0,
            0.0,
            0.0,
            0.0,
            0.0,
            0.0,
            0.0,
            0.0,
            0.0,
            0.0,
            0.0,
            0.0,
            0.0,
            0.0,
            0.0,
            0.0,
            0.0,
            0.0,
            0.0,
            0.0,
            0.0
        ],
        "formula": [
            "C17H18F3N3O3",
            "C17H18F3N3O3",
            "C17H18F3N3O3",
            "C17H18F3N3O3",
            "C17H18F3N3O3",
            "C17H18F3N3O3",
            "C17H18F3N3O3",
            "C17H18F3N3O3",
            "C17H18F3N3O3",
            "C17H18F3N3O3",
            "C17H18F3N3O3",
            "C17H18F3N3O3",
            "C17H18F3N3O3",
            "C17H18F3N3O3",
            "C17H18F3N3O3",
            "C17H18F3N3O3",
            "C17H18F3N3O3",
            "C17H18F3N3O3",
            "C17H18F3N3O3",
            "C17H18F3N3O3",
            "C17H18F3N3O3",
            "C17H18F3N3O3",
            "C17H18F3N3O3",
            "C17H18F3N3O3",
            "C17H18F3N3O3",
            "C17H18F3N3O3",
            "C17H18F3N3O3",
            "C17H18F3N3O3",
            "C17H18F3N3O3",
            "C17H18F3N3O3"
        ],
        "ions": [
            "[M+H]+",
            "[M+H]+",
            "[M+H]+",
            "[M+H]+",
            "[M+H]+",
            "[M+H]+",
            "[M+H]+",
            "[M+H]+",
            "[M+H]+",
            "[M+H]+",
            "[M+H]+",
            "[M+H]+",
            "[M+H]+",
            "[M+H]+",
            "[M+H]+",
            "[M+H]+",
            "[M+H]+",
            "[M+H]+",
            "[M+H]+",
            "[M+H]+",
            "[M+H]+",
            "[M+H]+",
            "[M+H]+",
            "[M+H]+",
            "[M+H]+",
            "[M+H]+",
            "[M+H]+",
            "[M+H]+",
            "[M+H]+",
            "[M+H]+"
        ]
    }
}