{
    "cand_form": "C11H13N3O3S",
    "cand_ion": "[M+H]+",
    "output_tbl": {
        "mz": [
            55.0178,
            65.0386,
            68.0495,
            71.0604,
            92.0495,
            93.0533,
            96.0444,
            105.0699,
            108.0444,
            109.0482,
            110.06,
            113.0709,
            156.0114
        ],
        "ms2_inten": [
            0.04459487568619833,
            0.08213449510657017,
            0.06969536128643955,
            0.10556685969571632,
            1.0,
            0.02915960540083357,
            0.07158877606772472,
            0.032015702722360206,
            0.7694210947412506,
            0.020345575672043544,
            0.07831388992983468,
            0.452061579865779,
            0.1613796174755457
        ],
        "mono_mass": [
            55.0178,
            65.0386,
            68.0495,
            71.0604,
            92.0495,
            93.0533,
            96.0444,
            105.0699,
            108.0444,
            109.0482,
            110.06,
            113.0709,
            156.0114
        ],
        "abs_mass_diff": [
            0.0,
            0.0,
            0.0,
            0.0,
            0.0,
            0.0,
            0.0,
            0.0,
            0.0,
            0.0,
            0.0,
            0.0,
            0.0
        ],
        "mass_diff": [
            0.0,
            0.0,
            0.0,
            0.0,
            0.0,
            0.0,
            0.0,
            0.0,
            0.0,
            0.0,
            0.0,
            0.0,
            0.0
        ],
        "formula": [
            "C11H13N3O3S",
            "C11H13N3O3S",
            "C11H13N3O3S",
            "C11H13N3O3S",
            "C11H13N3O3S",
            "C11H13N3O3S",
            "C11H13N3O3S",
            "C11H13N3O3S",
            "C11H13N3O3S",
            "C11H13N3O3S",
            "C11H13N3O3S",
            "C11H13N3O3S",
            "C11H13N3O3S"
        ],
        "ions": [
            "[M+H]+",
            "[M+H]+",
            "[M+H]+",
            "[M+H]+",
            "[M+H]+",
            "[M+H]+",
            "[M+H]+",
            "[M+H]+",
            "[M+H]+",
            "[M+H]+",
            "[M+H]+",
            "[M+H]+",
            "[M+H]+"
        ]
    }
}