{
    "cand_form": "C12H15N3O",
    "cand_ion": "[M+H]+",
    "output_tbl": {
        "mz": [
            55.0542,
            67.0542,
            70.0651,
            83.0491,
            101.0584,
            111.0427,
            119.9737,
            123.0229,
            129.0699,
            155.073,
            160.0631
        ],
        "ms2_inten": [
            1.0,
            0.12173560959604598,
            0.3093339104271309,
            0.48237269322461634,
            0.21168196081579654,
            0.38760342021154676,
            0.15720919301111488,
            0.19769395180103297,
            0.12884642905760352,
            0.1721682554198532,
            0.2010760006934434
        ],
        "mono_mass": [
            55.0542,
            67.0542,
            70.0651,
            83.0491,
            101.0584,
            111.0427,
            119.9737,
            123.0229,
            129.0699,
            155.073,
            160.0631
        ],
        "abs_mass_diff": [
            0.0,
            0.0,
            0.0,
            0.0,
            0.0,
            0.0,
            0.0,
            0.0,
            0.0,
            0.0,
            0.0
        ],
        "mass_diff": [
            0.0,
            0.0,
            0.0,
            0.0,
            0.0,
            0.0,
            0.0,
            0.0,
            0.0,
            0.0,
            0.0
        ],
        "formula": [
            "C12H15N3O",
            "C12H15N3O",
            "C12H15N3O",
            "C12H15N3O",
            "C12H15N3O",
            "C12H15N3O",
            "C12H15N3O",
            "C12H15N3O",
            "C12H15N3O",
            "C12H15N3O",
            "C12H15N3O"
        ],
        "ions": [
            "[M+H]+",
            "[M+H]+",
            "[M+H]+",
            "[M+H]+",
            "[M+H]+",
            "[M+H]+",
            "[M+H]+",
            "[M+H]+",
            "[M+H]+",
            "[M+H]+",
            "[M+H]+"
        ]
    }
}