{
    "cand_form": "C15H13N3O4S",
    "cand_ion": "[M-H]-",
    "output_tbl": {
        "mz": [
            50.0037,
            65.0147,
            74.4706,
            91.0301,
            91.3058,
            92.0255,
            109.9968,
            112.5483,
            227.7191
        ],
        "ms2_inten": [
            0.910537754318723,
            0.5757167545600295,
            0.3628953346624715,
            0.9395203076228652,
            0.3429730993987641,
            1.0,
            0.3368076787015366,
            0.3724515415113598,
            0.5959490179449274
        ],
        "mono_mass": [
            50.0037,
            65.0147,
            74.4706,
            91.0301,
            91.3058,
            92.0255,
            109.9968,
            112.5483,
            227.7191
        ],
        "abs_mass_diff": [
            0.0,
            0.0,
            0.0,
            0.0,
            0.0,
            0.0,
            0.0,
            0.0,
            0.0
        ],
        "mass_diff": [
            0.0,
            0.0,
            0.0,
            0.0,
            0.0,
            0.0,
            0.0,
            0.0,
            0.0
        ],
        "formula": [
            "C15H13N3O4S",
            "C15H13N3O4S",
            "C15H13N3O4S",
            "C15H13N3O4S",
            "C15H13N3O4S",
            "C15H13N3O4S",
            "C15H13N3O4S",
            "C15H13N3O4S",
            "C15H13N3O4S"
        ],
        "ions": [
            "[M-H]-",
            "[M-H]-",
            "[M-H]-",
            "[M-H]-",
            "[M-H]-",
            "[M-H]-",
            "[M-H]-",
            "[M-H]-",
            "[M-H]-"
        ]
    }
}