{
    "cand_form": "C20H26N6O4S",
    "cand_ion": "[M+H]+",
    "output_tbl": {
        "mz": [
            56.0495,
            58.0651,
            69.0447,
            70.0651,
            129.0447,
            155.0604,
            225.0764
        ],
        "ms2_inten": [
            0.0746030701644593,
            1.0,
            0.08624546129120302,
            0.14016561764140525,
            0.052581509391768644,
            0.08096660710381792,
            0.07312030929291191
        ],
        "mono_mass": [
            56.0495,
            58.0651,
            69.0447,
            70.0651,
            129.0447,
            155.0604,
            225.0764
        ],
        "abs_mass_diff": [
            0.0,
            0.0,
            0.0,
            0.0,
            0.0,
            0.0,
            0.0
        ],
        "mass_diff": [
            0.0,
            0.0,
            0.0,
            0.0,
            0.0,
            0.0,
            0.0
        ],
        "formula": [
            "C20H26N6O4S",
            "C20H26N6O4S",
            "C20H26N6O4S",
            "C20H26N6O4S",
            "C20H26N6O4S",
            "C20H26N6O4S",
            "C20H26N6O4S"
        ],
        "ions": [
            "[M+H]+",
            "[M+H]+",
            "[M+H]+",
            "[M+H]+",
            "[M+H]+",
            "[M+H]+",
            "[M+H]+"
        ]
    }
}