{
    "cand_form": "C42H70O11",
    "cand_ion": "[M-H]-",
    "output_tbl": {
        "mz": [
            79.0556,
            80.0269,
            81.0347,
            83.0504,
            84.0217,
            87.0453,
            92.027,
            93.0347,
            94.0429,
            95.0143,
            95.0503,
            97.066,
            99.0817,
            106.042,
            107.0506,
            108.0221,
            109.0658,
            111.0455,
            119.0508,
            120.0582,
            121.03,
            121.0661,
            135.0819,
            227.7267
        ],
        "ms2_inten": [
            0.12009573486073978,
            0.08124657387620497,
            0.441653495370755,
            1.0,
            0.32168138929891776,
            0.15613128986193794,
            0.06956060700723658,
            0.3338738542557541,
            0.07631023528341355,
            0.06652838557685713,
            0.4890923504355256,
            0.3611437256950781,
            0.1372622857710818,
            0.17453768082508941,
            0.2517408581411693,
            0.20923885875632317,
            0.0914399350124891,
            0.32076713428354914,
            0.06616601990682044,
            0.087328058130306,
            0.14277223136879416,
            0.4089311649336866,
            0.14245658339712802,
            0.13843820935783377
        ],
        "mono_mass": [
            79.0556,
            80.0269,
            81.0347,
            83.0504,
            84.0217,
            87.0453,
            92.027,
            93.0347,
            94.0429,
            95.0143,
            95.0503,
            97.066,
            99.0817,
            106.042,
            107.0506,
            108.0221,
            109.0658,
            111.0455,
            119.0508,
            120.0582,
            121.03,
            121.0661,
            135.0819,
            227.7267
        ],
        "abs_mass_diff": [
            0.0,
            0.0,
            0.0,
            0.0,
            0.0,
            0.0,
            0.0,
            0.0,
            0.0,
            0.0,
            0.0,
            0.0,
            0.0,
            0.0,
            0.0,
            0.0,
            0.0,
            0.0,
            0.0,
            0.0,
            0.0,
            0.0,
            0.0,
            0.0
        ],
        "mass_diff": [
            0.0,
            0.0,
            0.0,
            0.0,
            0.0,
            0.0,
            0.0,
            0.0,
            0.0,
            0.0,
            0.0,
            0.0,
            0.0,
            0.0,
            0.0,
            0.0,
            0.0,
            0.0,
            0.0,
            0.0,
            0.0,
            0.0,
            0.0,
            0.0
        ],
        "formula": [
            "C42H70O11",
            "C42H70O11",
            "C42H70O11",
            "C42H70O11",
            "C42H70O11",
            "C42H70O11",
            "C42H70O11",
            "C42H70O11",
            "C42H70O11",
            "C42H70O11",
            "C42H70O11",
            "C42H70O11",
            "C42H70O11",
            "C42H70O11",
            "C42H70O11",
            "C42H70O11",
            "C42H70O11",
            "C42H70O11",
            "C42H70O11",
            "C42H70O11",
            "C42H70O11",
            "C42H70O11",
            "C42H70O11",
            "C42H70O11"
        ],
        "ions": [
            "[M-H]-",
            "[M-H]-",
            "[M-H]-",
            "[M-H]-",
            "[M-H]-",
            "[M-H]-",
            "[M-H]-",
            "[M-H]-",
            "[M-H]-",
            "[M-H]-",
            "[M-H]-",
            "[M-H]-",
            "[M-H]-",
            "[M-H]-",
            "[M-H]-",
            "[M-H]-",
            "[M-H]-",
            "[M-H]-",
            "[M-H]-",
            "[M-H]-",
            "[M-H]-",
            "[M-H]-",
            "[M-H]-",
            "[M-H]-"
        ]
    }
}