{
    "cand_form": "C23H27N5O7S",
    "cand_ion": "[M-H]-",
    "output_tbl": {
        "mz": [
            83.9313,
            85.9467,
            98.9296,
            99.9263,
            99.9379,
            100.9344,
            114.9485,
            116.9408,
            136.9815,
            154.1237,
            178.0788,
            192.0819,
            212.114,
            227.7176,
            240.1089,
            254.1232,
            282.1169
        ],
        "ms2_inten": [
            0.3749552232735736,
            0.18634470179873389,
            0.2979650639857465,
            0.259797043458583,
            0.44333625848541774,
            0.3015172205945306,
            0.2431507902864094,
            0.6939970247918371,
            0.2011996252051126,
            1.0,
            0.15000607451368692,
            0.1542673589005182,
            0.15240276997824123,
            0.35377993783660755,
            0.2580458628390452,
            0.15076004419534592,
            0.15381528994201316
        ],
        "mono_mass": [
            83.9313,
            85.9467,
            98.9296,
            99.9263,
            99.9379,
            100.9344,
            114.9485,
            116.9408,
            136.9815,
            154.1237,
            178.0788,
            192.0819,
            212.114,
            227.7176,
            240.1089,
            254.1232,
            282.1169
        ],
        "abs_mass_diff": [
            0.0,
            0.0,
            0.0,
            0.0,
            0.0,
            0.0,
            0.0,
            0.0,
            0.0,
            0.0,
            0.0,
            0.0,
            0.0,
            0.0,
            0.0,
            0.0,
            0.0
        ],
        "mass_diff": [
            0.0,
            0.0,
            0.0,
            0.0,
            0.0,
            0.0,
            0.0,
            0.0,
            0.0,
            0.0,
            0.0,
            0.0,
            0.0,
            0.0,
            0.0,
            0.0,
            0.0
        ],
        "formula": [
            "C23H27N5O7S",
            "C23H27N5O7S",
            "C23H27N5O7S",
            "C23H27N5O7S",
            "C23H27N5O7S",
            "C23H27N5O7S",
            "C23H27N5O7S",
            "C23H27N5O7S",
            "C23H27N5O7S",
            "C23H27N5O7S",
            "C23H27N5O7S",
            "C23H27N5O7S",
            "C23H27N5O7S",
            "C23H27N5O7S",
            "C23H27N5O7S",
            "C23H27N5O7S",
            "C23H27N5O7S"
        ],
        "ions": [
            "[M-H]-",
            "[M-H]-",
            "[M-H]-",
            "[M-H]-",
            "[M-H]-",
            "[M-H]-",
            "[M-H]-",
            "[M-H]-",
            "[M-H]-",
            "[M-H]-",
            "[M-H]-",
            "[M-H]-",
            "[M-H]-",
            "[M-H]-",
            "[M-H]-",
            "[M-H]-",
            "[M-H]-"
        ]
    }
}