{
    "cand_form": "C22H30O3",
    "cand_ion": "[M+H]+",
    "output_tbl": {
        "mz": [
            0.0,
            75.0261,
            91.0542,
            107.0491,
            227.7464,
            327.0009
        ],
        "ms2_inten": [
            0.7602411816625371,
            0.8851345746886864,
            0.8461594904133478,
            1.0,
            0.6663664302349075,
            0.5082616416942267
        ],
        "mono_mass": [
            0.0,
            75.0261,
            91.0542,
            107.0491,
            227.7464,
            327.0009
        ],
        "abs_mass_diff": [
            0.0,
            0.0,
            0.0,
            0.0,
            0.0,
            0.0
        ],
        "mass_diff": [
            0.0,
            0.0,
            0.0,
            0.0,
            0.0,
            0.0
        ],
        "formula": [
            "C22H30O3",
            "C22H30O3",
            "C22H30O3",
            "C22H30O3",
            "C22H30O3",
            "C22H30O3"
        ],
        "ions": [
            "[M+H]+",
            "[M+H]+",
            "[M+H]+",
            "[M+H]+",
            "[M+H]+",
            "[M+H]+"
        ]
    }
}