{
    "cand_form": "C28H34N6O4S",
    "cand_ion": "[M+H]+",
    "output_tbl": {
        "mz": [
            65.0386,
            91.0542,
            92.058,
            134.0964,
            284.1268
        ],
        "ms2_inten": [
            0.034681461373308395,
            1.0,
            0.027877797754324384,
            0.06114339432021132,
            0.026295774958674568
        ],
        "mono_mass": [
            65.0386,
            91.0542,
            92.058,
            134.0964,
            284.1268
        ],
        "abs_mass_diff": [
            0.0,
            0.0,
            0.0,
            0.0,
            0.0
        ],
        "mass_diff": [
            0.0,
            0.0,
            0.0,
            0.0,
            0.0
        ],
        "formula": [
            "C28H34N6O4S",
            "C28H34N6O4S",
            "C28H34N6O4S",
            "C28H34N6O4S",
            "C28H34N6O4S"
        ],
        "ions": [
            "[M+H]+",
            "[M+H]+",
            "[M+H]+",
            "[M+H]+",
            "[M+H]+"
        ]
    }
}