{
    "cand_form": "C10H8N2O2",
    "cand_ion": "[M+H]+",
    "output_tbl": {
        "mz": [
            74.06,
            79.021,
            123.0315,
            132.0392,
            132.9598,
            133.0396,
            144.008,
            144.5513,
            145.0099,
            145.0522,
            145.9872,
            150.5522,
            151.0536,
            151.5521,
            160.5597,
            161.0597,
            161.5575,
            162.0216,
            188.0009,
            189.0032,
            206.0116
        ],
        "ms2_inten": [
            0.13862321335531186,
            0.041538662117864625,
            0.028175255032208475,
            0.052551473504281174,
            0.02775052555566015,
            0.06197645491398752,
            1.0,
            0.1311902262122419,
            0.03311649334702422,
            0.03351780955745559,
            0.07272957148430967,
            0.13032365953839625,
            0.035071019973280014,
            0.0419464378239069,
            0.1336928541909987,
            0.029309412886693743,
            0.03388345421367427,
            0.0894649250831612,
            0.6692226683393788,
            0.03184701964356991,
            0.1641792230997208
        ],
        "mono_mass": [
            74.06,
            79.021,
            123.0315,
            132.0392,
            132.9598,
            133.0396,
            144.008,
            144.5513,
            145.0099,
            145.0522,
            145.9872,
            150.5522,
            151.0536,
            151.5521,
            160.5597,
            161.0597,
            161.5575,
            162.0216,
            188.0009,
            189.0032,
            206.0116
        ],
        "abs_mass_diff": [
            0.0,
            0.0,
            0.0,
            0.0,
            0.0,
            0.0,
            0.0,
            0.0,
            0.0,
            0.0,
            0.0,
            0.0,
            0.0,
            0.0,
            0.0,
            0.0,
            0.0,
            0.0,
            0.0,
            0.0,
            0.0
        ],
        "mass_diff": [
            0.0,
            0.0,
            0.0,
            0.0,
            0.0,
            0.0,
            0.0,
            0.0,
            0.0,
            0.0,
            0.0,
            0.0,
            0.0,
            0.0,
            0.0,
            0.0,
            0.0,
            0.0,
            0.0,
            0.0,
            0.0
        ],
        "formula": [
            "C10H8N2O2",
            "C10H8N2O2",
            "C10H8N2O2",
            "C10H8N2O2",
            "C10H8N2O2",
            "C10H8N2O2",
            "C10H8N2O2",
            "C10H8N2O2",
            "C10H8N2O2",
            "C10H8N2O2",
            "C10H8N2O2",
            "C10H8N2O2",
            "C10H8N2O2",
            "C10H8N2O2",
            "C10H8N2O2",
            "C10H8N2O2",
            "C10H8N2O2",
            "C10H8N2O2",
            "C10H8N2O2",
            "C10H8N2O2",
            "C10H8N2O2"
        ],
        "ions": [
            "[M+H]+",
            "[M+H]+",
            "[M+H]+",
            "[M+H]+",
            "[M+H]+",
            "[M+H]+",
            "[M+H]+",
            "[M+H]+",
            "[M+H]+",
            "[M+H]+",
            "[M+H]+",
            "[M+H]+",
            "[M+H]+",
            "[M+H]+",
            "[M+H]+",
            "[M+H]+",
            "[M+H]+",
            "[M+H]+",
            "[M+H]+",
            "[M+H]+",
            "[M+H]+"
        ]
    }
}