{
    "cand_form": "C15H14ClN3O4S",
    "cand_ion": "[M+H]+",
    "output_tbl": {
        "mz": [
            57.0699,
            72.0808,
            79.0542,
            83.0491,
            91.0542,
            106.0651,
            116.0495,
            117.0573,
            118.0413,
            118.0651,
            132.0682,
            133.076,
            134.0605,
            134.0812,
            183.9744,
            184.9789,
            185.9735,
            186.9793,
            196.9652,
            197.973,
            198.9694,
            210.9853,
            211.9931,
            212.9823,
            213.9924,
            214.995
        ],
        "ms2_inten": [
            0.28066771105155613,
            0.04353466328048633,
            0.08717349413564163,
            0.13484939239252228,
            0.08819181128086441,
            0.366584866064478,
            0.04364224313425404,
            0.14473780497205668,
            0.11048671229049266,
            0.04228638954472721,
            0.4691067915862752,
            0.3916518405724886,
            0.057810212076558266,
            0.05761611543727783,
            0.17541115403930554,
            0.08200897869897181,
            0.8115608574238428,
            0.13482038802018295,
            0.09048045789311185,
            0.08140429182195509,
            0.043248993478483204,
            0.05296797089040538,
            0.1742536779482921,
            0.257534723274557,
            1.0,
            0.10521198023893337
        ],
        "mono_mass": [
            57.0699,
            72.0808,
            79.0542,
            83.0491,
            91.0542,
            106.0651,
            116.0495,
            117.0573,
            118.0413,
            118.0651,
            132.0682,
            133.076,
            134.0605,
            134.0812,
            183.9744,
            184.9789,
            185.9735,
            186.9793,
            196.9652,
            197.973,
            198.9694,
            210.9853,
            211.9931,
            212.9823,
            213.9924,
            214.995
        ],
        "abs_mass_diff": [
            0.0,
            0.0,
            0.0,
            0.0,
            0.0,
            0.0,
            0.0,
            0.0,
            0.0,
            0.0,
            0.0,
            0.0,
            0.0,
            0.0,
            0.0,
            0.0,
            0.0,
            0.0,
            0.0,
            0.0,
            0.0,
            0.0,
            0.0,
            0.0,
            0.0,
            0.0
        ],
        "mass_diff": [
            0.0,
            0.0,
            0.0,
            0.0,
            0.0,
            0.0,
            0.0,
            0.0,
            0.0,
            0.0,
            0.0,
            0.0,
            0.0,
            0.0,
            0.0,
            0.0,
            0.0,
            0.0,
            0.0,
            0.0,
            0.0,
            0.0,
            0.0,
            0.0,
            0.0,
            0.0
        ],
        "formula": [
            "C15H14ClN3O4S",
            "C15H14ClN3O4S",
            "C15H14ClN3O4S",
            "C15H14ClN3O4S",
            "C15H14ClN3O4S",
            "C15H14ClN3O4S",
            "C15H14ClN3O4S",
            "C15H14ClN3O4S",
            "C15H14ClN3O4S",
            "C15H14ClN3O4S",
            "C15H14ClN3O4S",
            "C15H14ClN3O4S",
            "C15H14ClN3O4S",
            "C15H14ClN3O4S",
            "C15H14ClN3O4S",
            "C15H14ClN3O4S",
            "C15H14ClN3O4S",
            "C15H14ClN3O4S",
            "C15H14ClN3O4S",
            "C15H14ClN3O4S",
            "C15H14ClN3O4S",
            "C15H14ClN3O4S",
            "C15H14ClN3O4S",
            "C15H14ClN3O4S",
            "C15H14ClN3O4S",
            "C15H14ClN3O4S"
        ],
        "ions": [
            "[M+H]+",
            "[M+H]+",
            "[M+H]+",
            "[M+H]+",
            "[M+H]+",
            "[M+H]+",
            "[M+H]+",
            "[M+H]+",
            "[M+H]+",
            "[M+H]+",
            "[M+H]+",
            "[M+H]+",
            "[M+H]+",
            "[M+H]+",
            "[M+H]+",
            "[M+H]+",
            "[M+H]+",
            "[M+H]+",
            "[M+H]+",
            "[M+H]+",
            "[M+H]+",
            "[M+H]+",
            "[M+H]+",
            "[M+H]+",
            "[M+H]+",
            "[M+H]+"
        ]
    }
}