{
    "cand_form": "C22H19ClN2O5",
    "cand_ion": "[M+H]+",
    "output_tbl": {
        "mz": [
            77.0386,
            79.0542,
            95.0491,
            105.034,
            135.0441,
            189.0699,
            190.0629,
            204.0808,
            205.0886,
            214.0651,
            215.073,
            216.0808,
            217.0886,
            218.0964,
            232.0757,
            244.0757,
            245.0835,
            246.0918,
            262.0863,
            274.0867
        ],
        "ms2_inten": [
            0.10260374744978511,
            0.10895685609158803,
            0.09030675547789153,
            0.0653752407599596,
            0.6011539897181442,
            0.29463265094900204,
            0.0680739347985874,
            1.0,
            0.2293295159587344,
            0.04887844169212084,
            0.22107365272624857,
            0.7782606118120736,
            0.5007594963860592,
            0.16883138160373817,
            0.10654182997242638,
            0.17996817260747947,
            0.05240903002580103,
            0.12725495845601484,
            0.07726090980732031,
            0.3142332570459361
        ],
        "mono_mass": [
            77.0386,
            79.0542,
            95.0491,
            105.034,
            135.0441,
            189.0699,
            190.0629,
            204.0808,
            205.0886,
            214.0651,
            215.073,
            216.0808,
            217.0886,
            218.0964,
            232.0757,
            244.0757,
            245.0835,
            246.0918,
            262.0863,
            274.0867
        ],
        "abs_mass_diff": [
            0.0,
            0.0,
            0.0,
            0.0,
            0.0,
            0.0,
            0.0,
            0.0,
            0.0,
            0.0,
            0.0,
            0.0,
            0.0,
            0.0,
            0.0,
            0.0,
            0.0,
            0.0,
            0.0,
            0.0
        ],
        "mass_diff": [
            0.0,
            0.0,
            0.0,
            0.0,
            0.0,
            0.0,
            0.0,
            0.0,
            0.0,
            0.0,
            0.0,
            0.0,
            0.0,
            0.0,
            0.0,
            0.0,
            0.0,
            0.0,
            0.0,
            0.0
        ],
        "formula": [
            "C22H19ClN2O5",
            "C22H19ClN2O5",
            "C22H19ClN2O5",
            "C22H19ClN2O5",
            "C22H19ClN2O5",
            "C22H19ClN2O5",
            "C22H19ClN2O5",
            "C22H19ClN2O5",
            "C22H19ClN2O5",
            "C22H19ClN2O5",
            "C22H19ClN2O5",
            "C22H19ClN2O5",
            "C22H19ClN2O5",
            "C22H19ClN2O5",
            "C22H19ClN2O5",
            "C22H19ClN2O5",
            "C22H19ClN2O5",
            "C22H19ClN2O5",
            "C22H19ClN2O5",
            "C22H19ClN2O5"
        ],
        "ions": [
            "[M+H]+",
            "[M+H]+",
            "[M+H]+",
            "[M+H]+",
            "[M+H]+",
            "[M+H]+",
            "[M+H]+",
            "[M+H]+",
            "[M+H]+",
            "[M+H]+",
            "[M+H]+",
            "[M+H]+",
            "[M+H]+",
            "[M+H]+",
            "[M+H]+",
            "[M+H]+",
            "[M+H]+",
            "[M+H]+",
            "[M+H]+",
            "[M+H]+"
        ]
    }
}