{
    "cand_form": "C12H18ClNO",
    "cand_ion": "[M+H]+",
    "output_tbl": {
        "mz": [
            0.0,
            91.0542,
            117.0573,
            118.0651,
            119.073,
            120.0763,
            137.0153,
            154.0418,
            155.045
        ],
        "ms2_inten": [
            0.3206471655188949,
            0.13582931735402123,
            0.0302007010038505,
            0.6889892537565265,
            0.7404790378039638,
            0.04087082185828056,
            0.020591465813389616,
            1.0,
            0.051793188898282085
        ],
        "mono_mass": [
            0.0,
            91.0542,
            117.0573,
            118.0651,
            119.073,
            120.0763,
            137.0153,
            154.0418,
            155.045
        ],
        "abs_mass_diff": [
            0.0,
            0.0,
            0.0,
            0.0,
            0.0,
            0.0,
            0.0,
            0.0,
            0.0
        ],
        "mass_diff": [
            0.0,
            0.0,
            0.0,
            0.0,
            0.0,
            0.0,
            0.0,
            0.0,
            0.0
        ],
        "formula": [
            "C12H18ClNO",
            "C12H18ClNO",
            "C12H18ClNO",
            "C12H18ClNO",
            "C12H18ClNO",
            "C12H18ClNO",
            "C12H18ClNO",
            "C12H18ClNO",
            "C12H18ClNO"
        ],
        "ions": [
            "[M+H]+",
            "[M+H]+",
            "[M+H]+",
            "[M+H]+",
            "[M+H]+",
            "[M+H]+",
            "[M+H]+",
            "[M+H]+",
            "[M+H]+"
        ]
    }
}