{
    "cand_form": "C13H9NO5",
    "cand_ion": "[M-H]-",
    "output_tbl": {
        "mz": [
            139.0556,
            143.0509,
            167.0505,
            170.0614,
            183.0456,
            184.0532,
            185.0568,
            214.0512,
            258.0412,
            259.0446
        ],
        "ms2_inten": [
            0.04353592092758262,
            0.012475915330710295,
            0.07615325107331751,
            0.06940729182938857,
            0.044833866985061095,
            1.0,
            0.09275806438352034,
            0.055937351266467455,
            0.9527590479470471,
            0.09168693172942441
        ],
        "mono_mass": [
            139.0556,
            143.0509,
            167.0505,
            170.0614,
            183.0456,
            184.0532,
            185.0568,
            214.0512,
            258.0412,
            259.0446
        ],
        "abs_mass_diff": [
            0.0,
            0.0,
            0.0,
            0.0,
            0.0,
            0.0,
            0.0,
            0.0,
            0.0,
            0.0
        ],
        "mass_diff": [
            0.0,
            0.0,
            0.0,
            0.0,
            0.0,
            0.0,
            0.0,
            0.0,
            0.0,
            0.0
        ],
        "formula": [
            "C13H9NO5",
            "C13H9NO5",
            "C13H9NO5",
            "C13H9NO5",
            "C13H9NO5",
            "C13H9NO5",
            "C13H9NO5",
            "C13H9NO5",
            "C13H9NO5",
            "C13H9NO5"
        ],
        "ions": [
            "[M-H]-",
            "[M-H]-",
            "[M-H]-",
            "[M-H]-",
            "[M-H]-",
            "[M-H]-",
            "[M-H]-",
            "[M-H]-",
            "[M-H]-",
            "[M-H]-"
        ]
    }
}