{
    "cand_form": "C36H62N2O11",
    "cand_ion": "[M+H]+",
    "output_tbl": {
        "mz": [
            88.0757,
            95.6304,
            98.0964,
            116.0706,
            132.1019,
            142.1226,
            156.1019,
            174.1125,
            175.1117,
            227.723,
            227.7526,
            376.1669,
            384.1316
        ],
        "ms2_inten": [
            0.050496780640610264,
            0.04581347378667248,
            0.06598911690472642,
            0.06479760780851256,
            0.06645882358437159,
            0.20093627065637049,
            0.0789785875758761,
            1.0,
            0.054934447039297805,
            0.07290773491385809,
            0.09093224035222054,
            0.07554896437321551,
            0.07956720733897577
        ],
        "mono_mass": [
            88.0757,
            95.6304,
            98.0964,
            116.0706,
            132.1019,
            142.1226,
            156.1019,
            174.1125,
            175.1117,
            227.723,
            227.7526,
            376.1669,
            384.1316
        ],
        "abs_mass_diff": [
            0.0,
            0.0,
            0.0,
            0.0,
            0.0,
            0.0,
            0.0,
            0.0,
            0.0,
            0.0,
            0.0,
            0.0,
            0.0
        ],
        "mass_diff": [
            0.0,
            0.0,
            0.0,
            0.0,
            0.0,
            0.0,
            0.0,
            0.0,
            0.0,
            0.0,
            0.0,
            0.0,
            0.0
        ],
        "formula": [
            "C36H62N2O11",
            "C36H62N2O11",
            "C36H62N2O11",
            "C36H62N2O11",
            "C36H62N2O11",
            "C36H62N2O11",
            "C36H62N2O11",
            "C36H62N2O11",
            "C36H62N2O11",
            "C36H62N2O11",
            "C36H62N2O11",
            "C36H62N2O11",
            "C36H62N2O11"
        ],
        "ions": [
            "[M+H]+",
            "[M+H]+",
            "[M+H]+",
            "[M+H]+",
            "[M+H]+",
            "[M+H]+",
            "[M+H]+",
            "[M+H]+",
            "[M+H]+",
            "[M+H]+",
            "[M+H]+",
            "[M+H]+",
            "[M+H]+"
        ]
    }
}