{
    "cand_form": "C22H18Cl2N2O5",
    "cand_ion": "[M+H]+",
    "output_tbl": {
        "mz": [
            135.0441,
            136.0479,
            205.0886,
            227.7455,
            233.0835,
            234.0891,
            244.0757,
            262.0863,
            263.0941,
            264.0992,
            272.0706,
            274.0863,
            275.0914,
            302.0812,
            303.0868,
            334.1074,
            335.1152
        ],
        "ms2_inten": [
            0.8118561610189161,
            0.04541267187753894,
            0.08835718899786221,
            0.029506889916306078,
            0.2768938245778561,
            0.03496515477061948,
            0.04864942284796376,
            0.560270042297283,
            0.2537001892290193,
            0.037268694155158384,
            0.060379176436366304,
            1.0,
            0.20733846221498364,
            0.32466574517362534,
            0.03441509491198041,
            0.2341102708770966,
            0.03774216646651079
        ],
        "mono_mass": [
            135.0441,
            136.0479,
            205.0886,
            227.7455,
            233.0835,
            234.0891,
            244.0757,
            262.0863,
            263.0941,
            264.0992,
            272.0706,
            274.0863,
            275.0914,
            302.0812,
            303.0868,
            334.1074,
            335.1152
        ],
        "abs_mass_diff": [
            0.0,
            0.0,
            0.0,
            0.0,
            0.0,
            0.0,
            0.0,
            0.0,
            0.0,
            0.0,
            0.0,
            0.0,
            0.0,
            0.0,
            0.0,
            0.0,
            0.0
        ],
        "mass_diff": [
            0.0,
            0.0,
            0.0,
            0.0,
            0.0,
            0.0,
            0.0,
            0.0,
            0.0,
            0.0,
            0.0,
            0.0,
            0.0,
            0.0,
            0.0,
            0.0,
            0.0
        ],
        "formula": [
            "C22H18Cl2N2O5",
            "C22H18Cl2N2O5",
            "C22H18Cl2N2O5",
            "C22H18Cl2N2O5",
            "C22H18Cl2N2O5",
            "C22H18Cl2N2O5",
            "C22H18Cl2N2O5",
            "C22H18Cl2N2O5",
            "C22H18Cl2N2O5",
            "C22H18Cl2N2O5",
            "C22H18Cl2N2O5",
            "C22H18Cl2N2O5",
            "C22H18Cl2N2O5",
            "C22H18Cl2N2O5",
            "C22H18Cl2N2O5",
            "C22H18Cl2N2O5",
            "C22H18Cl2N2O5"
        ],
        "ions": [
            "[M+H]+",
            "[M+H]+",
            "[M+H]+",
            "[M+H]+",
            "[M+H]+",
            "[M+H]+",
            "[M+H]+",
            "[M+H]+",
            "[M+H]+",
            "[M+H]+",
            "[M+H]+",
            "[M+H]+",
            "[M+H]+",
            "[M+H]+",
            "[M+H]+",
            "[M+H]+",
            "[M+H]+"
        ]
    }
}