{
    "cand_form": "C13H11N3O4S2",
    "cand_ion": "[M-H]-",
    "output_tbl": {
        "mz": [
            0.0,
            59.0139,
            59.9714,
            60.9754,
            65.9985,
            70.9835,
            82.9961,
            96.9992,
            97.0117,
            98.007,
            104.038,
            105.0458,
            110.007,
            112.0226,
            122.007,
            124.0226,
            133.0407,
            134.0459,
            139.0335,
            140.0176
        ],
        "ms2_inten": [
            0.33747121153004583,
            0.1473481851294508,
            0.19844942290306547,
            0.09425941472026275,
            0.044015890520587915,
            0.1167967245537576,
            0.10825658699123678,
            0.1466636795810204,
            0.08896851832199207,
            0.17781802976931438,
            0.12741622249870918,
            0.12174662501609342,
            0.061090824082938124,
            0.16146027955068346,
            0.1509017382623284,
            0.10686432438618963,
            1.0,
            0.1026976698296835,
            0.07604405752328862,
            0.061129943174413726
        ],
        "mono_mass": [
            0.0,
            59.0139,
            59.9714,
            60.9754,
            65.9985,
            70.9835,
            82.9961,
            96.9992,
            97.0117,
            98.007,
            104.038,
            105.0458,
            110.007,
            112.0226,
            122.007,
            124.0226,
            133.0407,
            134.0459,
            139.0335,
            140.0176
        ],
        "abs_mass_diff": [
            0.0,
            0.0,
            0.0,
            0.0,
            0.0,
            0.0,
            0.0,
            0.0,
            0.0,
            0.0,
            0.0,
            0.0,
            0.0,
            0.0,
            0.0,
            0.0,
            0.0,
            0.0,
            0.0,
            0.0
        ],
        "mass_diff": [
            0.0,
            0.0,
            0.0,
            0.0,
            0.0,
            0.0,
            0.0,
            0.0,
            0.0,
            0.0,
            0.0,
            0.0,
            0.0,
            0.0,
            0.0,
            0.0,
            0.0,
            0.0,
            0.0,
            0.0
        ],
        "formula": [
            "C13H11N3O4S2",
            "C13H11N3O4S2",
            "C13H11N3O4S2",
            "C13H11N3O4S2",
            "C13H11N3O4S2",
            "C13H11N3O4S2",
            "C13H11N3O4S2",
            "C13H11N3O4S2",
            "C13H11N3O4S2",
            "C13H11N3O4S2",
            "C13H11N3O4S2",
            "C13H11N3O4S2",
            "C13H11N3O4S2",
            "C13H11N3O4S2",
            "C13H11N3O4S2",
            "C13H11N3O4S2",
            "C13H11N3O4S2",
            "C13H11N3O4S2",
            "C13H11N3O4S2",
            "C13H11N3O4S2"
        ],
        "ions": [
            "[M-H]-",
            "[M-H]-",
            "[M-H]-",
            "[M-H]-",
            "[M-H]-",
            "[M-H]-",
            "[M-H]-",
            "[M-H]-",
            "[M-H]-",
            "[M-H]-",
            "[M-H]-",
            "[M-H]-",
            "[M-H]-",
            "[M-H]-",
            "[M-H]-",
            "[M-H]-",
            "[M-H]-",
            "[M-H]-",
            "[M-H]-",
            "[M-H]-"
        ]
    }
}