{
    "cand_form": "C23H25ClN2",
    "cand_ion": "[M+H]+",
    "output_tbl": {
        "mz": [
            57.9349,
            65.0386,
            68.0133,
            77.0386,
            89.0386,
            90.0464,
            91.0542,
            95.0491,
            103.0542,
            115.0542,
            118.0418,
            145.0527,
            152.0621,
            153.0699,
            165.0699,
            179.073,
            194.0964,
            227.7271
        ],
        "ms2_inten": [
            0.08738568778177198,
            0.6844242335123951,
            0.15708138706646352,
            0.09458841344183412,
            0.19285849114650633,
            0.13183607661799565,
            1.0,
            0.14316775595038833,
            0.08421451119892126,
            0.08457722338502868,
            0.17832257606996443,
            0.08181975561249658,
            0.15350682614322647,
            0.08610388919653723,
            0.21572364626905985,
            0.07787966673862509,
            0.21830841381726943,
            0.07927868455824305
        ],
        "mono_mass": [
            57.9349,
            65.0386,
            68.0133,
            77.0386,
            89.0386,
            90.0464,
            91.0542,
            95.0491,
            103.0542,
            115.0542,
            118.0418,
            145.0527,
            152.0621,
            153.0699,
            165.0699,
            179.073,
            194.0964,
            227.7271
        ],
        "abs_mass_diff": [
            0.0,
            0.0,
            0.0,
            0.0,
            0.0,
            0.0,
            0.0,
            0.0,
            0.0,
            0.0,
            0.0,
            0.0,
            0.0,
            0.0,
            0.0,
            0.0,
            0.0,
            0.0
        ],
        "mass_diff": [
            0.0,
            0.0,
            0.0,
            0.0,
            0.0,
            0.0,
            0.0,
            0.0,
            0.0,
            0.0,
            0.0,
            0.0,
            0.0,
            0.0,
            0.0,
            0.0,
            0.0,
            0.0
        ],
        "formula": [
            "C23H25ClN2",
            "C23H25ClN2",
            "C23H25ClN2",
            "C23H25ClN2",
            "C23H25ClN2",
            "C23H25ClN2",
            "C23H25ClN2",
            "C23H25ClN2",
            "C23H25ClN2",
            "C23H25ClN2",
            "C23H25ClN2",
            "C23H25ClN2",
            "C23H25ClN2",
            "C23H25ClN2",
            "C23H25ClN2",
            "C23H25ClN2",
            "C23H25ClN2",
            "C23H25ClN2"
        ],
        "ions": [
            "[M+H]+",
            "[M+H]+",
            "[M+H]+",
            "[M+H]+",
            "[M+H]+",
            "[M+H]+",
            "[M+H]+",
            "[M+H]+",
            "[M+H]+",
            "[M+H]+",
            "[M+H]+",
            "[M+H]+",
            "[M+H]+",
            "[M+H]+",
            "[M+H]+",
            "[M+H]+",
            "[M+H]+",
            "[M+H]+"
        ]
    }
}