{
    "cand_form": "C18H29NO3",
    "cand_ion": "[M+H]+",
    "output_tbl": {
        "mz": [
            0.0,
            55.0542,
            56.0495,
            58.0651,
            67.0542,
            68.0495,
            70.0651,
            72.0808,
            74.06,
            79.0542,
            91.0542,
            93.0699,
            95.0491,
            103.0542,
            105.0699,
            115.0542,
            119.0602,
            121.0648,
            128.0077,
            133.0648
        ],
        "ms2_inten": [
            0.05980192222008608,
            0.9516277559235775,
            1.0,
            0.21682910666544603,
            0.06534942915617664,
            0.09216433278828536,
            0.08027521669966749,
            0.29488309025415194,
            0.38150418333184166,
            0.14650084949080336,
            0.38898775892315257,
            0.06611047459911265,
            0.13901186874719892,
            0.17069266116300782,
            0.2328634055998402,
            0.06420376445529748,
            0.08042377304323102,
            0.20420318297470336,
            0.17003727222332632,
            0.08568975688933599
        ],
        "mono_mass": [
            0.0,
            55.0542,
            56.0495,
            58.0651,
            67.0542,
            68.0495,
            70.0651,
            72.0808,
            74.06,
            79.0542,
            91.0542,
            93.0699,
            95.0491,
            103.0542,
            105.0699,
            115.0542,
            119.0602,
            121.0648,
            128.0077,
            133.0648
        ],
        "abs_mass_diff": [
            0.0,
            0.0,
            0.0,
            0.0,
            0.0,
            0.0,
            0.0,
            0.0,
            0.0,
            0.0,
            0.0,
            0.0,
            0.0,
            0.0,
            0.0,
            0.0,
            0.0,
            0.0,
            0.0,
            0.0
        ],
        "mass_diff": [
            0.0,
            0.0,
            0.0,
            0.0,
            0.0,
            0.0,
            0.0,
            0.0,
            0.0,
            0.0,
            0.0,
            0.0,
            0.0,
            0.0,
            0.0,
            0.0,
            0.0,
            0.0,
            0.0,
            0.0
        ],
        "formula": [
            "C18H29NO3",
            "C18H29NO3",
            "C18H29NO3",
            "C18H29NO3",
            "C18H29NO3",
            "C18H29NO3",
            "C18H29NO3",
            "C18H29NO3",
            "C18H29NO3",
            "C18H29NO3",
            "C18H29NO3",
            "C18H29NO3",
            "C18H29NO3",
            "C18H29NO3",
            "C18H29NO3",
            "C18H29NO3",
            "C18H29NO3",
            "C18H29NO3",
            "C18H29NO3",
            "C18H29NO3"
        ],
        "ions": [
            "[M+H]+",
            "[M+H]+",
            "[M+H]+",
            "[M+H]+",
            "[M+H]+",
            "[M+H]+",
            "[M+H]+",
            "[M+H]+",
            "[M+H]+",
            "[M+H]+",
            "[M+H]+",
            "[M+H]+",
            "[M+H]+",
            "[M+H]+",
            "[M+H]+",
            "[M+H]+",
            "[M+H]+",
            "[M+H]+",
            "[M+H]+",
            "[M+H]+"
        ]
    }
}