{
    "cand_form": "C8H11NO5S",
    "cand_ion": "[M+H]+",
    "output_tbl": {
        "mz": [
            55.9345,
            57.9348,
            70.9581,
            72.937,
            85.9453,
            90.9474,
            98.06,
            103.9563,
            127.0212,
            127.5546,
            127.9563,
            132.959,
            145.9668,
            150.9696
        ],
        "ms2_inten": [
            1.0,
            0.30679437504979923,
            0.21780357146166063,
            0.9199854725228707,
            0.6519631550567295,
            0.522688991544786,
            0.18569451161549622,
            0.25152288355597063,
            0.3716402892895063,
            0.1747492435149824,
            0.19355824980960484,
            0.4630714866760428,
            0.29973483648249755,
            0.20703211424823087
        ],
        "mono_mass": [
            55.9345,
            57.9348,
            70.9581,
            72.937,
            85.9453,
            90.9474,
            98.06,
            103.9563,
            127.0212,
            127.5546,
            127.9563,
            132.959,
            145.9668,
            150.9696
        ],
        "abs_mass_diff": [
            0.0,
            0.0,
            0.0,
            0.0,
            0.0,
            0.0,
            0.0,
            0.0,
            0.0,
            0.0,
            0.0,
            0.0,
            0.0,
            0.0
        ],
        "mass_diff": [
            0.0,
            0.0,
            0.0,
            0.0,
            0.0,
            0.0,
            0.0,
            0.0,
            0.0,
            0.0,
            0.0,
            0.0,
            0.0,
            0.0
        ],
        "formula": [
            "C8H11NO5S",
            "C8H11NO5S",
            "C8H11NO5S",
            "C8H11NO5S",
            "C8H11NO5S",
            "C8H11NO5S",
            "C8H11NO5S",
            "C8H11NO5S",
            "C8H11NO5S",
            "C8H11NO5S",
            "C8H11NO5S",
            "C8H11NO5S",
            "C8H11NO5S",
            "C8H11NO5S"
        ],
        "ions": [
            "[M+H]+",
            "[M+H]+",
            "[M+H]+",
            "[M+H]+",
            "[M+H]+",
            "[M+H]+",
            "[M+H]+",
            "[M+H]+",
            "[M+H]+",
            "[M+H]+",
            "[M+H]+",
            "[M+H]+",
            "[M+H]+",
            "[M+H]+"
        ]
    }
}