{
    "cand_form": "C21H18N4O4",
    "cand_ion": "[M+H]+",
    "output_tbl": {
        "mz": [
            107.0491,
            135.0441,
            151.0754,
            152.0792,
            169.076,
            204.0808,
            205.0886,
            232.0757,
            233.0835,
            250.0863,
            262.0863,
            263.0927,
            269.1033,
            270.1039,
            391.1401,
            392.1406
        ],
        "ms2_inten": [
            0.1191664072342646,
            0.3297567393246473,
            1.0,
            0.14609677848361707,
            0.188276692265406,
            0.19983175069000564,
            0.09977447213696002,
            0.04494064493098676,
            0.08454972653394295,
            0.0415368255048153,
            0.2749811211410883,
            0.060584968814217446,
            0.4231939541999834,
            0.04315295410550984,
            0.28419934616694176,
            0.0587977487713683
        ],
        "mono_mass": [
            107.0491,
            135.0441,
            151.0754,
            152.0792,
            169.076,
            204.0808,
            205.0886,
            232.0757,
            233.0835,
            250.0863,
            262.0863,
            263.0927,
            269.1033,
            270.1039,
            391.1401,
            392.1406
        ],
        "abs_mass_diff": [
            0.0,
            0.0,
            0.0,
            0.0,
            0.0,
            0.0,
            0.0,
            0.0,
            0.0,
            0.0,
            0.0,
            0.0,
            0.0,
            0.0,
            0.0,
            0.0
        ],
        "mass_diff": [
            0.0,
            0.0,
            0.0,
            0.0,
            0.0,
            0.0,
            0.0,
            0.0,
            0.0,
            0.0,
            0.0,
            0.0,
            0.0,
            0.0,
            0.0,
            0.0
        ],
        "formula": [
            "C21H18N4O4",
            "C21H18N4O4",
            "C21H18N4O4",
            "C21H18N4O4",
            "C21H18N4O4",
            "C21H18N4O4",
            "C21H18N4O4",
            "C21H18N4O4",
            "C21H18N4O4",
            "C21H18N4O4",
            "C21H18N4O4",
            "C21H18N4O4",
            "C21H18N4O4",
            "C21H18N4O4",
            "C21H18N4O4",
            "C21H18N4O4"
        ],
        "ions": [
            "[M+H]+",
            "[M+H]+",
            "[M+H]+",
            "[M+H]+",
            "[M+H]+",
            "[M+H]+",
            "[M+H]+",
            "[M+H]+",
            "[M+H]+",
            "[M+H]+",
            "[M+H]+",
            "[M+H]+",
            "[M+H]+",
            "[M+H]+",
            "[M+H]+",
            "[M+H]+"
        ]
    }
}