{
    "cand_form": "C15H14ClN3O4S",
    "cand_ion": "[M+H]+",
    "output_tbl": {
        "mz": [
            0.0,
            51.0229,
            53.0386,
            55.9344,
            58.995,
            63.0229,
            65.0386,
            67.0417,
            77.0386,
            78.0464,
            79.0417,
            79.0542,
            80.0495,
            89.0386,
            90.0464,
            91.0542,
            95.0491,
            96.0528,
            104.0495,
            105.0447,
            105.0533,
            105.0573,
            106.0651,
            117.0573,
            131.0604,
            132.0682,
            227.7453
        ],
        "ms2_inten": [
            0.0808735978703519,
            0.2433119028499374,
            0.05538920786603903,
            0.07268628252774652,
            0.05462868504690022,
            0.34263043255845627,
            0.17466049028357916,
            0.10884069122766965,
            0.27901331391946255,
            0.21745439017866927,
            0.07509457189092134,
            0.10322654717442317,
            0.10366388562747411,
            0.4040388176531565,
            0.10990913400472606,
            0.06975966123541041,
            0.3696745555803749,
            0.08824782029843892,
            1.0,
            0.16805547559652093,
            0.04437245024345745,
            0.12645818687122728,
            0.061222251427830776,
            0.08931303912721798,
            0.09623893536016602,
            0.08672980122385025,
            0.05460835443429413
        ],
        "mono_mass": [
            0.0,
            51.0229,
            53.0386,
            55.9344,
            58.995,
            63.0229,
            65.0386,
            67.0417,
            77.0386,
            78.0464,
            79.0417,
            79.0542,
            80.0495,
            89.0386,
            90.0464,
            91.0542,
            95.0491,
            96.0528,
            104.0495,
            105.0447,
            105.0533,
            105.0573,
            106.0651,
            117.0573,
            131.0604,
            132.0682,
            227.7453
        ],
        "abs_mass_diff": [
            0.0,
            0.0,
            0.0,
            0.0,
            0.0,
            0.0,
            0.0,
            0.0,
            0.0,
            0.0,
            0.0,
            0.0,
            0.0,
            0.0,
            0.0,
            0.0,
            0.0,
            0.0,
            0.0,
            0.0,
            0.0,
            0.0,
            0.0,
            0.0,
            0.0,
            0.0,
            0.0
        ],
        "mass_diff": [
            0.0,
            0.0,
            0.0,
            0.0,
            0.0,
            0.0,
            0.0,
            0.0,
            0.0,
            0.0,
            0.0,
            0.0,
            0.0,
            0.0,
            0.0,
            0.0,
            0.0,
            0.0,
            0.0,
            0.0,
            0.0,
            0.0,
            0.0,
            0.0,
            0.0,
            0.0,
            0.0
        ],
        "formula": [
            "C15H14ClN3O4S",
            "C15H14ClN3O4S",
            "C15H14ClN3O4S",
            "C15H14ClN3O4S",
            "C15H14ClN3O4S",
            "C15H14ClN3O4S",
            "C15H14ClN3O4S",
            "C15H14ClN3O4S",
            "C15H14ClN3O4S",
            "C15H14ClN3O4S",
            "C15H14ClN3O4S",
            "C15H14ClN3O4S",
            "C15H14ClN3O4S",
            "C15H14ClN3O4S",
            "C15H14ClN3O4S",
            "C15H14ClN3O4S",
            "C15H14ClN3O4S",
            "C15H14ClN3O4S",
            "C15H14ClN3O4S",
            "C15H14ClN3O4S",
            "C15H14ClN3O4S",
            "C15H14ClN3O4S",
            "C15H14ClN3O4S",
            "C15H14ClN3O4S",
            "C15H14ClN3O4S",
            "C15H14ClN3O4S",
            "C15H14ClN3O4S"
        ],
        "ions": [
            "[M+H]+",
            "[M+H]+",
            "[M+H]+",
            "[M+H]+",
            "[M+H]+",
            "[M+H]+",
            "[M+H]+",
            "[M+H]+",
            "[M+H]+",
            "[M+H]+",
            "[M+H]+",
            "[M+H]+",
            "[M+H]+",
            "[M+H]+",
            "[M+H]+",
            "[M+H]+",
            "[M+H]+",
            "[M+H]+",
            "[M+H]+",
            "[M+H]+",
            "[M+H]+",
            "[M+H]+",
            "[M+H]+",
            "[M+H]+",
            "[M+H]+",
            "[M+H]+",
            "[M+H]+"
        ]
    }
}