{
    "cand_form": "C37H67NO13",
    "cand_ion": "[M+H]+",
    "output_tbl": {
        "mz": [
            0.0,
            83.0491,
            84.0808,
            87.0441,
            88.0757,
            98.0964,
            116.0706,
            116.107,
            123.0804,
            227.7407
        ],
        "ms2_inten": [
            0.025694909632691873,
            1.0,
            0.070334066710561,
            0.03317833685227113,
            0.0668198958515542,
            0.20974700987807313,
            0.06795543464938322,
            0.026678675375524454,
            0.029452800681327124,
            0.05301764878701351
        ],
        "mono_mass": [
            0.0,
            83.0491,
            84.0808,
            87.0441,
            88.0757,
            98.0964,
            116.0706,
            116.107,
            123.0804,
            227.7407
        ],
        "abs_mass_diff": [
            0.0,
            0.0,
            0.0,
            0.0,
            0.0,
            0.0,
            0.0,
            0.0,
            0.0,
            0.0
        ],
        "mass_diff": [
            0.0,
            0.0,
            0.0,
            0.0,
            0.0,
            0.0,
            0.0,
            0.0,
            0.0,
            0.0
        ],
        "formula": [
            "C37H67NO13",
            "C37H67NO13",
            "C37H67NO13",
            "C37H67NO13",
            "C37H67NO13",
            "C37H67NO13",
            "C37H67NO13",
            "C37H67NO13",
            "C37H67NO13",
            "C37H67NO13"
        ],
        "ions": [
            "[M+H]+",
            "[M+H]+",
            "[M+H]+",
            "[M+H]+",
            "[M+H]+",
            "[M+H]+",
            "[M+H]+",
            "[M+H]+",
            "[M+H]+",
            "[M+H]+"
        ]
    }
}