{
    "cand_form": "C17H18FN3O3",
    "cand_ion": "[M+H]+",
    "output_tbl": {
        "mz": [
            70.0651,
            136.0557,
            189.0459,
            191.0615,
            203.0615,
            204.0693,
            205.0772,
            217.076,
            231.0564,
            231.0917,
            232.0557,
            245.1085,
            246.1125,
            268.1456,
            288.1507,
            314.1299,
            332.1405,
            333.1446
        ],
        "ms2_inten": [
            0.10809639835145542,
            0.05936033396663798,
            0.11685571014991149,
            0.11807293679203958,
            0.3825734401920761,
            0.4824292602491586,
            0.3896420616317845,
            0.07890518601237573,
            0.751452254781828,
            0.2645732121898075,
            0.05625705618208941,
            1.0,
            0.11633443838852783,
            0.05229027963974382,
            0.08672141240477206,
            0.1756486050449596,
            0.4585546829115134,
            0.06616173611760634
        ],
        "mono_mass": [
            70.0651,
            136.0557,
            189.0459,
            191.0615,
            203.0615,
            204.0693,
            205.0772,
            217.076,
            231.0564,
            231.0917,
            232.0557,
            245.1085,
            246.1125,
            268.1456,
            288.1507,
            314.1299,
            332.1405,
            333.1446
        ],
        "abs_mass_diff": [
            0.0,
            0.0,
            0.0,
            0.0,
            0.0,
            0.0,
            0.0,
            0.0,
            0.0,
            0.0,
            0.0,
            0.0,
            0.0,
            0.0,
            0.0,
            0.0,
            0.0,
            0.0
        ],
        "mass_diff": [
            0.0,
            0.0,
            0.0,
            0.0,
            0.0,
            0.0,
            0.0,
            0.0,
            0.0,
            0.0,
            0.0,
            0.0,
            0.0,
            0.0,
            0.0,
            0.0,
            0.0,
            0.0
        ],
        "formula": [
            "C17H18FN3O3",
            "C17H18FN3O3",
            "C17H18FN3O3",
            "C17H18FN3O3",
            "C17H18FN3O3",
            "C17H18FN3O3",
            "C17H18FN3O3",
            "C17H18FN3O3",
            "C17H18FN3O3",
            "C17H18FN3O3",
            "C17H18FN3O3",
            "C17H18FN3O3",
            "C17H18FN3O3",
            "C17H18FN3O3",
            "C17H18FN3O3",
            "C17H18FN3O3",
            "C17H18FN3O3",
            "C17H18FN3O3"
        ],
        "ions": [
            "[M+H]+",
            "[M+H]+",
            "[M+H]+",
            "[M+H]+",
            "[M+H]+",
            "[M+H]+",
            "[M+H]+",
            "[M+H]+",
            "[M+H]+",
            "[M+H]+",
            "[M+H]+",
            "[M+H]+",
            "[M+H]+",
            "[M+H]+",
            "[M+H]+",
            "[M+H]+",
            "[M+H]+",
            "[M+H]+"
        ]
    }
}