{
    "cand_form": "C18H29NO2",
    "cand_ion": "[M+H]+",
    "output_tbl": {
        "mz": [
            56.0495,
            57.0699,
            65.0386,
            67.0542,
            74.06,
            77.0386,
            78.0464,
            79.0542,
            91.0542,
            95.0491,
            103.0542,
            105.045,
            105.0699,
            115.0542,
            128.0621,
            227.7447
        ],
        "ms2_inten": [
            0.42842838303313885,
            0.21397912215019885,
            0.268339484307902,
            0.06446565624918094,
            0.06423791528777698,
            0.24473898118272525,
            0.07057835944429654,
            0.20650451550449084,
            1.0,
            0.2500402200107874,
            0.06537878068101402,
            0.13010356588115363,
            0.11463189120094797,
            0.07357118864314495,
            0.047149082345751735,
            0.0589149011820631
        ],
        "mono_mass": [
            56.0495,
            57.0699,
            65.0386,
            67.0542,
            74.06,
            77.0386,
            78.0464,
            79.0542,
            91.0542,
            95.0491,
            103.0542,
            105.045,
            105.0699,
            115.0542,
            128.0621,
            227.7447
        ],
        "abs_mass_diff": [
            0.0,
            0.0,
            0.0,
            0.0,
            0.0,
            0.0,
            0.0,
            0.0,
            0.0,
            0.0,
            0.0,
            0.0,
            0.0,
            0.0,
            0.0,
            0.0
        ],
        "mass_diff": [
            0.0,
            0.0,
            0.0,
            0.0,
            0.0,
            0.0,
            0.0,
            0.0,
            0.0,
            0.0,
            0.0,
            0.0,
            0.0,
            0.0,
            0.0,
            0.0
        ],
        "formula": [
            "C18H29NO2",
            "C18H29NO2",
            "C18H29NO2",
            "C18H29NO2",
            "C18H29NO2",
            "C18H29NO2",
            "C18H29NO2",
            "C18H29NO2",
            "C18H29NO2",
            "C18H29NO2",
            "C18H29NO2",
            "C18H29NO2",
            "C18H29NO2",
            "C18H29NO2",
            "C18H29NO2",
            "C18H29NO2"
        ],
        "ions": [
            "[M+H]+",
            "[M+H]+",
            "[M+H]+",
            "[M+H]+",
            "[M+H]+",
            "[M+H]+",
            "[M+H]+",
            "[M+H]+",
            "[M+H]+",
            "[M+H]+",
            "[M+H]+",
            "[M+H]+",
            "[M+H]+",
            "[M+H]+",
            "[M+H]+",
            "[M+H]+"
        ]
    }
}