{
    "cand_form": "C16H21NO2",
    "cand_ion": "[M+H]+",
    "output_tbl": {
        "mz": [
            0.0,
            58.0651,
            60.0808,
            72.0808,
            74.06,
            74.0652,
            86.0964,
            98.0964,
            100.1121,
            116.107,
            117.1102,
            129.0699,
            141.0699,
            145.0648,
            153.0699,
            155.0855,
            157.0648,
            165.0699,
            183.0804,
            184.083,
            260.1645
        ],
        "ms2_inten": [
            0.6345725144437463,
            0.6091512690659155,
            0.04877564462213512,
            0.8689648459578178,
            0.8467056909923498,
            0.05666718507655108,
            0.06937375209394876,
            0.5161264981354282,
            0.08753270649071893,
            1.0,
            0.04518699571706272,
            0.07967179654173816,
            0.054607320624130436,
            0.08919519847011922,
            0.05488282387185293,
            0.4119308152070126,
            0.4549483044478161,
            0.09903883177696785,
            0.7845442099307433,
            0.04118326086953301,
            0.21858387950944375
        ],
        "mono_mass": [
            0.0,
            58.0651,
            60.0808,
            72.0808,
            74.06,
            74.0652,
            86.0964,
            98.0964,
            100.1121,
            116.107,
            117.1102,
            129.0699,
            141.0699,
            145.0648,
            153.0699,
            155.0855,
            157.0648,
            165.0699,
            183.0804,
            184.083,
            260.1645
        ],
        "abs_mass_diff": [
            0.0,
            0.0,
            0.0,
            0.0,
            0.0,
            0.0,
            0.0,
            0.0,
            0.0,
            0.0,
            0.0,
            0.0,
            0.0,
            0.0,
            0.0,
            0.0,
            0.0,
            0.0,
            0.0,
            0.0,
            0.0
        ],
        "mass_diff": [
            0.0,
            0.0,
            0.0,
            0.0,
            0.0,
            0.0,
            0.0,
            0.0,
            0.0,
            0.0,
            0.0,
            0.0,
            0.0,
            0.0,
            0.0,
            0.0,
            0.0,
            0.0,
            0.0,
            0.0,
            0.0
        ],
        "formula": [
            "C16H21NO2",
            "C16H21NO2",
            "C16H21NO2",
            "C16H21NO2",
            "C16H21NO2",
            "C16H21NO2",
            "C16H21NO2",
            "C16H21NO2",
            "C16H21NO2",
            "C16H21NO2",
            "C16H21NO2",
            "C16H21NO2",
            "C16H21NO2",
            "C16H21NO2",
            "C16H21NO2",
            "C16H21NO2",
            "C16H21NO2",
            "C16H21NO2",
            "C16H21NO2",
            "C16H21NO2",
            "C16H21NO2"
        ],
        "ions": [
            "[M+H]+",
            "[M+H]+",
            "[M+H]+",
            "[M+H]+",
            "[M+H]+",
            "[M+H]+",
            "[M+H]+",
            "[M+H]+",
            "[M+H]+",
            "[M+H]+",
            "[M+H]+",
            "[M+H]+",
            "[M+H]+",
            "[M+H]+",
            "[M+H]+",
            "[M+H]+",
            "[M+H]+",
            "[M+H]+",
            "[M+H]+",
            "[M+H]+",
            "[M+H]+"
        ]
    }
}