{
    "cand_form": "C29H33N3O4",
    "cand_ion": "[M+H]+",
    "output_tbl": {
        "mz": [
            77.0385,
            79.0543,
            95.0491,
            105.0337,
            115.0543,
            130.0652,
            135.0441,
            142.0651,
            168.0672,
            169.0761,
            170.0796,
            189.0701,
            191.0727,
            192.0806,
            204.0809,
            205.0875,
            206.0959,
            216.0802,
            217.0889,
            232.0753,
            233.0826,
            262.0858
        ],
        "ms2_inten": [
            0.1366247088237572,
            0.1447912814932054,
            0.11357552138668403,
            0.09813554738154862,
            0.08500094328194599,
            0.10746653707296634,
            0.6085018125907288,
            0.06891356508943305,
            0.06249761076612367,
            0.6662940909840118,
            0.05042194614952309,
            0.0662190057411118,
            0.13849537096796613,
            0.06487484013853337,
            1.0,
            0.23320331350124415,
            0.11275404444545944,
            0.07593092371132792,
            0.05834198463542649,
            0.10380130584973817,
            0.042998879480341014,
            0.09934537598225439
        ],
        "mono_mass": [
            77.0385,
            79.0543,
            95.0491,
            105.0337,
            115.0543,
            130.0652,
            135.0441,
            142.0651,
            168.0672,
            169.0761,
            170.0796,
            189.0701,
            191.0727,
            192.0806,
            204.0809,
            205.0875,
            206.0959,
            216.0802,
            217.0889,
            232.0753,
            233.0826,
            262.0858
        ],
        "abs_mass_diff": [
            0.0,
            0.0,
            0.0,
            0.0,
            0.0,
            0.0,
            0.0,
            0.0,
            0.0,
            0.0,
            0.0,
            0.0,
            0.0,
            0.0,
            0.0,
            0.0,
            0.0,
            0.0,
            0.0,
            0.0,
            0.0,
            0.0
        ],
        "mass_diff": [
            0.0,
            0.0,
            0.0,
            0.0,
            0.0,
            0.0,
            0.0,
            0.0,
            0.0,
            0.0,
            0.0,
            0.0,
            0.0,
            0.0,
            0.0,
            0.0,
            0.0,
            0.0,
            0.0,
            0.0,
            0.0,
            0.0
        ],
        "formula": [
            "C29H33N3O4",
            "C29H33N3O4",
            "C29H33N3O4",
            "C29H33N3O4",
            "C29H33N3O4",
            "C29H33N3O4",
            "C29H33N3O4",
            "C29H33N3O4",
            "C29H33N3O4",
            "C29H33N3O4",
            "C29H33N3O4",
            "C29H33N3O4",
            "C29H33N3O4",
            "C29H33N3O4",
            "C29H33N3O4",
            "C29H33N3O4",
            "C29H33N3O4",
            "C29H33N3O4",
            "C29H33N3O4",
            "C29H33N3O4",
            "C29H33N3O4",
            "C29H33N3O4"
        ],
        "ions": [
            "[M+H]+",
            "[M+H]+",
            "[M+H]+",
            "[M+H]+",
            "[M+H]+",
            "[M+H]+",
            "[M+H]+",
            "[M+H]+",
            "[M+H]+",
            "[M+H]+",
            "[M+H]+",
            "[M+H]+",
            "[M+H]+",
            "[M+H]+",
            "[M+H]+",
            "[M+H]+",
            "[M+H]+",
            "[M+H]+",
            "[M+H]+",
            "[M+H]+",
            "[M+H]+",
            "[M+H]+"
        ]
    }
}