{
    "cand_form": "C7H11N3O2",
    "cand_ion": "[M+H]+",
    "output_tbl": {
        "mz": [
            0.0,
            55.0542,
            65.0386,
            66.0464,
            70.5174,
            72.0444,
            93.0573,
            95.0491
        ],
        "ms2_inten": [
            1.0,
            0.2587167411861528,
            0.3376950570350365,
            0.2951937345689941,
            0.2313333783991133,
            0.2995694072025847,
            0.9141282293118563,
            0.24737679605910487
        ],
        "mono_mass": [
            0.0,
            55.0542,
            65.0386,
            66.0464,
            70.5174,
            72.0444,
            93.0573,
            95.0491
        ],
        "abs_mass_diff": [
            0.0,
            0.0,
            0.0,
            0.0,
            0.0,
            0.0,
            0.0,
            0.0
        ],
        "mass_diff": [
            0.0,
            0.0,
            0.0,
            0.0,
            0.0,
            0.0,
            0.0,
            0.0
        ],
        "formula": [
            "C7H11N3O2",
            "C7H11N3O2",
            "C7H11N3O2",
            "C7H11N3O2",
            "C7H11N3O2",
            "C7H11N3O2",
            "C7H11N3O2",
            "C7H11N3O2"
        ],
        "ions": [
            "[M+H]+",
            "[M+H]+",
            "[M+H]+",
            "[M+H]+",
            "[M+H]+",
            "[M+H]+",
            "[M+H]+",
            "[M+H]+"
        ]
    }
}