{
    "cand_form": "C12H18N2O3S",
    "cand_ion": "[M-H]-",
    "output_tbl": {
        "mz": [
            61.9706,
            63.9625,
            77.9657,
            78.9734,
            79.9813,
            104.0505,
            106.0664,
            107.0503,
            122.0615
        ],
        "ms2_inten": [
            0.7659101286337074,
            0.41890188737997397,
            0.1766930197904909,
            1.0,
            0.6332714869575881,
            0.037161144801917505,
            0.43618798433566736,
            0.05876114946572347,
            0.08453107556215747
        ],
        "mono_mass": [
            61.9706,
            63.9625,
            77.9657,
            78.9734,
            79.9813,
            104.0505,
            106.0664,
            107.0503,
            122.0615
        ],
        "abs_mass_diff": [
            0.0,
            0.0,
            0.0,
            0.0,
            0.0,
            0.0,
            0.0,
            0.0,
            0.0
        ],
        "mass_diff": [
            0.0,
            0.0,
            0.0,
            0.0,
            0.0,
            0.0,
            0.0,
            0.0,
            0.0
        ],
        "formula": [
            "C12H18N2O3S",
            "C12H18N2O3S",
            "C12H18N2O3S",
            "C12H18N2O3S",
            "C12H18N2O3S",
            "C12H18N2O3S",
            "C12H18N2O3S",
            "C12H18N2O3S",
            "C12H18N2O3S"
        ],
        "ions": [
            "[M-H]-",
            "[M-H]-",
            "[M-H]-",
            "[M-H]-",
            "[M-H]-",
            "[M-H]-",
            "[M-H]-",
            "[M-H]-",
            "[M-H]-"
        ]
    }
}