{
    "cand_form": "C17H19F2N3O3",
    "cand_ion": "[M+H]+",
    "output_tbl": {
        "mz": [
            58.0651,
            84.0808,
            195.0728,
            203.0615,
            217.0772,
            222.0599,
            223.0677,
            224.0744,
            225.0834,
            235.0677,
            236.0756,
            237.0834,
            238.0863,
            251.099,
            265.1147,
            266.1187,
            281.0732,
            309.1045,
            352.1467
        ],
        "ms2_inten": [
            0.08438491138422721,
            0.05637895636957884,
            0.044034087038951474,
            0.0699929791167876,
            0.0720450506358324,
            0.13828550258372654,
            0.2835899779675213,
            0.056024533845242065,
            0.07027276631289289,
            0.06783104709652232,
            0.09807344021201897,
            0.9095948548492303,
            0.08992882133880564,
            0.2468358619016235,
            1.0,
            0.10415878177393056,
            0.04625097289516431,
            0.06213879103070377,
            0.06904213624287087
        ],
        "mono_mass": [
            58.0651,
            84.0808,
            195.0728,
            203.0615,
            217.0772,
            222.0599,
            223.0677,
            224.0744,
            225.0834,
            235.0677,
            236.0756,
            237.0834,
            238.0863,
            251.099,
            265.1147,
            266.1187,
            281.0732,
            309.1045,
            352.1467
        ],
        "abs_mass_diff": [
            0.0,
            0.0,
            0.0,
            0.0,
            0.0,
            0.0,
            0.0,
            0.0,
            0.0,
            0.0,
            0.0,
            0.0,
            0.0,
            0.0,
            0.0,
            0.0,
            0.0,
            0.0,
            0.0
        ],
        "mass_diff": [
            0.0,
            0.0,
            0.0,
            0.0,
            0.0,
            0.0,
            0.0,
            0.0,
            0.0,
            0.0,
            0.0,
            0.0,
            0.0,
            0.0,
            0.0,
            0.0,
            0.0,
            0.0,
            0.0
        ],
        "formula": [
            "C17H19F2N3O3",
            "C17H19F2N3O3",
            "C17H19F2N3O3",
            "C17H19F2N3O3",
            "C17H19F2N3O3",
            "C17H19F2N3O3",
            "C17H19F2N3O3",
            "C17H19F2N3O3",
            "C17H19F2N3O3",
            "C17H19F2N3O3",
            "C17H19F2N3O3",
            "C17H19F2N3O3",
            "C17H19F2N3O3",
            "C17H19F2N3O3",
            "C17H19F2N3O3",
            "C17H19F2N3O3",
            "C17H19F2N3O3",
            "C17H19F2N3O3",
            "C17H19F2N3O3"
        ],
        "ions": [
            "[M+H]+",
            "[M+H]+",
            "[M+H]+",
            "[M+H]+",
            "[M+H]+",
            "[M+H]+",
            "[M+H]+",
            "[M+H]+",
            "[M+H]+",
            "[M+H]+",
            "[M+H]+",
            "[M+H]+",
            "[M+H]+",
            "[M+H]+",
            "[M+H]+",
            "[M+H]+",
            "[M+H]+",
            "[M+H]+",
            "[M+H]+"
        ]
    }
}