{
    "cand_form": "C21H21N",
    "cand_ion": "[M+H]+",
    "output_tbl": {
        "mz": [
            0.0,
            67.0542,
            70.0651,
            82.0651,
            96.0808,
            97.0886,
            110.0964,
            117.0699,
            129.0699,
            191.0855,
            196.1121,
            203.0855,
            204.0934,
            205.1012,
            215.0855,
            216.0934,
            217.1012,
            288.1747
        ],
        "ms2_inten": [
            0.41879692045210903,
            0.09939758276253853,
            0.4649443475936073,
            0.23631270961148446,
            1.0,
            0.24778474157645392,
            0.11319546327516247,
            0.0999863110162002,
            0.08852059478409974,
            0.7666739149277176,
            0.13470783437027703,
            0.09547817372574949,
            0.10450798695700077,
            0.0995548021756948,
            0.12299310892201032,
            0.11840538994146879,
            0.16162606672814556,
            0.13993429771607893
        ],
        "mono_mass": [
            0.0,
            67.0542,
            70.0651,
            82.0651,
            96.0808,
            97.0886,
            110.0964,
            117.0699,
            129.0699,
            191.0855,
            196.1121,
            203.0855,
            204.0934,
            205.1012,
            215.0855,
            216.0934,
            217.1012,
            288.1747
        ],
        "abs_mass_diff": [
            0.0,
            0.0,
            0.0,
            0.0,
            0.0,
            0.0,
            0.0,
            0.0,
            0.0,
            0.0,
            0.0,
            0.0,
            0.0,
            0.0,
            0.0,
            0.0,
            0.0,
            0.0
        ],
        "mass_diff": [
            0.0,
            0.0,
            0.0,
            0.0,
            0.0,
            0.0,
            0.0,
            0.0,
            0.0,
            0.0,
            0.0,
            0.0,
            0.0,
            0.0,
            0.0,
            0.0,
            0.0,
            0.0
        ],
        "formula": [
            "C21H21N",
            "C21H21N",
            "C21H21N",
            "C21H21N",
            "C21H21N",
            "C21H21N",
            "C21H21N",
            "C21H21N",
            "C21H21N",
            "C21H21N",
            "C21H21N",
            "C21H21N",
            "C21H21N",
            "C21H21N",
            "C21H21N",
            "C21H21N",
            "C21H21N",
            "C21H21N"
        ],
        "ions": [
            "[M+H]+",
            "[M+H]+",
            "[M+H]+",
            "[M+H]+",
            "[M+H]+",
            "[M+H]+",
            "[M+H]+",
            "[M+H]+",
            "[M+H]+",
            "[M+H]+",
            "[M+H]+",
            "[M+H]+",
            "[M+H]+",
            "[M+H]+",
            "[M+H]+",
            "[M+H]+",
            "[M+H]+",
            "[M+H]+"
        ]
    }
}