{
    "cand_form": "C10H14FNO3S",
    "cand_ion": "[M+H]+",
    "output_tbl": {
        "mz": [
            0.0,
            57.9347,
            70.0651,
            79.0542,
            91.0542,
            95.0491,
            98.06,
            99.9696,
            104.0495,
            105.0448,
            116.9857,
            117.9803,
            175.0138,
            182.0248,
            227.7341
        ],
        "ms2_inten": [
            0.1670244920151915,
            1.0,
            0.2098688253835011,
            0.15665119080551243,
            0.2762654139713367,
            0.15501321148874878,
            0.4147192950420464,
            0.07981299509015018,
            0.31549430318424815,
            0.10199112602220402,
            0.09735756597908783,
            0.19905076918255019,
            0.0816862124930672,
            0.0944042293116535,
            0.10583772012902153
        ],
        "mono_mass": [
            0.0,
            57.9347,
            70.0651,
            79.0542,
            91.0542,
            95.0491,
            98.06,
            99.9696,
            104.0495,
            105.0448,
            116.9857,
            117.9803,
            175.0138,
            182.0248,
            227.7341
        ],
        "abs_mass_diff": [
            0.0,
            0.0,
            0.0,
            0.0,
            0.0,
            0.0,
            0.0,
            0.0,
            0.0,
            0.0,
            0.0,
            0.0,
            0.0,
            0.0,
            0.0
        ],
        "mass_diff": [
            0.0,
            0.0,
            0.0,
            0.0,
            0.0,
            0.0,
            0.0,
            0.0,
            0.0,
            0.0,
            0.0,
            0.0,
            0.0,
            0.0,
            0.0
        ],
        "formula": [
            "C10H14FNO3S",
            "C10H14FNO3S",
            "C10H14FNO3S",
            "C10H14FNO3S",
            "C10H14FNO3S",
            "C10H14FNO3S",
            "C10H14FNO3S",
            "C10H14FNO3S",
            "C10H14FNO3S",
            "C10H14FNO3S",
            "C10H14FNO3S",
            "C10H14FNO3S",
            "C10H14FNO3S",
            "C10H14FNO3S",
            "C10H14FNO3S"
        ],
        "ions": [
            "[M+H]+",
            "[M+H]+",
            "[M+H]+",
            "[M+H]+",
            "[M+H]+",
            "[M+H]+",
            "[M+H]+",
            "[M+H]+",
            "[M+H]+",
            "[M+H]+",
            "[M+H]+",
            "[M+H]+",
            "[M+H]+",
            "[M+H]+",
            "[M+H]+"
        ]
    }
}