{
    "cand_form": "C11H13N3O3S",
    "cand_ion": "[M+H]+",
    "output_tbl": {
        "mz": [
            0.0,
            65.0386,
            68.0495,
            71.0604,
            80.0495,
            92.0495,
            93.0533,
            96.0444,
            108.0444,
            109.0482,
            110.06,
            113.0709,
            156.0114
        ],
        "ms2_inten": [
            0.061908733504813226,
            0.2075960087150122,
            0.07681315241013062,
            0.08952900237304706,
            0.03581552314417692,
            1.0,
            0.040865147341369625,
            0.06730608849236973,
            0.6725118134814378,
            0.026286008436292783,
            0.11710367575380587,
            0.20739614897679332,
            0.042186429973368994
        ],
        "mono_mass": [
            0.0,
            65.0386,
            68.0495,
            71.0604,
            80.0495,
            92.0495,
            93.0533,
            96.0444,
            108.0444,
            109.0482,
            110.06,
            113.0709,
            156.0114
        ],
        "abs_mass_diff": [
            0.0,
            0.0,
            0.0,
            0.0,
            0.0,
            0.0,
            0.0,
            0.0,
            0.0,
            0.0,
            0.0,
            0.0,
            0.0
        ],
        "mass_diff": [
            0.0,
            0.0,
            0.0,
            0.0,
            0.0,
            0.0,
            0.0,
            0.0,
            0.0,
            0.0,
            0.0,
            0.0,
            0.0
        ],
        "formula": [
            "C11H13N3O3S",
            "C11H13N3O3S",
            "C11H13N3O3S",
            "C11H13N3O3S",
            "C11H13N3O3S",
            "C11H13N3O3S",
            "C11H13N3O3S",
            "C11H13N3O3S",
            "C11H13N3O3S",
            "C11H13N3O3S",
            "C11H13N3O3S",
            "C11H13N3O3S",
            "C11H13N3O3S"
        ],
        "ions": [
            "[M+H]+",
            "[M+H]+",
            "[M+H]+",
            "[M+H]+",
            "[M+H]+",
            "[M+H]+",
            "[M+H]+",
            "[M+H]+",
            "[M+H]+",
            "[M+H]+",
            "[M+H]+",
            "[M+H]+",
            "[M+H]+"
        ]
    }
}