{
    "cand_form": "C30H24N4O4",
    "cand_ion": "[M+H]+",
    "output_tbl": {
        "mz": [
            91.0542,
            103.0542,
            115.0542,
            130.0651,
            135.0441,
            136.0479,
            144.0808,
            169.076,
            185.0709,
            192.0808,
            197.0709,
            204.0808,
            205.0886,
            206.0964,
            220.0757,
            232.0757,
            233.0835,
            234.0913,
            240.0768,
            250.0863,
            261.0771,
            262.0863,
            263.0901,
            264.1019,
            274.0863,
            289.0931
        ],
        "ms2_inten": [
            0.10811069947359611,
            0.0664740056237777,
            0.18622473380889554,
            0.14540229336074,
            1.0,
            0.04799653569471694,
            0.04807251166811705,
            0.3989064811724573,
            0.06903510598258074,
            0.08112369503716434,
            0.059074935876041915,
            0.3474837194806869,
            0.2809923799839677,
            0.15342409134765841,
            0.051042972149356054,
            0.28550194867172174,
            0.1630097068388838,
            0.07177215213727466,
            0.04948851591116323,
            0.16877074216398474,
            0.0356566623414836,
            0.6204165146094495,
            0.08790781095830877,
            0.11487680701157922,
            0.13551215729942223,
            0.039924681641573326
        ],
        "mono_mass": [
            91.0542,
            103.0542,
            115.0542,
            130.0651,
            135.0441,
            136.0479,
            144.0808,
            169.076,
            185.0709,
            192.0808,
            197.0709,
            204.0808,
            205.0886,
            206.0964,
            220.0757,
            232.0757,
            233.0835,
            234.0913,
            240.0768,
            250.0863,
            261.0771,
            262.0863,
            263.0901,
            264.1019,
            274.0863,
            289.0931
        ],
        "abs_mass_diff": [
            0.0,
            0.0,
            0.0,
            0.0,
            0.0,
            0.0,
            0.0,
            0.0,
            0.0,
            0.0,
            0.0,
            0.0,
            0.0,
            0.0,
            0.0,
            0.0,
            0.0,
            0.0,
            0.0,
            0.0,
            0.0,
            0.0,
            0.0,
            0.0,
            0.0,
            0.0
        ],
        "mass_diff": [
            0.0,
            0.0,
            0.0,
            0.0,
            0.0,
            0.0,
            0.0,
            0.0,
            0.0,
            0.0,
            0.0,
            0.0,
            0.0,
            0.0,
            0.0,
            0.0,
            0.0,
            0.0,
            0.0,
            0.0,
            0.0,
            0.0,
            0.0,
            0.0,
            0.0,
            0.0
        ],
        "formula": [
            "C30H24N4O4",
            "C30H24N4O4",
            "C30H24N4O4",
            "C30H24N4O4",
            "C30H24N4O4",
            "C30H24N4O4",
            "C30H24N4O4",
            "C30H24N4O4",
            "C30H24N4O4",
            "C30H24N4O4",
            "C30H24N4O4",
            "C30H24N4O4",
            "C30H24N4O4",
            "C30H24N4O4",
            "C30H24N4O4",
            "C30H24N4O4",
            "C30H24N4O4",
            "C30H24N4O4",
            "C30H24N4O4",
            "C30H24N4O4",
            "C30H24N4O4",
            "C30H24N4O4",
            "C30H24N4O4",
            "C30H24N4O4",
            "C30H24N4O4",
            "C30H24N4O4"
        ],
        "ions": [
            "[M+H]+",
            "[M+H]+",
            "[M+H]+",
            "[M+H]+",
            "[M+H]+",
            "[M+H]+",
            "[M+H]+",
            "[M+H]+",
            "[M+H]+",
            "[M+H]+",
            "[M+H]+",
            "[M+H]+",
            "[M+H]+",
            "[M+H]+",
            "[M+H]+",
            "[M+H]+",
            "[M+H]+",
            "[M+H]+",
            "[M+H]+",
            "[M+H]+",
            "[M+H]+",
            "[M+H]+",
            "[M+H]+",
            "[M+H]+",
            "[M+H]+",
            "[M+H]+"
        ]
    }
}