{
    "cand_form": "C11H10BrN5",
    "cand_ion": "[M+H]+",
    "output_tbl": {
        "mz": [
            81.0447,
            110.0587,
            111.0665,
            123.0438,
            123.0665,
            156.0556,
            158.0713,
            170.0713,
            171.0665,
            174.0668,
            187.0978,
            201.114,
            212.0931,
            229.1076,
            230.1141,
            231.0888,
            232.0945,
            233.1026,
            245.1018,
            248.978,
            257.1039,
            261.0989,
            275.1142
        ],
        "ms2_inten": [
            0.45871671662205377,
            0.7496770793439472,
            0.1259935629432078,
            0.09771631794783829,
            1.0,
            0.13320749065387688,
            0.12379043314251147,
            0.07577585461648434,
            0.14383103745975132,
            0.13808449559865169,
            0.1279587218325886,
            0.19453198560569787,
            0.9470489954440059,
            0.38724220130666615,
            0.15887693002704611,
            0.08481633659539316,
            0.3097199557562368,
            0.34240810279585726,
            0.22584833035470542,
            0.20821758783063163,
            0.3824296228793012,
            0.2898723171282465,
            0.18292867593422169
        ],
        "mono_mass": [
            81.0447,
            110.0587,
            111.0665,
            123.0438,
            123.0665,
            156.0556,
            158.0713,
            170.0713,
            171.0665,
            174.0668,
            187.0978,
            201.114,
            212.0931,
            229.1076,
            230.1141,
            231.0888,
            232.0945,
            233.1026,
            245.1018,
            248.978,
            257.1039,
            261.0989,
            275.1142
        ],
        "abs_mass_diff": [
            0.0,
            0.0,
            0.0,
            0.0,
            0.0,
            0.0,
            0.0,
            0.0,
            0.0,
            0.0,
            0.0,
            0.0,
            0.0,
            0.0,
            0.0,
            0.0,
            0.0,
            0.0,
            0.0,
            0.0,
            0.0,
            0.0,
            0.0
        ],
        "mass_diff": [
            0.0,
            0.0,
            0.0,
            0.0,
            0.0,
            0.0,
            0.0,
            0.0,
            0.0,
            0.0,
            0.0,
            0.0,
            0.0,
            0.0,
            0.0,
            0.0,
            0.0,
            0.0,
            0.0,
            0.0,
            0.0,
            0.0,
            0.0
        ],
        "formula": [
            "C11H10BrN5",
            "C11H10BrN5",
            "C11H10BrN5",
            "C11H10BrN5",
            "C11H10BrN5",
            "C11H10BrN5",
            "C11H10BrN5",
            "C11H10BrN5",
            "C11H10BrN5",
            "C11H10BrN5",
            "C11H10BrN5",
            "C11H10BrN5",
            "C11H10BrN5",
            "C11H10BrN5",
            "C11H10BrN5",
            "C11H10BrN5",
            "C11H10BrN5",
            "C11H10BrN5",
            "C11H10BrN5",
            "C11H10BrN5",
            "C11H10BrN5",
            "C11H10BrN5",
            "C11H10BrN5"
        ],
        "ions": [
            "[M+H]+",
            "[M+H]+",
            "[M+H]+",
            "[M+H]+",
            "[M+H]+",
            "[M+H]+",
            "[M+H]+",
            "[M+H]+",
            "[M+H]+",
            "[M+H]+",
            "[M+H]+",
            "[M+H]+",
            "[M+H]+",
            "[M+H]+",
            "[M+H]+",
            "[M+H]+",
            "[M+H]+",
            "[M+H]+",
            "[M+H]+",
            "[M+H]+",
            "[M+H]+",
            "[M+H]+",
            "[M+H]+"
        ]
    }
}