{
    "cand_form": "C14H10O5",
    "cand_ion": "[M-H]-",
    "output_tbl": {
        "mz": [
            65.0398,
            66.0431,
            75.0242,
            93.0347,
            94.0381,
            181.8411,
            187.6876
        ],
        "ms2_inten": [
            0.2967440599919347,
            0.012407886411366883,
            0.017232434688625353,
            1.0,
            0.03078541888060901,
            0.01103875608354822,
            0.013030601891589924
        ],
        "mono_mass": [
            65.0398,
            66.0431,
            75.0242,
            93.0347,
            94.0381,
            181.8411,
            187.6876
        ],
        "abs_mass_diff": [
            0.0,
            0.0,
            0.0,
            0.0,
            0.0,
            0.0,
            0.0
        ],
        "mass_diff": [
            0.0,
            0.0,
            0.0,
            0.0,
            0.0,
            0.0,
            0.0
        ],
        "formula": [
            "C14H10O5",
            "C14H10O5",
            "C14H10O5",
            "C14H10O5",
            "C14H10O5",
            "C14H10O5",
            "C14H10O5"
        ],
        "ions": [
            "[M-H]-",
            "[M-H]-",
            "[M-H]-",
            "[M-H]-",
            "[M-H]-",
            "[M-H]-",
            "[M-H]-"
        ]
    }
}