{
    "cand_form": "C17H18F3N3O3",
    "cand_ion": "[M+H]+",
    "output_tbl": {
        "mz": [
            58.0652,
            70.0653,
            72.0807,
            194.065,
            203.0615,
            222.0601,
            223.0674,
            243.1168,
            249.0831,
            255.0744,
            269.0898,
            270.0935,
            279.1187,
            326.1483,
            370.1397
        ],
        "ms2_inten": [
            0.5289850522085374,
            0.13987326997056632,
            0.03838532833893574,
            0.14240908010478795,
            0.07530253389256202,
            0.5090299528993691,
            0.3424373691415008,
            0.06883877727166983,
            0.1443252404761985,
            0.07278703738043621,
            1.0,
            0.09593003769399086,
            0.07096198824001429,
            0.04744803842898998,
            0.04633678889679332
        ],
        "mono_mass": [
            58.0652,
            70.0653,
            72.0807,
            194.065,
            203.0615,
            222.0601,
            223.0674,
            243.1168,
            249.0831,
            255.0744,
            269.0898,
            270.0935,
            279.1187,
            326.1483,
            370.1397
        ],
        "abs_mass_diff": [
            0.0,
            0.0,
            0.0,
            0.0,
            0.0,
            0.0,
            0.0,
            0.0,
            0.0,
            0.0,
            0.0,
            0.0,
            0.0,
            0.0,
            0.0
        ],
        "mass_diff": [
            0.0,
            0.0,
            0.0,
            0.0,
            0.0,
            0.0,
            0.0,
            0.0,
            0.0,
            0.0,
            0.0,
            0.0,
            0.0,
            0.0,
            0.0
        ],
        "formula": [
            "C17H18F3N3O3",
            "C17H18F3N3O3",
            "C17H18F3N3O3",
            "C17H18F3N3O3",
            "C17H18F3N3O3",
            "C17H18F3N3O3",
            "C17H18F3N3O3",
            "C17H18F3N3O3",
            "C17H18F3N3O3",
            "C17H18F3N3O3",
            "C17H18F3N3O3",
            "C17H18F3N3O3",
            "C17H18F3N3O3",
            "C17H18F3N3O3",
            "C17H18F3N3O3"
        ],
        "ions": [
            "[M+H]+",
            "[M+H]+",
            "[M+H]+",
            "[M+H]+",
            "[M+H]+",
            "[M+H]+",
            "[M+H]+",
            "[M+H]+",
            "[M+H]+",
            "[M+H]+",
            "[M+H]+",
            "[M+H]+",
            "[M+H]+",
            "[M+H]+",
            "[M+H]+"
        ]
    }
}