{
    "cand_form": "C19H17N3O4S2",
    "cand_ion": "[M+H]+",
    "output_tbl": {
        "mz": [
            0.0,
            85.0106,
            97.0106,
            98.0237,
            101.0056,
            118.0863,
            129.0005,
            136.8634,
            182.027,
            227.7427
        ],
        "ms2_inten": [
            1.0,
            0.17810709328008414,
            0.6913244021001905,
            0.2727042597677152,
            0.08938542781428667,
            0.7039047281235483,
            0.08250560938975296,
            0.0792455779212533,
            0.15664488259608722,
            0.20911057192701274
        ],
        "mono_mass": [
            0.0,
            85.0106,
            97.0106,
            98.0237,
            101.0056,
            118.0863,
            129.0005,
            136.8634,
            182.027,
            227.7427
        ],
        "abs_mass_diff": [
            0.0,
            0.0,
            0.0,
            0.0,
            0.0,
            0.0,
            0.0,
            0.0,
            0.0,
            0.0
        ],
        "mass_diff": [
            0.0,
            0.0,
            0.0,
            0.0,
            0.0,
            0.0,
            0.0,
            0.0,
            0.0,
            0.0
        ],
        "formula": [
            "C19H17N3O4S2",
            "C19H17N3O4S2",
            "C19H17N3O4S2",
            "C19H17N3O4S2",
            "C19H17N3O4S2",
            "C19H17N3O4S2",
            "C19H17N3O4S2",
            "C19H17N3O4S2",
            "C19H17N3O4S2",
            "C19H17N3O4S2"
        ],
        "ions": [
            "[M+H]+",
            "[M+H]+",
            "[M+H]+",
            "[M+H]+",
            "[M+H]+",
            "[M+H]+",
            "[M+H]+",
            "[M+H]+",
            "[M+H]+",
            "[M+H]+"
        ]
    }
}