{
    "cand_form": "C15H13N3O2S",
    "cand_ion": "[M+H]+",
    "output_tbl": {
        "mz": [
            281.0456,
            282.0457,
            283.0536,
            284.0488,
            299.0591,
            300.0595,
            301.0574,
            302.0585,
            303.055
        ],
        "ms2_inten": [
            0.14552721786849046,
            0.07544497086038586,
            0.09699627752589736,
            0.024273908929096588,
            1.0,
            0.4889861687763513,
            0.7390904009542711,
            0.19678440351344906,
            0.028694508799262098
        ],
        "mono_mass": [
            281.0456,
            282.0457,
            283.0536,
            284.0488,
            299.0591,
            300.0595,
            301.0574,
            302.0585,
            303.055
        ],
        "abs_mass_diff": [
            0.0,
            0.0,
            0.0,
            0.0,
            0.0,
            0.0,
            0.0,
            0.0,
            0.0
        ],
        "mass_diff": [
            0.0,
            0.0,
            0.0,
            0.0,
            0.0,
            0.0,
            0.0,
            0.0,
            0.0
        ],
        "formula": [
            "C15H13N3O2S",
            "C15H13N3O2S",
            "C15H13N3O2S",
            "C15H13N3O2S",
            "C15H13N3O2S",
            "C15H13N3O2S",
            "C15H13N3O2S",
            "C15H13N3O2S",
            "C15H13N3O2S"
        ],
        "ions": [
            "[M+H]+",
            "[M+H]+",
            "[M+H]+",
            "[M+H]+",
            "[M+H]+",
            "[M+H]+",
            "[M+H]+",
            "[M+H]+",
            "[M+H]+"
        ]
    }
}