{
    "cand_form": "C25H34N6O3",
    "cand_ion": "[M+H]+",
    "output_tbl": {
        "mz": [
            56.0495,
            58.0651,
            69.0449,
            70.0651,
            84.0807,
            86.0966,
            96.0684,
            97.0759,
            111.0916,
            112.0993,
            151.0383,
            154.0611,
            166.0972,
            198.1247,
            227.7465,
            256.0955,
            284.1264,
            285.1362,
            295.1188,
            296.0903,
            297.1348,
            311.114,
            313.1289,
            325.1689
        ],
        "ms2_inten": [
            0.16853213489870486,
            0.6280759879836821,
            0.2273595803349815,
            0.6024876089732979,
            1.0,
            0.10252774182198868,
            0.0973420902408413,
            0.44425714836324853,
            0.32077830476919994,
            0.5142574434008487,
            0.13884567588694158,
            0.09796879651400368,
            0.9370353295923597,
            0.12842530918724987,
            0.16451487199456688,
            0.12523913847252735,
            0.14431976926512655,
            0.19954956488031528,
            0.1193297121427531,
            0.09660259009862654,
            0.36670378026041545,
            0.24983690056260466,
            0.14345019621657926,
            0.11575811955630766
        ],
        "mono_mass": [
            56.0495,
            58.0651,
            69.0449,
            70.0651,
            84.0807,
            86.0966,
            96.0684,
            97.0759,
            111.0916,
            112.0993,
            151.0383,
            154.0611,
            166.0972,
            198.1247,
            227.7465,
            256.0955,
            284.1264,
            285.1362,
            295.1188,
            296.0903,
            297.1348,
            311.114,
            313.1289,
            325.1689
        ],
        "abs_mass_diff": [
            0.0,
            0.0,
            0.0,
            0.0,
            0.0,
            0.0,
            0.0,
            0.0,
            0.0,
            0.0,
            0.0,
            0.0,
            0.0,
            0.0,
            0.0,
            0.0,
            0.0,
            0.0,
            0.0,
            0.0,
            0.0,
            0.0,
            0.0,
            0.0
        ],
        "mass_diff": [
            0.0,
            0.0,
            0.0,
            0.0,
            0.0,
            0.0,
            0.0,
            0.0,
            0.0,
            0.0,
            0.0,
            0.0,
            0.0,
            0.0,
            0.0,
            0.0,
            0.0,
            0.0,
            0.0,
            0.0,
            0.0,
            0.0,
            0.0,
            0.0
        ],
        "formula": [
            "C25H34N6O3",
            "C25H34N6O3",
            "C25H34N6O3",
            "C25H34N6O3",
            "C25H34N6O3",
            "C25H34N6O3",
            "C25H34N6O3",
            "C25H34N6O3",
            "C25H34N6O3",
            "C25H34N6O3",
            "C25H34N6O3",
            "C25H34N6O3",
            "C25H34N6O3",
            "C25H34N6O3",
            "C25H34N6O3",
            "C25H34N6O3",
            "C25H34N6O3",
            "C25H34N6O3",
            "C25H34N6O3",
            "C25H34N6O3",
            "C25H34N6O3",
            "C25H34N6O3",
            "C25H34N6O3",
            "C25H34N6O3"
        ],
        "ions": [
            "[M+H]+",
            "[M+H]+",
            "[M+H]+",
            "[M+H]+",
            "[M+H]+",
            "[M+H]+",
            "[M+H]+",
            "[M+H]+",
            "[M+H]+",
            "[M+H]+",
            "[M+H]+",
            "[M+H]+",
            "[M+H]+",
            "[M+H]+",
            "[M+H]+",
            "[M+H]+",
            "[M+H]+",
            "[M+H]+",
            "[M+H]+",
            "[M+H]+",
            "[M+H]+",
            "[M+H]+",
            "[M+H]+",
            "[M+H]+"
        ]
    }
}