{
    "cand_form": "C16H16N2O6S2",
    "cand_ion": "[M-H]-",
    "output_tbl": {
        "mz": [
            156.0125,
            167.0285,
            180.0125,
            181.0151,
            223.9845,
            247.0369,
            257.0397,
            291.0267,
            335.0166,
            351.0479,
            394.142,
            394.9364,
            395.1613
        ],
        "ms2_inten": [
            0.47477891621401613,
            0.6226090909920732,
            1.0,
            0.051273766290355634,
            0.048048582288244615,
            0.09383536184357724,
            0.039031575239605674,
            0.39509093057305356,
            0.17068171936060988,
            0.06398636888728995,
            0.1159053725942649,
            0.08522686509897072,
            0.05062397042792426
        ],
        "mono_mass": [
            156.0125,
            167.0285,
            180.0125,
            181.0151,
            223.9845,
            247.0369,
            257.0397,
            291.0267,
            335.0166,
            351.0479,
            394.142,
            394.9364,
            395.1613
        ],
        "abs_mass_diff": [
            0.0,
            0.0,
            0.0,
            0.0,
            0.0,
            0.0,
            0.0,
            0.0,
            0.0,
            0.0,
            0.0,
            0.0,
            0.0
        ],
        "mass_diff": [
            0.0,
            0.0,
            0.0,
            0.0,
            0.0,
            0.0,
            0.0,
            0.0,
            0.0,
            0.0,
            0.0,
            0.0,
            0.0
        ],
        "formula": [
            "C16H16N2O6S2",
            "C16H16N2O6S2",
            "C16H16N2O6S2",
            "C16H16N2O6S2",
            "C16H16N2O6S2",
            "C16H16N2O6S2",
            "C16H16N2O6S2",
            "C16H16N2O6S2",
            "C16H16N2O6S2",
            "C16H16N2O6S2",
            "C16H16N2O6S2",
            "C16H16N2O6S2",
            "C16H16N2O6S2"
        ],
        "ions": [
            "[M-H]-",
            "[M-H]-",
            "[M-H]-",
            "[M-H]-",
            "[M-H]-",
            "[M-H]-",
            "[M-H]-",
            "[M-H]-",
            "[M-H]-",
            "[M-H]-",
            "[M-H]-",
            "[M-H]-",
            "[M-H]-"
        ]
    }
}