{
    "cand_form": "C25H34N6OS2",
    "cand_ion": "[M+H]+",
    "output_tbl": {
        "mz": [
            0.0,
            343.0682,
            371.0995,
            372.1006,
            385.1151,
            400.126,
            428.1573,
            429.1618,
            440.154,
            442.173,
            465.2431,
            468.1886,
            469.1965,
            499.2308,
            500.2368
        ],
        "ms2_inten": [
            0.14754005957236904,
            0.09969659830389498,
            1.0,
            0.07803403119011934,
            0.09375678726593181,
            0.02233201635394335,
            0.6820099034320515,
            0.06883457758637045,
            0.019849693600713352,
            0.0985051224648542,
            0.1069402568821264,
            0.6892728755999924,
            0.07718995332865355,
            0.3319524179931321,
            0.036894176042042155
        ],
        "mono_mass": [
            0.0,
            343.0682,
            371.0995,
            372.1006,
            385.1151,
            400.126,
            428.1573,
            429.1618,
            440.154,
            442.173,
            465.2431,
            468.1886,
            469.1965,
            499.2308,
            500.2368
        ],
        "abs_mass_diff": [
            0.0,
            0.0,
            0.0,
            0.0,
            0.0,
            0.0,
            0.0,
            0.0,
            0.0,
            0.0,
            0.0,
            0.0,
            0.0,
            0.0,
            0.0
        ],
        "mass_diff": [
            0.0,
            0.0,
            0.0,
            0.0,
            0.0,
            0.0,
            0.0,
            0.0,
            0.0,
            0.0,
            0.0,
            0.0,
            0.0,
            0.0,
            0.0
        ],
        "formula": [
            "C25H34N6OS2",
            "C25H34N6OS2",
            "C25H34N6OS2",
            "C25H34N6OS2",
            "C25H34N6OS2",
            "C25H34N6OS2",
            "C25H34N6OS2",
            "C25H34N6OS2",
            "C25H34N6OS2",
            "C25H34N6OS2",
            "C25H34N6OS2",
            "C25H34N6OS2",
            "C25H34N6OS2",
            "C25H34N6OS2",
            "C25H34N6OS2"
        ],
        "ions": [
            "[M+H]+",
            "[M+H]+",
            "[M+H]+",
            "[M+H]+",
            "[M+H]+",
            "[M+H]+",
            "[M+H]+",
            "[M+H]+",
            "[M+H]+",
            "[M+H]+",
            "[M+H]+",
            "[M+H]+",
            "[M+H]+",
            "[M+H]+",
            "[M+H]+"
        ]
    }
}