{
    "cand_form": "C19H20FN3O3",
    "cand_ion": "[M+H]+",
    "output_tbl": {
        "mz": [
            70.0651,
            81.0573,
            82.0651,
            83.073,
            94.0651,
            96.0808,
            215.0251,
            215.0604,
            255.0564
        ],
        "ms2_inten": [
            0.16759801902466392,
            0.05382274243620959,
            1.0,
            0.09695564522886775,
            0.07818400601914559,
            0.052627597747082935,
            0.08580398781675756,
            0.06483865918561295,
            0.21954440906461467
        ],
        "mono_mass": [
            70.0651,
            81.0573,
            82.0651,
            83.073,
            94.0651,
            96.0808,
            215.0251,
            215.0604,
            255.0564
        ],
        "abs_mass_diff": [
            0.0,
            0.0,
            0.0,
            0.0,
            0.0,
            0.0,
            0.0,
            0.0,
            0.0
        ],
        "mass_diff": [
            0.0,
            0.0,
            0.0,
            0.0,
            0.0,
            0.0,
            0.0,
            0.0,
            0.0
        ],
        "formula": [
            "C19H20FN3O3",
            "C19H20FN3O3",
            "C19H20FN3O3",
            "C19H20FN3O3",
            "C19H20FN3O3",
            "C19H20FN3O3",
            "C19H20FN3O3",
            "C19H20FN3O3",
            "C19H20FN3O3"
        ],
        "ions": [
            "[M+H]+",
            "[M+H]+",
            "[M+H]+",
            "[M+H]+",
            "[M+H]+",
            "[M+H]+",
            "[M+H]+",
            "[M+H]+",
            "[M+H]+"
        ]
    }
}