{
    "cand_form": "C19H32N2O5",
    "cand_ion": "[M+H]+",
    "output_tbl": {
        "mz": [
            53.0386,
            54.0338,
            55.0542,
            56.0495,
            63.0229,
            65.0386,
            67.0417,
            68.0495,
            72.9838,
            74.9808,
            78.0338,
            80.0495,
            90.0338,
            91.0417,
            99.0008,
            100.9982,
            107.0604,
            109.076,
            119.0604,
            121.076,
            128.0083,
            134.0726,
            227.7422
        ],
        "ms2_inten": [
            0.09589952033588925,
            0.10949084324446098,
            0.24571099837577254,
            1.0,
            0.25181148798920927,
            0.1481816505292153,
            0.0780505148598513,
            0.10445073502422128,
            0.08651867754980792,
            0.6121316146583419,
            0.05967872915838296,
            0.18457717319040418,
            0.6484565148719326,
            0.23532550108181152,
            0.08133453506977498,
            0.7017960487673318,
            0.08231561678181235,
            0.07581496883195979,
            0.07222551497533455,
            0.14518494908610113,
            0.40106470224332424,
            0.08909471438505526,
            0.06624454519321414
        ],
        "mono_mass": [
            53.0386,
            54.0338,
            55.0542,
            56.0495,
            63.0229,
            65.0386,
            67.0417,
            68.0495,
            72.9838,
            74.9808,
            78.0338,
            80.0495,
            90.0338,
            91.0417,
            99.0008,
            100.9982,
            107.0604,
            109.076,
            119.0604,
            121.076,
            128.0083,
            134.0726,
            227.7422
        ],
        "abs_mass_diff": [
            0.0,
            0.0,
            0.0,
            0.0,
            0.0,
            0.0,
            0.0,
            0.0,
            0.0,
            0.0,
            0.0,
            0.0,
            0.0,
            0.0,
            0.0,
            0.0,
            0.0,
            0.0,
            0.0,
            0.0,
            0.0,
            0.0,
            0.0
        ],
        "mass_diff": [
            0.0,
            0.0,
            0.0,
            0.0,
            0.0,
            0.0,
            0.0,
            0.0,
            0.0,
            0.0,
            0.0,
            0.0,
            0.0,
            0.0,
            0.0,
            0.0,
            0.0,
            0.0,
            0.0,
            0.0,
            0.0,
            0.0,
            0.0
        ],
        "formula": [
            "C19H32N2O5",
            "C19H32N2O5",
            "C19H32N2O5",
            "C19H32N2O5",
            "C19H32N2O5",
            "C19H32N2O5",
            "C19H32N2O5",
            "C19H32N2O5",
            "C19H32N2O5",
            "C19H32N2O5",
            "C19H32N2O5",
            "C19H32N2O5",
            "C19H32N2O5",
            "C19H32N2O5",
            "C19H32N2O5",
            "C19H32N2O5",
            "C19H32N2O5",
            "C19H32N2O5",
            "C19H32N2O5",
            "C19H32N2O5",
            "C19H32N2O5",
            "C19H32N2O5",
            "C19H32N2O5"
        ],
        "ions": [
            "[M+H]+",
            "[M+H]+",
            "[M+H]+",
            "[M+H]+",
            "[M+H]+",
            "[M+H]+",
            "[M+H]+",
            "[M+H]+",
            "[M+H]+",
            "[M+H]+",
            "[M+H]+",
            "[M+H]+",
            "[M+H]+",
            "[M+H]+",
            "[M+H]+",
            "[M+H]+",
            "[M+H]+",
            "[M+H]+",
            "[M+H]+",
            "[M+H]+",
            "[M+H]+",
            "[M+H]+",
            "[M+H]+"
        ]
    }
}