{
    "cand_form": "C24H26FNO4",
    "cand_ion": "[M-H]-",
    "output_tbl": {
        "mz": [
            0.0,
            85.0295,
            87.0088,
            210.0725,
            211.0765,
            222.0725,
            224.0881,
            236.0881,
            264.083
        ],
        "ms2_inten": [
            0.5098710560437977,
            0.13314058853191185,
            0.08208466359314219,
            1.0,
            0.08613718124189598,
            0.04260144791816741,
            0.030892490275176487,
            0.1549528274023916,
            0.17572301541564617
        ],
        "mono_mass": [
            0.0,
            85.0295,
            87.0088,
            210.0725,
            211.0765,
            222.0725,
            224.0881,
            236.0881,
            264.083
        ],
        "abs_mass_diff": [
            0.0,
            0.0,
            0.0,
            0.0,
            0.0,
            0.0,
            0.0,
            0.0,
            0.0
        ],
        "mass_diff": [
            0.0,
            0.0,
            0.0,
            0.0,
            0.0,
            0.0,
            0.0,
            0.0,
            0.0
        ],
        "formula": [
            "C24H26FNO4",
            "C24H26FNO4",
            "C24H26FNO4",
            "C24H26FNO4",
            "C24H26FNO4",
            "C24H26FNO4",
            "C24H26FNO4",
            "C24H26FNO4",
            "C24H26FNO4"
        ],
        "ions": [
            "[M-H]-",
            "[M-H]-",
            "[M-H]-",
            "[M-H]-",
            "[M-H]-",
            "[M-H]-",
            "[M-H]-",
            "[M-H]-",
            "[M-H]-"
        ]
    }
}