{
    "cand_form": "C38H72N2O12",
    "cand_ion": "[M+H]+",
    "output_tbl": {
        "mz": [
            0.0,
            81.0699,
            83.0491,
            84.0527,
            84.0808,
            87.0679,
            88.0757,
            98.0964,
            116.0706,
            116.107,
            227.7412
        ],
        "ms2_inten": [
            0.039970365475001095,
            0.045219855674042644,
            1.0,
            0.03587975620659281,
            0.11106517685422006,
            0.029945198844818718,
            0.11429411208589349,
            0.30046059386064855,
            0.03447030561183858,
            0.03593627522665905,
            0.062140252370078114
        ],
        "mono_mass": [
            0.0,
            81.0699,
            83.0491,
            84.0527,
            84.0808,
            87.0679,
            88.0757,
            98.0964,
            116.0706,
            116.107,
            227.7412
        ],
        "abs_mass_diff": [
            0.0,
            0.0,
            0.0,
            0.0,
            0.0,
            0.0,
            0.0,
            0.0,
            0.0,
            0.0,
            0.0
        ],
        "mass_diff": [
            0.0,
            0.0,
            0.0,
            0.0,
            0.0,
            0.0,
            0.0,
            0.0,
            0.0,
            0.0,
            0.0
        ],
        "formula": [
            "C38H72N2O12",
            "C38H72N2O12",
            "C38H72N2O12",
            "C38H72N2O12",
            "C38H72N2O12",
            "C38H72N2O12",
            "C38H72N2O12",
            "C38H72N2O12",
            "C38H72N2O12",
            "C38H72N2O12",
            "C38H72N2O12"
        ],
        "ions": [
            "[M+H]+",
            "[M+H]+",
            "[M+H]+",
            "[M+H]+",
            "[M+H]+",
            "[M+H]+",
            "[M+H]+",
            "[M+H]+",
            "[M+H]+",
            "[M+H]+",
            "[M+H]+"
        ]
    }
}