{
    "cand_form": "C15H15NO2",
    "cand_ion": "[M-H]-",
    "output_tbl": {
        "mz": [
            92.0506,
            169.2038,
            179.074,
            180.0819,
            224.1774,
            227.7149
        ],
        "ms2_inten": [
            1.0,
            0.08967212868081634,
            0.12636043404716127,
            0.12447517416519335,
            0.09288337591368963,
            0.1410871252570092
        ],
        "mono_mass": [
            92.0506,
            169.2038,
            179.074,
            180.0819,
            224.1774,
            227.7149
        ],
        "abs_mass_diff": [
            0.0,
            0.0,
            0.0,
            0.0,
            0.0,
            0.0
        ],
        "mass_diff": [
            0.0,
            0.0,
            0.0,
            0.0,
            0.0,
            0.0
        ],
        "formula": [
            "C15H15NO2",
            "C15H15NO2",
            "C15H15NO2",
            "C15H15NO2",
            "C15H15NO2",
            "C15H15NO2"
        ],
        "ions": [
            "[M-H]-",
            "[M-H]-",
            "[M-H]-",
            "[M-H]-",
            "[M-H]-",
            "[M-H]-"
        ]
    }
}