{
    "cand_form": "C11H12Cl2N2O5",
    "cand_ion": "[M-H]-",
    "output_tbl": {
        "mz": [
            55.3198,
            57.0261,
            59.0139,
            111.0524,
            117.2252,
            118.0219,
            119.0182,
            134.9774,
            163.0087,
            195.9834,
            196.9805,
            227.7186,
            243.8772,
            261.8889,
            280.6989,
            346.0911
        ],
        "ms2_inten": [
            0.10503191023942733,
            0.11279224648816756,
            1.0,
            0.11089018417393486,
            0.12615932818496117,
            0.1279660924001594,
            0.21347042285789494,
            0.2828949661399274,
            0.11860445561265587,
            0.18286681542269337,
            0.1856482525229014,
            0.2440377146492189,
            0.29953435545216023,
            0.31617228238947187,
            0.12117116732859443,
            0.11381371537065721
        ],
        "mono_mass": [
            55.3198,
            57.0261,
            59.0139,
            111.0524,
            117.2252,
            118.0219,
            119.0182,
            134.9774,
            163.0087,
            195.9834,
            196.9805,
            227.7186,
            243.8772,
            261.8889,
            280.6989,
            346.0911
        ],
        "abs_mass_diff": [
            0.0,
            0.0,
            0.0,
            0.0,
            0.0,
            0.0,
            0.0,
            0.0,
            0.0,
            0.0,
            0.0,
            0.0,
            0.0,
            0.0,
            0.0,
            0.0
        ],
        "mass_diff": [
            0.0,
            0.0,
            0.0,
            0.0,
            0.0,
            0.0,
            0.0,
            0.0,
            0.0,
            0.0,
            0.0,
            0.0,
            0.0,
            0.0,
            0.0,
            0.0
        ],
        "formula": [
            "C11H12Cl2N2O5",
            "C11H12Cl2N2O5",
            "C11H12Cl2N2O5",
            "C11H12Cl2N2O5",
            "C11H12Cl2N2O5",
            "C11H12Cl2N2O5",
            "C11H12Cl2N2O5",
            "C11H12Cl2N2O5",
            "C11H12Cl2N2O5",
            "C11H12Cl2N2O5",
            "C11H12Cl2N2O5",
            "C11H12Cl2N2O5",
            "C11H12Cl2N2O5",
            "C11H12Cl2N2O5",
            "C11H12Cl2N2O5",
            "C11H12Cl2N2O5"
        ],
        "ions": [
            "[M-H]-",
            "[M-H]-",
            "[M-H]-",
            "[M-H]-",
            "[M-H]-",
            "[M-H]-",
            "[M-H]-",
            "[M-H]-",
            "[M-H]-",
            "[M-H]-",
            "[M-H]-",
            "[M-H]-",
            "[M-H]-",
            "[M-H]-",
            "[M-H]-",
            "[M-H]-"
        ]
    }
}