{
    "cand_form": "C23H36O7",
    "cand_ion": "[M-H]-",
    "output_tbl": {
        "mz": [
            0.0,
            80.1038,
            182.924,
            227.7304,
            255.876
        ],
        "ms2_inten": [
            0.9426183673943903,
            0.42018417606155795,
            0.444300777328778,
            1.0,
            0.45572514591149504
        ],
        "mono_mass": [
            0.0,
            80.1038,
            182.924,
            227.7304,
            255.876
        ],
        "abs_mass_diff": [
            0.0,
            0.0,
            0.0,
            0.0,
            0.0
        ],
        "mass_diff": [
            0.0,
            0.0,
            0.0,
            0.0,
            0.0
        ],
        "formula": [
            "C23H36O7",
            "C23H36O7",
            "C23H36O7",
            "C23H36O7",
            "C23H36O7"
        ],
        "ions": [
            "[M-H]-",
            "[M-H]-",
            "[M-H]-",
            "[M-H]-",
            "[M-H]-"
        ]
    }
}