{
    "cand_form": "C8H11N",
    "cand_ion": "[M+H]+",
    "output_tbl": {
        "mz": [
            77.0386,
            79.0542,
            95.0492,
            103.0542,
            105.0699,
            106.0651,
            106.0734,
            107.073,
            108.0765,
            120.0808,
            121.0886,
            122.0964,
            123.0807,
            123.1,
            133.0763
        ],
        "ms2_inten": [
            0.026965729718195438,
            0.18983135825023173,
            0.03234710896400055,
            0.10668203031026657,
            0.7540346896890557,
            0.04303818048044972,
            0.03562272900906541,
            1.0,
            0.039038401730632236,
            0.0256533359566035,
            0.013993705462560112,
            0.8712372342476727,
            0.03674971884890206,
            0.03980405139942253,
            0.02419364342376691
        ],
        "mono_mass": [
            77.0386,
            79.0542,
            95.0492,
            103.0542,
            105.0699,
            106.0651,
            106.0734,
            107.073,
            108.0765,
            120.0808,
            121.0886,
            122.0964,
            123.0807,
            123.1,
            133.0763
        ],
        "abs_mass_diff": [
            0.0,
            0.0,
            0.0,
            0.0,
            0.0,
            0.0,
            0.0,
            0.0,
            0.0,
            0.0,
            0.0,
            0.0,
            0.0,
            0.0,
            0.0
        ],
        "mass_diff": [
            0.0,
            0.0,
            0.0,
            0.0,
            0.0,
            0.0,
            0.0,
            0.0,
            0.0,
            0.0,
            0.0,
            0.0,
            0.0,
            0.0,
            0.0
        ],
        "formula": [
            "C8H11N",
            "C8H11N",
            "C8H11N",
            "C8H11N",
            "C8H11N",
            "C8H11N",
            "C8H11N",
            "C8H11N",
            "C8H11N",
            "C8H11N",
            "C8H11N",
            "C8H11N",
            "C8H11N",
            "C8H11N",
            "C8H11N"
        ],
        "ions": [
            "[M+H]+",
            "[M+H]+",
            "[M+H]+",
            "[M+H]+",
            "[M+H]+",
            "[M+H]+",
            "[M+H]+",
            "[M+H]+",
            "[M+H]+",
            "[M+H]+",
            "[M+H]+",
            "[M+H]+",
            "[M+H]+",
            "[M+H]+",
            "[M+H]+"
        ]
    }
}