{
    "cand_form": "C17H20N4O5S",
    "cand_ion": "[M-H]-",
    "output_tbl": {
        "mz": [
            90.0349,
            92.0142,
            107.0615,
            118.0298,
            133.0169,
            134.0248,
            171.02,
            226.0503,
            227.0925,
            238.051,
            239.0574,
            254.0445,
            255.0485,
            255.0887,
            283.0837
        ],
        "ms2_inten": [
            0.075558981100912,
            0.05925804786541985,
            0.1754558655131661,
            0.24409435452507894,
            1.0,
            0.08489225409357111,
            0.07504868207110796,
            0.10813992095083653,
            0.0597534732430513,
            0.053563270725203456,
            0.11272594720277411,
            0.7044441770637321,
            0.08599625261371246,
            0.10724754682396717,
            0.05529598144790688
        ],
        "mono_mass": [
            90.0349,
            92.0142,
            107.0615,
            118.0298,
            133.0169,
            134.0248,
            171.02,
            226.0503,
            227.0925,
            238.051,
            239.0574,
            254.0445,
            255.0485,
            255.0887,
            283.0837
        ],
        "abs_mass_diff": [
            0.0,
            0.0,
            0.0,
            0.0,
            0.0,
            0.0,
            0.0,
            0.0,
            0.0,
            0.0,
            0.0,
            0.0,
            0.0,
            0.0,
            0.0
        ],
        "mass_diff": [
            0.0,
            0.0,
            0.0,
            0.0,
            0.0,
            0.0,
            0.0,
            0.0,
            0.0,
            0.0,
            0.0,
            0.0,
            0.0,
            0.0,
            0.0
        ],
        "formula": [
            "C17H20N4O5S",
            "C17H20N4O5S",
            "C17H20N4O5S",
            "C17H20N4O5S",
            "C17H20N4O5S",
            "C17H20N4O5S",
            "C17H20N4O5S",
            "C17H20N4O5S",
            "C17H20N4O5S",
            "C17H20N4O5S",
            "C17H20N4O5S",
            "C17H20N4O5S",
            "C17H20N4O5S",
            "C17H20N4O5S",
            "C17H20N4O5S"
        ],
        "ions": [
            "[M-H]-",
            "[M-H]-",
            "[M-H]-",
            "[M-H]-",
            "[M-H]-",
            "[M-H]-",
            "[M-H]-",
            "[M-H]-",
            "[M-H]-",
            "[M-H]-",
            "[M-H]-",
            "[M-H]-",
            "[M-H]-",
            "[M-H]-",
            "[M-H]-"
        ]
    }
}