{
    "cand_form": "C37H53NO8",
    "cand_ion": "[M+H]+",
    "output_tbl": {
        "mz": [
            73.0469,
            74.0964,
            80.7411,
            81.0699,
            87.763,
            91.0542,
            113.9861,
            209.1325,
            227.725,
            227.754,
            416.134
        ],
        "ms2_inten": [
            0.5574673199163728,
            0.6019558774875228,
            0.28416596859990095,
            0.3193092306717631,
            0.30760282699441777,
            1.0,
            0.27994061152995114,
            0.29509452645262413,
            0.5893707309404308,
            0.5620405371477109,
            0.29973109764252875
        ],
        "mono_mass": [
            73.0469,
            74.0964,
            80.7411,
            81.0699,
            87.763,
            91.0542,
            113.9861,
            209.1325,
            227.725,
            227.754,
            416.134
        ],
        "abs_mass_diff": [
            0.0,
            0.0,
            0.0,
            0.0,
            0.0,
            0.0,
            0.0,
            0.0,
            0.0,
            0.0,
            0.0
        ],
        "mass_diff": [
            0.0,
            0.0,
            0.0,
            0.0,
            0.0,
            0.0,
            0.0,
            0.0,
            0.0,
            0.0,
            0.0
        ],
        "formula": [
            "C37H53NO8",
            "C37H53NO8",
            "C37H53NO8",
            "C37H53NO8",
            "C37H53NO8",
            "C37H53NO8",
            "C37H53NO8",
            "C37H53NO8",
            "C37H53NO8",
            "C37H53NO8",
            "C37H53NO8"
        ],
        "ions": [
            "[M+H]+",
            "[M+H]+",
            "[M+H]+",
            "[M+H]+",
            "[M+H]+",
            "[M+H]+",
            "[M+H]+",
            "[M+H]+",
            "[M+H]+",
            "[M+H]+",
            "[M+H]+"
        ]
    }
}