{
    "cand_form": "C14H15N7",
    "cand_ion": "[M+H]+",
    "output_tbl": {
        "mz": [
            0.0,
            57.0699,
            67.0542,
            69.0699,
            71.0478,
            71.5832,
            73.0641,
            79.0542,
            81.0699,
            89.0596,
            95.0855,
            98.9833,
            100.0743,
            107.0855,
            109.1012,
            134.0964,
            227.7244,
            227.7493,
            268.0,
            282.2207
        ],
        "ms2_inten": [
            0.7292563628518427,
            0.731528753696769,
            0.48526331702923087,
            1.0,
            0.34697397747661207,
            0.21123733754951335,
            0.27462859086571323,
            0.25204536172955766,
            0.884237722842856,
            0.769168343795045,
            0.450380096606794,
            0.35659948704543,
            0.36281982234512417,
            0.2601144751664268,
            0.5368312089707209,
            0.7756138709802725,
            0.2605806066217963,
            0.3036059047517063,
            0.2548138046300292,
            0.35803095154857484
        ],
        "mono_mass": [
            0.0,
            57.0699,
            67.0542,
            69.0699,
            71.0478,
            71.5832,
            73.0641,
            79.0542,
            81.0699,
            89.0596,
            95.0855,
            98.9833,
            100.0743,
            107.0855,
            109.1012,
            134.0964,
            227.7244,
            227.7493,
            268.0,
            282.2207
        ],
        "abs_mass_diff": [
            0.0,
            0.0,
            0.0,
            0.0,
            0.0,
            0.0,
            0.0,
            0.0,
            0.0,
            0.0,
            0.0,
            0.0,
            0.0,
            0.0,
            0.0,
            0.0,
            0.0,
            0.0,
            0.0,
            0.0
        ],
        "mass_diff": [
            0.0,
            0.0,
            0.0,
            0.0,
            0.0,
            0.0,
            0.0,
            0.0,
            0.0,
            0.0,
            0.0,
            0.0,
            0.0,
            0.0,
            0.0,
            0.0,
            0.0,
            0.0,
            0.0,
            0.0
        ],
        "formula": [
            "C14H15N7",
            "C14H15N7",
            "C14H15N7",
            "C14H15N7",
            "C14H15N7",
            "C14H15N7",
            "C14H15N7",
            "C14H15N7",
            "C14H15N7",
            "C14H15N7",
            "C14H15N7",
            "C14H15N7",
            "C14H15N7",
            "C14H15N7",
            "C14H15N7",
            "C14H15N7",
            "C14H15N7",
            "C14H15N7",
            "C14H15N7",
            "C14H15N7"
        ],
        "ions": [
            "[M+H]+",
            "[M+H]+",
            "[M+H]+",
            "[M+H]+",
            "[M+H]+",
            "[M+H]+",
            "[M+H]+",
            "[M+H]+",
            "[M+H]+",
            "[M+H]+",
            "[M+H]+",
            "[M+H]+",
            "[M+H]+",
            "[M+H]+",
            "[M+H]+",
            "[M+H]+",
            "[M+H]+",
            "[M+H]+",
            "[M+H]+",
            "[M+H]+"
        ]
    }
}