{
    "cand_form": "C36H62O11",
    "cand_ion": "[M-H]-",
    "output_tbl": {
        "mz": [
            71.0504,
            73.0294,
            79.0552,
            81.0349,
            83.0502,
            85.0298,
            92.01,
            93.0347,
            94.0423,
            95.0502,
            97.066,
            106.0423,
            107.0507,
            109.0663,
            227.7154,
            352.2302
        ],
        "ms2_inten": [
            0.9021694187368529,
            0.28461933812657597,
            0.45352813773430106,
            0.5476439643275033,
            0.4051715172667765,
            0.6716973776163172,
            0.2618786490029094,
            0.4655777287545825,
            0.27527467531064725,
            0.7873330583523953,
            0.24276127752593524,
            0.30388039635437575,
            0.554032498325748,
            1.0,
            0.8843140791412556,
            0.24692115968270348
        ],
        "mono_mass": [
            71.0504,
            73.0294,
            79.0552,
            81.0349,
            83.0502,
            85.0298,
            92.01,
            93.0347,
            94.0423,
            95.0502,
            97.066,
            106.0423,
            107.0507,
            109.0663,
            227.7154,
            352.2302
        ],
        "abs_mass_diff": [
            0.0,
            0.0,
            0.0,
            0.0,
            0.0,
            0.0,
            0.0,
            0.0,
            0.0,
            0.0,
            0.0,
            0.0,
            0.0,
            0.0,
            0.0,
            0.0
        ],
        "mass_diff": [
            0.0,
            0.0,
            0.0,
            0.0,
            0.0,
            0.0,
            0.0,
            0.0,
            0.0,
            0.0,
            0.0,
            0.0,
            0.0,
            0.0,
            0.0,
            0.0
        ],
        "formula": [
            "C36H62O11",
            "C36H62O11",
            "C36H62O11",
            "C36H62O11",
            "C36H62O11",
            "C36H62O11",
            "C36H62O11",
            "C36H62O11",
            "C36H62O11",
            "C36H62O11",
            "C36H62O11",
            "C36H62O11",
            "C36H62O11",
            "C36H62O11",
            "C36H62O11",
            "C36H62O11"
        ],
        "ions": [
            "[M-H]-",
            "[M-H]-",
            "[M-H]-",
            "[M-H]-",
            "[M-H]-",
            "[M-H]-",
            "[M-H]-",
            "[M-H]-",
            "[M-H]-",
            "[M-H]-",
            "[M-H]-",
            "[M-H]-",
            "[M-H]-",
            "[M-H]-",
            "[M-H]-",
            "[M-H]-"
        ]
    }
}