{
    "cand_form": "C12H14N4O4S",
    "cand_ion": "[M+H]+",
    "output_tbl": {
        "mz": [
            50.0151,
            51.023,
            52.0183,
            53.0386,
            54.0339,
            55.0542,
            56.0495,
            63.023,
            65.0386,
            66.0338,
            67.0291,
            67.0417,
            68.0131,
            68.0497,
            69.0448,
            77.0386,
            79.0542,
            80.0495,
            89.0385,
            93.0448,
            94.0526,
            95.0491,
            103.0542,
            105.0447
        ],
        "ms2_inten": [
            0.06409133148135542,
            0.2910155480166717,
            0.073845993165814,
            0.1562695796317979,
            0.2736635468655299,
            0.05604742356526923,
            0.05991723383183793,
            0.14315349709588615,
            0.4421395176395064,
            0.0807207683443862,
            0.0990682990111063,
            0.07304365197833923,
            1.0,
            0.04914278022389175,
            0.08653815800569944,
            0.30013064562144826,
            0.16738987328085952,
            0.2446409946683315,
            0.04447807391306953,
            0.30221917471585924,
            0.05000778324031343,
            0.4176843943877004,
            0.09155888230637015,
            0.1730299108716504
        ],
        "mono_mass": [
            50.0151,
            51.023,
            52.0183,
            53.0386,
            54.0339,
            55.0542,
            56.0495,
            63.023,
            65.0386,
            66.0338,
            67.0291,
            67.0417,
            68.0131,
            68.0497,
            69.0448,
            77.0386,
            79.0542,
            80.0495,
            89.0385,
            93.0448,
            94.0526,
            95.0491,
            103.0542,
            105.0447
        ],
        "abs_mass_diff": [
            0.0,
            0.0,
            0.0,
            0.0,
            0.0,
            0.0,
            0.0,
            0.0,
            0.0,
            0.0,
            0.0,
            0.0,
            0.0,
            0.0,
            0.0,
            0.0,
            0.0,
            0.0,
            0.0,
            0.0,
            0.0,
            0.0,
            0.0,
            0.0
        ],
        "mass_diff": [
            0.0,
            0.0,
            0.0,
            0.0,
            0.0,
            0.0,
            0.0,
            0.0,
            0.0,
            0.0,
            0.0,
            0.0,
            0.0,
            0.0,
            0.0,
            0.0,
            0.0,
            0.0,
            0.0,
            0.0,
            0.0,
            0.0,
            0.0,
            0.0
        ],
        "formula": [
            "C12H14N4O4S",
            "C12H14N4O4S",
            "C12H14N4O4S",
            "C12H14N4O4S",
            "C12H14N4O4S",
            "C12H14N4O4S",
            "C12H14N4O4S",
            "C12H14N4O4S",
            "C12H14N4O4S",
            "C12H14N4O4S",
            "C12H14N4O4S",
            "C12H14N4O4S",
            "C12H14N4O4S",
            "C12H14N4O4S",
            "C12H14N4O4S",
            "C12H14N4O4S",
            "C12H14N4O4S",
            "C12H14N4O4S",
            "C12H14N4O4S",
            "C12H14N4O4S",
            "C12H14N4O4S",
            "C12H14N4O4S",
            "C12H14N4O4S",
            "C12H14N4O4S"
        ],
        "ions": [
            "[M+H]+",
            "[M+H]+",
            "[M+H]+",
            "[M+H]+",
            "[M+H]+",
            "[M+H]+",
            "[M+H]+",
            "[M+H]+",
            "[M+H]+",
            "[M+H]+",
            "[M+H]+",
            "[M+H]+",
            "[M+H]+",
            "[M+H]+",
            "[M+H]+",
            "[M+H]+",
            "[M+H]+",
            "[M+H]+",
            "[M+H]+",
            "[M+H]+",
            "[M+H]+",
            "[M+H]+",
            "[M+H]+",
            "[M+H]+"
        ]
    }
}