{
    "cand_form": "C23H32N6O4S2",
    "cand_ion": "[M+H]+",
    "output_tbl": {
        "mz": [
            0.0,
            58.0651,
            63.0229,
            65.0386,
            68.0495,
            68.9793,
            70.0651,
            75.0229,
            78.0338,
            83.0604,
            83.9902,
            84.0682,
            89.0386,
            95.0491,
            105.0447,
            114.0338,
            128.0495,
            129.0447,
            140.0495,
            146.0071,
            155.0604,
            227.7324
        ],
        "ms2_inten": [
            1.0,
            0.39207652347524075,
            0.2415434980858635,
            0.18044313480398175,
            0.09506335090213117,
            0.20881722597510802,
            0.6634623762399444,
            0.15613824501497547,
            0.09333707665136629,
            0.48211008187981685,
            0.10180047652914118,
            0.13822733442161303,
            0.1520973467857721,
            0.09705818410419359,
            0.12910637283590273,
            0.19275153848842577,
            0.10702851949767661,
            0.14899928880354213,
            0.09337055964608729,
            0.09883621295376224,
            0.09089797545939124,
            0.15842690864126624
        ],
        "mono_mass": [
            0.0,
            58.0651,
            63.0229,
            65.0386,
            68.0495,
            68.9793,
            70.0651,
            75.0229,
            78.0338,
            83.0604,
            83.9902,
            84.0682,
            89.0386,
            95.0491,
            105.0447,
            114.0338,
            128.0495,
            129.0447,
            140.0495,
            146.0071,
            155.0604,
            227.7324
        ],
        "abs_mass_diff": [
            0.0,
            0.0,
            0.0,
            0.0,
            0.0,
            0.0,
            0.0,
            0.0,
            0.0,
            0.0,
            0.0,
            0.0,
            0.0,
            0.0,
            0.0,
            0.0,
            0.0,
            0.0,
            0.0,
            0.0,
            0.0,
            0.0
        ],
        "mass_diff": [
            0.0,
            0.0,
            0.0,
            0.0,
            0.0,
            0.0,
            0.0,
            0.0,
            0.0,
            0.0,
            0.0,
            0.0,
            0.0,
            0.0,
            0.0,
            0.0,
            0.0,
            0.0,
            0.0,
            0.0,
            0.0,
            0.0
        ],
        "formula": [
            "C23H32N6O4S2",
            "C23H32N6O4S2",
            "C23H32N6O4S2",
            "C23H32N6O4S2",
            "C23H32N6O4S2",
            "C23H32N6O4S2",
            "C23H32N6O4S2",
            "C23H32N6O4S2",
            "C23H32N6O4S2",
            "C23H32N6O4S2",
            "C23H32N6O4S2",
            "C23H32N6O4S2",
            "C23H32N6O4S2",
            "C23H32N6O4S2",
            "C23H32N6O4S2",
            "C23H32N6O4S2",
            "C23H32N6O4S2",
            "C23H32N6O4S2",
            "C23H32N6O4S2",
            "C23H32N6O4S2",
            "C23H32N6O4S2",
            "C23H32N6O4S2"
        ],
        "ions": [
            "[M+H]+",
            "[M+H]+",
            "[M+H]+",
            "[M+H]+",
            "[M+H]+",
            "[M+H]+",
            "[M+H]+",
            "[M+H]+",
            "[M+H]+",
            "[M+H]+",
            "[M+H]+",
            "[M+H]+",
            "[M+H]+",
            "[M+H]+",
            "[M+H]+",
            "[M+H]+",
            "[M+H]+",
            "[M+H]+",
            "[M+H]+",
            "[M+H]+",
            "[M+H]+",
            "[M+H]+"
        ]
    }
}