{
    "cand_form": "C18H33ClN2O5S",
    "cand_ion": "[M+H]+",
    "output_tbl": {
        "mz": [
            126.1277,
            127.1312,
            377.1786,
            425.1871
        ],
        "ms2_inten": [
            1.0,
            0.04221975692278587,
            0.014656869295234866,
            0.017443394263056185
        ],
        "mono_mass": [
            126.1277,
            127.1312,
            377.1786,
            425.1871
        ],
        "abs_mass_diff": [
            0.0,
            0.0,
            0.0,
            0.0
        ],
        "mass_diff": [
            0.0,
            0.0,
            0.0,
            0.0
        ],
        "formula": [
            "C18H33ClN2O5S",
            "C18H33ClN2O5S",
            "C18H33ClN2O5S",
            "C18H33ClN2O5S"
        ],
        "ions": [
            "[M+H]+",
            "[M+H]+",
            "[M+H]+",
            "[M+H]+"
        ]
    }
}