{
    "cand_form": "C7H8ClN5O2S",
    "cand_ion": "[M-H]-",
    "output_tbl": {
        "mz": [
            59.0139,
            76.9703,
            78.9592,
            78.9658,
            79.9579,
            117.1961,
            136.9507,
            154.9602,
            169.1405,
            227.7227
        ],
        "ms2_inten": [
            0.5655945399076214,
            0.3774772270846018,
            0.3087399545569082,
            0.4128318875970208,
            0.24713763676456438,
            0.23884767912548543,
            0.22315456382959165,
            1.0,
            0.25146078667810134,
            0.43964190584130824
        ],
        "mono_mass": [
            59.0139,
            76.9703,
            78.9592,
            78.9658,
            79.9579,
            117.1961,
            136.9507,
            154.9602,
            169.1405,
            227.7227
        ],
        "abs_mass_diff": [
            0.0,
            0.0,
            0.0,
            0.0,
            0.0,
            0.0,
            0.0,
            0.0,
            0.0,
            0.0
        ],
        "mass_diff": [
            0.0,
            0.0,
            0.0,
            0.0,
            0.0,
            0.0,
            0.0,
            0.0,
            0.0,
            0.0
        ],
        "formula": [
            "C7H8ClN5O2S",
            "C7H8ClN5O2S",
            "C7H8ClN5O2S",
            "C7H8ClN5O2S",
            "C7H8ClN5O2S",
            "C7H8ClN5O2S",
            "C7H8ClN5O2S",
            "C7H8ClN5O2S",
            "C7H8ClN5O2S",
            "C7H8ClN5O2S"
        ],
        "ions": [
            "[M-H]-",
            "[M-H]-",
            "[M-H]-",
            "[M-H]-",
            "[M-H]-",
            "[M-H]-",
            "[M-H]-",
            "[M-H]-",
            "[M-H]-",
            "[M-H]-"
        ]
    }
}