{
    "cand_form": "C19H17Cl2N3O5S",
    "cand_ion": "[M-H]-",
    "output_tbl": {
        "mz": [
            0.0,
            79.0427,
            88.0563,
            110.8994,
            180.4892,
            195.206,
            227.7122
        ],
        "ms2_inten": [
            1.0,
            0.350968783758365,
            0.3445548338075458,
            0.3572868255668803,
            0.39579803380873535,
            0.35564151766828717,
            0.7416888903427935
        ],
        "mono_mass": [
            0.0,
            79.0427,
            88.0563,
            110.8994,
            180.4892,
            195.206,
            227.7122
        ],
        "abs_mass_diff": [
            0.0,
            0.0,
            0.0,
            0.0,
            0.0,
            0.0,
            0.0
        ],
        "mass_diff": [
            0.0,
            0.0,
            0.0,
            0.0,
            0.0,
            0.0,
            0.0
        ],
        "formula": [
            "C19H17Cl2N3O5S",
            "C19H17Cl2N3O5S",
            "C19H17Cl2N3O5S",
            "C19H17Cl2N3O5S",
            "C19H17Cl2N3O5S",
            "C19H17Cl2N3O5S",
            "C19H17Cl2N3O5S"
        ],
        "ions": [
            "[M-H]-",
            "[M-H]-",
            "[M-H]-",
            "[M-H]-",
            "[M-H]-",
            "[M-H]-",
            "[M-H]-"
        ]
    }
}