{
    "cand_form": "C16H21NO2",
    "cand_ion": "[M+H]+",
    "output_tbl": {
        "mz": [
            56.0495,
            58.0651,
            72.0808,
            74.06,
            84.0808,
            98.0964,
            100.1121,
            115.0542,
            116.107,
            128.0621,
            129.0699,
            141.0699,
            145.0648,
            153.0699,
            154.0777,
            155.0615,
            155.0855,
            157.0648,
            165.0699
        ],
        "ms2_inten": [
            1.0,
            0.5169583733676848,
            0.3637782288677119,
            0.5183572349778048,
            0.05449391031284534,
            0.055998884743874135,
            0.11373794292566997,
            0.06702805093027235,
            0.091006879798394,
            0.07866505434841795,
            0.2788521204827046,
            0.04023145358687482,
            0.1112986015049933,
            0.14473489558865027,
            0.05885450637011182,
            0.10352603617491599,
            0.30742486759416615,
            0.12416962977475347,
            0.13136149933035574
        ],
        "mono_mass": [
            56.0495,
            58.0651,
            72.0808,
            74.06,
            84.0808,
            98.0964,
            100.1121,
            115.0542,
            116.107,
            128.0621,
            129.0699,
            141.0699,
            145.0648,
            153.0699,
            154.0777,
            155.0615,
            155.0855,
            157.0648,
            165.0699
        ],
        "abs_mass_diff": [
            0.0,
            0.0,
            0.0,
            0.0,
            0.0,
            0.0,
            0.0,
            0.0,
            0.0,
            0.0,
            0.0,
            0.0,
            0.0,
            0.0,
            0.0,
            0.0,
            0.0,
            0.0,
            0.0
        ],
        "mass_diff": [
            0.0,
            0.0,
            0.0,
            0.0,
            0.0,
            0.0,
            0.0,
            0.0,
            0.0,
            0.0,
            0.0,
            0.0,
            0.0,
            0.0,
            0.0,
            0.0,
            0.0,
            0.0,
            0.0
        ],
        "formula": [
            "C16H21NO2",
            "C16H21NO2",
            "C16H21NO2",
            "C16H21NO2",
            "C16H21NO2",
            "C16H21NO2",
            "C16H21NO2",
            "C16H21NO2",
            "C16H21NO2",
            "C16H21NO2",
            "C16H21NO2",
            "C16H21NO2",
            "C16H21NO2",
            "C16H21NO2",
            "C16H21NO2",
            "C16H21NO2",
            "C16H21NO2",
            "C16H21NO2",
            "C16H21NO2"
        ],
        "ions": [
            "[M+H]+",
            "[M+H]+",
            "[M+H]+",
            "[M+H]+",
            "[M+H]+",
            "[M+H]+",
            "[M+H]+",
            "[M+H]+",
            "[M+H]+",
            "[M+H]+",
            "[M+H]+",
            "[M+H]+",
            "[M+H]+",
            "[M+H]+",
            "[M+H]+",
            "[M+H]+",
            "[M+H]+",
            "[M+H]+",
            "[M+H]+"
        ]
    }
}