{
    "cand_form": "C21H27N5O4S",
    "cand_ion": "[M+H]+",
    "output_tbl": {
        "mz": [
            55.0542,
            66.0338,
            77.0386,
            83.0855,
            95.0491,
            100.1121,
            103.0542,
            107.0491,
            111.0553,
            119.0491,
            119.073,
            120.057,
            121.0648,
            131.0604,
            139.0212,
            139.0502,
            150.0662,
            167.0161,
            183.0917,
            222.1019
        ],
        "ms2_inten": [
            0.06547150726291738,
            0.08284527725594501,
            0.06404283539904333,
            0.10934104004504308,
            0.0732679127292189,
            0.057655409466859944,
            0.7872317529728778,
            0.06749272366262311,
            1.0,
            0.09362217236351822,
            0.06273345420669545,
            0.130367769756275,
            0.28181891609362986,
            0.5551841913345738,
            0.05215821594683121,
            0.16266730167912088,
            0.1611667918197363,
            0.057765085318072736,
            0.0676158134926159,
            0.06446728657662722
        ],
        "mono_mass": [
            55.0542,
            66.0338,
            77.0386,
            83.0855,
            95.0491,
            100.1121,
            103.0542,
            107.0491,
            111.0553,
            119.0491,
            119.073,
            120.057,
            121.0648,
            131.0604,
            139.0212,
            139.0502,
            150.0662,
            167.0161,
            183.0917,
            222.1019
        ],
        "abs_mass_diff": [
            0.0,
            0.0,
            0.0,
            0.0,
            0.0,
            0.0,
            0.0,
            0.0,
            0.0,
            0.0,
            0.0,
            0.0,
            0.0,
            0.0,
            0.0,
            0.0,
            0.0,
            0.0,
            0.0,
            0.0
        ],
        "mass_diff": [
            0.0,
            0.0,
            0.0,
            0.0,
            0.0,
            0.0,
            0.0,
            0.0,
            0.0,
            0.0,
            0.0,
            0.0,
            0.0,
            0.0,
            0.0,
            0.0,
            0.0,
            0.0,
            0.0,
            0.0
        ],
        "formula": [
            "C21H27N5O4S",
            "C21H27N5O4S",
            "C21H27N5O4S",
            "C21H27N5O4S",
            "C21H27N5O4S",
            "C21H27N5O4S",
            "C21H27N5O4S",
            "C21H27N5O4S",
            "C21H27N5O4S",
            "C21H27N5O4S",
            "C21H27N5O4S",
            "C21H27N5O4S",
            "C21H27N5O4S",
            "C21H27N5O4S",
            "C21H27N5O4S",
            "C21H27N5O4S",
            "C21H27N5O4S",
            "C21H27N5O4S",
            "C21H27N5O4S",
            "C21H27N5O4S"
        ],
        "ions": [
            "[M+H]+",
            "[M+H]+",
            "[M+H]+",
            "[M+H]+",
            "[M+H]+",
            "[M+H]+",
            "[M+H]+",
            "[M+H]+",
            "[M+H]+",
            "[M+H]+",
            "[M+H]+",
            "[M+H]+",
            "[M+H]+",
            "[M+H]+",
            "[M+H]+",
            "[M+H]+",
            "[M+H]+",
            "[M+H]+",
            "[M+H]+",
            "[M+H]+"
        ]
    }
}