{
    "cand_form": "C24H34N4O5S",
    "cand_ion": "[M+H]+",
    "output_tbl": {
        "mz": [
            0.0,
            55.0542,
            56.0495,
            65.0386,
            66.0464,
            68.0495,
            77.0386,
            79.0542,
            80.0495,
            81.0699,
            91.0542,
            93.0573,
            94.0413,
            95.0491,
            96.0444,
            97.0522,
            105.0447,
            110.06,
            227.7359
        ],
        "ms2_inten": [
            0.1528328732064611,
            0.15066556166361877,
            0.043512898626494635,
            0.152019217971824,
            0.08396278524005643,
            0.09731128456098785,
            0.22345600595168502,
            0.21380257910027642,
            0.1261708261915319,
            0.08405880800117063,
            0.07119009342983681,
            0.11264361546849849,
            0.06711459640825294,
            0.1530238846840805,
            1.0,
            0.123641701980439,
            0.06891845276043033,
            0.046067614752296225,
            0.05711320757144927
        ],
        "mono_mass": [
            0.0,
            55.0542,
            56.0495,
            65.0386,
            66.0464,
            68.0495,
            77.0386,
            79.0542,
            80.0495,
            81.0699,
            91.0542,
            93.0573,
            94.0413,
            95.0491,
            96.0444,
            97.0522,
            105.0447,
            110.06,
            227.7359
        ],
        "abs_mass_diff": [
            0.0,
            0.0,
            0.0,
            0.0,
            0.0,
            0.0,
            0.0,
            0.0,
            0.0,
            0.0,
            0.0,
            0.0,
            0.0,
            0.0,
            0.0,
            0.0,
            0.0,
            0.0,
            0.0
        ],
        "mass_diff": [
            0.0,
            0.0,
            0.0,
            0.0,
            0.0,
            0.0,
            0.0,
            0.0,
            0.0,
            0.0,
            0.0,
            0.0,
            0.0,
            0.0,
            0.0,
            0.0,
            0.0,
            0.0,
            0.0
        ],
        "formula": [
            "C24H34N4O5S",
            "C24H34N4O5S",
            "C24H34N4O5S",
            "C24H34N4O5S",
            "C24H34N4O5S",
            "C24H34N4O5S",
            "C24H34N4O5S",
            "C24H34N4O5S",
            "C24H34N4O5S",
            "C24H34N4O5S",
            "C24H34N4O5S",
            "C24H34N4O5S",
            "C24H34N4O5S",
            "C24H34N4O5S",
            "C24H34N4O5S",
            "C24H34N4O5S",
            "C24H34N4O5S",
            "C24H34N4O5S",
            "C24H34N4O5S"
        ],
        "ions": [
            "[M+H]+",
            "[M+H]+",
            "[M+H]+",
            "[M+H]+",
            "[M+H]+",
            "[M+H]+",
            "[M+H]+",
            "[M+H]+",
            "[M+H]+",
            "[M+H]+",
            "[M+H]+",
            "[M+H]+",
            "[M+H]+",
            "[M+H]+",
            "[M+H]+",
            "[M+H]+",
            "[M+H]+",
            "[M+H]+",
            "[M+H]+"
        ]
    }
}