{
    "cand_form": "C12H14N4O2S",
    "cand_ion": "[M+H]+",
    "output_tbl": {
        "mz": [
            0.0,
            92.0495,
            108.0444,
            122.0713,
            124.0869,
            132.0682,
            156.0114,
            168.0444,
            170.0396,
            186.0332,
            204.043,
            205.0145
        ],
        "ms2_inten": [
            0.04462139259741746,
            0.29531405558072704,
            0.25970688239654255,
            0.07040327398305862,
            1.0,
            0.1368106229350335,
            0.09600518754704016,
            0.07399650537060427,
            0.05877409024936532,
            0.03667935435898723,
            0.04092258126102459,
            0.08197375895527624
        ],
        "mono_mass": [
            0.0,
            92.0495,
            108.0444,
            122.0713,
            124.0869,
            132.0682,
            156.0114,
            168.0444,
            170.0396,
            186.0332,
            204.043,
            205.0145
        ],
        "abs_mass_diff": [
            0.0,
            0.0,
            0.0,
            0.0,
            0.0,
            0.0,
            0.0,
            0.0,
            0.0,
            0.0,
            0.0,
            0.0
        ],
        "mass_diff": [
            0.0,
            0.0,
            0.0,
            0.0,
            0.0,
            0.0,
            0.0,
            0.0,
            0.0,
            0.0,
            0.0,
            0.0
        ],
        "formula": [
            "C12H14N4O2S",
            "C12H14N4O2S",
            "C12H14N4O2S",
            "C12H14N4O2S",
            "C12H14N4O2S",
            "C12H14N4O2S",
            "C12H14N4O2S",
            "C12H14N4O2S",
            "C12H14N4O2S",
            "C12H14N4O2S",
            "C12H14N4O2S",
            "C12H14N4O2S"
        ],
        "ions": [
            "[M+H]+",
            "[M+H]+",
            "[M+H]+",
            "[M+H]+",
            "[M+H]+",
            "[M+H]+",
            "[M+H]+",
            "[M+H]+",
            "[M+H]+",
            "[M+H]+",
            "[M+H]+",
            "[M+H]+"
        ]
    }
}