{
    "cand_form": "C23H21N3O5",
    "cand_ion": "[M+H]+",
    "output_tbl": {
        "mz": [
            135.0441,
            250.0863,
            262.0863,
            298.1186,
            299.1179,
            302.0812,
            420.1554,
            421.1592
        ],
        "ms2_inten": [
            0.10068565840334723,
            0.027211999169909854,
            0.039095787269762386,
            1.0,
            0.0848580938603885,
            0.016182450258091466,
            0.3419919085166051,
            0.04442672619588747
        ],
        "mono_mass": [
            135.0441,
            250.0863,
            262.0863,
            298.1186,
            299.1179,
            302.0812,
            420.1554,
            421.1592
        ],
        "abs_mass_diff": [
            0.0,
            0.0,
            0.0,
            0.0,
            0.0,
            0.0,
            0.0,
            0.0
        ],
        "mass_diff": [
            0.0,
            0.0,
            0.0,
            0.0,
            0.0,
            0.0,
            0.0,
            0.0
        ],
        "formula": [
            "C23H21N3O5",
            "C23H21N3O5",
            "C23H21N3O5",
            "C23H21N3O5",
            "C23H21N3O5",
            "C23H21N3O5",
            "C23H21N3O5",
            "C23H21N3O5"
        ],
        "ions": [
            "[M+H]+",
            "[M+H]+",
            "[M+H]+",
            "[M+H]+",
            "[M+H]+",
            "[M+H]+",
            "[M+H]+",
            "[M+H]+"
        ]
    }
}