{
    "cand_form": "C12H18N2O3S",
    "cand_ion": "[M-H]-",
    "output_tbl": {
        "mz": [
            61.9707,
            63.9626,
            77.9657,
            78.9734,
            79.9813,
            104.051,
            106.0664,
            107.0504,
            107.0697,
            122.0615,
            170.0281
        ],
        "ms2_inten": [
            0.37284722854533314,
            0.153025891544223,
            0.12116998356940376,
            0.7884593715280714,
            0.6964750131442607,
            0.02681442704540593,
            1.0,
            0.060827337402088504,
            0.032323526810074464,
            0.09071350545484116,
            0.11652274935760197
        ],
        "mono_mass": [
            61.9707,
            63.9626,
            77.9657,
            78.9734,
            79.9813,
            104.051,
            106.0664,
            107.0504,
            107.0697,
            122.0615,
            170.0281
        ],
        "abs_mass_diff": [
            0.0,
            0.0,
            0.0,
            0.0,
            0.0,
            0.0,
            0.0,
            0.0,
            0.0,
            0.0,
            0.0
        ],
        "mass_diff": [
            0.0,
            0.0,
            0.0,
            0.0,
            0.0,
            0.0,
            0.0,
            0.0,
            0.0,
            0.0,
            0.0
        ],
        "formula": [
            "C12H18N2O3S",
            "C12H18N2O3S",
            "C12H18N2O3S",
            "C12H18N2O3S",
            "C12H18N2O3S",
            "C12H18N2O3S",
            "C12H18N2O3S",
            "C12H18N2O3S",
            "C12H18N2O3S",
            "C12H18N2O3S",
            "C12H18N2O3S"
        ],
        "ions": [
            "[M-H]-",
            "[M-H]-",
            "[M-H]-",
            "[M-H]-",
            "[M-H]-",
            "[M-H]-",
            "[M-H]-",
            "[M-H]-",
            "[M-H]-",
            "[M-H]-",
            "[M-H]-"
        ]
    }
}