{
    "cand_form": "C43H72O11",
    "cand_ion": "[M-H]-",
    "output_tbl": {
        "mz": [
            85.0295,
            87.0452,
            95.0502,
            99.0815,
            113.0608,
            123.0815,
            139.1128,
            151.0765,
            165.0921,
            169.087,
            177.1285,
            193.1234,
            203.1078,
            211.1704,
            221.1183,
            255.1602,
            256.168,
            337.202,
            407.2439
        ],
        "ms2_inten": [
            0.07107210023687328,
            1.0,
            0.04958205661946963,
            0.2625910081828028,
            0.08002340901353935,
            0.05063872055163406,
            0.490494114484569,
            0.11715889686763165,
            0.24809335502380783,
            0.05612480293086144,
            0.04278116017338351,
            0.09459634300772392,
            0.08051955655583051,
            0.2483404784507761,
            0.4605563043287159,
            0.8387592442184285,
            0.04759814934047811,
            0.08331978810040115,
            0.11589716223834565
        ],
        "mono_mass": [
            85.0295,
            87.0452,
            95.0502,
            99.0815,
            113.0608,
            123.0815,
            139.1128,
            151.0765,
            165.0921,
            169.087,
            177.1285,
            193.1234,
            203.1078,
            211.1704,
            221.1183,
            255.1602,
            256.168,
            337.202,
            407.2439
        ],
        "abs_mass_diff": [
            0.0,
            0.0,
            0.0,
            0.0,
            0.0,
            0.0,
            0.0,
            0.0,
            0.0,
            0.0,
            0.0,
            0.0,
            0.0,
            0.0,
            0.0,
            0.0,
            0.0,
            0.0,
            0.0
        ],
        "mass_diff": [
            0.0,
            0.0,
            0.0,
            0.0,
            0.0,
            0.0,
            0.0,
            0.0,
            0.0,
            0.0,
            0.0,
            0.0,
            0.0,
            0.0,
            0.0,
            0.0,
            0.0,
            0.0,
            0.0
        ],
        "formula": [
            "C43H72O11",
            "C43H72O11",
            "C43H72O11",
            "C43H72O11",
            "C43H72O11",
            "C43H72O11",
            "C43H72O11",
            "C43H72O11",
            "C43H72O11",
            "C43H72O11",
            "C43H72O11",
            "C43H72O11",
            "C43H72O11",
            "C43H72O11",
            "C43H72O11",
            "C43H72O11",
            "C43H72O11",
            "C43H72O11",
            "C43H72O11"
        ],
        "ions": [
            "[M-H]-",
            "[M-H]-",
            "[M-H]-",
            "[M-H]-",
            "[M-H]-",
            "[M-H]-",
            "[M-H]-",
            "[M-H]-",
            "[M-H]-",
            "[M-H]-",
            "[M-H]-",
            "[M-H]-",
            "[M-H]-",
            "[M-H]-",
            "[M-H]-",
            "[M-H]-",
            "[M-H]-",
            "[M-H]-",
            "[M-H]-"
        ]
    }
}