{
    "cand_form": "C20H14O4",
    "cand_ion": "[M+H]+",
    "output_tbl": {
        "mz": [
            58.0651,
            77.0386,
            86.0965,
            95.0491,
            105.0335,
            115.0542,
            121.0284,
            141.0699,
            142.0735,
            151.0542,
            152.0621,
            153.0699,
            168.057,
            169.0648,
            179.0491,
            183.0441,
            197.0597,
            198.0675,
            225.0546,
            226.0574,
            255.0804
        ],
        "ms2_inten": [
            0.15462114444704017,
            0.0760949828793587,
            0.06401778658717938,
            0.08901305587936985,
            0.5332549872711569,
            0.07234465824052898,
            0.08136970740851089,
            0.7122947452447139,
            0.0432849858235336,
            0.13776461775013238,
            0.12122010639868434,
            0.13838217360480978,
            0.034910176570252166,
            0.3450477092681752,
            0.043919124108943476,
            0.034042872418717646,
            0.757528114326102,
            0.056109096065237125,
            1.0,
            0.08656907430326359,
            0.041196916373102695
        ],
        "mono_mass": [
            58.0651,
            77.0386,
            86.0965,
            95.0491,
            105.0335,
            115.0542,
            121.0284,
            141.0699,
            142.0735,
            151.0542,
            152.0621,
            153.0699,
            168.057,
            169.0648,
            179.0491,
            183.0441,
            197.0597,
            198.0675,
            225.0546,
            226.0574,
            255.0804
        ],
        "abs_mass_diff": [
            0.0,
            0.0,
            0.0,
            0.0,
            0.0,
            0.0,
            0.0,
            0.0,
            0.0,
            0.0,
            0.0,
            0.0,
            0.0,
            0.0,
            0.0,
            0.0,
            0.0,
            0.0,
            0.0,
            0.0,
            0.0
        ],
        "mass_diff": [
            0.0,
            0.0,
            0.0,
            0.0,
            0.0,
            0.0,
            0.0,
            0.0,
            0.0,
            0.0,
            0.0,
            0.0,
            0.0,
            0.0,
            0.0,
            0.0,
            0.0,
            0.0,
            0.0,
            0.0,
            0.0
        ],
        "formula": [
            "C20H14O4",
            "C20H14O4",
            "C20H14O4",
            "C20H14O4",
            "C20H14O4",
            "C20H14O4",
            "C20H14O4",
            "C20H14O4",
            "C20H14O4",
            "C20H14O4",
            "C20H14O4",
            "C20H14O4",
            "C20H14O4",
            "C20H14O4",
            "C20H14O4",
            "C20H14O4",
            "C20H14O4",
            "C20H14O4",
            "C20H14O4",
            "C20H14O4",
            "C20H14O4"
        ],
        "ions": [
            "[M+H]+",
            "[M+H]+",
            "[M+H]+",
            "[M+H]+",
            "[M+H]+",
            "[M+H]+",
            "[M+H]+",
            "[M+H]+",
            "[M+H]+",
            "[M+H]+",
            "[M+H]+",
            "[M+H]+",
            "[M+H]+",
            "[M+H]+",
            "[M+H]+",
            "[M+H]+",
            "[M+H]+",
            "[M+H]+",
            "[M+H]+",
            "[M+H]+",
            "[M+H]+"
        ]
    }
}