{
    "cand_form": "C27H35N9O5S2",
    "cand_ion": "[M+H]+",
    "output_tbl": {
        "mz": [
            113.1073,
            142.007,
            312.1581,
            377.1278,
            489.2265
        ],
        "ms2_inten": [
            0.10068436148483485,
            1.0,
            0.10161708589174034,
            0.08330462982727506,
            0.02704392958796528
        ],
        "mono_mass": [
            113.1073,
            142.007,
            312.1581,
            377.1278,
            489.2265
        ],
        "abs_mass_diff": [
            0.0,
            0.0,
            0.0,
            0.0,
            0.0
        ],
        "mass_diff": [
            0.0,
            0.0,
            0.0,
            0.0,
            0.0
        ],
        "formula": [
            "C27H35N9O5S2",
            "C27H35N9O5S2",
            "C27H35N9O5S2",
            "C27H35N9O5S2",
            "C27H35N9O5S2"
        ],
        "ions": [
            "[M+H]+",
            "[M+H]+",
            "[M+H]+",
            "[M+H]+",
            "[M+H]+"
        ]
    }
}