{
    "cand_form": "C25H27N9O8S2",
    "cand_ion": "[M-H]-",
    "output_tbl": {
        "mz": [
            0.0,
            117.0346,
            118.0298,
            128.9652,
            144.0455,
            157.0441,
            227.7196,
            470.0513
        ],
        "ms2_inten": [
            0.26356275878405777,
            1.0,
            0.05066646480470188,
            0.0456885754037722,
            0.1153850746755162,
            0.024275712146409927,
            0.0937711011397633,
            0.023516474719274604
        ],
        "mono_mass": [
            0.0,
            117.0346,
            118.0298,
            128.9652,
            144.0455,
            157.0441,
            227.7196,
            470.0513
        ],
        "abs_mass_diff": [
            0.0,
            0.0,
            0.0,
            0.0,
            0.0,
            0.0,
            0.0,
            0.0
        ],
        "mass_diff": [
            0.0,
            0.0,
            0.0,
            0.0,
            0.0,
            0.0,
            0.0,
            0.0
        ],
        "formula": [
            "C25H27N9O8S2",
            "C25H27N9O8S2",
            "C25H27N9O8S2",
            "C25H27N9O8S2",
            "C25H27N9O8S2",
            "C25H27N9O8S2",
            "C25H27N9O8S2",
            "C25H27N9O8S2"
        ],
        "ions": [
            "[M-H]-",
            "[M-H]-",
            "[M-H]-",
            "[M-H]-",
            "[M-H]-",
            "[M-H]-",
            "[M-H]-",
            "[M-H]-"
        ]
    }
}