{
    "cand_form": "C12H15Cl2NO5S",
    "cand_ion": "[M+H]+",
    "output_tbl": {
        "mz": [
            70.958,
            74.06,
            144.0114,
            145.9906,
            168.9231,
            185.927,
            186.9348,
            203.9376,
            223.9664,
            227.9402,
            241.977,
            282.9798,
            283.9876,
            300.9903
        ],
        "ms2_inten": [
            0.07790786446496259,
            0.05367061804994797,
            0.12305977473560914,
            0.08885988903979314,
            0.22089793764768598,
            0.04573856671444915,
            0.30427088951068876,
            0.03588775581516752,
            0.34800447348930813,
            0.06680284086068959,
            0.31460990640391856,
            1.0,
            0.06392566250065485,
            0.04379595953334993
        ],
        "mono_mass": [
            70.958,
            74.06,
            144.0114,
            145.9906,
            168.9231,
            185.927,
            186.9348,
            203.9376,
            223.9664,
            227.9402,
            241.977,
            282.9798,
            283.9876,
            300.9903
        ],
        "abs_mass_diff": [
            0.0,
            0.0,
            0.0,
            0.0,
            0.0,
            0.0,
            0.0,
            0.0,
            0.0,
            0.0,
            0.0,
            0.0,
            0.0,
            0.0
        ],
        "mass_diff": [
            0.0,
            0.0,
            0.0,
            0.0,
            0.0,
            0.0,
            0.0,
            0.0,
            0.0,
            0.0,
            0.0,
            0.0,
            0.0,
            0.0
        ],
        "formula": [
            "C12H15Cl2NO5S",
            "C12H15Cl2NO5S",
            "C12H15Cl2NO5S",
            "C12H15Cl2NO5S",
            "C12H15Cl2NO5S",
            "C12H15Cl2NO5S",
            "C12H15Cl2NO5S",
            "C12H15Cl2NO5S",
            "C12H15Cl2NO5S",
            "C12H15Cl2NO5S",
            "C12H15Cl2NO5S",
            "C12H15Cl2NO5S",
            "C12H15Cl2NO5S",
            "C12H15Cl2NO5S"
        ],
        "ions": [
            "[M+H]+",
            "[M+H]+",
            "[M+H]+",
            "[M+H]+",
            "[M+H]+",
            "[M+H]+",
            "[M+H]+",
            "[M+H]+",
            "[M+H]+",
            "[M+H]+",
            "[M+H]+",
            "[M+H]+",
            "[M+H]+",
            "[M+H]+"
        ]
    }
}