{
    "cand_form": "C19H22FN3O4",
    "cand_ion": "[M+H]+",
    "output_tbl": {
        "mz": [
            55.0542,
            57.0573,
            58.0651,
            70.0651,
            72.0808,
            83.0491,
            84.0808,
            98.0964,
            122.0401,
            148.0557,
            150.035,
            151.0428,
            162.035,
            163.0428,
            164.0506,
            179.0377,
            188.0506,
            191.0377,
            191.0615,
            192.0455,
            203.0615,
            205.0396,
            215.0615,
            219.0564,
            245.0357
        ],
        "ms2_inten": [
            0.47685899543466387,
            0.09271842081339401,
            0.18083502109733482,
            0.18388574424411527,
            1.0,
            0.9329940716933439,
            0.12497400034586914,
            0.18356955831962274,
            0.166915582635728,
            0.09636373404712707,
            0.13237132813071392,
            0.18579159674664264,
            0.10113687464157088,
            0.14338728664282036,
            0.14542024127449366,
            0.14862881062706895,
            0.11090920661307291,
            0.10697691904406141,
            0.12215646546332454,
            0.2879423246098206,
            0.09698415495484904,
            0.14752908616038077,
            0.12570757925085835,
            0.47582989799594116,
            0.40531688381462233
        ],
        "mono_mass": [
            55.0542,
            57.0573,
            58.0651,
            70.0651,
            72.0808,
            83.0491,
            84.0808,
            98.0964,
            122.0401,
            148.0557,
            150.035,
            151.0428,
            162.035,
            163.0428,
            164.0506,
            179.0377,
            188.0506,
            191.0377,
            191.0615,
            192.0455,
            203.0615,
            205.0396,
            215.0615,
            219.0564,
            245.0357
        ],
        "abs_mass_diff": [
            0.0,
            0.0,
            0.0,
            0.0,
            0.0,
            0.0,
            0.0,
            0.0,
            0.0,
            0.0,
            0.0,
            0.0,
            0.0,
            0.0,
            0.0,
            0.0,
            0.0,
            0.0,
            0.0,
            0.0,
            0.0,
            0.0,
            0.0,
            0.0,
            0.0
        ],
        "mass_diff": [
            0.0,
            0.0,
            0.0,
            0.0,
            0.0,
            0.0,
            0.0,
            0.0,
            0.0,
            0.0,
            0.0,
            0.0,
            0.0,
            0.0,
            0.0,
            0.0,
            0.0,
            0.0,
            0.0,
            0.0,
            0.0,
            0.0,
            0.0,
            0.0,
            0.0
        ],
        "formula": [
            "C19H22FN3O4",
            "C19H22FN3O4",
            "C19H22FN3O4",
            "C19H22FN3O4",
            "C19H22FN3O4",
            "C19H22FN3O4",
            "C19H22FN3O4",
            "C19H22FN3O4",
            "C19H22FN3O4",
            "C19H22FN3O4",
            "C19H22FN3O4",
            "C19H22FN3O4",
            "C19H22FN3O4",
            "C19H22FN3O4",
            "C19H22FN3O4",
            "C19H22FN3O4",
            "C19H22FN3O4",
            "C19H22FN3O4",
            "C19H22FN3O4",
            "C19H22FN3O4",
            "C19H22FN3O4",
            "C19H22FN3O4",
            "C19H22FN3O4",
            "C19H22FN3O4",
            "C19H22FN3O4"
        ],
        "ions": [
            "[M+H]+",
            "[M+H]+",
            "[M+H]+",
            "[M+H]+",
            "[M+H]+",
            "[M+H]+",
            "[M+H]+",
            "[M+H]+",
            "[M+H]+",
            "[M+H]+",
            "[M+H]+",
            "[M+H]+",
            "[M+H]+",
            "[M+H]+",
            "[M+H]+",
            "[M+H]+",
            "[M+H]+",
            "[M+H]+",
            "[M+H]+",
            "[M+H]+",
            "[M+H]+",
            "[M+H]+",
            "[M+H]+",
            "[M+H]+",
            "[M+H]+"
        ]
    }
}