{
    "cand_form": "C32H38N6O3",
    "cand_ion": "[M+H]+",
    "output_tbl": {
        "mz": [
            84.0682,
            91.0542,
            115.0542,
            117.0699,
            118.0737,
            437.2296,
            555.3078,
            556.3109
        ],
        "ms2_inten": [
            0.02735176486778303,
            0.12102768807149396,
            0.31030836541404533,
            1.0,
            0.04515486710738144,
            0.07190044880025898,
            0.5544731961073205,
            0.11865527769687219
        ],
        "mono_mass": [
            84.0682,
            91.0542,
            115.0542,
            117.0699,
            118.0737,
            437.2296,
            555.3078,
            556.3109
        ],
        "abs_mass_diff": [
            0.0,
            0.0,
            0.0,
            0.0,
            0.0,
            0.0,
            0.0,
            0.0
        ],
        "mass_diff": [
            0.0,
            0.0,
            0.0,
            0.0,
            0.0,
            0.0,
            0.0,
            0.0
        ],
        "formula": [
            "C32H38N6O3",
            "C32H38N6O3",
            "C32H38N6O3",
            "C32H38N6O3",
            "C32H38N6O3",
            "C32H38N6O3",
            "C32H38N6O3",
            "C32H38N6O3"
        ],
        "ions": [
            "[M+H]+",
            "[M+H]+",
            "[M+H]+",
            "[M+H]+",
            "[M+H]+",
            "[M+H]+",
            "[M+H]+",
            "[M+H]+"
        ]
    }
}