{
    "cand_form": "C20H25ClN2O5",
    "cand_ion": "[M+H]+",
    "output_tbl": {
        "mz": [
            165.0102,
            170.06,
            202.0867,
            206.0367,
            207.04,
            208.0604,
            213.0784,
            220.0524,
            238.0629,
            239.0662,
            248.0468,
            260.0468,
            288.0422,
            294.0891,
            303.0868,
            334.0841,
            360.0997,
            377.1263
        ],
        "ms2_inten": [
            0.0731227762230387,
            0.2371759040215945,
            0.06833636509150384,
            1.0,
            0.05263798036689276,
            0.2649901743463548,
            0.06439845960969436,
            0.5367403454302816,
            0.788508688048247,
            0.057266673068378085,
            0.2726794265814134,
            0.0804964985603959,
            0.07894252442525682,
            0.26106133901211315,
            0.07811476989593846,
            0.24288612082026026,
            0.06449251994654888,
            0.08736016091838028
        ],
        "mono_mass": [
            165.0102,
            170.06,
            202.0867,
            206.0367,
            207.04,
            208.0604,
            213.0784,
            220.0524,
            238.0629,
            239.0662,
            248.0468,
            260.0468,
            288.0422,
            294.0891,
            303.0868,
            334.0841,
            360.0997,
            377.1263
        ],
        "abs_mass_diff": [
            0.0,
            0.0,
            0.0,
            0.0,
            0.0,
            0.0,
            0.0,
            0.0,
            0.0,
            0.0,
            0.0,
            0.0,
            0.0,
            0.0,
            0.0,
            0.0,
            0.0,
            0.0
        ],
        "mass_diff": [
            0.0,
            0.0,
            0.0,
            0.0,
            0.0,
            0.0,
            0.0,
            0.0,
            0.0,
            0.0,
            0.0,
            0.0,
            0.0,
            0.0,
            0.0,
            0.0,
            0.0,
            0.0
        ],
        "formula": [
            "C20H25ClN2O5",
            "C20H25ClN2O5",
            "C20H25ClN2O5",
            "C20H25ClN2O5",
            "C20H25ClN2O5",
            "C20H25ClN2O5",
            "C20H25ClN2O5",
            "C20H25ClN2O5",
            "C20H25ClN2O5",
            "C20H25ClN2O5",
            "C20H25ClN2O5",
            "C20H25ClN2O5",
            "C20H25ClN2O5",
            "C20H25ClN2O5",
            "C20H25ClN2O5",
            "C20H25ClN2O5",
            "C20H25ClN2O5",
            "C20H25ClN2O5"
        ],
        "ions": [
            "[M+H]+",
            "[M+H]+",
            "[M+H]+",
            "[M+H]+",
            "[M+H]+",
            "[M+H]+",
            "[M+H]+",
            "[M+H]+",
            "[M+H]+",
            "[M+H]+",
            "[M+H]+",
            "[M+H]+",
            "[M+H]+",
            "[M+H]+",
            "[M+H]+",
            "[M+H]+",
            "[M+H]+",
            "[M+H]+"
        ]
    }
}