{
    "cand_form": "C42H70O11",
    "cand_ion": "[M-H]-",
    "output_tbl": {
        "mz": [
            0.0,
            84.0217,
            85.0295,
            85.0659,
            87.0452,
            95.0502,
            97.0659,
            99.0815,
            107.0502,
            109.0659,
            111.0452,
            111.0815,
            113.0608,
            121.0659,
            123.0452,
            123.0815,
            135.0815,
            137.0972,
            139.1128,
            151.0765,
            165.0921,
            227.7148
        ],
        "ms2_inten": [
            0.1292522540033791,
            0.10379555439321751,
            0.05667685403262829,
            0.05437169116674506,
            1.0,
            0.3569250525241821,
            0.13772153738747678,
            0.47146924118249767,
            0.05310408338965375,
            0.04021533255789737,
            0.08840619774289564,
            0.039045545789222556,
            0.08371039032587155,
            0.07392966081503587,
            0.041252990275318105,
            0.09066295440041923,
            0.07155759027625593,
            0.11509898044650355,
            0.43653945464739147,
            0.03489210855737856,
            0.08269643539806504,
            0.10967746830036108
        ],
        "mono_mass": [
            0.0,
            84.0217,
            85.0295,
            85.0659,
            87.0452,
            95.0502,
            97.0659,
            99.0815,
            107.0502,
            109.0659,
            111.0452,
            111.0815,
            113.0608,
            121.0659,
            123.0452,
            123.0815,
            135.0815,
            137.0972,
            139.1128,
            151.0765,
            165.0921,
            227.7148
        ],
        "abs_mass_diff": [
            0.0,
            0.0,
            0.0,
            0.0,
            0.0,
            0.0,
            0.0,
            0.0,
            0.0,
            0.0,
            0.0,
            0.0,
            0.0,
            0.0,
            0.0,
            0.0,
            0.0,
            0.0,
            0.0,
            0.0,
            0.0,
            0.0
        ],
        "mass_diff": [
            0.0,
            0.0,
            0.0,
            0.0,
            0.0,
            0.0,
            0.0,
            0.0,
            0.0,
            0.0,
            0.0,
            0.0,
            0.0,
            0.0,
            0.0,
            0.0,
            0.0,
            0.0,
            0.0,
            0.0,
            0.0,
            0.0
        ],
        "formula": [
            "C42H70O11",
            "C42H70O11",
            "C42H70O11",
            "C42H70O11",
            "C42H70O11",
            "C42H70O11",
            "C42H70O11",
            "C42H70O11",
            "C42H70O11",
            "C42H70O11",
            "C42H70O11",
            "C42H70O11",
            "C42H70O11",
            "C42H70O11",
            "C42H70O11",
            "C42H70O11",
            "C42H70O11",
            "C42H70O11",
            "C42H70O11",
            "C42H70O11",
            "C42H70O11",
            "C42H70O11"
        ],
        "ions": [
            "[M-H]-",
            "[M-H]-",
            "[M-H]-",
            "[M-H]-",
            "[M-H]-",
            "[M-H]-",
            "[M-H]-",
            "[M-H]-",
            "[M-H]-",
            "[M-H]-",
            "[M-H]-",
            "[M-H]-",
            "[M-H]-",
            "[M-H]-",
            "[M-H]-",
            "[M-H]-",
            "[M-H]-",
            "[M-H]-",
            "[M-H]-",
            "[M-H]-",
            "[M-H]-",
            "[M-H]-"
        ]
    }
}