{
    "cand_form": "C22H22N2O8",
    "cand_ion": "[M-H]-",
    "output_tbl": {
        "mz": [
            59.0139,
            359.1291,
            440.1549,
            441.1386,
            441.2532,
            442.1368,
            442.2565
        ],
        "ms2_inten": [
            0.030084528886472745,
            0.030536320440552604,
            1.0,
            0.4120164224487781,
            0.7951481678856342,
            0.04218391230758991,
            0.055479538273856085
        ],
        "mono_mass": [
            59.0139,
            359.1291,
            440.1549,
            441.1386,
            441.2532,
            442.1368,
            442.2565
        ],
        "abs_mass_diff": [
            0.0,
            0.0,
            0.0,
            0.0,
            0.0,
            0.0,
            0.0
        ],
        "mass_diff": [
            0.0,
            0.0,
            0.0,
            0.0,
            0.0,
            0.0,
            0.0
        ],
        "formula": [
            "C22H22N2O8",
            "C22H22N2O8",
            "C22H22N2O8",
            "C22H22N2O8",
            "C22H22N2O8",
            "C22H22N2O8",
            "C22H22N2O8"
        ],
        "ions": [
            "[M-H]-",
            "[M-H]-",
            "[M-H]-",
            "[M-H]-",
            "[M-H]-",
            "[M-H]-",
            "[M-H]-"
        ]
    }
}