{
    "cand_form": "C24H35NO5",
    "cand_ion": "[M+H]+",
    "output_tbl": {
        "mz": [
            65.0386,
            68.0131,
            75.0229,
            102.0338,
            120.0444,
            121.0284,
            130.0287,
            147.0315,
            148.0393,
            160.0393
        ],
        "ms2_inten": [
            0.13056054866434857,
            0.23780039663958613,
            0.10483732823347322,
            0.106325218763047,
            0.0769286711961496,
            1.0,
            0.09910149602627759,
            0.14116709273637354,
            0.6156795110152998,
            0.12022984362961088
        ],
        "mono_mass": [
            65.0386,
            68.0131,
            75.0229,
            102.0338,
            120.0444,
            121.0284,
            130.0287,
            147.0315,
            148.0393,
            160.0393
        ],
        "abs_mass_diff": [
            0.0,
            0.0,
            0.0,
            0.0,
            0.0,
            0.0,
            0.0,
            0.0,
            0.0,
            0.0
        ],
        "mass_diff": [
            0.0,
            0.0,
            0.0,
            0.0,
            0.0,
            0.0,
            0.0,
            0.0,
            0.0,
            0.0
        ],
        "formula": [
            "C24H35NO5",
            "C24H35NO5",
            "C24H35NO5",
            "C24H35NO5",
            "C24H35NO5",
            "C24H35NO5",
            "C24H35NO5",
            "C24H35NO5",
            "C24H35NO5",
            "C24H35NO5"
        ],
        "ions": [
            "[M+H]+",
            "[M+H]+",
            "[M+H]+",
            "[M+H]+",
            "[M+H]+",
            "[M+H]+",
            "[M+H]+",
            "[M+H]+",
            "[M+H]+",
            "[M+H]+"
        ]
    }
}