{
    "cand_form": "C18H14F3N3O6S",
    "cand_ion": "[M-H]-",
    "output_tbl": {
        "mz": [
            56.9804,
            57.9757,
            65.0145,
            78.959,
            79.9574,
            81.9757,
            115.0302,
            143.0251,
            227.723
        ],
        "ms2_inten": [
            0.08999746603596505,
            1.0,
            0.08604483489744698,
            0.1800665611403583,
            0.6152789016431963,
            0.3013825880023368,
            0.17480755689611552,
            0.3043387813886711,
            0.09021490092357404
        ],
        "mono_mass": [
            56.9804,
            57.9757,
            65.0145,
            78.959,
            79.9574,
            81.9757,
            115.0302,
            143.0251,
            227.723
        ],
        "abs_mass_diff": [
            0.0,
            0.0,
            0.0,
            0.0,
            0.0,
            0.0,
            0.0,
            0.0,
            0.0
        ],
        "mass_diff": [
            0.0,
            0.0,
            0.0,
            0.0,
            0.0,
            0.0,
            0.0,
            0.0,
            0.0
        ],
        "formula": [
            "C18H14F3N3O6S",
            "C18H14F3N3O6S",
            "C18H14F3N3O6S",
            "C18H14F3N3O6S",
            "C18H14F3N3O6S",
            "C18H14F3N3O6S",
            "C18H14F3N3O6S",
            "C18H14F3N3O6S",
            "C18H14F3N3O6S"
        ],
        "ions": [
            "[M-H]-",
            "[M-H]-",
            "[M-H]-",
            "[M-H]-",
            "[M-H]-",
            "[M-H]-",
            "[M-H]-",
            "[M-H]-",
            "[M-H]-"
        ]
    }
}