{
    "cand_form": "C15H13N3O3S",
    "cand_ion": "[M-H]-",
    "output_tbl": {
        "mz": [
            0.0,
            61.9884,
            63.9624,
            91.0223,
            114.0561,
            156.0125,
            182.0823,
            188.989,
            221.9319,
            313.0803
        ],
        "ms2_inten": [
            1.0,
            0.04507824587710713,
            0.03737647057629129,
            0.03420152707444152,
            0.054073469676787944,
            0.14302782115112064,
            0.044016621268482464,
            0.056603259379809714,
            0.03170489132862533,
            0.0507717797069609
        ],
        "mono_mass": [
            0.0,
            61.9884,
            63.9624,
            91.0223,
            114.0561,
            156.0125,
            182.0823,
            188.989,
            221.9319,
            313.0803
        ],
        "abs_mass_diff": [
            0.0,
            0.0,
            0.0,
            0.0,
            0.0,
            0.0,
            0.0,
            0.0,
            0.0,
            0.0
        ],
        "mass_diff": [
            0.0,
            0.0,
            0.0,
            0.0,
            0.0,
            0.0,
            0.0,
            0.0,
            0.0,
            0.0
        ],
        "formula": [
            "C15H13N3O3S",
            "C15H13N3O3S",
            "C15H13N3O3S",
            "C15H13N3O3S",
            "C15H13N3O3S",
            "C15H13N3O3S",
            "C15H13N3O3S",
            "C15H13N3O3S",
            "C15H13N3O3S",
            "C15H13N3O3S"
        ],
        "ions": [
            "[M-H]-",
            "[M-H]-",
            "[M-H]-",
            "[M-H]-",
            "[M-H]-",
            "[M-H]-",
            "[M-H]-",
            "[M-H]-",
            "[M-H]-",
            "[M-H]-"
        ]
    }
}