{
    "cand_form": "C50H75NO14",
    "cand_ion": "[M+H]+",
    "output_tbl": {
        "mz": [
            0.0,
            103.0542,
            105.0449,
            105.0699,
            112.0757,
            115.0542,
            128.0621,
            129.0699,
            141.0699,
            145.0648,
            153.0699,
            165.0699
        ],
        "ms2_inten": [
            0.08651905509306267,
            0.08467318717451862,
            0.06863512990137834,
            0.2539191082565234,
            1.0,
            0.2832634099194001,
            0.35463253184250215,
            0.1149504981804508,
            0.2927321416327194,
            0.06720086864961991,
            0.076919312081099,
            0.14975579561561125
        ],
        "mono_mass": [
            0.0,
            103.0542,
            105.0449,
            105.0699,
            112.0757,
            115.0542,
            128.0621,
            129.0699,
            141.0699,
            145.0648,
            153.0699,
            165.0699
        ],
        "abs_mass_diff": [
            0.0,
            0.0,
            0.0,
            0.0,
            0.0,
            0.0,
            0.0,
            0.0,
            0.0,
            0.0,
            0.0,
            0.0
        ],
        "mass_diff": [
            0.0,
            0.0,
            0.0,
            0.0,
            0.0,
            0.0,
            0.0,
            0.0,
            0.0,
            0.0,
            0.0,
            0.0
        ],
        "formula": [
            "C50H75NO14",
            "C50H75NO14",
            "C50H75NO14",
            "C50H75NO14",
            "C50H75NO14",
            "C50H75NO14",
            "C50H75NO14",
            "C50H75NO14",
            "C50H75NO14",
            "C50H75NO14",
            "C50H75NO14",
            "C50H75NO14"
        ],
        "ions": [
            "[M+H]+",
            "[M+H]+",
            "[M+H]+",
            "[M+H]+",
            "[M+H]+",
            "[M+H]+",
            "[M+H]+",
            "[M+H]+",
            "[M+H]+",
            "[M+H]+",
            "[M+H]+",
            "[M+H]+"
        ]
    }
}