{
    "cand_form": "C9H6N2O2",
    "cand_ion": "[M+H]+",
    "output_tbl": {
        "mz": [
            0.0,
            50.0457,
            51.9399,
            55.0542,
            56.0495,
            59.0491,
            63.9429,
            80.9453,
            81.9528,
            86.0062,
            88.0217,
            91.0542,
            100.0756,
            101.0085,
            106.0651,
            116.9661,
            117.0573,
            118.065,
            119.019,
            130.0651,
            130.9815,
            131.0727,
            132.0807,
            133.0348,
            144.0808,
            144.9977,
            145.0888,
            158.096,
            182.0399
        ],
        "ms2_inten": [
            0.24620048239600734,
            0.11222741596703587,
            0.19623726169179817,
            1.0,
            0.10660284171056486,
            0.163147763757002,
            0.12384423381000126,
            0.21811123789837544,
            0.16911997962612457,
            0.16977792723015434,
            0.11565240289338702,
            0.6606948628904942,
            0.5842193949898563,
            0.24772184714895557,
            0.2583919226485049,
            0.13581734721756902,
            0.3774703014913232,
            0.44275843482152466,
            0.4507935055799446,
            0.318821727353535,
            0.21909679939768495,
            0.15987854796576498,
            0.3985008882663538,
            0.18782388960524382,
            0.840693354630297,
            0.3738178392565514,
            0.2214002341512142,
            0.3750227166238708,
            0.12243759573434346
        ],
        "mono_mass": [
            0.0,
            50.0457,
            51.9399,
            55.0542,
            56.0495,
            59.0491,
            63.9429,
            80.9453,
            81.9528,
            86.0062,
            88.0217,
            91.0542,
            100.0756,
            101.0085,
            106.0651,
            116.9661,
            117.0573,
            118.065,
            119.019,
            130.0651,
            130.9815,
            131.0727,
            132.0807,
            133.0348,
            144.0808,
            144.9977,
            145.0888,
            158.096,
            182.0399
        ],
        "abs_mass_diff": [
            0.0,
            0.0,
            0.0,
            0.0,
            0.0,
            0.0,
            0.0,
            0.0,
            0.0,
            0.0,
            0.0,
            0.0,
            0.0,
            0.0,
            0.0,
            0.0,
            0.0,
            0.0,
            0.0,
            0.0,
            0.0,
            0.0,
            0.0,
            0.0,
            0.0,
            0.0,
            0.0,
            0.0,
            0.0
        ],
        "mass_diff": [
            0.0,
            0.0,
            0.0,
            0.0,
            0.0,
            0.0,
            0.0,
            0.0,
            0.0,
            0.0,
            0.0,
            0.0,
            0.0,
            0.0,
            0.0,
            0.0,
            0.0,
            0.0,
            0.0,
            0.0,
            0.0,
            0.0,
            0.0,
            0.0,
            0.0,
            0.0,
            0.0,
            0.0,
            0.0
        ],
        "formula": [
            "C9H6N2O2",
            "C9H6N2O2",
            "C9H6N2O2",
            "C9H6N2O2",
            "C9H6N2O2",
            "C9H6N2O2",
            "C9H6N2O2",
            "C9H6N2O2",
            "C9H6N2O2",
            "C9H6N2O2",
            "C9H6N2O2",
            "C9H6N2O2",
            "C9H6N2O2",
            "C9H6N2O2",
            "C9H6N2O2",
            "C9H6N2O2",
            "C9H6N2O2",
            "C9H6N2O2",
            "C9H6N2O2",
            "C9H6N2O2",
            "C9H6N2O2",
            "C9H6N2O2",
            "C9H6N2O2",
            "C9H6N2O2",
            "C9H6N2O2",
            "C9H6N2O2",
            "C9H6N2O2",
            "C9H6N2O2",
            "C9H6N2O2"
        ],
        "ions": [
            "[M+H]+",
            "[M+H]+",
            "[M+H]+",
            "[M+H]+",
            "[M+H]+",
            "[M+H]+",
            "[M+H]+",
            "[M+H]+",
            "[M+H]+",
            "[M+H]+",
            "[M+H]+",
            "[M+H]+",
            "[M+H]+",
            "[M+H]+",
            "[M+H]+",
            "[M+H]+",
            "[M+H]+",
            "[M+H]+",
            "[M+H]+",
            "[M+H]+",
            "[M+H]+",
            "[M+H]+",
            "[M+H]+",
            "[M+H]+",
            "[M+H]+",
            "[M+H]+",
            "[M+H]+",
            "[M+H]+",
            "[M+H]+"
        ]
    }
}